TrialID,Location,Management,REP,REPID,BLK,BLKID,PLOT,ENTRY,GY,AD,MOI,PH,EH,SD,BreedersPedigree1,Line,Tester,Year
1@2017,Kakamega2017,Optimal,1,1@2017,6,6@2017,36,1@01,3.93,67,26.8,246,125,74,(CML312/CML395)//CKDHL150540,CKDHL150540,(CML312/CML395),2017
1@2017,Kiboko2017,Optimal,2,2@2017,18,18@2017,107,1@01,5.39,56,14.5,245,124,57,(CML312/CML395)//CKDHL150540,CKDHL150540,(CML312/CML395),2017
1@2017,Kiboko2017,Optimal,1,1@2017,5,5@2017,27,1@01,6.08,57,13.1,255,133,58,(CML312/CML395)//CKDHL150540,CKDHL150540,(CML312/CML395),2017
1@2017,Kakamega2017,Optimal,2,2@2017,19,19@2017,114,1@01,3.22,72,19.1,234,120,72,(CML312/CML395)//CKDHL150540,CKDHL150540,(CML312/CML395),2017
1@2017,Kiboko2017,Optimal,2,2@2017,14,14@2017,84,2@01,5.11,55,12.1,270.5,141.5,55,(CML312/CML395)//CKDHL150541,CKDHL150541,(CML312/CML395),2017
1@2017,Kakamega2017,Optimal,2,2@2017,14,14@2017,83,2@01,6.34,67,21.8,242,119,68,(CML312/CML395)//CKDHL150541,CKDHL150541,(CML312/CML395),2017
1@2017,Kakamega2017,Optimal,1,1@2017,7,7@2017,37,2@01,6.75,67,20.3,251,124,68,(CML312/CML395)//CKDHL150541,CKDHL150541,(CML312/CML395),2017
1@2017,Kiboko2017,Optimal,1,1@2017,6,6@2017,31,2@01,5.32,58,13,249.5,125.5,59,(CML312/CML395)//CKDHL150541,CKDHL150541,(CML312/CML395),2017
1@2017,Kakamega2017,Optimal,2,2@2017,14,14@2017,84,3@01,7.26,71,25.8,261,132,70,(CML312/CML395)//CKDHL150545,CKDHL150545,(CML312/CML395),2017
1@2017,Kiboko2017,Optimal,1,1@2017,7,7@2017,39,3@01,5.75,55,13.4,240,119.5,56,(CML312/CML395)//CKDHL150545,CKDHL150545,(CML312/CML395),2017
1@2017,Kakamega2017,Optimal,1,1@2017,9,9@2017,51,3@01,5.13,71,20.4,274,149,71,(CML312/CML395)//CKDHL150545,CKDHL150545,(CML312/CML395),2017
1@2017,Kiboko2017,Optimal,2,2@2017,17,17@2017,99,3@01,4.39,56,12.5,236.5,116.5,57,(CML312/CML395)//CKDHL150545,CKDHL150545,(CML312/CML395),2017
1@2017,Kiboko2017,Optimal,1,1@2017,6,6@2017,33,4@01,3.09,54,13.4,237.5,119.5,59,(CML312/CML395)//CKDHL150547,CKDHL150547,(CML312/CML395),2017
1@2017,Kakamega2017,Optimal,2,2@2017,12,12@2017,72,4@01,5.67,66,19.6,255,129,69,(CML312/CML395)//CKDHL150547,CKDHL150547,(CML312/CML395),2017
1@2017,Kakamega2017,Optimal,1,1@2017,10,10@2017,58,4@01,5.98,67,22.6,259,125.5,68,(CML312/CML395)//CKDHL150547,CKDHL150547,(CML312/CML395),2017
1@2017,Kiboko2017,Optimal,2,2@2017,13,13@2017,74,4@01,5.33,55,12.3,252.5,128,58,(CML312/CML395)//CKDHL150547,CKDHL150547,(CML312/CML395),2017
1@2017,Kiboko2017,Optimal,2,2@2017,19,19@2017,114,5@01,6.38,56,14.9,254,138,56,(CML312/CML395)//CKDHL150690,CKDHL150690,(CML312/CML395),2017
1@2017,Kakamega2017,Optimal,1,1@2017,1,1@2017,3,5@01,7.7,75,20.2,249,123.5,74,(CML312/CML395)//CKDHL150690,CKDHL150690,(CML312/CML395),2017
1@2017,Kiboko2017,Optimal,1,1@2017,2,2@2017,12,5@01,6.72,56,15.2,262,143.5,57,(CML312/CML395)//CKDHL150690,CKDHL150690,(CML312/CML395),2017
1@2017,Kakamega2017,Optimal,2,2@2017,14,14@2017,81,5@01,7.86,66,19.8,252,115,68,(CML312/CML395)//CKDHL150690,CKDHL150690,(CML312/CML395),2017
1@2017,Kakamega2017,Optimal,2,2@2017,14,14@2017,82,6@01,6.86,68,22.3,234,115,68,(CML312/CML395)//CKDHL150559,CKDHL150559,(CML312/CML395),2017
1@2017,Kiboko2017,Optimal,2,2@2017,17,17@2017,98,6@01,4.02,55,14.9,238,116.5,57,(CML312/CML395)//CKDHL150559,CKDHL150559,(CML312/CML395),2017
1@2017,Kakamega2017,Optimal,1,1@2017,4,4@2017,23,6@01,6.43,71,20.2,243,123,71,(CML312/CML395)//CKDHL150559,CKDHL150559,(CML312/CML395),2017
1@2017,Kiboko2017,Optimal,1,1@2017,10,10@2017,58,6@01,4.71,55,13.5,242.5,123,56,(CML312/CML395)//CKDHL150559,CKDHL150559,(CML312/CML395),2017
1@2017,Kakamega2017,Optimal,1,1@2017,10,10@2017,60,7@01,7.49,69,20.3,265,143,70,(CML312/CML395)//CKDHL150572,CKDHL150572,(CML312/CML395),2017
1@2017,Kiboko2017,Optimal,1,1@2017,7,7@2017,37,7@01,5.55,56,13.4,243,132.5,57,(CML312/CML395)//CKDHL150572,CKDHL150572,(CML312/CML395),2017
1@2017,Kakamega2017,Optimal,2,2@2017,18,18@2017,106,7@01,8.63,70,20.3,264,141,70,(CML312/CML395)//CKDHL150572,CKDHL150572,(CML312/CML395),2017
1@2017,Kiboko2017,Optimal,2,2@2017,14,14@2017,81,7@01,5.37,57,13.1,251.5,131,58,(CML312/CML395)//CKDHL150572,CKDHL150572,(CML312/CML395),2017
1@2017,Kiboko2017,Optimal,1,1@2017,2,2@2017,7,8@01,5.79,58,14,254.5,130.5,58,(CML312/CML395)//CKDHL150573,CKDHL150573,(CML312/CML395),2017
1@2017,Kiboko2017,Optimal,2,2@2017,15,15@2017,85,8@01,5.87,56,12.8,262,135.5,58,(CML312/CML395)//CKDHL150573,CKDHL150573,(CML312/CML395),2017
1@2017,Kakamega2017,Optimal,1,1@2017,9,9@2017,50,8@01,6.1,70,20,245,130.5,74,(CML312/CML395)//CKDHL150573,CKDHL150573,(CML312/CML395),2017
1@2017,Kakamega2017,Optimal,2,2@2017,11,11@2017,64,8@01,4.85,68,21.3,253,137,74,(CML312/CML395)//CKDHL150573,CKDHL150573,(CML312/CML395),2017
1@2017,Kiboko2017,Optimal,1,1@2017,7,7@2017,41,9@01,4.46,55,12.8,255.5,130,58,(CML312/CML395)//CKDHL150577,CKDHL150577,(CML312/CML395),2017
1@2017,Kakamega2017,Optimal,1,1@2017,3,3@2017,14,9@01,7.58,67,20,254,129,71,(CML312/CML395)//CKDHL150577,CKDHL150577,(CML312/CML395),2017
1@2017,Kakamega2017,Optimal,2,2@2017,19,19@2017,111,9@01,5.78,69,22.9,266,136.5,72,(CML312/CML395)//CKDHL150577,CKDHL150577,(CML312/CML395),2017
1@2017,Kiboko2017,Optimal,2,2@2017,11,11@2017,61,9@01,5.89,54,13.9,255.5,122.5,54,(CML312/CML395)//CKDHL150577,CKDHL150577,(CML312/CML395),2017
1@2017,Kakamega2017,Optimal,1,1@2017,5,5@2017,29,10@01,4.48,67,23.4,262,130.5,72,(CML312/CML395)//CKDHL150591,CKDHL150591,(CML312/CML395),2017
1@2017,Kiboko2017,Optimal,2,2@2017,15,15@2017,88,10@01,4.39,53,14.7,248.5,119.5,55,(CML312/CML395)//CKDHL150591,CKDHL150591,(CML312/CML395),2017
1@2017,Kiboko2017,Optimal,1,1@2017,6,6@2017,36,10@01,3.97,55,12.3,245.5,122.5,58,(CML312/CML395)//CKDHL150591,CKDHL150591,(CML312/CML395),2017
1@2017,Kakamega2017,Optimal,2,2@2017,15,15@2017,85,10@01,4.73,69,19.8,254,123,69,(CML312/CML395)//CKDHL150591,CKDHL150591,(CML312/CML395),2017
1@2017,Kakamega2017,Optimal,1,1@2017,3,3@2017,17,11@01,5.84,70,20.5,257,126.5,70,(CML312/CML395)//CKDHL150592,CKDHL150592,(CML312/CML395),2017
1@2017,Kakamega2017,Optimal,2,2@2017,11,11@2017,66,11@01,6.66,70,19.9,258,120,70,(CML312/CML395)//CKDHL150592,CKDHL150592,(CML312/CML395),2017
1@2017,Kiboko2017,Optimal,2,2@2017,20,20@2017,119,11@01,5.75,59,14.7,250.5,131,60,(CML312/CML395)//CKDHL150592,CKDHL150592,(CML312/CML395),2017
1@2017,Kiboko2017,Optimal,1,1@2017,8,8@2017,45,11@01,6.13,58,13.6,246.5,124,59,(CML312/CML395)//CKDHL150592,CKDHL150592,(CML312/CML395),2017
1@2017,Kiboko2017,Optimal,1,1@2017,9,9@2017,50,12@01,5.51,55,13.1,248,133,55,(CML312/CML395)//CKDHL150593,CKDHL150593,(CML312/CML395),2017
1@2017,Kiboko2017,Optimal,2,2@2017,11,11@2017,66,12@01,6.16,56,13.7,265.5,141.5,56,(CML312/CML395)//CKDHL150593,CKDHL150593,(CML312/CML395),2017
1@2017,Kakamega2017,Optimal,2,2@2017,19,19@2017,110,12@01,4.43,67,20.1,249,123.5,69,(CML312/CML395)//CKDHL150593,CKDHL150593,(CML312/CML395),2017
1@2017,Kakamega2017,Optimal,1,1@2017,8,8@2017,43,12@01,3.45,70,20,251,133,70,(CML312/CML395)//CKDHL150593,CKDHL150593,(CML312/CML395),2017
1@2017,Kakamega2017,Optimal,1,1@2017,8,8@2017,44,13@01,8.58,67,20.8,261,136,70,(CML312/CML395)//CKDHL150595,CKDHL150595,(CML312/CML395),2017
1@2017,Kiboko2017,Optimal,2,2@2017,15,15@2017,87,13@01,4.06,55,12.7,245,126.5,55,(CML312/CML395)//CKDHL150595,CKDHL150595,(CML312/CML395),2017
1@2017,Kakamega2017,Optimal,2,2@2017,16,16@2017,91,13@01,7.56,68,21,265,133,68,(CML312/CML395)//CKDHL150595,CKDHL150595,(CML312/CML395),2017
1@2017,Kiboko2017,Optimal,1,1@2017,4,4@2017,22,13@01,4.35,56,13.9,248.5,129.5,57,(CML312/CML395)//CKDHL150595,CKDHL150595,(CML312/CML395),2017
1@2017,Kakamega2017,Optimal,2,2@2017,17,17@2017,101,14@01,5.49,70,19.9,275,134,70,(CML312/CML395)//CKDHL150599,CKDHL150599,(CML312/CML395),2017
1@2017,Kakamega2017,Optimal,1,1@2017,1,1@2017,5,14@01,6.9,67,20,242,123,70,(CML312/CML395)//CKDHL150599,CKDHL150599,(CML312/CML395),2017
1@2017,Kiboko2017,Optimal,2,2@2017,14,14@2017,80,14@01,5.54,56,14.4,242.5,127.5,58,(CML312/CML395)//CKDHL150599,CKDHL150599,(CML312/CML395),2017
1@2017,Kiboko2017,Optimal,1,1@2017,2,2@2017,9,14@01,5.02,55,13.6,246.5,133,56,(CML312/CML395)//CKDHL150599,CKDHL150599,(CML312/CML395),2017
1@2017,Kakamega2017,Optimal,1,1@2017,10,10@2017,55,15@01,9.11,68,19.1,263,136,69,(CML312/CML395)//CKDHL150614,CKDHL150614,(CML312/CML395),2017
1@2017,Kiboko2017,Optimal,1,1@2017,4,4@2017,21,15@01,7.41,57,13.7,258.5,138,57,(CML312/CML395)//CKDHL150614,CKDHL150614,(CML312/CML395),2017
1@2017,Kiboko2017,Optimal,2,2@2017,19,19@2017,110,15@01,4.38,57,13.4,243.5,131.5,58,(CML312/CML395)//CKDHL150614,CKDHL150614,(CML312/CML395),2017
1@2017,Kakamega2017,Optimal,2,2@2017,14,14@2017,79,15@01,5.06,68,20.1,275,131,67,(CML312/CML395)//CKDHL150614,CKDHL150614,(CML312/CML395),2017
1@2017,Kiboko2017,Optimal,1,1@2017,9,9@2017,51,16@01,4.97,55,14.5,230.5,113.5,54,(CML312/CML395)//CKDHL150617,CKDHL150617,(CML312/CML395),2017
1@2017,Kakamega2017,Optimal,1,1@2017,2,2@2017,7,16@01,5.24,67,20.5,246,126,68,(CML312/CML395)//CKDHL150617,CKDHL150617,(CML312/CML395),2017
1@2017,Kiboko2017,Optimal,2,2@2017,20,20@2017,116,16@01,4.82,56,14.6,243.5,121,56,(CML312/CML395)//CKDHL150617,CKDHL150617,(CML312/CML395),2017
1@2017,Kakamega2017,Optimal,2,2@2017,14,14@2017,80,16@01,5.43,68,19.2,235,117.5,69,(CML312/CML395)//CKDHL150617,CKDHL150617,(CML312/CML395),2017
1@2017,Kakamega2017,Optimal,2,2@2017,15,15@2017,86,17@01,6.27,68,20.7,241,129,68,(CML312/CML395)//CKDHL150621,CKDHL150621,(CML312/CML395),2017
1@2017,Kakamega2017,Optimal,1,1@2017,2,2@2017,9,17@01,5.86,66,22.3,242,121.5,67,(CML312/CML395)//CKDHL150621,CKDHL150621,(CML312/CML395),2017
1@2017,Kiboko2017,Optimal,2,2@2017,20,20@2017,117,17@01,7.59,59,14.9,234.5,127,59,(CML312/CML395)//CKDHL150621,CKDHL150621,(CML312/CML395),2017
1@2017,Kiboko2017,Optimal,1,1@2017,7,7@2017,38,17@01,6.34,58,14.7,239.5,133.5,58,(CML312/CML395)//CKDHL150621,CKDHL150621,(CML312/CML395),2017
1@2017,Kiboko2017,Optimal,2,2@2017,14,14@2017,83,18@01,5.01,54,12.3,257,126.5,55,(CML312/CML395)//CKDHL150622,CKDHL150622,(CML312/CML395),2017
1@2017,Kakamega2017,Optimal,1,1@2017,4,4@2017,22,18@01,6.95,68,20.6,237,123.5,69,(CML312/CML395)//CKDHL150622,CKDHL150622,(CML312/CML395),2017
1@2017,Kiboko2017,Optimal,1,1@2017,8,8@2017,46,18@01,5.65,55,13.2,252.5,127,55,(CML312/CML395)//CKDHL150622,CKDHL150622,(CML312/CML395),2017
1@2017,Kakamega2017,Optimal,2,2@2017,18,18@2017,107,18@01,6.25,69,20.7,258,129,69,(CML312/CML395)//CKDHL150622,CKDHL150622,(CML312/CML395),2017
1@2017,Kakamega2017,Optimal,1,1@2017,2,2@2017,12,19@01,8.52,68,18.2,252,130.5,71,(CML312/CML395)//CKDHL150624,CKDHL150624,(CML312/CML395),2017
1@2017,Kiboko2017,Optimal,1,1@2017,8,8@2017,48,19@01,4.92,55,12.3,259,136.5,54,(CML312/CML395)//CKDHL150624,CKDHL150624,(CML312/CML395),2017
1@2017,Kakamega2017,Optimal,2,2@2017,17,17@2017,97,19@01,6.48,69,21.6,292.5,156,69,(CML312/CML395)//CKDHL150624,CKDHL150624,(CML312/CML395),2017
1@2017,Kiboko2017,Optimal,2,2@2017,14,14@2017,82,19@01,4.74,55,13.1,276.5,133,56,(CML312/CML395)//CKDHL150624,CKDHL150624,(CML312/CML395),2017
1@2017,Kakamega2017,Optimal,1,1@2017,4,4@2017,21,20@01,4.89,70,22.9,233,114,74,(CML312/CML395)//CKDHL150626,CKDHL150626,(CML312/CML395),2017
1@2017,Kiboko2017,Optimal,1,1@2017,6,6@2017,32,20@01,5.12,58,15.2,235,128.5,59,(CML312/CML395)//CKDHL150626,CKDHL150626,(CML312/CML395),2017
1@2017,Kakamega2017,Optimal,2,2@2017,12,12@2017,67,20@01,6.2,68,21,239,119,70,(CML312/CML395)//CKDHL150626,CKDHL150626,(CML312/CML395),2017
1@2017,Kiboko2017,Optimal,2,2@2017,18,18@2017,105,20@01,3.62,56,13.8,233,121,56,(CML312/CML395)//CKDHL150626,CKDHL150626,(CML312/CML395),2017
1@2017,Kiboko2017,Optimal,2,2@2017,19,19@2017,112,21@01,4.72,55,13.4,241,122.5,56,(CML312/CML395)//CKDHL150629,CKDHL150629,(CML312/CML395),2017
1@2017,Kakamega2017,Optimal,1,1@2017,2,2@2017,8,21@01,6.31,66,17.2,248,128.5,66,(CML312/CML395)//CKDHL150629,CKDHL150629,(CML312/CML395),2017
1@2017,Kakamega2017,Optimal,2,2@2017,11,11@2017,65,21@01,4.62,66,21,263,130,69,(CML312/CML395)//CKDHL150629,CKDHL150629,(CML312/CML395),2017
1@2017,Kiboko2017,Optimal,1,1@2017,10,10@2017,56,21@01,4.21,53,12.1,245,120,55,(CML312/CML395)//CKDHL150629,CKDHL150629,(CML312/CML395),2017
1@2017,Kiboko2017,Optimal,1,1@2017,7,7@2017,40,22@01,5.45,56,12.2,247.5,136,57,(CML312/CML395)//CKDHL150633,CKDHL150633,(CML312/CML395),2017
1@2017,Kiboko2017,Optimal,2,2@2017,20,20@2017,115,22@01,5.37,56,13,250.5,121.5,57,(CML312/CML395)//CKDHL150633,CKDHL150633,(CML312/CML395),2017
1@2017,Kakamega2017,Optimal,1,1@2017,1,1@2017,2,22@01,7.48,66,21.6,241,120.5,67,(CML312/CML395)//CKDHL150633,CKDHL150633,(CML312/CML395),2017
1@2017,Kakamega2017,Optimal,2,2@2017,20,20@2017,116,22@01,5.03,67,20.6,248,122.5,69,(CML312/CML395)//CKDHL150633,CKDHL150633,(CML312/CML395),2017
1@2017,Kakamega2017,Optimal,1,1@2017,1,1@2017,6,23@01,6.05,69,23,248,122,70,(CML312/CML395)//CKDHL150634,CKDHL150634,(CML312/CML395),2017
1@2017,Kakamega2017,Optimal,2,2@2017,12,12@2017,69,23@01,6.78,67,17.7,252,131,69,(CML312/CML395)//CKDHL150634,CKDHL150634,(CML312/CML395),2017
1@2017,Kiboko2017,Optimal,1,1@2017,1,1@2017,3,23@01,5.5,55,14.2,244,126.5,55,(CML312/CML395)//CKDHL150634,CKDHL150634,(CML312/CML395),2017
1@2017,Kiboko2017,Optimal,2,2@2017,16,16@2017,92,23@01,4.6,54,12.4,256,130.5,55,(CML312/CML395)//CKDHL150634,CKDHL150634,(CML312/CML395),2017
1@2017,Kakamega2017,Optimal,2,2@2017,18,18@2017,104,24@01,6.82,64,19.5,258,120,67,(CML312/CML395)//CKDHL150636,CKDHL150636,(CML312/CML395),2017
1@2017,Kiboko2017,Optimal,2,2@2017,19,19@2017,109,24@01,5.01,53,13.8,229.5,103.5,54,(CML312/CML395)//CKDHL150636,CKDHL150636,(CML312/CML395),2017
1@2017,Kiboko2017,Optimal,1,1@2017,5,5@2017,28,24@01,6.37,55,13.9,244,122,56,(CML312/CML395)//CKDHL150636,CKDHL150636,(CML312/CML395),2017
1@2017,Kakamega2017,Optimal,1,1@2017,10,10@2017,59,24@01,5.13,68,19.4,259,119,70,(CML312/CML395)//CKDHL150636,CKDHL150636,(CML312/CML395),2017
1@2017,Kakamega2017,Optimal,2,2@2017,19,19@2017,113,25@01,6.48,70,22.3,259,128.5,70,(CML312/CML395)//CKDHL150641,CKDHL150641,(CML312/CML395),2017
1@2017,Kiboko2017,Optimal,1,1@2017,7,7@2017,42,25@01,4.91,55,13.1,256,129.5,55,(CML312/CML395)//CKDHL150641,CKDHL150641,(CML312/CML395),2017
1@2017,Kiboko2017,Optimal,2,2@2017,14,14@2017,79,25@01,5.54,57,13,260.5,125,57,(CML312/CML395)//CKDHL150641,CKDHL150641,(CML312/CML395),2017
1@2017,Kakamega2017,Optimal,1,1@2017,10,10@2017,57,25@01,5.98,68,18.5,245,122,69,(CML312/CML395)//CKDHL150641,CKDHL150641,(CML312/CML395),2017
1@2017,Kiboko2017,Optimal,2,2@2017,15,15@2017,89,26@01,4.47,55,12.6,244,124,55,(CML312/CML395)//CKDHL150642,CKDHL150642,(CML312/CML395),2017
1@2017,Kakamega2017,Optimal,1,1@2017,6,6@2017,34,26@01,5.7,67,20.9,248,137,71,(CML312/CML395)//CKDHL150642,CKDHL150642,(CML312/CML395),2017
1@2017,Kakamega2017,Optimal,2,2@2017,13,13@2017,76,26@01,7.49,67,17.6,259,134.5,68,(CML312/CML395)//CKDHL150642,CKDHL150642,(CML312/CML395),2017
1@2017,Kiboko2017,Optimal,1,1@2017,10,10@2017,57,26@01,6.58,55,14.9,236.5,127.5,55,(CML312/CML395)//CKDHL150642,CKDHL150642,(CML312/CML395),2017
1@2017,Kiboko2017,Optimal,2,2@2017,12,12@2017,68,27@01,5.29,57,12.4,251,136.5,57,(CML312/CML395)//CKDHL150650,CKDHL150650,(CML312/CML395),2017
1@2017,Kakamega2017,Optimal,2,2@2017,17,17@2017,98,27@01,7.57,69,20.3,287,155,70,(CML312/CML395)//CKDHL150650,CKDHL150650,(CML312/CML395),2017
1@2017,Kakamega2017,Optimal,1,1@2017,4,4@2017,20,27@01,7.08,75,19.1,268,154,75,(CML312/CML395)//CKDHL150650,CKDHL150650,(CML312/CML395),2017
1@2017,Kiboko2017,Optimal,1,1@2017,2,2@2017,8,27@01,5.09,55,12.9,236.5,121.5,54,(CML312/CML395)//CKDHL150650,CKDHL150650,(CML312/CML395),2017
1@2017,Kakamega2017,Optimal,1,1@2017,10,10@2017,56,28@01,6.59,70,17.7,259,140,70,(CML312/CML395)//CKDHL150663,CKDHL150663,(CML312/CML395),2017
1@2017,Kiboko2017,Optimal,1,1@2017,3,3@2017,13,28@01,6.99,56,15,257.5,132,57,(CML312/CML395)//CKDHL150663,CKDHL150663,(CML312/CML395),2017
1@2017,Kiboko2017,Optimal,2,2@2017,12,12@2017,72,28@01,4.91,58,15,256.5,135.5,59,(CML312/CML395)//CKDHL150663,CKDHL150663,(CML312/CML395),2017
1@2017,Kakamega2017,Optimal,2,2@2017,15,15@2017,88,28@01,4.99,69,18.3,271,135.5,69,(CML312/CML395)//CKDHL150663,CKDHL150663,(CML312/CML395),2017
1@2017,Kiboko2017,Optimal,1,1@2017,5,5@2017,29,29@01,5.24,56,16.9,242.5,139.5,56,(CML312/CML395)//CKDHL150665,CKDHL150665,(CML312/CML395),2017
1@2017,Kakamega2017,Optimal,1,1@2017,8,8@2017,47,29@01,8.04,66,21.1,240,129,67,(CML312/CML395)//CKDHL150665,CKDHL150665,(CML312/CML395),2017
1@2017,Kakamega2017,Optimal,2,2@2017,20,20@2017,118,29@01,8.49,69,20.1,251,130,69,(CML312/CML395)//CKDHL150665,CKDHL150665,(CML312/CML395),2017
1@2017,Kiboko2017,Optimal,2,2@2017,12,12@2017,70,29@01,7.59,56,15.8,252,135,56,(CML312/CML395)//CKDHL150665,CKDHL150665,(CML312/CML395),2017
1@2017,Kiboko2017,Optimal,1,1@2017,4,4@2017,24,30@01,6.36,28,15.9,259,127,56,(CML312/CML395)//CKDHL150669,CKDHL150669,(CML312/CML395),2017
1@2017,Kakamega2017,Optimal,2,2@2017,20,20@2017,120,30@01,7.28,69,20.8,271,134.5,70,(CML312/CML395)//CKDHL150669,CKDHL150669,(CML312/CML395),2017
1@2017,Kiboko2017,Optimal,2,2@2017,11,11@2017,63,30@01,5.51,56,14,267,131,56,(CML312/CML395)//CKDHL150669,CKDHL150669,(CML312/CML395),2017
1@2017,Kakamega2017,Optimal,1,1@2017,6,6@2017,35,30@01,8.08,64,20.5,258,134,66,(CML312/CML395)//CKDHL150669,CKDHL150669,(CML312/CML395),2017
1@2017,Kakamega2017,Optimal,2,2@2017,20,20@2017,115,31@01,3.57,69,16.7,264,126,69,(CML312/CML395)//CKDHL150670,CKDHL150670,(CML312/CML395),2017
1@2017,Kiboko2017,Optimal,2,2@2017,16,16@2017,96,31@01,5.31,57,14.5,252.5,131,58,(CML312/CML395)//CKDHL150670,CKDHL150670,(CML312/CML395),2017
1@2017,Kiboko2017,Optimal,1,1@2017,1,1@2017,5,31@01,6.58,56,13.4,254,132,57,(CML312/CML395)//CKDHL150670,CKDHL150670,(CML312/CML395),2017
1@2017,Kakamega2017,Optimal,1,1@2017,7,7@2017,40,31@01,4.19,67,20.4,267,135.5,68,(CML312/CML395)//CKDHL150670,CKDHL150670,(CML312/CML395),2017
1@2017,Kiboko2017,Optimal,1,1@2017,4,4@2017,20,32@01,3.97,55,13.6,236,118,55,(CML312/CML395)//CKDHL150674,CKDHL150674,(CML312/CML395),2017
1@2017,Kakamega2017,Optimal,1,1@2017,4,4@2017,19,32@01,8.13,70,22.9,249,124.5,71,(CML312/CML395)//CKDHL150674,CKDHL150674,(CML312/CML395),2017
1@2017,Kiboko2017,Optimal,2,2@2017,15,15@2017,90,32@01,3.57,54,12.9,237.5,118,54,(CML312/CML395)//CKDHL150674,CKDHL150674,(CML312/CML395),2017
1@2017,Kakamega2017,Optimal,2,2@2017,17,17@2017,102,32@01,5.82,68,21.8,265,129,69,(CML312/CML395)//CKDHL150674,CKDHL150674,(CML312/CML395),2017
1@2017,Kiboko2017,Optimal,1,1@2017,10,10@2017,59,33@01,4.51,56,13.1,252.5,132.5,58,(CML312/CML395)//CKDHL150686,CKDHL150686,(CML312/CML395),2017
1@2017,Kakamega2017,Optimal,2,2@2017,13,13@2017,78,33@01,9.2,69,22.1,240,128,69,(CML312/CML395)//CKDHL150686,CKDHL150686,(CML312/CML395),2017
1@2017,Kiboko2017,Optimal,2,2@2017,17,17@2017,100,33@01,2.55,56,12.4,245,122.5,58,(CML312/CML395)//CKDHL150686,CKDHL150686,(CML312/CML395),2017
1@2017,Kakamega2017,Optimal,1,1@2017,9,9@2017,49,33@01,8.15,67,18.4,260,134.5,68,(CML312/CML395)//CKDHL150686,CKDHL150686,(CML312/CML395),2017
1@2017,Kiboko2017,Optimal,2,2@2017,12,12@2017,69,34@01,4.69,56,14.4,245,133,57,(CML312/CML395)//CKDHL150688,CKDHL150688,(CML312/CML395),2017
1@2017,Kakamega2017,Optimal,2,2@2017,17,17@2017,99,34@01,6.8,69,23.6,268,131.5,70,(CML312/CML395)//CKDHL150688,CKDHL150688,(CML312/CML395),2017
1@2017,Kiboko2017,Optimal,1,1@2017,9,9@2017,52,34@01,4.73,56,13.8,241,140.5,56,(CML312/CML395)//CKDHL150688,CKDHL150688,(CML312/CML395),2017
1@2017,Kakamega2017,Optimal,1,1@2017,4,4@2017,24,34@01,7.37,68,20.7,237,128,69,(CML312/CML395)//CKDHL150688,CKDHL150688,(CML312/CML395),2017
1@2017,Kiboko2017,Optimal,2,2@2017,16,16@2017,94,35@01,4.16,56,13.1,268.5,131,58,(CML312/CML442)//CKDHL154166,CKDHL154166,(CML312/CML442),2017
1@2017,Kakamega2017,Optimal,2,2@2017,15,15@2017,90,35@01,9.66,68,19.6,273,132,69,(CML312/CML442)//CKDHL154166,CKDHL154166,(CML312/CML442),2017
1@2017,Kakamega2017,Optimal,1,1@2017,9,9@2017,53,35@01,7.92,71,21.7,275,154.5,71,(CML312/CML442)//CKDHL154166,CKDHL154166,(CML312/CML442),2017
1@2017,Kiboko2017,Optimal,1,1@2017,5,5@2017,30,35@01,5.02,57,14.2,275.5,139,58,(CML312/CML442)//CKDHL154166,CKDHL154166,(CML312/CML442),2017
1@2017,Kiboko2017,Optimal,2,2@2017,13,13@2017,77,36@01,3.26,55,12.7,252.5,115,57,(CML312/CML442)//CKDHL155123,CKDHL155123,(CML312/CML442),2017
1@2017,Kakamega2017,Optimal,2,2@2017,18,18@2017,103,36@01,7.63,68,17.2,246,122,68,(CML312/CML442)//CKDHL155123,CKDHL155123,(CML312/CML442),2017
1@2017,Kiboko2017,Optimal,1,1@2017,2,2@2017,11,36@01,5.43,55,12.6,256,128.5,57,(CML312/CML442)//CKDHL155123,CKDHL155123,(CML312/CML442),2017
1@2017,Kakamega2017,Optimal,1,1@2017,5,5@2017,25,36@01,5.13,67,17.8,223.5,112,68,(CML312/CML442)//CKDHL155123,CKDHL155123,(CML312/CML442),2017
1@2017,Kakamega2017,Optimal,1,1@2017,6,6@2017,31,37@01,6.81,76,19.1,287.5,154.5,76,(CML312/CML442)//CKDHL154167,CKDHL154167,(CML312/CML442),2017
1@2017,Kakamega2017,Optimal,2,2@2017,20,20@2017,119,37@01,7.26,76,18.5,270,138.5,75,(CML312/CML442)//CKDHL154167,CKDHL154167,(CML312/CML442),2017
1@2017,Kiboko2017,Optimal,1,1@2017,9,9@2017,53,37@01,5.35,59,13.9,263,140.5,59,(CML312/CML442)//CKDHL154167,CKDHL154167,(CML312/CML442),2017
1@2017,Kiboko2017,Optimal,2,2@2017,19,19@2017,111,37@01,4.8,61,13.4,269,133,61,(CML312/CML442)//CKDHL154167,CKDHL154167,(CML312/CML442),2017
1@2017,Kiboko2017,Optimal,2,2@2017,12,12@2017,71,38@01,5.81,59,12.9,277.5,142,59,(CML312/CML442)//CKDHL154170,CKDHL154170,(CML312/CML442),2017
1@2017,Kakamega2017,Optimal,1,1@2017,5,5@2017,28,38@01,6.16,72,20,262,146,73,(CML312/CML442)//CKDHL154170,CKDHL154170,(CML312/CML442),2017
1@2017,Kakamega2017,Optimal,2,2@2017,12,12@2017,68,38@01,7.81,71,18.2,264,138.5,71,(CML312/CML442)//CKDHL154170,CKDHL154170,(CML312/CML442),2017
1@2017,Kiboko2017,Optimal,1,1@2017,6,6@2017,34,38@01,4.1,58,13.2,259.5,146,59,(CML312/CML442)//CKDHL154170,CKDHL154170,(CML312/CML442),2017
1@2017,Kiboko2017,Optimal,1,1@2017,9,9@2017,54,39@01,6.29,57,13.4,262,147,58,(CML312/CML442)//CKDHL154174,CKDHL154174,(CML312/CML442),2017
1@2017,Kiboko2017,Optimal,2,2@2017,16,16@2017,95,39@01,6.24,58,13.7,261,141.5,58,(CML312/CML442)//CKDHL154174,CKDHL154174,(CML312/CML442),2017
1@2017,Kakamega2017,Optimal,2,2@2017,12,12@2017,70,39@01,6.71,73,17.3,269,143,72,(CML312/CML442)//CKDHL154174,CKDHL154174,(CML312/CML442),2017
1@2017,Kakamega2017,Optimal,1,1@2017,7,7@2017,38,39@01,6.03,71,20.9,275,155,72,(CML312/CML442)//CKDHL154174,CKDHL154174,(CML312/CML442),2017
1@2017,Kakamega2017,Optimal,1,1@2017,1,1@2017,4,40@01,4.78,70,19.3,257,139,71,(CML312/CML442)//CKDHL154176,CKDHL154176,(CML312/CML442),2017
1@2017,Kiboko2017,Optimal,1,1@2017,8,8@2017,44,40@01,4.44,61,14.3,253,136.5,61,(CML312/CML442)//CKDHL154176,CKDHL154176,(CML312/CML442),2017
1@2017,Kakamega2017,Optimal,2,2@2017,13,13@2017,75,40@01,7.75,70,23.2,271,139.5,71,(CML312/CML442)//CKDHL154176,CKDHL154176,(CML312/CML442),2017
1@2017,Kiboko2017,Optimal,2,2@2017,18,18@2017,108,40@01,5.36,57,13.6,259,133.5,58,(CML312/CML442)//CKDHL154176,CKDHL154176,(CML312/CML442),2017
1@2017,Kakamega2017,Optimal,1,1@2017,8,8@2017,48,41@01,7.98,74,23.6,276,152,74,(CML312/CML442)//CKDHL154179,CKDHL154179,(CML312/CML442),2017
1@2017,Kiboko2017,Optimal,2,2@2017,16,16@2017,91,41@01,5.48,59,13.5,259,146.5,60,(CML312/CML442)//CKDHL154179,CKDHL154179,(CML312/CML442),2017
1@2017,Kakamega2017,Optimal,2,2@2017,11,11@2017,62,41@01,6,72,18.6,268,154,74,(CML312/CML442)//CKDHL154179,CKDHL154179,(CML312/CML442),2017
1@2017,Kiboko2017,Optimal,1,1@2017,3,3@2017,16,41@01,4.6,59,13.4,268,140.5,60,(CML312/CML442)//CKDHL154179,CKDHL154179,(CML312/CML442),2017
1@2017,Kakamega2017,Optimal,1,1@2017,9,9@2017,54,42@01,6.97,70,21,295,155,72,(CML312/CML442)//CKDHL154181,CKDHL154181,(CML312/CML442),2017
1@2017,Kiboko2017,Optimal,2,2@2017,18,18@2017,103,42@01,5.52,59,14.7,264,145,59,(CML312/CML442)//CKDHL154181,CKDHL154181,(CML312/CML442),2017
1@2017,Kakamega2017,Optimal,2,2@2017,20,20@2017,117,42@01,9.38,72,20.7,272,136,72,(CML312/CML442)//CKDHL154181,CKDHL154181,(CML312/CML442),2017
1@2017,Kiboko2017,Optimal,1,1@2017,3,3@2017,14,42@01,5.46,58,14.3,263.5,141.5,58,(CML312/CML442)//CKDHL154181,CKDHL154181,(CML312/CML442),2017
1@2017,Kiboko2017,Optimal,2,2@2017,17,17@2017,102,43@01,4.19,59,14.3,254.5,139.5,59,(CML312/CML442)//CKDHL154183,CKDHL154183,(CML312/CML442),2017
1@2017,Kiboko2017,Optimal,1,1@2017,5,5@2017,26,43@01,6.33,59,14,279.5,149,60,(CML312/CML442)//CKDHL154183,CKDHL154183,(CML312/CML442),2017
1@2017,Kakamega2017,Optimal,1,1@2017,3,3@2017,16,43@01,6.34,70,20.3,271,152,70,(CML312/CML442)//CKDHL154183,CKDHL154183,(CML312/CML442),2017
1@2017,Kakamega2017,Optimal,2,2@2017,11,11@2017,61,43@01,5.39,70,18.6,280,157,70,(CML312/CML442)//CKDHL154183,CKDHL154183,(CML312/CML442),2017
1@2017,Kakamega2017,Optimal,2,2@2017,13,13@2017,77,44@01,7.45,71,19.8,271,141,69,(CML312/CML442)//CKDHL154185,CKDHL154185,(CML312/CML442),2017
1@2017,Kakamega2017,Optimal,1,1@2017,7,7@2017,42,44@01,7.52,71,18.4,274,149,72,(CML312/CML442)//CKDHL154185,CKDHL154185,(CML312/CML442),2017
1@2017,Kiboko2017,Optimal,2,2@2017,11,11@2017,64,44@01,6,59,13.5,262.5,129.5,59,(CML312/CML442)//CKDHL154185,CKDHL154185,(CML312/CML442),2017
1@2017,Kiboko2017,Optimal,1,1@2017,3,3@2017,18,44@01,6.46,58,13.1,269,147.5,58,(CML312/CML442)//CKDHL154185,CKDHL154185,(CML312/CML442),2017
1@2017,Kiboko2017,Optimal,2,2@2017,13,13@2017,78,45@01,4.86,59,14.4,266,134,58,(CML312/CML442)//CKDHL154186,CKDHL154186,(CML312/CML442),2017
1@2017,Kakamega2017,Optimal,2,2@2017,13,13@2017,73,45@01,9.09,71,17.8,268,146,70,(CML312/CML442)//CKDHL154186,CKDHL154186,(CML312/CML442),2017
1@2017,Kakamega2017,Optimal,1,1@2017,8,8@2017,45,45@01,7.22,72,19.6,278,149.5,71,(CML312/CML442)//CKDHL154186,CKDHL154186,(CML312/CML442),2017
1@2017,Kiboko2017,Optimal,1,1@2017,1,1@2017,4,45@01,4.71,57,13.1,257,138,57,(CML312/CML442)//CKDHL154186,CKDHL154186,(CML312/CML442),2017
1@2017,Kakamega2017,Optimal,2,2@2017,16,16@2017,96,46@01,8.65,72,20.7,283,153,71,(CML312/CML442)//CKDHL154187,CKDHL154187,(CML312/CML442),2017
1@2017,Kiboko2017,Optimal,1,1@2017,2,2@2017,10,46@01,6.71,58,15.3,259.5,140.5,58,(CML312/CML442)//CKDHL154187,CKDHL154187,(CML312/CML442),2017
1@2017,Kiboko2017,Optimal,2,2@2017,13,13@2017,73,46@01,5.52,59,15.1,265.5,139,60,(CML312/CML442)//CKDHL154187,CKDHL154187,(CML312/CML442),2017
1@2017,Kakamega2017,Optimal,1,1@2017,5,5@2017,27,46@01,6.5,73,21.3,268.5,136.5,73,(CML312/CML442)//CKDHL154187,CKDHL154187,(CML312/CML442),2017
1@2017,Kiboko2017,Optimal,2,2@2017,13,13@2017,76,47@01,5.81,60,15.4,275.5,148,61,(CML312/CML442)//CKDHL154188,CKDHL154188,(CML312/CML442),2017
1@2017,Kiboko2017,Optimal,1,1@2017,5,5@2017,25,47@01,7.43,60,14.8,273.5,145.5,61,(CML312/CML442)//CKDHL154188,CKDHL154188,(CML312/CML442),2017
1@2017,Kakamega2017,Optimal,1,1@2017,2,2@2017,11,47@01,6.83,73,18.9,260,152,71,(CML312/CML442)//CKDHL154188,CKDHL154188,(CML312/CML442),2017
1@2017,Kakamega2017,Optimal,2,2@2017,19,19@2017,109,47@01,7.99,73,22.4,297,154,73,(CML312/CML442)//CKDHL154188,CKDHL154188,(CML312/CML442),2017
1@2017,Kiboko2017,Optimal,1,1@2017,1,1@2017,1,48@01,5.96,56,13.3,270.5,135.5,56,(CML312/CML442)//CKDHL154192,CKDHL154192,(CML312/CML442),2017
1@2017,Kakamega2017,Optimal,1,1@2017,5,5@2017,30,48@01,7.16,68,17.2,259,135,67,(CML312/CML442)//CKDHL154192,CKDHL154192,(CML312/CML442),2017
1@2017,Kiboko2017,Optimal,2,2@2017,18,18@2017,106,48@01,4.66,56,11.3,256.5,120.5,56,(CML312/CML442)//CKDHL154192,CKDHL154192,(CML312/CML442),2017
1@2017,Kakamega2017,Optimal,2,2@2017,18,18@2017,108,48@01,6.78,74,19.5,267,141.5,70,(CML312/CML442)//CKDHL154192,CKDHL154192,(CML312/CML442),2017
1@2017,Kakamega2017,Optimal,2,2@2017,17,17@2017,100,49@01,8.58,72,19.2,291,147.5,72,(CML312/CML442)//CKDHL154199,CKDHL154199,(CML312/CML442),2017
1@2017,Kakamega2017,Optimal,1,1@2017,7,7@2017,39,49@01,6.81,71,18.8,290,149.5,72,(CML312/CML442)//CKDHL154199,CKDHL154199,(CML312/CML442),2017
1@2017,Kiboko2017,Optimal,1,1@2017,4,4@2017,19,49@01,5.85,60,13.2,264.5,136.5,60,(CML312/CML442)//CKDHL154199,CKDHL154199,(CML312/CML442),2017
1@2017,Kiboko2017,Optimal,2,2@2017,13,13@2017,75,49@01,5.89,61,15.1,280.5,140,61,(CML312/CML442)//CKDHL154199,CKDHL154199,(CML312/CML442),2017
1@2017,Kiboko2017,Optimal,2,2@2017,20,20@2017,118,50@01,5.59,59,14,254,131,57,(CML312/CML442)//CKDHL154201,CKDHL154201,(CML312/CML442),2017
1@2017,Kiboko2017,Optimal,1,1@2017,8,8@2017,43,50@01,4.23,58,13.4,252.5,135,58,(CML312/CML442)//CKDHL154201,CKDHL154201,(CML312/CML442),2017
1@2017,Kakamega2017,Optimal,1,1@2017,7,7@2017,41,50@01,6.84,72,18.3,270,154,70,(CML312/CML442)//CKDHL154201,CKDHL154201,(CML312/CML442),2017
1@2017,Kakamega2017,Optimal,2,2@2017,16,16@2017,94,50@01,7.33,72,19.3,280,150.5,70,(CML312/CML442)//CKDHL154201,CKDHL154201,(CML312/CML442),2017
1@2017,Kiboko2017,Optimal,2,2@2017,17,17@2017,97,51@01,5.63,59,14.8,260.5,147.5,59,(CML312/CML442)//CKDHL154202,CKDHL154202,(CML312/CML442),2017
1@2017,Kakamega2017,Optimal,2,2@2017,15,15@2017,89,51@01,9.66,71,21.1,299,173,70,(CML312/CML442)//CKDHL154202,CKDHL154202,(CML312/CML442),2017
1@2017,Kiboko2017,Optimal,1,1@2017,10,10@2017,55,51@01,5.61,58,15.9,277,157.5,59,(CML312/CML442)//CKDHL154202,CKDHL154202,(CML312/CML442),2017
1@2017,Kakamega2017,Optimal,1,1@2017,6,6@2017,32,51@01,7.61,73,21.6,287,156,74,(CML312/CML442)//CKDHL154202,CKDHL154202,(CML312/CML442),2017
1@2017,Kakamega2017,Optimal,2,2@2017,12,12@2017,71,52@01,6.14,68,19.4,234,121,69,(CML312/CML442)//CKDHL155124,CKDHL155124,(CML312/CML442),2017
1@2017,Kakamega2017,Optimal,1,1@2017,3,3@2017,18,52@01,4.6,70,19.3,254,140,71,(CML312/CML442)//CKDHL155124,CKDHL155124,(CML312/CML442),2017
1@2017,Kiboko2017,Optimal,2,2@2017,15,15@2017,86,52@01,5.1,56,13.2,267,127.5,56,(CML312/CML442)//CKDHL155124,CKDHL155124,(CML312/CML442),2017
1@2017,Kiboko2017,Optimal,1,1@2017,3,3@2017,15,52@01,5.85,57,11.5,257.5,126,57,(CML312/CML442)//CKDHL155124,CKDHL155124,(CML312/CML442),2017
1@2017,Kiboko2017,Optimal,1,1@2017,10,10@2017,60,53@01,6.42,56,14.4,267,139.5,56,(CML312/CML442)//CKDHL154206,CKDHL154206,(CML312/CML442),2017
1@2017,Kakamega2017,Optimal,1,1@2017,6,6@2017,33,53@01,5.87,71,20.3,265,137,72,(CML312/CML442)//CKDHL154206,CKDHL154206,(CML312/CML442),2017
1@2017,Kiboko2017,Optimal,2,2@2017,11,11@2017,65,53@01,5.36,58,15.1,266.5,133,59,(CML312/CML442)//CKDHL154206,CKDHL154206,(CML312/CML442),2017
1@2017,Kakamega2017,Optimal,2,2@2017,16,16@2017,92,53@01,5.41,70,22.2,254,132,70,(CML312/CML442)//CKDHL154206,CKDHL154206,(CML312/CML442),2017
1@2017,Kiboko2017,Optimal,1,1@2017,3,3@2017,17,54@01,5.39,58,13.7,279.5,148,60,(CML312/CML442)//CKDHL154207,CKDHL154207,(CML312/CML442),2017
1@2017,Kakamega2017,Optimal,2,2@2017,16,16@2017,95,54@01,8.84,69,19.9,274,149,71,(CML312/CML442)//CKDHL154207,CKDHL154207,(CML312/CML442),2017
1@2017,Kiboko2017,Optimal,2,2@2017,18,18@2017,104,54@01,5.46,56,14.4,277.5,148.5,59,(CML312/CML442)//CKDHL154207,CKDHL154207,(CML312/CML442),2017
1@2017,Kakamega2017,Optimal,1,1@2017,3,3@2017,15,54@01,7.87,75,20.1,252,131,75,(CML312/CML442)//CKDHL154207,CKDHL154207,(CML312/CML442),2017
1@2017,Kakamega2017,Optimal,2,2@2017,18,18@2017,105,55@01,8.07,69,16.8,277,139,69,(CML312/CML442)//CKDHL154208,CKDHL154208,(CML312/CML442),2017
1@2017,Kiboko2017,Optimal,1,1@2017,1,1@2017,2,55@01,4.92,55,13.3,256,115.5,55,(CML312/CML442)//CKDHL154208,CKDHL154208,(CML312/CML442),2017
1@2017,Kakamega2017,Optimal,1,1@2017,5,5@2017,26,55@01,5.69,67,17.9,239,110.5,68,(CML312/CML442)//CKDHL154208,CKDHL154208,(CML312/CML442),2017
1@2017,Kiboko2017,Optimal,2,2@2017,17,17@2017,101,55@01,4.5,56,13.8,259,109.5,57,(CML312/CML442)//CKDHL154208,CKDHL154208,(CML312/CML442),2017
1@2017,Kakamega2017,Optimal,1,1@2017,1,1@2017,1,56@01,6.83,70,19.1,260,141,71,(CML312/CML442)//CKDHL155125,CKDHL155125,(CML312/CML442),2017
1@2017,Kiboko2017,Optimal,1,1@2017,1,1@2017,6,56@01,4.94,57,13.1,254.5,129,56,(CML312/CML442)//CKDHL155125,CKDHL155125,(CML312/CML442),2017
1@2017,Kakamega2017,Optimal,2,2@2017,16,16@2017,93,56@01,8.37,66,19.9,275,149,67,(CML312/CML442)//CKDHL155125,CKDHL155125,(CML312/CML442),2017
1@2017,Kiboko2017,Optimal,2,2@2017,16,16@2017,93,56@01,5.09,57,14.3,245,121,58,(CML312/CML442)//CKDHL155125,CKDHL155125,(CML312/CML442),2017
1@2017,Kakamega2017,Optimal,2,2@2017,13,13@2017,74,57@01,5.96,69,19.1,259,133,70,(CML312/CML442)//CKDHL155126,CKDHL155126,(CML312/CML442),2017
1@2017,Kiboko2017,Optimal,2,2@2017,19,19@2017,113,57@01,4.79,56,13.7,260.5,123.5,60,(CML312/CML442)//CKDHL155126,CKDHL155126,(CML312/CML442),2017
1@2017,Kiboko2017,Optimal,1,1@2017,9,9@2017,49,57@01,4.54,55,12.5,244.5,115,55,(CML312/CML442)//CKDHL155126,CKDHL155126,(CML312/CML442),2017
1@2017,Kakamega2017,Optimal,1,1@2017,2,2@2017,10,57@01,7.08,70,20.3,247,125,70,(CML312/CML442)//CKDHL155126,CKDHL155126,(CML312/CML442),2017
1@2017,Kakamega2017,Optimal,2,2@2017,19,19@2017,112,58@01,8.56,75,20.4,300,162,76,H517,H517,,2017
1@2017,Kiboko2017,Optimal,2,2@2017,20,20@2017,120,58@01,5.89,63,13.4,275.5,159,64,H517,H517,,2017
1@2017,Kakamega2017,Optimal,1,1@2017,9,9@2017,52,58@01,6.73,76,21.7,298,171,76,H517,H517,,2017
1@2017,Kiboko2017,Optimal,1,1@2017,4,4@2017,23,58@01,7.64,62,13.7,294,165.5,64,H517,H517,,2017
1@2017,Kakamega2017,Optimal,2,2@2017,15,15@2017,87,59@01,9.39,71,21,296,146.5,69,Pioneer 30G19,Pioneer 30G19,,2017
1@2017,Kiboko2017,Optimal,2,2@2017,11,11@2017,62,59@01,4.4,56,11.8,275,134,59,Pioneer 30G19,Pioneer 30G19,,2017
1@2017,Kakamega2017,Optimal,1,1@2017,3,3@2017,13,59@01,4.55,70,20.2,268,136,72,Pioneer 30G19,Pioneer 30G19,,2017
1@2017,Kiboko2017,Optimal,1,1@2017,8,8@2017,47,59@01,3.96,57,12.5,274,126.5,61,Pioneer 30G19,Pioneer 30G19,,2017
1@2017,Kakamega2017,Optimal,1,1@2017,8,8@2017,46,60@01,8.72,76,21,290,153.5,75,WH505,WH505,,2017
1@2017,Kiboko2017,Optimal,1,1@2017,6,6@2017,35,60@01,5.14,59,13.6,255.5,128,58,WH505,WH505,,2017
1@2017,Kiboko2017,Optimal,2,2@2017,12,12@2017,67,60@01,5.54,59,13.5,290,151,60,WH505,WH505,,2017
1@2017,Kakamega2017,Optimal,2,2@2017,11,11@2017,63,60@01,9.17,76,18.8,299,169.5,76,WH505,WH505,,2017
2@2017,Kiboko2017,Optimal,1,1@2017,11,11@2017,55,1@02,7.4,55,16.4,235.5,108.5,55,(CML312/CML395)//CKDHL151322,CKDHL151322,(CML312/CML395),2017
2@2017,Kakamega2017,Optimal,1,1@2017,14,14@2017,67,1@02,2.82,75,19.2,244,112,76,(CML312/CML395)//CKDHL151322,CKDHL151322,(CML312/CML395),2017
2@2017,Kakamega2017,Optimal,2,2@2017,23,23@2017,113,1@02,3.91,73,23.4,253,123,76,(CML312/CML395)//CKDHL151322,CKDHL151322,(CML312/CML395),2017
2@2017,Kiboko2017,Optimal,2,2@2017,37,37@2017,182,1@02,4.98,54,15.9,255.5,130.5,55,(CML312/CML395)//CKDHL151322,CKDHL151322,(CML312/CML395),2017
2@2017,Kiboko2017,Optimal,1,1@2017,12,12@2017,58,2@02,6.21,56,14.5,228,113.5,56,(CML312/CML395)//CKDHL151324,CKDHL151324,(CML312/CML395),2017
2@2017,Kakamega2017,Optimal,1,1@2017,2,2@2017,9,2@02,6.93,74,20.6,224,115.5,75,(CML312/CML395)//CKDHL151324,CKDHL151324,(CML312/CML395),2017
2@2017,Kakamega2017,Optimal,2,2@2017,23,23@2017,115,2@02,6.84,73,20.7,255.5,119,72,(CML312/CML395)//CKDHL151324,CKDHL151324,(CML312/CML395),2017
2@2017,Kiboko2017,Optimal,2,2@2017,26,26@2017,129,2@02,6.14,56,13.9,231,118.5,57,(CML312/CML395)//CKDHL151324,CKDHL151324,(CML312/CML395),2017
2@2017,Kakamega2017,Optimal,2,2@2017,30,30@2017,147,3@02,5.13,71,22.2,256,122,72,(CML312/CML395)//CKDHL151325,CKDHL151325,(CML312/CML395),2017
2@2017,Kakamega2017,Optimal,1,1@2017,3,3@2017,13,3@02,4.51,73,23.2,241.5,124.5,72,(CML312/CML395)//CKDHL151325,CKDHL151325,(CML312/CML395),2017
2@2017,Kiboko2017,Optimal,2,2@2017,22,22@2017,109,3@02,6.16,55,14.1,269,130,54,(CML312/CML395)//CKDHL151325,CKDHL151325,(CML312/CML395),2017
2@2017,Kiboko2017,Optimal,1,1@2017,11,11@2017,53,3@02,8.09,56,14.3,243.5,121,56,(CML312/CML395)//CKDHL151325,CKDHL151325,(CML312/CML395),2017
2@2017,Kiboko2017,Optimal,1,1@2017,4,4@2017,20,4@02,7.34,55,17.3,253,134.5,55,(CML312/CML395)//CKDHL151333,CKDHL151333,(CML312/CML395),2017
2@2017,Kakamega2017,Optimal,2,2@2017,33,33@2017,161,4@02,7.49,70,23,240,121,70,(CML312/CML395)//CKDHL151333,CKDHL151333,(CML312/CML395),2017
2@2017,Kakamega2017,Optimal,1,1@2017,5,5@2017,22,4@02,6.08,74,22.1,246,120.5,75,(CML312/CML395)//CKDHL151333,CKDHL151333,(CML312/CML395),2017
2@2017,Kiboko2017,Optimal,2,2@2017,32,32@2017,157,4@02,8.41,54,18.3,254.5,127.5,54,(CML312/CML395)//CKDHL151333,CKDHL151333,(CML312/CML395),2017
2@2017,Kiboko2017,Optimal,1,1@2017,1,1@2017,2,5@02,7.97,56,16.7,236,114,56,(CML312/CML395)//CKDHL151334,CKDHL151334,(CML312/CML395),2017
2@2017,Kakamega2017,Optimal,2,2@2017,20,20@2017,99,5@02,7.27,75,19.3,251,122,76,(CML312/CML395)//CKDHL151334,CKDHL151334,(CML312/CML395),2017
2@2017,Kakamega2017,Optimal,1,1@2017,6,6@2017,27,5@02,7.85,76,22.8,249,123,77,(CML312/CML395)//CKDHL151334,CKDHL151334,(CML312/CML395),2017
2@2017,Kiboko2017,Optimal,2,2@2017,23,23@2017,115,5@02,7.47,55,15.2,235,112,54,(CML312/CML395)//CKDHL151334,CKDHL151334,(CML312/CML395),2017
2@2017,Kiboko2017,Optimal,1,1@2017,3,3@2017,13,6@02,6.55,56,17,254,129,56,(CML312/CML395)//CKDHL151339,CKDHL151339,(CML312/CML395),2017
2@2017,Kakamega2017,Optimal,1,1@2017,5,5@2017,25,6@02,7.4,74,22.1,257,119.5,75,(CML312/CML395)//CKDHL151339,CKDHL151339,(CML312/CML395),2017
2@2017,Kakamega2017,Optimal,2,2@2017,36,36@2017,180,6@02,7.46,71,23.7,251,127.5,72,(CML312/CML395)//CKDHL151339,CKDHL151339,(CML312/CML395),2017
2@2017,Kiboko2017,Optimal,2,2@2017,26,26@2017,130,6@02,7.25,55,16.5,259,128,55,(CML312/CML395)//CKDHL151339,CKDHL151339,(CML312/CML395),2017
2@2017,Kiboko2017,Optimal,1,1@2017,4,4@2017,16,7@02,7.96,55,16,267.5,154.5,55,(CML312/CML395)//CKDHL151351,CKDHL151351,(CML312/CML395),2017
2@2017,Kakamega2017,Optimal,2,2@2017,28,28@2017,137,7@02,8.87,73,21.8,292,144,73,(CML312/CML395)//CKDHL151351,CKDHL151351,(CML312/CML395),2017
2@2017,Kiboko2017,Optimal,2,2@2017,35,35@2017,174,7@02,7.38,56,16.3,258.5,145.5,58,(CML312/CML395)//CKDHL151351,CKDHL151351,(CML312/CML395),2017
2@2017,Kakamega2017,Optimal,1,1@2017,1,1@2017,3,7@02,5.84,75,22.1,255,131.5,78,(CML312/CML395)//CKDHL151351,CKDHL151351,(CML312/CML395),2017
2@2017,Kiboko2017,Optimal,1,1@2017,13,13@2017,64,8@02,8.15,56,16.8,229.5,114,56,(CML312/CML395)//CKDHL151359,CKDHL151359,(CML312/CML395),2017
2@2017,Kakamega2017,Optimal,1,1@2017,19,19@2017,94,8@02,3.94,75,18.7,245.5,114.5,79,(CML312/CML395)//CKDHL151359,CKDHL151359,(CML312/CML395),2017
2@2017,Kiboko2017,Optimal,2,2@2017,32,32@2017,159,8@02,7.37,54,16.4,236,111.5,54,(CML312/CML395)//CKDHL151359,CKDHL151359,(CML312/CML395),2017
2@2017,Kakamega2017,Optimal,2,2@2017,20,20@2017,98,8@02,5.42,75,18.5,247.5,113,75,(CML312/CML395)//CKDHL151359,CKDHL151359,(CML312/CML395),2017
2@2017,Kakamega2017,Optimal,2,2@2017,26,26@2017,130,9@02,5.84,77,18.2,254,124.5,78,(CML312/CML395)//CKDHL151361,CKDHL151361,(CML312/CML395),2017
2@2017,Kakamega2017,Optimal,1,1@2017,14,14@2017,66,9@02,2.79,76,21.9,253,123,76,(CML312/CML395)//CKDHL151361,CKDHL151361,(CML312/CML395),2017
2@2017,Kiboko2017,Optimal,1,1@2017,17,17@2017,84,9@02,6.95,57,18.1,271,144.5,57,(CML312/CML395)//CKDHL151361,CKDHL151361,(CML312/CML395),2017
2@2017,Kiboko2017,Optimal,2,2@2017,33,33@2017,161,9@02,7.07,54,13.7,248.5,127.5,54,(CML312/CML395)//CKDHL151361,CKDHL151361,(CML312/CML395),2017
2@2017,Kakamega2017,Optimal,2,2@2017,37,37@2017,184,10@02,5.39,78,21.9,275,134,77,(CML312/CML395)//CKDHL151362,CKDHL151362,(CML312/CML395),2017
2@2017,Kiboko2017,Optimal,1,1@2017,15,15@2017,72,10@02,6.79,56,18.1,253,127.5,57,(CML312/CML395)//CKDHL151362,CKDHL151362,(CML312/CML395),2017
2@2017,Kiboko2017,Optimal,2,2@2017,28,28@2017,140,10@02,7.51,55,14.1,240,113,55,(CML312/CML395)//CKDHL151362,CKDHL151362,(CML312/CML395),2017
2@2017,Kakamega2017,Optimal,1,1@2017,15,15@2017,74,10@02,4.9,75,20.7,227.5,107.5,76,(CML312/CML395)//CKDHL151362,CKDHL151362,(CML312/CML395),2017
2@2017,Kakamega2017,Optimal,1,1@2017,15,15@2017,75,11@02,4.19,71,21.5,249,114.5,71,(CML312/CML395)//CKDHL151367,CKDHL151367,(CML312/CML395),2017
2@2017,Kiboko2017,Optimal,2,2@2017,22,22@2017,108,11@02,6.4,56,15.4,239,118.5,56,(CML312/CML395)//CKDHL151367,CKDHL151367,(CML312/CML395),2017
2@2017,Kakamega2017,Optimal,2,2@2017,32,32@2017,160,11@02,5.17,72,33.1,254.5,113.5,75,(CML312/CML395)//CKDHL151367,CKDHL151367,(CML312/CML395),2017
2@2017,Kiboko2017,Optimal,1,1@2017,10,10@2017,47,11@02,7.46,55,14.7,223.5,115,56,(CML312/CML395)//CKDHL151367,CKDHL151367,(CML312/CML395),2017
2@2017,Kiboko2017,Optimal,2,2@2017,33,33@2017,163,12@02,9.09,55,18.9,268.5,134,55,(CML312/CML395)//CKDHL151380,CKDHL151380,(CML312/CML395),2017
2@2017,Kakamega2017,Optimal,1,1@2017,9,9@2017,43,12@02,4.6,73,22.1,247.5,115,73,(CML312/CML395)//CKDHL151380,CKDHL151380,(CML312/CML395),2017
2@2017,Kakamega2017,Optimal,2,2@2017,23,23@2017,111,12@02,4.51,75,22.6,261,133,75,(CML312/CML395)//CKDHL151380,CKDHL151380,(CML312/CML395),2017
2@2017,Kiboko2017,Optimal,1,1@2017,2,2@2017,8,12@02,6.54,58,17.1,244.5,115.5,56,(CML312/CML395)//CKDHL151380,CKDHL151380,(CML312/CML395),2017
2@2017,Kakamega2017,Optimal,1,1@2017,4,4@2017,19,13@02,4.88,72,20.8,233.5,129,75,(CML312/CML395)//CKDHL151385,CKDHL151385,(CML312/CML395),2017
2@2017,Kiboko2017,Optimal,2,2@2017,26,26@2017,128,13@02,5.98,57,16.6,243.5,124,57,(CML312/CML395)//CKDHL151385,CKDHL151385,(CML312/CML395),2017
2@2017,Kakamega2017,Optimal,2,2@2017,28,28@2017,140,13@02,4.94,73,21.7,258,128.5,77,(CML312/CML395)//CKDHL151385,CKDHL151385,(CML312/CML395),2017
2@2017,Kiboko2017,Optimal,1,1@2017,12,12@2017,60,13@02,9.9,56,15.9,252,135,56,(CML312/CML395)//CKDHL151385,CKDHL151385,(CML312/CML395),2017
2@2017,Kiboko2017,Optimal,1,1@2017,12,12@2017,59,14@02,7.1,55,16,235,115.5,55,(CML312/CML395)//CKDHL151387,CKDHL151387,(CML312/CML395),2017
2@2017,Kiboko2017,Optimal,2,2@2017,33,33@2017,165,14@02,6.8,53,16.3,228.5,102.5,54,(CML312/CML395)//CKDHL151387,CKDHL151387,(CML312/CML395),2017
2@2017,Kakamega2017,Optimal,2,2@2017,35,35@2017,171,14@02,7.35,68,32.8,259,124,70,(CML312/CML395)//CKDHL151387,CKDHL151387,(CML312/CML395),2017
2@2017,Kakamega2017,Optimal,1,1@2017,10,10@2017,47,14@02,8.14,70,22.1,239.5,121.5,70,(CML312/CML395)//CKDHL151387,CKDHL151387,(CML312/CML395),2017
2@2017,Kiboko2017,Optimal,1,1@2017,9,9@2017,42,15@02,6.57,56,14.6,252,135,56,(CML312/CML395)//CKDHL151389,CKDHL151389,(CML312/CML395),2017
2@2017,Kakamega2017,Optimal,2,2@2017,28,28@2017,138,15@02,7.76,73,30,267.5,140,73,(CML312/CML395)//CKDHL151389,CKDHL151389,(CML312/CML395),2017
2@2017,Kiboko2017,Optimal,2,2@2017,34,34@2017,170,15@02,8.25,55,14.7,248.5,128,54,(CML312/CML395)//CKDHL151389,CKDHL151389,(CML312/CML395),2017
2@2017,Kakamega2017,Optimal,1,1@2017,9,9@2017,45,15@02,3.28,73,20.1,231.5,123,73,(CML312/CML395)//CKDHL151389,CKDHL151389,(CML312/CML395),2017
2@2017,Kiboko2017,Optimal,1,1@2017,11,11@2017,52,16@02,6.88,54,14.6,235.5,110,54,(CML312/CML395)//CKDHL151400,CKDHL151400,(CML312/CML395),2017
2@2017,Kakamega2017,Optimal,2,2@2017,26,26@2017,129,16@02,4.48,73,19.2,255.5,132,73,(CML312/CML395)//CKDHL151400,CKDHL151400,(CML312/CML395),2017
2@2017,Kiboko2017,Optimal,2,2@2017,32,32@2017,160,16@02,6.08,54,16.7,236.5,115.5,55,(CML312/CML395)//CKDHL151400,CKDHL151400,(CML312/CML395),2017
2@2017,Kakamega2017,Optimal,1,1@2017,15,15@2017,71,16@02,2.21,75,20.2,176.5,89.5,76,(CML312/CML395)//CKDHL151400,CKDHL151400,(CML312/CML395),2017
2@2017,Kakamega2017,Optimal,2,2@2017,25,25@2017,122,17@02,6.3,73,32.4,258.5,125,72,(CML312/CML395)//CKDHL151402,CKDHL151402,(CML312/CML395),2017
2@2017,Kakamega2017,Optimal,1,1@2017,14,14@2017,68,17@02,6.76,75,21.1,247,119.5,75,(CML312/CML395)//CKDHL151402,CKDHL151402,(CML312/CML395),2017
2@2017,Kiboko2017,Optimal,1,1@2017,14,14@2017,66,17@02,10.87,56,18.4,242,127,56,(CML312/CML395)//CKDHL151402,CKDHL151402,(CML312/CML395),2017
2@2017,Kiboko2017,Optimal,2,2@2017,31,31@2017,151,17@02,6.1,57,14.1,236.5,126.5,57,(CML312/CML395)//CKDHL151402,CKDHL151402,(CML312/CML395),2017
2@2017,Kiboko2017,Optimal,1,1@2017,5,5@2017,21,18@02,6.64,57,15.2,277,149,58,(CML312/CML395)//CKDHL151404,CKDHL151404,(CML312/CML395),2017
2@2017,Kakamega2017,Optimal,1,1@2017,12,12@2017,57,18@02,7.42,77,22.9,253,137.5,77,(CML312/CML395)//CKDHL151404,CKDHL151404,(CML312/CML395),2017
2@2017,Kakamega2017,Optimal,2,2@2017,25,25@2017,124,18@02,4.21,77,22.3,279.5,150.5,78,(CML312/CML395)//CKDHL151404,CKDHL151404,(CML312/CML395),2017
2@2017,Kiboko2017,Optimal,2,2@2017,28,28@2017,136,18@02,5.79,60,14.9,268,144.5,60,(CML312/CML395)//CKDHL151404,CKDHL151404,(CML312/CML395),2017
2@2017,Kakamega2017,Optimal,1,1@2017,18,18@2017,88,19@02,4.62,73,22.1,247.5,117,76,(CML312/CML395)//CKDHL151408,CKDHL151408,(CML312/CML395),2017
2@2017,Kakamega2017,Optimal,2,2@2017,29,29@2017,142,19@02,4.29,72,28,253,122,77,(CML312/CML395)//CKDHL151408,CKDHL151408,(CML312/CML395),2017
2@2017,Kiboko2017,Optimal,1,1@2017,2,2@2017,9,19@02,5.25,56,18.5,230,106,56,(CML312/CML395)//CKDHL151408,CKDHL151408,(CML312/CML395),2017
2@2017,Kiboko2017,Optimal,2,2@2017,33,33@2017,164,19@02,7.59,57,17.3,242.5,106.5,57,(CML312/CML395)//CKDHL151408,CKDHL151408,(CML312/CML395),2017
2@2017,Kiboko2017,Optimal,1,1@2017,17,17@2017,81,20@02,6.82,54,15.4,258,127,54,(CML312/CML395)//CKDHL151409,CKDHL151409,(CML312/CML395),2017
2@2017,Kiboko2017,Optimal,2,2@2017,29,29@2017,142,20@02,4.23,55,15.3,227,113.5,56,(CML312/CML395)//CKDHL151409,CKDHL151409,(CML312/CML395),2017
2@2017,Kakamega2017,Optimal,2,2@2017,22,22@2017,107,20@02,3.92,73,24,226.5,107.5,73,(CML312/CML395)//CKDHL151409,CKDHL151409,(CML312/CML395),2017
2@2017,Kakamega2017,Optimal,1,1@2017,4,4@2017,18,20@02,5.69,71,21.9,240,117,74,(CML312/CML395)//CKDHL151409,CKDHL151409,(CML312/CML395),2017
2@2017,Kiboko2017,Optimal,2,2@2017,38,38@2017,186,21@02,6.95,55,14.4,258.5,122.5,55,(CML312/CML395)//CKDHL151417,CKDHL151417,(CML312/CML395),2017
2@2017,Kiboko2017,Optimal,1,1@2017,18,18@2017,87,21@02,8.11,57,14.4,256,128,56,(CML312/CML395)//CKDHL151417,CKDHL151417,(CML312/CML395),2017
2@2017,Kakamega2017,Optimal,2,2@2017,34,34@2017,166,21@02,6.44,70,24.7,259,113.5,70,(CML312/CML395)//CKDHL151417,CKDHL151417,(CML312/CML395),2017
2@2017,Kakamega2017,Optimal,1,1@2017,13,13@2017,64,21@02,3.13,76,21.7,247,109,76,(CML312/CML395)//CKDHL151417,CKDHL151417,(CML312/CML395),2017
2@2017,Kakamega2017,Optimal,1,1@2017,16,16@2017,80,22@02,2.99,75,24.4,245,124,80,(CML312/CML395)//CKDHL151433,CKDHL151433,(CML312/CML395),2017
2@2017,Kiboko2017,Optimal,1,1@2017,19,19@2017,92,22@02,6.27,57,16.7,247,128.5,58,(CML312/CML395)//CKDHL151433,CKDHL151433,(CML312/CML395),2017
2@2017,Kiboko2017,Optimal,2,2@2017,22,22@2017,110,22@02,6.3,56,15.6,246,123,56,(CML312/CML395)//CKDHL151433,CKDHL151433,(CML312/CML395),2017
2@2017,Kakamega2017,Optimal,2,2@2017,34,34@2017,169,22@02,3.88,73,20.1,260.5,118.5,76,(CML312/CML395)//CKDHL151433,CKDHL151433,(CML312/CML395),2017
2@2017,Kiboko2017,Optimal,2,2@2017,27,27@2017,132,23@02,7.02,55,15,243.5,134.5,56,(CML312/CML395)//CKDHL151435,CKDHL151435,(CML312/CML395),2017
2@2017,Kiboko2017,Optimal,1,1@2017,8,8@2017,38,23@02,7.71,55,18.3,227,123.5,55,(CML312/CML395)//CKDHL151435,CKDHL151435,(CML312/CML395),2017
2@2017,Kakamega2017,Optimal,2,2@2017,23,23@2017,114,23@02,6.11,75,21.7,257.5,124,75,(CML312/CML395)//CKDHL151435,CKDHL151435,(CML312/CML395),2017
2@2017,Kakamega2017,Optimal,1,1@2017,8,8@2017,39,23@02,7.91,76,21.6,241.5,128,76,(CML312/CML395)//CKDHL151435,CKDHL151435,(CML312/CML395),2017
2@2017,Kakamega2017,Optimal,1,1@2017,1,1@2017,2,24@02,5.48,74,24.5,243,128,70,(CML312/CML395)//CKDHL151441,CKDHL151441,(CML312/CML395),2017
2@2017,Kiboko2017,Optimal,1,1@2017,3,3@2017,14,24@02,6.05,56,15.2,247.5,138,56,(CML312/CML395)//CKDHL151441,CKDHL151441,(CML312/CML395),2017
2@2017,Kakamega2017,Optimal,2,2@2017,21,21@2017,103,24@02,5.05,70,23.5,247.5,119,71,(CML312/CML395)//CKDHL151441,CKDHL151441,(CML312/CML395),2017
2@2017,Kiboko2017,Optimal,2,2@2017,28,28@2017,137,24@02,7.33,55,14.3,238.5,120.5,56,(CML312/CML395)//CKDHL151441,CKDHL151441,(CML312/CML395),2017
2@2017,Kiboko2017,Optimal,2,2@2017,24,24@2017,118,25@02,6.89,56,18.2,238.5,118,56,(CML312/CML395)//CKDHL151447,CKDHL151447,(CML312/CML395),2017
2@2017,Kakamega2017,Optimal,2,2@2017,38,38@2017,189,25@02,5.63,73,18.5,247,117.5,76,(CML312/CML395)//CKDHL151447,CKDHL151447,(CML312/CML395),2017
2@2017,Kiboko2017,Optimal,1,1@2017,5,5@2017,25,25@02,4.14,55,14.9,226,120,57,(CML312/CML395)//CKDHL151447,CKDHL151447,(CML312/CML395),2017
2@2017,Kakamega2017,Optimal,1,1@2017,2,2@2017,7,25@02,4.75,75,22.2,244.5,114.5,73,(CML312/CML395)//CKDHL151447,CKDHL151447,(CML312/CML395),2017
2@2017,Kakamega2017,Optimal,1,1@2017,3,3@2017,15,26@02,6,75,22.8,241.5,109,76,(CML312/CML395)//CKDHL151449,CKDHL151449,(CML312/CML395),2017
2@2017,Kakamega2017,Optimal,2,2@2017,38,38@2017,188,26@02,7.65,75,19.2,249,126,75,(CML312/CML395)//CKDHL151449,CKDHL151449,(CML312/CML395),2017
2@2017,Kiboko2017,Optimal,1,1@2017,10,10@2017,48,26@02,10.3,56,16.9,254,125.5,56,(CML312/CML395)//CKDHL151449,CKDHL151449,(CML312/CML395),2017
2@2017,Kiboko2017,Optimal,2,2@2017,29,29@2017,141,26@02,8.7,55,14.7,237.5,111.5,55,(CML312/CML395)//CKDHL151449,CKDHL151449,(CML312/CML395),2017
2@2017,Kiboko2017,Optimal,2,2@2017,34,34@2017,166,27@02,7.22,55,15.9,256.5,130.5,56,(CML312/CML395)//CKDHL151457,CKDHL151457,(CML312/CML395),2017
2@2017,Kakamega2017,Optimal,1,1@2017,4,4@2017,20,27@02,7.46,73,19.5,247.5,123.5,76,(CML312/CML395)//CKDHL151457,CKDHL151457,(CML312/CML395),2017
2@2017,Kiboko2017,Optimal,1,1@2017,13,13@2017,65,27@02,9.82,56,16.8,236.5,130.5,56,(CML312/CML395)//CKDHL151457,CKDHL151457,(CML312/CML395),2017
2@2017,Kakamega2017,Optimal,2,2@2017,33,33@2017,164,27@02,7.11,75,26.1,257.5,125.5,75,(CML312/CML395)//CKDHL151457,CKDHL151457,(CML312/CML395),2017
2@2017,Kiboko2017,Optimal,2,2@2017,34,34@2017,169,28@02,7.1,56,14.3,250.5,115.5,57,(CML312/CML395)//CKDHL151460,CKDHL151460,(CML312/CML395),2017
2@2017,Kakamega2017,Optimal,1,1@2017,4,4@2017,17,28@02,6.39,73,17.3,250,131.5,75,(CML312/CML395)//CKDHL151460,CKDHL151460,(CML312/CML395),2017
2@2017,Kakamega2017,Optimal,2,2@2017,24,24@2017,119,28@02,6.59,71,23.4,267.5,131.5,72,(CML312/CML395)//CKDHL151460,CKDHL151460,(CML312/CML395),2017
2@2017,Kiboko2017,Optimal,1,1@2017,6,6@2017,29,28@02,6.27,56,16.7,256.5,134,56,(CML312/CML395)//CKDHL151460,CKDHL151460,(CML312/CML395),2017
2@2017,Kakamega2017,Optimal,2,2@2017,31,31@2017,153,29@02,4.58,70,19.2,238,114.5,70,(CML312/CML395)//CKDHL151472,CKDHL151472,(CML312/CML395),2017
2@2017,Kakamega2017,Optimal,1,1@2017,6,6@2017,30,29@02,5.13,68,19.1,233,113,70,(CML312/CML395)//CKDHL151472,CKDHL151472,(CML312/CML395),2017
2@2017,Kiboko2017,Optimal,1,1@2017,8,8@2017,39,29@02,6.34,55,15,236.5,108,55,(CML312/CML395)//CKDHL151472,CKDHL151472,(CML312/CML395),2017
2@2017,Kiboko2017,Optimal,2,2@2017,24,24@2017,117,29@02,4.64,54,17.4,237.5,104.5,54,(CML312/CML395)//CKDHL151472,CKDHL151472,(CML312/CML395),2017
2@2017,Kakamega2017,Optimal,2,2@2017,32,32@2017,156,30@02,4.87,70,20.2,250.5,129,70,(CML312/CML395)//CKDHL151475,CKDHL151475,(CML312/CML395),2017
2@2017,Kiboko2017,Optimal,1,1@2017,5,5@2017,24,30@02,6.23,57,16.2,237,129,58,(CML312/CML395)//CKDHL151475,CKDHL151475,(CML312/CML395),2017
2@2017,Kakamega2017,Optimal,1,1@2017,16,16@2017,79,30@02,3.65,75,22.2,215.5,112,76,(CML312/CML395)//CKDHL151475,CKDHL151475,(CML312/CML395),2017
2@2017,Kiboko2017,Optimal,2,2@2017,36,36@2017,177,30@02,5.84,56,15.8,229.5,121.5,58,(CML312/CML395)//CKDHL151475,CKDHL151475,(CML312/CML395),2017
2@2017,Kakamega2017,Optimal,1,1@2017,11,11@2017,55,31@02,6.07,75,21.2,228,109.5,76,(CML312/CML395)//CKDHL151479,CKDHL151479,(CML312/CML395),2017
2@2017,Kiboko2017,Optimal,1,1@2017,1,1@2017,3,31@02,7.36,56,16.2,239.5,117,56,(CML312/CML395)//CKDHL151479,CKDHL151479,(CML312/CML395),2017
2@2017,Kiboko2017,Optimal,2,2@2017,37,37@2017,184,31@02,4.31,55,17,245.5,123,56,(CML312/CML395)//CKDHL151479,CKDHL151479,(CML312/CML395),2017
2@2017,Kakamega2017,Optimal,2,2@2017,21,21@2017,104,31@02,5.46,75,21.8,240,108.5,79,(CML312/CML395)//CKDHL151479,CKDHL151479,(CML312/CML395),2017
2@2017,Kiboko2017,Optimal,1,1@2017,15,15@2017,71,32@02,7.08,53,14.6,248,121,54,(CML312/CML395)//CKDHL151484,CKDHL151484,(CML312/CML395),2017
2@2017,Kiboko2017,Optimal,2,2@2017,31,31@2017,153,32@02,5.7,55,13.4,248.5,112.5,56,(CML312/CML395)//CKDHL151484,CKDHL151484,(CML312/CML395),2017
2@2017,Kakamega2017,Optimal,2,2@2017,31,31@2017,151,32@02,2.41,72,25.6,241,118,78,(CML312/CML395)//CKDHL151484,CKDHL151484,(CML312/CML395),2017
2@2017,Kakamega2017,Optimal,1,1@2017,16,16@2017,77,32@02,5.69,73,23.5,252,130.5,76,(CML312/CML395)//CKDHL151484,CKDHL151484,(CML312/CML395),2017
2@2017,Kiboko2017,Optimal,1,1@2017,16,16@2017,79,33@02,6.19,53,15.6,242.5,110.5,54,(CML312/CML395)//CKDHL151494,CKDHL151494,(CML312/CML395),2017
2@2017,Kakamega2017,Optimal,2,2@2017,32,32@2017,158,33@02,6.13,73,19.9,258.5,120,77,(CML312/CML395)//CKDHL151494,CKDHL151494,(CML312/CML395),2017
2@2017,Kakamega2017,Optimal,1,1@2017,16,16@2017,76,33@02,3.78,76,22,243,111.5,76,(CML312/CML395)//CKDHL151494,CKDHL151494,(CML312/CML395),2017
2@2017,Kiboko2017,Optimal,2,2@2017,28,28@2017,139,33@02,5.18,54,15.4,237,104,54,(CML312/CML395)//CKDHL151494,CKDHL151494,(CML312/CML395),2017
2@2017,Kakamega2017,Optimal,2,2@2017,35,35@2017,173,34@02,8.45,71,18.7,282,133,73,(CML312/CML395)//CKDHL151496,CKDHL151496,(CML312/CML395),2017
2@2017,Kiboko2017,Optimal,2,2@2017,29,29@2017,144,34@02,5.73,57,16.2,234,114,58,(CML312/CML395)//CKDHL151496,CKDHL151496,(CML312/CML395),2017
2@2017,Kiboko2017,Optimal,1,1@2017,13,13@2017,62,34@02,9.03,55,17.5,243,135,55,(CML312/CML395)//CKDHL151496,CKDHL151496,(CML312/CML395),2017
2@2017,Kakamega2017,Optimal,1,1@2017,7,7@2017,33,34@02,5.64,73,21.8,248.5,116.5,74,(CML312/CML395)//CKDHL151496,CKDHL151496,(CML312/CML395),2017
2@2017,Kiboko2017,Optimal,1,1@2017,2,2@2017,6,35@02,8.32,58,18.1,242,129.5,59,(CML312/CML395)//CKDHL151497,CKDHL151497,(CML312/CML395),2017
2@2017,Kakamega2017,Optimal,1,1@2017,5,5@2017,23,35@02,5.82,75,21.8,253,119.5,76,(CML312/CML395)//CKDHL151497,CKDHL151497,(CML312/CML395),2017
2@2017,Kakamega2017,Optimal,2,2@2017,36,36@2017,179,35@02,5.65,75,24.8,262,134.5,75,(CML312/CML395)//CKDHL151497,CKDHL151497,(CML312/CML395),2017
2@2017,Kiboko2017,Optimal,2,2@2017,25,25@2017,125,35@02,8.78,57,12.7,264,134.5,57,(CML312/CML395)//CKDHL151497,CKDHL151497,(CML312/CML395),2017
2@2017,Kakamega2017,Optimal,1,1@2017,10,10@2017,48,36@02,6.92,72,19.5,244,125.5,73,(CML312/CML395)//CKDHL151501,CKDHL151501,(CML312/CML395),2017
2@2017,Kiboko2017,Optimal,1,1@2017,6,6@2017,27,36@02,6.13,56,17.2,243.5,124.5,57,(CML312/CML395)//CKDHL151501,CKDHL151501,(CML312/CML395),2017
2@2017,Kakamega2017,Optimal,2,2@2017,20,20@2017,100,36@02,4.72,73,21.7,250,114.5,76,(CML312/CML395)//CKDHL151501,CKDHL151501,(CML312/CML395),2017
2@2017,Kiboko2017,Optimal,2,2@2017,25,25@2017,122,36@02,7.99,57,15,260,143,56,(CML312/CML395)//CKDHL151501,CKDHL151501,(CML312/CML395),2017
2@2017,Kiboko2017,Optimal,2,2@2017,30,30@2017,147,37@02,6.38,56,18.2,231.5,130.5,56,(CML312/CML395)//CKDHL151509,CKDHL151509,(CML312/CML395),2017
2@2017,Kakamega2017,Optimal,2,2@2017,22,22@2017,106,37@02,5.31,73,23.3,246.5,115.5,73,(CML312/CML395)//CKDHL151509,CKDHL151509,(CML312/CML395),2017
2@2017,Kiboko2017,Optimal,1,1@2017,5,5@2017,22,37@02,5.9,56,18.1,252,139.5,57,(CML312/CML395)//CKDHL151509,CKDHL151509,(CML312/CML395),2017
2@2017,Kakamega2017,Optimal,1,1@2017,8,8@2017,36,37@02,4.57,74,24.2,250.5,118.5,75,(CML312/CML395)//CKDHL151509,CKDHL151509,(CML312/CML395),2017
2@2017,Kiboko2017,Optimal,1,1@2017,18,18@2017,86,38@02,8.31,56,18.5,252,134,55,(CML312/CML395)//CKDHL151510,CKDHL151510,(CML312/CML395),2017
2@2017,Kiboko2017,Optimal,2,2@2017,36,36@2017,176,38@02,8.38,56,19.1,247,122.5,58,(CML312/CML395)//CKDHL151510,CKDHL151510,(CML312/CML395),2017
2@2017,Kakamega2017,Optimal,1,1@2017,8,8@2017,37,38@02,6.02,74,24.6,251,121,74,(CML312/CML395)//CKDHL151510,CKDHL151510,(CML312/CML395),2017
2@2017,Kakamega2017,Optimal,2,2@2017,37,37@2017,183,38@02,7.6,72,18.2,270,138.5,73,(CML312/CML395)//CKDHL151510,CKDHL151510,(CML312/CML395),2017
2@2017,Kakamega2017,Optimal,2,2@2017,28,28@2017,139,39@02,5.67,73,21.1,272,134.5,78,(CML312/CML395)//CKDHL151529,CKDHL151529,(CML312/CML395),2017
2@2017,Kiboko2017,Optimal,2,2@2017,23,23@2017,112,39@02,7.72,57,15.9,255,135.5,56,(CML312/CML395)//CKDHL151529,CKDHL151529,(CML312/CML395),2017
2@2017,Kakamega2017,Optimal,1,1@2017,12,12@2017,58,39@02,5.96,72,21.5,246,119,75,(CML312/CML395)//CKDHL151529,CKDHL151529,(CML312/CML395),2017
2@2017,Kiboko2017,Optimal,1,1@2017,3,3@2017,15,39@02,7.04,56,16.1,256,137.5,56,(CML312/CML395)//CKDHL151529,CKDHL151529,(CML312/CML395),2017
2@2017,Kiboko2017,Optimal,2,2@2017,24,24@2017,120,40@02,4.1,56,15.2,231.5,118.5,56,(CML312/CML395)//CKDHL151538,CKDHL151538,(CML312/CML395),2017
2@2017,Kiboko2017,Optimal,1,1@2017,8,8@2017,36,40@02,7.31,55,15.8,235,121,55,(CML312/CML395)//CKDHL151538,CKDHL151538,(CML312/CML395),2017
2@2017,Kakamega2017,Optimal,1,1@2017,6,6@2017,29,40@02,6.55,73,23.6,231.5,112.5,75,(CML312/CML395)//CKDHL151538,CKDHL151538,(CML312/CML395),2017
2@2017,Kakamega2017,Optimal,2,2@2017,29,29@2017,145,40@02,6.31,71,21.4,246.5,123.5,72,(CML312/CML395)//CKDHL151538,CKDHL151538,(CML312/CML395),2017
2@2017,Kakamega2017,Optimal,1,1@2017,12,12@2017,56,41@02,6.7,75,23.2,243.5,122.5,75,(CML312/CML395)//CKDHL151345,CKDHL151345,(CML312/CML395),2017
2@2017,Kiboko2017,Optimal,1,1@2017,6,6@2017,30,41@02,6,55,13.1,249,126,56,(CML312/CML395)//CKDHL151345,CKDHL151345,(CML312/CML395),2017
2@2017,Kakamega2017,Optimal,2,2@2017,33,33@2017,162,41@02,7.06,75,24.2,253,119,77,(CML312/CML395)//CKDHL151345,CKDHL151345,(CML312/CML395),2017
2@2017,Kiboko2017,Optimal,2,2@2017,22,22@2017,106,41@02,5.84,56,16.6,240.5,125,57,(CML312/CML395)//CKDHL151345,CKDHL151345,(CML312/CML395),2017
2@2017,Kakamega2017,Optimal,1,1@2017,2,2@2017,10,42@02,4.24,75,22.1,236.5,111,78,(CML312/CML395)//CKDHL151550,CKDHL151550,(CML312/CML395),2017
2@2017,Kiboko2017,Optimal,1,1@2017,17,17@2017,83,42@02,7.17,54,14.8,252,148,55,(CML312/CML395)//CKDHL151550,CKDHL151550,(CML312/CML395),2017
2@2017,Kiboko2017,Optimal,2,2@2017,30,30@2017,148,42@02,6.2,53,16.2,233,122.5,53,(CML312/CML395)//CKDHL151550,CKDHL151550,(CML312/CML395),2017
2@2017,Kakamega2017,Optimal,2,2@2017,38,38@2017,186,42@02,5.72,72,20.4,252,122.5,72,(CML312/CML395)//CKDHL151550,CKDHL151550,(CML312/CML395),2017
2@2017,Kakamega2017,Optimal,1,1@2017,7,7@2017,35,43@02,4.92,74,22.1,257,109.5,75,(CML312/CML395)//CKDHL151555,CKDHL151555,(CML312/CML395),2017
2@2017,Kiboko2017,Optimal,2,2@2017,21,21@2017,105,43@02,4.66,55,17.1,235.5,113,56,(CML312/CML395)//CKDHL151555,CKDHL151555,(CML312/CML395),2017
2@2017,Kakamega2017,Optimal,2,2@2017,26,26@2017,126,43@02,5.58,73,20.9,259,129,74,(CML312/CML395)//CKDHL151555,CKDHL151555,(CML312/CML395),2017
2@2017,Kiboko2017,Optimal,1,1@2017,14,14@2017,68,43@02,8.91,55,18.4,233,115,55,(CML312/CML395)//CKDHL151555,CKDHL151555,(CML312/CML395),2017
2@2017,Kakamega2017,Optimal,1,1@2017,7,7@2017,34,44@02,6.46,74,20.1,251,115,75,(CML312/CML395)//CKDHL151557,CKDHL151557,(CML312/CML395),2017
2@2017,Kiboko2017,Optimal,1,1@2017,1,1@2017,5,44@02,6.56,56,14.4,237,112,58,(CML312/CML395)//CKDHL151557,CKDHL151557,(CML312/CML395),2017
2@2017,Kakamega2017,Optimal,2,2@2017,26,26@2017,128,44@02,6.1,75,20.3,273,141,72,(CML312/CML395)//CKDHL151557,CKDHL151557,(CML312/CML395),2017
2@2017,Kiboko2017,Optimal,2,2@2017,25,25@2017,123,44@02,4.8,57,14.6,262.5,133.5,58,(CML312/CML395)//CKDHL151557,CKDHL151557,(CML312/CML395),2017
2@2017,Kiboko2017,Optimal,2,2@2017,21,21@2017,102,45@02,6.85,54,15.7,240,118,53,(CML312/CML395)//CKDHL151558,CKDHL151558,(CML312/CML395),2017
2@2017,Kakamega2017,Optimal,2,2@2017,28,28@2017,136,45@02,5.51,71,18.1,255,133,72,(CML312/CML395)//CKDHL151558,CKDHL151558,(CML312/CML395),2017
2@2017,Kakamega2017,Optimal,1,1@2017,9,9@2017,42,45@02,4.35,75,24.3,249.5,125,76,(CML312/CML395)//CKDHL151558,CKDHL151558,(CML312/CML395),2017
2@2017,Kiboko2017,Optimal,1,1@2017,7,7@2017,34,45@02,6.16,55,14.9,238,114,55,(CML312/CML395)//CKDHL151558,CKDHL151558,(CML312/CML395),2017
2@2017,Kakamega2017,Optimal,1,1@2017,7,7@2017,31,46@02,5.69,74,20.3,265.5,139,79,(CML312/CML395)//CKDHL151559,CKDHL151559,(CML312/CML395),2017
2@2017,Kiboko2017,Optimal,2,2@2017,35,35@2017,172,46@02,7.02,55,17.3,259.5,137.5,57,(CML312/CML395)//CKDHL151559,CKDHL151559,(CML312/CML395),2017
2@2017,Kiboko2017,Optimal,1,1@2017,11,11@2017,51,46@02,7.47,56,15.9,242.5,113,57,(CML312/CML395)//CKDHL151559,CKDHL151559,(CML312/CML395),2017
2@2017,Kakamega2017,Optimal,2,2@2017,35,35@2017,172,46@02,4.08,77,18.9,264.5,137.5,78,(CML312/CML395)//CKDHL151559,CKDHL151559,(CML312/CML395),2017
2@2017,Kiboko2017,Optimal,1,1@2017,6,6@2017,26,47@02,4.72,55,14.1,240,121.5,56,(CML312/CML395)//CKDHL151567,CKDHL151567,(CML312/CML395),2017
2@2017,Kakamega2017,Optimal,2,2@2017,27,27@2017,135,47@02,5.18,71,20.5,260,124,79,(CML312/CML395)//CKDHL151567,CKDHL151567,(CML312/CML395),2017
2@2017,Kiboko2017,Optimal,2,2@2017,22,22@2017,107,47@02,6.51,57,15.7,258,123.5,57,(CML312/CML395)//CKDHL151567,CKDHL151567,(CML312/CML395),2017
2@2017,Kakamega2017,Optimal,1,1@2017,19,19@2017,93,47@02,3.87,75,19.3,252,118,79,(CML312/CML395)//CKDHL151567,CKDHL151567,(CML312/CML395),2017
2@2017,Kiboko2017,Optimal,1,1@2017,4,4@2017,19,48@02,4.79,55,16.2,249,124.5,56,(CML312/CML395)//CKDHL151572,CKDHL151572,(CML312/CML395),2017
2@2017,Kakamega2017,Optimal,2,2@2017,37,37@2017,185,48@02,5.18,73,19,243.5,117.5,75,(CML312/CML395)//CKDHL151572,CKDHL151572,(CML312/CML395),2017
2@2017,Kiboko2017,Optimal,2,2@2017,34,34@2017,168,48@02,6.32,56,15,249.5,116.5,58,(CML312/CML395)//CKDHL151572,CKDHL151572,(CML312/CML395),2017
2@2017,Kakamega2017,Optimal,1,1@2017,18,18@2017,86,48@02,4.73,73,20.5,240.5,115.5,74,(CML312/CML395)//CKDHL151572,CKDHL151572,(CML312/CML395),2017
2@2017,Kakamega2017,Optimal,2,2@2017,25,25@2017,121,49@02,5.5,75,19.8,264,138.5,77,(CML312/CML395)//CKDHL151576,CKDHL151576,(CML312/CML395),2017
2@2017,Kakamega2017,Optimal,1,1@2017,12,12@2017,60,49@02,6.98,79,22.3,250,118,79,(CML312/CML395)//CKDHL151576,CKDHL151576,(CML312/CML395),2017
2@2017,Kiboko2017,Optimal,1,1@2017,16,16@2017,77,49@02,7.09,57,16.4,265,141,57,(CML312/CML395)//CKDHL151576,CKDHL151576,(CML312/CML395),2017
2@2017,Kiboko2017,Optimal,2,2@2017,30,30@2017,149,49@02,6.62,56,17.8,239.5,135,56,(CML312/CML395)//CKDHL151576,CKDHL151576,(CML312/CML395),2017
2@2017,Kakamega2017,Optimal,1,1@2017,14,14@2017,69,50@02,3.9,79,20.1,231.5,107.5,81,(CML312/CML395)//CKDHL151581,CKDHL151581,(CML312/CML395),2017
2@2017,Kiboko2017,Optimal,1,1@2017,6,6@2017,28,50@02,7.73,56,14.5,257,140.5,56,(CML312/CML395)//CKDHL151581,CKDHL151581,(CML312/CML395),2017
2@2017,Kiboko2017,Optimal,2,2@2017,27,27@2017,133,50@02,5.11,58,14.2,256.5,137,58,(CML312/CML395)//CKDHL151581,CKDHL151581,(CML312/CML395),2017
2@2017,Kakamega2017,Optimal,2,2@2017,30,30@2017,150,50@02,4.85,75,20.3,256.5,126,77,(CML312/CML395)//CKDHL151581,CKDHL151581,(CML312/CML395),2017
2@2017,Kiboko2017,Optimal,2,2@2017,32,32@2017,158,51@02,8.66,55,16.1,258.5,123,55,(CML312/CML395)//CKDHL151586,CKDHL151586,(CML312/CML395),2017
2@2017,Kakamega2017,Optimal,1,1@2017,1,1@2017,5,51@02,4.76,74,23.7,248.7,125,75,(CML312/CML395)//CKDHL151586,CKDHL151586,(CML312/CML395),2017
2@2017,Kiboko2017,Optimal,1,1@2017,15,15@2017,74,51@02,7.92,57,18.1,272.5,125,57,(CML312/CML395)//CKDHL151586,CKDHL151586,(CML312/CML395),2017
2@2017,Kakamega2017,Optimal,2,2@2017,38,38@2017,187,51@02,5.49,75,19,280,143,77,(CML312/CML395)//CKDHL151586,CKDHL151586,(CML312/CML395),2017
2@2017,Kakamega2017,Optimal,2,2@2017,36,36@2017,177,52@02,8.08,75,17.6,254.5,126.5,75,(CML312/CML395)//CKDHL151589,CKDHL151589,(CML312/CML395),2017
2@2017,Kiboko2017,Optimal,1,1@2017,7,7@2017,33,52@02,6.79,55,16.8,244.5,128,56,(CML312/CML395)//CKDHL151589,CKDHL151589,(CML312/CML395),2017
2@2017,Kakamega2017,Optimal,1,1@2017,11,11@2017,51,52@02,6.29,76,20.7,250,118.5,81,(CML312/CML395)//CKDHL151589,CKDHL151589,(CML312/CML395),2017
2@2017,Kiboko2017,Optimal,2,2@2017,27,27@2017,131,52@02,4.64,55,16,246,125.5,58,(CML312/CML395)//CKDHL151589,CKDHL151589,(CML312/CML395),2017
2@2017,Kiboko2017,Optimal,1,1@2017,8,8@2017,40,53@02,8.13,55,18.4,242.5,121.5,54,(CML312/CML395)//CKDHL151590,CKDHL151590,(CML312/CML395),2017
2@2017,Kakamega2017,Optimal,2,2@2017,35,35@2017,174,53@02,7.74,73,21.3,259,127.5,73,(CML312/CML395)//CKDHL151590,CKDHL151590,(CML312/CML395),2017
2@2017,Kakamega2017,Optimal,1,1@2017,18,18@2017,87,53@02,4.22,75,23.1,218.5,109,75,(CML312/CML395)//CKDHL151590,CKDHL151590,(CML312/CML395),2017
2@2017,Kiboko2017,Optimal,2,2@2017,35,35@2017,173,53@02,6.68,54,16,247,122.5,54,(CML312/CML395)//CKDHL151590,CKDHL151590,(CML312/CML395),2017
2@2017,Kiboko2017,Optimal,2,2@2017,20,20@2017,98,54@02,9.33,56,14.5,266.5,130.5,56,(CML312/CML395)//CKDHL151591,CKDHL151591,(CML312/CML395),2017
2@2017,Kakamega2017,Optimal,1,1@2017,10,10@2017,46,54@02,6.11,76,21.9,243.5,117,76,(CML312/CML395)//CKDHL151591,CKDHL151591,(CML312/CML395),2017
2@2017,Kiboko2017,Optimal,1,1@2017,3,3@2017,12,54@02,7.47,56,14.9,252.5,134,57,(CML312/CML395)//CKDHL151591,CKDHL151591,(CML312/CML395),2017
2@2017,Kakamega2017,Optimal,2,2@2017,36,36@2017,176,54@02,9.29,75,19,256,126,74,(CML312/CML395)//CKDHL151591,CKDHL151591,(CML312/CML395),2017
2@2017,Kakamega2017,Optimal,2,2@2017,33,33@2017,165,55@02,6.83,75,21.3,258,125.5,75,(CML312/CML395)//CKDHL151597,CKDHL151597,(CML312/CML395),2017
2@2017,Kiboko2017,Optimal,2,2@2017,23,23@2017,111,55@02,7.72,57,16.4,253.5,130,57,(CML312/CML395)//CKDHL151597,CKDHL151597,(CML312/CML395),2017
2@2017,Kakamega2017,Optimal,1,1@2017,6,6@2017,28,55@02,6.59,74,18.8,253.5,125.5,75,(CML312/CML395)//CKDHL151597,CKDHL151597,(CML312/CML395),2017
2@2017,Kiboko2017,Optimal,1,1@2017,19,19@2017,95,55@02,8.35,55,15.1,262,132.5,57,(CML312/CML395)//CKDHL151597,CKDHL151597,(CML312/CML395),2017
2@2017,Kiboko2017,Optimal,1,1@2017,9,9@2017,45,56@02,7.41,55,14.3,241.5,119.5,54,(CML312/CML395)//CKDHL151610,CKDHL151610,(CML312/CML395),2017
2@2017,Kakamega2017,Optimal,2,2@2017,27,27@2017,131,56@02,7.62,72,21.9,274.5,141.5,73,(CML312/CML395)//CKDHL151610,CKDHL151610,(CML312/CML395),2017
2@2017,Kakamega2017,Optimal,1,1@2017,19,19@2017,95,56@02,7.84,73,18.3,259.5,123.5,73,(CML312/CML395)//CKDHL151610,CKDHL151610,(CML312/CML395),2017
2@2017,Kiboko2017,Optimal,2,2@2017,30,30@2017,150,56@02,5.96,55,15.7,242.5,123.5,55,(CML312/CML395)//CKDHL151610,CKDHL151610,(CML312/CML395),2017
2@2017,Kiboko2017,Optimal,2,2@2017,20,20@2017,99,57@02,7.27,56,16.2,270.5,143,57,(CML312/CML395)//CKDHL151611,CKDHL151611,(CML312/CML395),2017
2@2017,Kiboko2017,Optimal,1,1@2017,19,19@2017,93,57@02,8.6,55,17.2,276.5,149,54,(CML312/CML395)//CKDHL151611,CKDHL151611,(CML312/CML395),2017
2@2017,Kakamega2017,Optimal,1,1@2017,15,15@2017,72,57@02,5.43,75,19.8,238,113.5,76,(CML312/CML395)//CKDHL151611,CKDHL151611,(CML312/CML395),2017
2@2017,Kakamega2017,Optimal,2,2@2017,24,24@2017,120,57@02,8.22,71,19.1,280.5,148,71,(CML312/CML395)//CKDHL151611,CKDHL151611,(CML312/CML395),2017
2@2017,Kakamega2017,Optimal,1,1@2017,17,17@2017,83,58@02,6,73,20.8,241.5,114.5,76,(CML312/CML395)//CKDHL151612,CKDHL151612,(CML312/CML395),2017
2@2017,Kakamega2017,Optimal,2,2@2017,22,22@2017,109,58@02,7.93,75,21.4,252.5,126.5,76,(CML312/CML395)//CKDHL151612,CKDHL151612,(CML312/CML395),2017
2@2017,Kiboko2017,Optimal,2,2@2017,37,37@2017,181,58@02,5.99,54,13.3,253.5,135.5,56,(CML312/CML395)//CKDHL151612,CKDHL151612,(CML312/CML395),2017
2@2017,Kiboko2017,Optimal,1,1@2017,18,18@2017,89,58@02,9.5,54,15.3,243,127,56,(CML312/CML395)//CKDHL151612,CKDHL151612,(CML312/CML395),2017
2@2017,Kakamega2017,Optimal,2,2@2017,35,35@2017,175,59@02,5.9,75,24.1,261,137.5,76,(CML312/CML395)//CKDHL151615,CKDHL151615,(CML312/CML395),2017
2@2017,Kiboko2017,Optimal,2,2@2017,38,38@2017,189,59@02,6.88,55,14.9,267.5,135.5,54,(CML312/CML395)//CKDHL151615,CKDHL151615,(CML312/CML395),2017
2@2017,Kiboko2017,Optimal,1,1@2017,8,8@2017,37,59@02,7.69,56,17.7,231.5,118.5,56,(CML312/CML395)//CKDHL151615,CKDHL151615,(CML312/CML395),2017
2@2017,Kakamega2017,Optimal,1,1@2017,5,5@2017,24,59@02,7.16,74,22.9,260,142.2,75,(CML312/CML395)//CKDHL151615,CKDHL151615,(CML312/CML395),2017
2@2017,Kiboko2017,Optimal,1,1@2017,11,11@2017,54,60@02,5.69,55,18.8,234,103.5,56,(CML312/CML395)//CKDHL151623,CKDHL151623,(CML312/CML395),2017
2@2017,Kiboko2017,Optimal,2,2@2017,35,35@2017,175,60@02,6.54,54,18.1,247,109.5,56,(CML312/CML395)//CKDHL151623,CKDHL151623,(CML312/CML395),2017
2@2017,Kakamega2017,Optimal,1,1@2017,17,17@2017,84,60@02,2.61,73,19.9,248.5,116,79,(CML312/CML395)//CKDHL151623,CKDHL151623,(CML312/CML395),2017
2@2017,Kakamega2017,Optimal,2,2@2017,36,36@2017,178,60@02,3.46,72,25.5,241,121.5,76,(CML312/CML395)//CKDHL151623,CKDHL151623,(CML312/CML395),2017
2@2017,Kiboko2017,Optimal,2,2@2017,31,31@2017,155,61@02,5.8,55,14.4,239.5,121.5,56,(CML312/CML395)//CKDHL151625,CKDHL151625,(CML312/CML395),2017
2@2017,Kakamega2017,Optimal,1,1@2017,11,11@2017,53,61@02,7.26,75,20.1,229,112.5,76,(CML312/CML395)//CKDHL151625,CKDHL151625,(CML312/CML395),2017
2@2017,Kiboko2017,Optimal,1,1@2017,10,10@2017,46,61@02,8.21,55,15.4,251,122.5,55,(CML312/CML395)//CKDHL151625,CKDHL151625,(CML312/CML395),2017
2@2017,Kakamega2017,Optimal,2,2@2017,29,29@2017,144,61@02,4.91,75,22.9,249,122,75,(CML312/CML395)//CKDHL151625,CKDHL151625,(CML312/CML395),2017
2@2017,Kakamega2017,Optimal,1,1@2017,10,10@2017,49,62@02,5.44,76,20.3,248.5,124.5,76,(CML312/CML395)//CKDHL151628,CKDHL151628,(CML312/CML395),2017
2@2017,Kakamega2017,Optimal,2,2@2017,23,23@2017,112,62@02,5.79,76,20.9,236.5,115.5,76,(CML312/CML395)//CKDHL151628,CKDHL151628,(CML312/CML395),2017
2@2017,Kiboko2017,Optimal,2,2@2017,26,26@2017,127,62@02,9.22,57,16.8,258.5,141,56,(CML312/CML395)//CKDHL151628,CKDHL151628,(CML312/CML395),2017
2@2017,Kiboko2017,Optimal,1,1@2017,4,4@2017,18,62@02,7.73,55,16.9,266.5,151.5,55,(CML312/CML395)//CKDHL151628,CKDHL151628,(CML312/CML395),2017
2@2017,Kakamega2017,Optimal,2,2@2017,27,27@2017,134,63@02,6.13,74,20.9,270,143.5,74,(CML312/CML395)//CKDHL151632,CKDHL151632,(CML312/CML395),2017
2@2017,Kiboko2017,Optimal,2,2@2017,38,38@2017,187,63@02,8.22,53,15.5,254,129.5,54,(CML312/CML395)//CKDHL151632,CKDHL151632,(CML312/CML395),2017
2@2017,Kiboko2017,Optimal,1,1@2017,15,15@2017,75,63@02,5.75,56,16.7,250,136.5,57,(CML312/CML395)//CKDHL151632,CKDHL151632,(CML312/CML395),2017
2@2017,Kakamega2017,Optimal,1,1@2017,13,13@2017,63,63@02,4.71,76,23.8,237,106.5,76,(CML312/CML395)//CKDHL151632,CKDHL151632,(CML312/CML395),2017
2@2017,Kiboko2017,Optimal,1,1@2017,16,16@2017,76,64@02,8.81,55,16.8,268.5,147.5,56,(CML312/CML395)//CKDHL151635,CKDHL151635,(CML312/CML395),2017
2@2017,Kakamega2017,Optimal,2,2@2017,22,22@2017,110,64@02,6.77,70,21.7,253,120,70,(CML312/CML395)//CKDHL151635,CKDHL151635,(CML312/CML395),2017
2@2017,Kakamega2017,Optimal,1,1@2017,3,3@2017,11,64@02,5.86,73,23.4,238.5,119.5,75,(CML312/CML395)//CKDHL151635,CKDHL151635,(CML312/CML395),2017
2@2017,Kiboko2017,Optimal,2,2@2017,37,37@2017,185,64@02,7.78,54,15.2,262.5,142,54,(CML312/CML395)//CKDHL151635,CKDHL151635,(CML312/CML395),2017
2@2017,Kakamega2017,Optimal,2,2@2017,31,31@2017,154,65@02,4.84,77,21.4,256,130.5,77,(CML312/CML395)//CKDHL151640,CKDHL151640,(CML312/CML395),2017
2@2017,Kakamega2017,Optimal,1,1@2017,7,7@2017,32,65@02,5.18,74,23.2,249,128.5,76,(CML312/CML395)//CKDHL151640,CKDHL151640,(CML312/CML395),2017
2@2017,Kiboko2017,Optimal,2,2@2017,31,31@2017,154,65@02,7.56,58,16.1,252,126,58,(CML312/CML395)//CKDHL151640,CKDHL151640,(CML312/CML395),2017
2@2017,Kiboko2017,Optimal,1,1@2017,7,7@2017,31,65@02,6.27,56,16.7,250.5,141,57,(CML312/CML395)//CKDHL151640,CKDHL151640,(CML312/CML395),2017
2@2017,Kiboko2017,Optimal,2,2@2017,20,20@2017,96,66@02,8.3,56,17.2,255.5,132.5,55,(CML312/CML395)//CKDHL151644,CKDHL151644,(CML312/CML395),2017
2@2017,Kakamega2017,Optimal,2,2@2017,34,34@2017,170,66@02,6.7,73,23.4,255.5,128.5,75,(CML312/CML395)//CKDHL151644,CKDHL151644,(CML312/CML395),2017
2@2017,Kakamega2017,Optimal,1,1@2017,8,8@2017,38,66@02,7.56,75,22.3,243,117.5,74,(CML312/CML395)//CKDHL151644,CKDHL151644,(CML312/CML395),2017
2@2017,Kiboko2017,Optimal,1,1@2017,19,19@2017,94,66@02,8.65,57,15.7,261,134.5,56,(CML312/CML395)//CKDHL151644,CKDHL151644,(CML312/CML395),2017
2@2017,Kakamega2017,Optimal,2,2@2017,21,21@2017,105,67@02,5.9,75,23.4,253,123,75,(CML312/CML395)//CKDHL151648,CKDHL151648,(CML312/CML395),2017
2@2017,Kiboko2017,Optimal,2,2@2017,31,31@2017,152,67@02,7.08,55,16.5,222,105.5,55,(CML312/CML395)//CKDHL151648,CKDHL151648,(CML312/CML395),2017
2@2017,Kiboko2017,Optimal,1,1@2017,4,4@2017,17,67@02,6.02,58,15.6,243,124.5,59,(CML312/CML395)//CKDHL151648,CKDHL151648,(CML312/CML395),2017
2@2017,Kakamega2017,Optimal,1,1@2017,18,18@2017,89,67@02,5.73,76,20.8,239.5,111,76,(CML312/CML395)//CKDHL151648,CKDHL151648,(CML312/CML395),2017
2@2017,Kiboko2017,Optimal,2,2@2017,20,20@2017,97,68@02,7.69,57,16.8,256,131,57,(CML312/CML395)//CKDHL151652,CKDHL151652,(CML312/CML395),2017
2@2017,Kiboko2017,Optimal,1,1@2017,14,14@2017,67,68@02,9.34,56,17.2,256,131,54,(CML312/CML395)//CKDHL151652,CKDHL151652,(CML312/CML395),2017
2@2017,Kakamega2017,Optimal,1,1@2017,13,13@2017,65,68@02,5.4,75,22.1,235,107,76,(CML312/CML395)//CKDHL151652,CKDHL151652,(CML312/CML395),2017
2@2017,Kakamega2017,Optimal,2,2@2017,32,32@2017,159,68@02,6.43,72,23.1,244,113,72,(CML312/CML395)//CKDHL151652,CKDHL151652,(CML312/CML395),2017
2@2017,Kakamega2017,Optimal,1,1@2017,13,13@2017,62,69@02,5.82,71,20.7,237,115,71,(CML312/CML395)//CKDHL151657,CKDHL151657,(CML312/CML395),2017
2@2017,Kakamega2017,Optimal,2,2@2017,20,20@2017,97,69@02,7.42,73,19.2,260.5,132.5,74,(CML312/CML395)//CKDHL151657,CKDHL151657,(CML312/CML395),2017
2@2017,Kiboko2017,Optimal,2,2@2017,26,26@2017,126,69@02,5.52,56,16.1,249.5,127.5,56,(CML312/CML395)//CKDHL151657,CKDHL151657,(CML312/CML395),2017
2@2017,Kiboko2017,Optimal,1,1@2017,17,17@2017,82,69@02,7.71,56,16,249.5,130,55,(CML312/CML395)//CKDHL151657,CKDHL151657,(CML312/CML395),2017
2@2017,Kiboko2017,Optimal,2,2@2017,21,21@2017,101,70@02,6.83,57,15.6,247,137,56,(CML312/CML395)//CKDHL151661,CKDHL151661,(CML312/CML395),2017
2@2017,Kakamega2017,Optimal,1,1@2017,12,12@2017,59,70@02,5.95,76,22.5,250.5,116,76,(CML312/CML395)//CKDHL151661,CKDHL151661,(CML312/CML395),2017
2@2017,Kakamega2017,Optimal,2,2@2017,37,37@2017,181,70@02,6.37,73,21.4,255,122,75,(CML312/CML395)//CKDHL151661,CKDHL151661,(CML312/CML395),2017
2@2017,Kiboko2017,Optimal,1,1@2017,7,7@2017,32,70@02,7.28,56,14.9,245,131,56,(CML312/CML395)//CKDHL151661,CKDHL151661,(CML312/CML395),2017
2@2017,Kiboko2017,Optimal,2,2@2017,29,29@2017,145,71@02,8.97,56,18.8,224.5,107,57,(CML312/CML395)//CKDHL151665,CKDHL151665,(CML312/CML395),2017
2@2017,Kakamega2017,Optimal,2,2@2017,21,21@2017,102,71@02,4.56,76,23.7,253,120.5,79,(CML312/CML395)//CKDHL151665,CKDHL151665,(CML312/CML395),2017
2@2017,Kiboko2017,Optimal,1,1@2017,10,10@2017,50,71@02,8.64,55,16.6,239,117,56,(CML312/CML395)//CKDHL151665,CKDHL151665,(CML312/CML395),2017
2@2017,Kakamega2017,Optimal,1,1@2017,8,8@2017,40,71@02,2.95,75,23.9,234,111,80,(CML312/CML395)//CKDHL151665,CKDHL151665,(CML312/CML395),2017
2@2017,Kakamega2017,Optimal,2,2@2017,34,34@2017,167,72@02,3.68,73,19.5,251,115.5,77,(CML312/CML395)//CKDHL151671,CKDHL151671,(CML312/CML395),2017
2@2017,Kiboko2017,Optimal,2,2@2017,34,34@2017,167,72@02,7.93,55,13.6,238,111,56,(CML312/CML395)//CKDHL151671,CKDHL151671,(CML312/CML395),2017
2@2017,Kakamega2017,Optimal,1,1@2017,3,3@2017,12,72@02,2.33,75,21.2,231.5,107,78,(CML312/CML395)//CKDHL151671,CKDHL151671,(CML312/CML395),2017
2@2017,Kiboko2017,Optimal,1,1@2017,2,2@2017,7,72@02,3.47,56,16.3,222,98.5,57,(CML312/CML395)//CKDHL151671,CKDHL151671,(CML312/CML395),2017
2@2017,Kiboko2017,Optimal,1,1@2017,10,10@2017,49,73@02,8.1,55,15.1,228.5,121,56,(CML312/CML395)//CKDHL151704,CKDHL151704,(CML312/CML395),2017
2@2017,Kakamega2017,Optimal,2,2@2017,30,30@2017,149,73@02,6.01,73,31.7,251,123,72,(CML312/CML395)//CKDHL151704,CKDHL151704,(CML312/CML395),2017
2@2017,Kiboko2017,Optimal,2,2@2017,32,32@2017,156,73@02,8.45,55,16,252.5,132.5,55,(CML312/CML395)//CKDHL151704,CKDHL151704,(CML312/CML395),2017
2@2017,Kakamega2017,Optimal,1,1@2017,16,16@2017,78,73@02,5.83,73,22,233.5,112.5,74,(CML312/CML395)//CKDHL151704,CKDHL151704,(CML312/CML395),2017
2@2017,Kakamega2017,Optimal,2,2@2017,32,32@2017,157,74@02,3.3,73,21.5,256,120.5,78,(CML312/CML395)//CKDHL151705,CKDHL151705,(CML312/CML395),2017
2@2017,Kakamega2017,Optimal,1,1@2017,17,17@2017,81,74@02,4.48,75,21.1,240.5,113,76,(CML312/CML395)//CKDHL151705,CKDHL151705,(CML312/CML395),2017
2@2017,Kiboko2017,Optimal,1,1@2017,16,16@2017,78,74@02,7.96,54,17.4,244.5,129.5,54,(CML312/CML395)//CKDHL151705,CKDHL151705,(CML312/CML395),2017
2@2017,Kiboko2017,Optimal,2,2@2017,28,28@2017,138,74@02,7.94,55,15.6,238,119.5,56,(CML312/CML395)//CKDHL151705,CKDHL151705,(CML312/CML395),2017
2@2017,Kiboko2017,Optimal,1,1@2017,1,1@2017,4,75@02,8.82,56,16.7,245.5,123,58,(CML312/CML395)//CKDHL151706,CKDHL151706,(CML312/CML395),2017
2@2017,Kiboko2017,Optimal,2,2@2017,21,21@2017,103,75@02,6.82,55,19.3,248,123.5,55,(CML312/CML395)//CKDHL151706,CKDHL151706,(CML312/CML395),2017
2@2017,Kakamega2017,Optimal,1,1@2017,11,11@2017,54,75@02,6.91,73,20.8,247,112.5,72,(CML312/CML395)//CKDHL151706,CKDHL151706,(CML312/CML395),2017
2@2017,Kakamega2017,Optimal,2,2@2017,30,30@2017,146,75@02,5.38,75,24.3,252,116,77,(CML312/CML395)//CKDHL151706,CKDHL151706,(CML312/CML395),2017
2@2017,Kakamega2017,Optimal,1,1@2017,2,2@2017,6,76@02,5.21,74,21.3,238,110.5,75,(CML312/CML395)//CKDHL151709,CKDHL151709,(CML312/CML395),2017
2@2017,Kakamega2017,Optimal,2,2@2017,20,20@2017,96,76@02,5.03,75,27.4,251,120,75,(CML312/CML395)//CKDHL151709,CKDHL151709,(CML312/CML395),2017
2@2017,Kiboko2017,Optimal,2,2@2017,37,37@2017,183,76@02,5.42,54,16.8,251,119,55,(CML312/CML395)//CKDHL151709,CKDHL151709,(CML312/CML395),2017
2@2017,Kiboko2017,Optimal,1,1@2017,18,18@2017,90,76@02,6.17,56,15.8,231,111.5,57,(CML312/CML395)//CKDHL151709,CKDHL151709,(CML312/CML395),2017
2@2017,Kiboko2017,Optimal,2,2@2017,25,25@2017,121,77@02,9.16,56,17.3,254,128.5,57,(CML312/CML395)//CKDHL151714,CKDHL151714,(CML312/CML395),2017
2@2017,Kiboko2017,Optimal,1,1@2017,16,16@2017,80,77@02,9.48,55,16.4,261,131.5,55,(CML312/CML395)//CKDHL151714,CKDHL151714,(CML312/CML395),2017
2@2017,Kakamega2017,Optimal,2,2@2017,31,31@2017,152,77@02,7.41,71,19.8,262.5,124.5,73,(CML312/CML395)//CKDHL151714,CKDHL151714,(CML312/CML395),2017
2@2017,Kakamega2017,Optimal,1,1@2017,13,13@2017,61,77@02,5.39,72,19.8,248,118.5,75,(CML312/CML395)//CKDHL151714,CKDHL151714,(CML312/CML395),2017
2@2017,Kakamega2017,Optimal,1,1@2017,3,3@2017,14,78@02,3.85,73,21.5,236,120,72,(CML312/CML395)//CKDHL151717,CKDHL151717,(CML312/CML395),2017
2@2017,Kakamega2017,Optimal,2,2@2017,29,29@2017,143,78@02,5.59,71,22,251,123,71,(CML312/CML395)//CKDHL151717,CKDHL151717,(CML312/CML395),2017
2@2017,Kiboko2017,Optimal,2,2@2017,36,36@2017,178,78@02,5.76,54,14.9,242,129,54,(CML312/CML395)//CKDHL151717,CKDHL151717,(CML312/CML395),2017
2@2017,Kiboko2017,Optimal,1,1@2017,7,7@2017,35,78@02,5.49,55,14.8,248,135.5,54,(CML312/CML395)//CKDHL151717,CKDHL151717,(CML312/CML395),2017
2@2017,Kakamega2017,Optimal,1,1@2017,15,15@2017,73,79@02,6.65,70,21.2,207,98,70,(CML312/CML395)//CKDHL151720,CKDHL151720,(CML312/CML395),2017
2@2017,Kiboko2017,Optimal,1,1@2017,5,5@2017,23,79@02,5.33,55,15.2,237,118.5,54,(CML312/CML395)//CKDHL151720,CKDHL151720,(CML312/CML395),2017
2@2017,Kakamega2017,Optimal,2,2@2017,21,21@2017,101,79@02,7.5,70,29.4,222,102.5,69,(CML312/CML395)//CKDHL151720,CKDHL151720,(CML312/CML395),2017
2@2017,Kiboko2017,Optimal,2,2@2017,30,30@2017,146,79@02,7.09,54,13.7,220.5,106,54,(CML312/CML395)//CKDHL151720,CKDHL151720,(CML312/CML395),2017
2@2017,Kakamega2017,Optimal,1,1@2017,2,2@2017,8,80@02,3.55,76,21.3,222.5,116,76,(CML312/CML395)//CKDHL151724,CKDHL151724,(CML312/CML395),2017
2@2017,Kiboko2017,Optimal,1,1@2017,14,14@2017,70,80@02,8.92,55,18.5,248,134,54,(CML312/CML395)//CKDHL151724,CKDHL151724,(CML312/CML395),2017
2@2017,Kakamega2017,Optimal,2,2@2017,24,24@2017,117,80@02,1.91,75,28.4,274,139,75,(CML312/CML395)//CKDHL151724,CKDHL151724,(CML312/CML395),2017
2@2017,Kiboko2017,Optimal,2,2@2017,25,25@2017,124,80@02,6.78,57,14.8,261,133.5,55,(CML312/CML395)//CKDHL151724,CKDHL151724,(CML312/CML395),2017
2@2017,Kakamega2017,Optimal,2,2@2017,33,33@2017,163,81@02,5.92,75,26.1,256.5,123,71,(CML312/CML395)//CKDHL151725,CKDHL151725,(CML312/CML395),2017
2@2017,Kiboko2017,Optimal,1,1@2017,3,3@2017,11,81@02,7.64,56,18.5,255,127,56,(CML312/CML395)//CKDHL151725,CKDHL151725,(CML312/CML395),2017
2@2017,Kakamega2017,Optimal,1,1@2017,19,19@2017,91,81@02,6.15,76,20.7,265,114.5,76,(CML312/CML395)//CKDHL151725,CKDHL151725,(CML312/CML395),2017
2@2017,Kiboko2017,Optimal,2,2@2017,38,38@2017,190,81@02,7.27,55,19,262,127,55,(CML312/CML395)//CKDHL151725,CKDHL151725,(CML312/CML395),2017
2@2017,Kakamega2017,Optimal,2,2@2017,22,22@2017,108,82@02,7.06,73,18.6,240.5,116.5,73,(CML312/CML395)//CKDHL151733,CKDHL151733,(CML312/CML395),2017
2@2017,Kiboko2017,Optimal,1,1@2017,12,12@2017,56,82@02,8.32,54,17.3,236,128,53,(CML312/CML395)//CKDHL151733,CKDHL151733,(CML312/CML395),2017
2@2017,Kakamega2017,Optimal,1,1@2017,1,1@2017,4,82@02,8.23,74,22,242,128,74,(CML312/CML395)//CKDHL151733,CKDHL151733,(CML312/CML395),2017
2@2017,Kiboko2017,Optimal,2,2@2017,21,21@2017,104,82@02,6.12,55,17.7,231.5,120.5,54,(CML312/CML395)//CKDHL151733,CKDHL151733,(CML312/CML395),2017
2@2017,Kiboko2017,Optimal,1,1@2017,13,13@2017,61,83@02,8.08,55,15.9,241.5,120,55,(CML312/CML395)//CKDHL151738,CKDHL151738,(CML312/CML395),2017
2@2017,Kakamega2017,Optimal,2,2@2017,27,27@2017,132,83@02,4.82,75,22.1,265.5,135,77,(CML312/CML395)//CKDHL151738,CKDHL151738,(CML312/CML395),2017
2@2017,Kiboko2017,Optimal,2,2@2017,29,29@2017,143,83@02,5.04,57,20.6,238.5,112.5,58,(CML312/CML395)//CKDHL151738,CKDHL151738,(CML312/CML395),2017
2@2017,Kakamega2017,Optimal,1,1@2017,5,5@2017,21,83@02,4.85,74,21.9,260.5,127,75,(CML312/CML395)//CKDHL151738,CKDHL151738,(CML312/CML395),2017
2@2017,Kiboko2017,Optimal,1,1@2017,1,1@2017,1,84@02,7.6,56,16.6,248,128,56,(CML312/CML395)//CKDHL151751,CKDHL151751,(CML312/CML395),2017
2@2017,Kiboko2017,Optimal,2,2@2017,23,23@2017,114,84@02,7.33,57,18.3,249,129,57,(CML312/CML395)//CKDHL151751,CKDHL151751,(CML312/CML395),2017
2@2017,Kakamega2017,Optimal,2,2@2017,26,26@2017,127,84@02,4.5,72,26.4,284,155.5,73,(CML312/CML395)//CKDHL151751,CKDHL151751,(CML312/CML395),2017
2@2017,Kakamega2017,Optimal,1,1@2017,9,9@2017,41,84@02,5.41,76,24.5,257.5,132,76,(CML312/CML395)//CKDHL151751,CKDHL151751,(CML312/CML395),2017
2@2017,Kiboko2017,Optimal,2,2@2017,20,20@2017,100,85@02,6.63,52,16,253,124.5,53,(CML312/CML395)//CKDHL151755,CKDHL151755,(CML312/CML395),2017
2@2017,Kakamega2017,Optimal,1,1@2017,17,17@2017,85,85@02,4.77,73,20.2,238.5,118.5,73,(CML312/CML395)//CKDHL151755,CKDHL151755,(CML312/CML395),2017
2@2017,Kakamega2017,Optimal,2,2@2017,37,37@2017,182,85@02,6.53,71,19.7,257,136,70,(CML312/CML395)//CKDHL151755,CKDHL151755,(CML312/CML395),2017
2@2017,Kiboko2017,Optimal,1,1@2017,18,18@2017,88,85@02,8.02,54,16.5,249,125.5,53,(CML312/CML395)//CKDHL151755,CKDHL151755,(CML312/CML395),2017
2@2017,Kiboko2017,Optimal,2,2@2017,27,27@2017,135,86@02,6.7,57,12.9,239,133.5,57,(CML312/CML395)//CKDHL151758,CKDHL151758,(CML312/CML395),2017
2@2017,Kiboko2017,Optimal,1,1@2017,15,15@2017,73,86@02,9.04,55,16.4,266.5,140,53,(CML312/CML395)//CKDHL151758,CKDHL151758,(CML312/CML395),2017
2@2017,Kakamega2017,Optimal,2,2@2017,30,30@2017,148,86@02,5.38,72,22,256,116.5,72,(CML312/CML395)//CKDHL151758,CKDHL151758,(CML312/CML395),2017
2@2017,Kakamega2017,Optimal,1,1@2017,14,14@2017,70,86@02,5.37,79,19.9,240,108,79,(CML312/CML395)//CKDHL151758,CKDHL151758,(CML312/CML395),2017
2@2017,Kakamega2017,Optimal,1,1@2017,1,1@2017,1,87@02,7.48,74,21.2,232,122,75,(CML312/CML395)//CKDHL151761,CKDHL151761,(CML312/CML395),2017
2@2017,Kiboko2017,Optimal,1,1@2017,14,14@2017,69,87@02,9.34,57,19.5,238,129.5,56,(CML312/CML395)//CKDHL151761,CKDHL151761,(CML312/CML395),2017
2@2017,Kiboko2017,Optimal,2,2@2017,33,33@2017,162,87@02,6.16,58,17.5,250.5,129.5,57,(CML312/CML395)//CKDHL151761,CKDHL151761,(CML312/CML395),2017
2@2017,Kakamega2017,Optimal,2,2@2017,27,27@2017,133,87@02,8.38,73,23.2,263.5,138,72,(CML312/CML395)//CKDHL151761,CKDHL151761,(CML312/CML395),2017
2@2017,Kakamega2017,Optimal,2,2@2017,38,38@2017,190,88@02,5.34,71,22.7,271,135.5,73,(CML312/CML395)//CKDHL151764,CKDHL151764,(CML312/CML395),2017
2@2017,Kakamega2017,Optimal,1,1@2017,18,18@2017,90,88@02,4.95,73,21.2,254.5,114,73,(CML312/CML395)//CKDHL151764,CKDHL151764,(CML312/CML395),2017
2@2017,Kiboko2017,Optimal,1,1@2017,9,9@2017,43,88@02,7.94,56,14.4,252.5,132,56,(CML312/CML395)//CKDHL151764,CKDHL151764,(CML312/CML395),2017
2@2017,Kiboko2017,Optimal,2,2@2017,27,27@2017,134,88@02,6.91,55,16.3,251.5,118.5,56,(CML312/CML395)//CKDHL151764,CKDHL151764,(CML312/CML395),2017
2@2017,Kakamega2017,Optimal,1,1@2017,17,17@2017,82,89@02,3.8,75,19.9,217,112.5,81,(CML312/CML395)//CKDHL151765,CKDHL151765,(CML312/CML395),2017
2@2017,Kiboko2017,Optimal,1,1@2017,2,2@2017,10,89@02,6.19,59,16,243.5,117.5,59,(CML312/CML395)//CKDHL151765,CKDHL151765,(CML312/CML395),2017
2@2017,Kakamega2017,Optimal,2,2@2017,29,29@2017,141,89@02,2.98,75,22.5,247.2,129,77,(CML312/CML395)//CKDHL151765,CKDHL151765,(CML312/CML395),2017
2@2017,Kiboko2017,Optimal,2,2@2017,35,35@2017,171,89@02,6.43,56,15.3,246.5,126.5,57,(CML312/CML395)//CKDHL151765,CKDHL151765,(CML312/CML395),2017
2@2017,Kakamega2017,Optimal,1,1@2017,11,11@2017,52,90@02,6.37,75,21.9,250.5,137,75,(CML312/CML395)//CKDHL151768,CKDHL151768,(CML312/CML395),2017
2@2017,Kiboko2017,Optimal,2,2@2017,38,38@2017,188,90@02,8.84,55,17.3,258.5,133.5,55,(CML312/CML395)//CKDHL151768,CKDHL151768,(CML312/CML395),2017
2@2017,Kiboko2017,Optimal,1,1@2017,9,9@2017,44,90@02,7.3,56,16.9,249.5,131,56,(CML312/CML395)//CKDHL151768,CKDHL151768,(CML312/CML395),2017
2@2017,Kakamega2017,Optimal,2,2@2017,25,25@2017,125,90@02,7.04,71,21.2,268.5,141.5,71,(CML312/CML395)//CKDHL151768,CKDHL151768,(CML312/CML395),2017
2@2017,Kakamega2017,Optimal,1,1@2017,9,9@2017,44,91@02,3.37,76,22.8,243,134,76,(CML312/CML395)//CKDHL151777,CKDHL151777,(CML312/CML395),2017
2@2017,Kiboko2017,Optimal,2,2@2017,23,23@2017,113,91@02,8.41,54,14.8,258,129,54,(CML312/CML395)//CKDHL151777,CKDHL151777,(CML312/CML395),2017
2@2017,Kakamega2017,Optimal,2,2@2017,25,25@2017,123,91@02,4.04,73,20.4,278.5,153,75,(CML312/CML395)//CKDHL151777,CKDHL151777,(CML312/CML395),2017
2@2017,Kiboko2017,Optimal,1,1@2017,17,17@2017,85,91@02,7.83,57,16.5,276.5,142,57,(CML312/CML395)//CKDHL151777,CKDHL151777,(CML312/CML395),2017
2@2017,Kiboko2017,Optimal,1,1@2017,9,9@2017,41,92@02,9.03,55,16.8,250,121,55,(CML312/CML395)//CKDHL151780,CKDHL151780,(CML312/CML395),2017
2@2017,Kakamega2017,Optimal,1,1@2017,4,4@2017,16,92@02,5.89,74,21.7,243,109,75,(CML312/CML395)//CKDHL151780,CKDHL151780,(CML312/CML395),2017
2@2017,Kakamega2017,Optimal,2,2@2017,34,34@2017,168,92@02,7.27,73,19.7,245.5,116.5,75,(CML312/CML395)//CKDHL151780,CKDHL151780,(CML312/CML395),2017
2@2017,Kiboko2017,Optimal,2,2@2017,24,24@2017,116,92@02,9.13,56,18.1,258,128.5,56,(CML312/CML395)//CKDHL151780,CKDHL151780,(CML312/CML395),2017
2@2017,Kiboko2017,Optimal,1,1@2017,13,13@2017,63,93@02,6.87,59,18.4,271,158.5,62,H517,H517,,2017
2@2017,Kakamega2017,Optimal,2,2@2017,24,24@2017,116,93@02,6.36,77,24.4,273.5,142,78,H517,H517,,2017
2@2017,Kakamega2017,Optimal,1,1@2017,19,19@2017,92,93@02,5.63,79,21.1,248.5,143,81,H517,H517,,2017
2@2017,Kiboko2017,Optimal,2,2@2017,36,36@2017,180,93@02,4.71,59,14.2,292,177.5,64,H517,H517,,2017
2@2017,Kiboko2017,Optimal,2,2@2017,24,24@2017,119,94@02,6.05,56,16.7,264,128.5,59,Pioneer 30G19,Pioneer 30G19,,2017
2@2017,Kakamega2017,Optimal,1,1@2017,6,6@2017,26,94@02,7.66,72,24.4,257.5,119.5,75,Pioneer 30G19,Pioneer 30G19,,2017
2@2017,Kiboko2017,Optimal,1,1@2017,19,19@2017,91,94@02,8.08,59,19.4,277.5,128.5,60,Pioneer 30G19,Pioneer 30G19,,2017
2@2017,Kakamega2017,Optimal,2,2@2017,24,24@2017,118,94@02,8.14,72,21.5,254,125.5,72,Pioneer 30G19,Pioneer 30G19,,2017
2@2017,Kiboko2017,Optimal,2,2@2017,36,36@2017,179,95@02,5.31,58,14.1,275.5,147,58,WH505,WH505,,2017
2@2017,Kakamega2017,Optimal,2,2@2017,31,31@2017,155,95@02,3.8,74,17.8,281.5,149,74,WH505,WH505,,2017
2@2017,Kiboko2017,Optimal,1,1@2017,12,12@2017,57,95@02,9.97,59,15.1,274,140,59,WH505,WH505,,2017
2@2017,Kakamega2017,Optimal,1,1@2017,10,10@2017,50,95@02,7.24,79,25,258,130,76,WH505,WH505,,2017
3@2017,Kiboko2017,Optimal,2,2@2017,12,12@2017,72,1@03,5.64,59,13.4,254,130.5,59,(CML312/CML442)//CKDHL153331,CKDHL153331,(CML312/CML442),2017
3@2017,Kakamega2017,Optimal,2,2@2017,10,10@2017,60,1@03,9.28,76,20.2,280.5,155,75,(CML312/CML442)//CKDHL153331,CKDHL153331,(CML312/CML442),2017
3@2017,Kiboko2017,Optimal,1,1@2017,1,1@2017,2,1@03,6.1,60,13.7,231,122,59,(CML312/CML442)//CKDHL153331,CKDHL153331,(CML312/CML442),2017
3@2017,Kakamega2017,Optimal,1,1@2017,5,5@2017,29,1@03,8.91,74,23.7,267.5,139.5,73,(CML312/CML442)//CKDHL153331,CKDHL153331,(CML312/CML442),2017
3@2017,Kakamega2017,Optimal,1,1@2017,6,6@2017,33,2@03,6.65,72,20.5,264.5,133,74,(CML312/CML442)//CKDHL153335,CKDHL153335,(CML312/CML442),2017
3@2017,Kiboko2017,Optimal,1,1@2017,8,8@2017,44,2@03,4.7,57,11.8,242.5,125,58,(CML312/CML442)//CKDHL153335,CKDHL153335,(CML312/CML442),2017
3@2017,Kakamega2017,Optimal,2,2@2017,15,15@2017,89,2@03,6.23,70,19.4,278.5,167.5,72,(CML312/CML442)//CKDHL153335,CKDHL153335,(CML312/CML442),2017
3@2017,Kiboko2017,Optimal,2,2@2017,11,11@2017,62,2@03,4.46,58,14.3,222,102.5,59,(CML312/CML442)//CKDHL153335,CKDHL153335,(CML312/CML442),2017
3@2017,Kakamega2017,Optimal,2,2@2017,9,9@2017,54,3@03,7.6,72,22.7,268.5,161,72,(CML312/CML442)//CKDHL153336,CKDHL153336,(CML312/CML442),2017
3@2017,Kiboko2017,Optimal,2,2@2017,16,16@2017,91,3@03,4.83,58,15.7,250.5,121.5,58,(CML312/CML442)//CKDHL153336,CKDHL153336,(CML312/CML442),2017
3@2017,Kiboko2017,Optimal,1,1@2017,8,8@2017,45,3@03,4.82,56,15.3,249.5,126,57,(CML312/CML442)//CKDHL153336,CKDHL153336,(CML312/CML442),2017
3@2017,Kakamega2017,Optimal,1,1@2017,8,8@2017,45,3@03,8.54,74,13.8,274,152.5,74,(CML312/CML442)//CKDHL153336,CKDHL153336,(CML312/CML442),2017
3@2017,Kakamega2017,Optimal,1,1@2017,7,7@2017,42,4@03,6.01,80,21.1,270.5,143,80,(CML312/CML442)//CKDHL153337,CKDHL153337,(CML312/CML442),2017
3@2017,Kiboko2017,Optimal,2,2@2017,14,14@2017,82,4@03,7.37,59,14.6,253.5,124.5,58,(CML312/CML442)//CKDHL153337,CKDHL153337,(CML312/CML442),2017
3@2017,Kakamega2017,Optimal,2,2@2017,14,14@2017,83,4@03,7.93,75,19.5,259.5,160,74,(CML312/CML442)//CKDHL153337,CKDHL153337,(CML312/CML442),2017
3@2017,Kiboko2017,Optimal,1,1@2017,5,5@2017,26,4@03,3.68,59,13.5,234.5,122,59,(CML312/CML442)//CKDHL153337,CKDHL153337,(CML312/CML442),2017
3@2017,Kakamega2017,Optimal,2,2@2017,16,16@2017,95,5@03,9.77,71,19.2,284,140.5,70,(CML312/CML442)//CKDHL153338,CKDHL153338,(CML312/CML442),2017
3@2017,Kiboko2017,Optimal,2,2@2017,10,10@2017,56,5@03,4.92,59,12.6,270,133,59,(CML312/CML442)//CKDHL153338,CKDHL153338,(CML312/CML442),2017
3@2017,Kakamega2017,Optimal,1,1@2017,2,2@2017,12,5@03,9.05,76,21.5,283,158.5,75,(CML312/CML442)//CKDHL153338,CKDHL153338,(CML312/CML442),2017
3@2017,Kiboko2017,Optimal,1,1@2017,4,4@2017,20,5@03,6.18,60,13.4,242.5,121.5,59,(CML312/CML442)//CKDHL153338,CKDHL153338,(CML312/CML442),2017
3@2017,Kakamega2017,Optimal,2,2@2017,12,12@2017,70,6@03,8.63,73,19,259.5,148,73,(CML312/CML442)//CKDHL153339,CKDHL153339,(CML312/CML442),2017
3@2017,Kiboko2017,Optimal,1,1@2017,8,8@2017,47,6@03,6.25,59,13.6,247.5,146.5,60,(CML312/CML442)//CKDHL153339,CKDHL153339,(CML312/CML442),2017
3@2017,Kiboko2017,Optimal,2,2@2017,9,9@2017,54,6@03,6.72,59,14.8,266,139,59,(CML312/CML442)//CKDHL153339,CKDHL153339,(CML312/CML442),2017
3@2017,Kakamega2017,Optimal,1,1@2017,4,4@2017,19,6@03,8.45,73,19.7,274,145.5,73,(CML312/CML442)//CKDHL153339,CKDHL153339,(CML312/CML442),2017
3@2017,Kiboko2017,Optimal,1,1@2017,1,1@2017,6,7@03,4.42,59,12.8,231,114.5,61,(CML312/CML442)//CKDHL153340,CKDHL153340,(CML312/CML442),2017
3@2017,Kiboko2017,Optimal,2,2@2017,10,10@2017,60,7@03,5.55,59,14.8,259.5,123,59,(CML312/CML442)//CKDHL153340,CKDHL153340,(CML312/CML442),2017
3@2017,Kakamega2017,Optimal,2,2@2017,13,13@2017,76,7@03,7.56,72,20.4,268,153.5,71,(CML312/CML442)//CKDHL153340,CKDHL153340,(CML312/CML442),2017
3@2017,Kakamega2017,Optimal,1,1@2017,6,6@2017,35,7@03,8.26,76,20.5,268,141,76,(CML312/CML442)//CKDHL153340,CKDHL153340,(CML312/CML442),2017
3@2017,Kiboko2017,Optimal,1,1@2017,2,2@2017,9,8@03,6.5,57,14.7,263.5,151,58,(CML312/CML442)//CKDHL153341,CKDHL153341,(CML312/CML442),2017
3@2017,Kakamega2017,Optimal,2,2@2017,10,10@2017,59,8@03,6.87,67,19.6,283,153.5,67,(CML312/CML442)//CKDHL153341,CKDHL153341,(CML312/CML442),2017
3@2017,Kiboko2017,Optimal,2,2@2017,9,9@2017,51,8@03,4.47,59,13.5,252.5,143.5,59,(CML312/CML442)//CKDHL153341,CKDHL153341,(CML312/CML442),2017
3@2017,Kakamega2017,Optimal,1,1@2017,6,6@2017,36,8@03,6.32,74,20,276.5,143,75,(CML312/CML442)//CKDHL153341,CKDHL153341,(CML312/CML442),2017
3@2017,Kiboko2017,Optimal,2,2@2017,16,16@2017,95,9@03,4.29,58,12.5,246,134,58,(CML312/CML442)//CKDHL153344,CKDHL153344,(CML312/CML442),2017
3@2017,Kakamega2017,Optimal,2,2@2017,11,11@2017,62,9@03,7.55,72,16.9,283.5,152.5,72,(CML312/CML442)//CKDHL153344,CKDHL153344,(CML312/CML442),2017
3@2017,Kakamega2017,Optimal,1,1@2017,8,8@2017,43,9@03,9,75,19.6,266,150,75,(CML312/CML442)//CKDHL153344,CKDHL153344,(CML312/CML442),2017
3@2017,Kiboko2017,Optimal,1,1@2017,8,8@2017,48,9@03,5.93,58,14.1,218,120.5,57,(CML312/CML442)//CKDHL153344,CKDHL153344,(CML312/CML442),2017
3@2017,Kakamega2017,Optimal,1,1@2017,1,1@2017,2,10@03,9.15,73,19.7,266.5,136,74,(CML312/CML442)//CKDHL153345,CKDHL153345,(CML312/CML442),2017
3@2017,Kakamega2017,Optimal,2,2@2017,16,16@2017,91,10@03,9.51,74,18.4,274,126.5,71,(CML312/CML442)//CKDHL153345,CKDHL153345,(CML312/CML442),2017
3@2017,Kiboko2017,Optimal,1,1@2017,7,7@2017,41,10@03,6.9,58,14.3,261.5,153,59,(CML312/CML442)//CKDHL153345,CKDHL153345,(CML312/CML442),2017
3@2017,Kiboko2017,Optimal,2,2@2017,12,12@2017,69,10@03,6.39,59,13.6,259.5,141,58,(CML312/CML442)//CKDHL153345,CKDHL153345,(CML312/CML442),2017
3@2017,Kakamega2017,Optimal,2,2@2017,15,15@2017,88,11@03,5.77,71,17.9,273.5,167.5,69,(CML312/CML442)//CKDHL153346,CKDHL153346,(CML312/CML442),2017
3@2017,Kiboko2017,Optimal,2,2@2017,13,13@2017,77,11@03,6.64,57,14.3,259.5,130,55,(CML312/CML442)//CKDHL153346,CKDHL153346,(CML312/CML442),2017
3@2017,Kiboko2017,Optimal,1,1@2017,3,3@2017,15,11@03,6.65,57,14.9,236.5,122.5,58,(CML312/CML442)//CKDHL153346,CKDHL153346,(CML312/CML442),2017
3@2017,Kakamega2017,Optimal,1,1@2017,8,8@2017,48,11@03,8.12,71,21.5,276,162.5,72,(CML312/CML442)//CKDHL153346,CKDHL153346,(CML312/CML442),2017
3@2017,Kiboko2017,Optimal,1,1@2017,2,2@2017,12,12@03,4.33,55,13,245.5,115,56,(CML312/CML442)//CKDHL153347,CKDHL153347,(CML312/CML442),2017
3@2017,Kakamega2017,Optimal,1,1@2017,5,5@2017,28,12@03,4.99,69,17.6,252,109.5,71,(CML312/CML442)//CKDHL153347,CKDHL153347,(CML312/CML442),2017
3@2017,Kakamega2017,Optimal,2,2@2017,9,9@2017,51,12@03,5.14,72,20.5,274.5,152.1,72,(CML312/CML442)//CKDHL153347,CKDHL153347,(CML312/CML442),2017
3@2017,Kiboko2017,Optimal,2,2@2017,15,15@2017,88,12@03,4.91,55,12.8,248,112.5,56,(CML312/CML442)//CKDHL153347,CKDHL153347,(CML312/CML442),2017
3@2017,Kiboko2017,Optimal,1,1@2017,4,4@2017,24,13@03,5.31,59,13.2,256.5,144.5,60,(CML312/CML442)//CKDHL153349,CKDHL153349,(CML312/CML442),2017
3@2017,Kiboko2017,Optimal,2,2@2017,11,11@2017,63,13@03,7.24,58,14.5,243.5,129.5,59,(CML312/CML442)//CKDHL153349,CKDHL153349,(CML312/CML442),2017
3@2017,Kakamega2017,Optimal,1,1@2017,2,2@2017,9,13@03,7.6,73,18.9,285,147.5,73,(CML312/CML442)//CKDHL153349,CKDHL153349,(CML312/CML442),2017
3@2017,Kakamega2017,Optimal,2,2@2017,12,12@2017,69,13@03,8.32,73,18.3,259,148,73,(CML312/CML442)//CKDHL153349,CKDHL153349,(CML312/CML442),2017
3@2017,Kiboko2017,Optimal,2,2@2017,10,10@2017,58,14@03,6.05,58,15.6,264,140.5,57,(CML312/CML442)//CKDHL153350,CKDHL153350,(CML312/CML442),2017
3@2017,Kakamega2017,Optimal,1,1@2017,7,7@2017,37,14@03,9.95,71,17.3,274,142.5,71,(CML312/CML442)//CKDHL153350,CKDHL153350,(CML312/CML442),2017
3@2017,Kiboko2017,Optimal,1,1@2017,6,6@2017,31,14@03,7.41,58,15.2,253,138.5,57,(CML312/CML442)//CKDHL153350,CKDHL153350,(CML312/CML442),2017
3@2017,Kakamega2017,Optimal,2,2@2017,15,15@2017,85,14@03,9.07,70,17.8,273,163.5,70,(CML312/CML442)//CKDHL153350,CKDHL153350,(CML312/CML442),2017
3@2017,Kiboko2017,Optimal,1,1@2017,2,2@2017,10,15@03,7.27,58,13.5,272.5,150.5,57,(CML312/CML442)//CKDHL153351,CKDHL153351,(CML312/CML442),2017
3@2017,Kiboko2017,Optimal,2,2@2017,10,10@2017,57,15@03,5.37,59,14,271.5,142.5,58,(CML312/CML442)//CKDHL153351,CKDHL153351,(CML312/CML442),2017
3@2017,Kakamega2017,Optimal,1,1@2017,7,7@2017,41,15@03,8.71,73,18.6,270.5,132.5,74,(CML312/CML442)//CKDHL153351,CKDHL153351,(CML312/CML442),2017
3@2017,Kakamega2017,Optimal,2,2@2017,10,10@2017,57,15@03,8.44,71,19.6,285,165,70,(CML312/CML442)//CKDHL153351,CKDHL153351,(CML312/CML442),2017
3@2017,Kakamega2017,Optimal,2,2@2017,15,15@2017,86,16@03,7.07,70,17.5,276.5,160,70,(CML312/CML442)//CKDHL153355,CKDHL153355,(CML312/CML442),2017
3@2017,Kiboko2017,Optimal,1,1@2017,3,3@2017,18,16@03,4.87,57,13.5,245.5,122,57,(CML312/CML442)//CKDHL153355,CKDHL153355,(CML312/CML442),2017
3@2017,Kakamega2017,Optimal,1,1@2017,4,4@2017,24,16@03,6.24,72,20.6,280,165.5,70,(CML312/CML442)//CKDHL153355,CKDHL153355,(CML312/CML442),2017
3@2017,Kiboko2017,Optimal,2,2@2017,13,13@2017,73,16@03,6.41,56,11.7,242,117,55,(CML312/CML442)//CKDHL153355,CKDHL153355,(CML312/CML442),2017
3@2017,Kakamega2017,Optimal,2,2@2017,10,10@2017,55,17@03,5.11,75,19.1,269,159.5,73,(CML312/CML442)//CKDHL153358,CKDHL153358,(CML312/CML442),2017
3@2017,Kakamega2017,Optimal,1,1@2017,8,8@2017,44,17@03,8.18,80,21.3,272.5,145.5,76,(CML312/CML442)//CKDHL153358,CKDHL153358,(CML312/CML442),2017
3@2017,Kiboko2017,Optimal,1,1@2017,1,1@2017,1,17@03,6.47,60,16.5,217,114,59,(CML312/CML442)//CKDHL153358,CKDHL153358,(CML312/CML442),2017
3@2017,Kiboko2017,Optimal,2,2@2017,15,15@2017,87,17@03,6.21,58,14.8,254,137,58,(CML312/CML442)//CKDHL153358,CKDHL153358,(CML312/CML442),2017
3@2017,Kakamega2017,Optimal,1,1@2017,3,3@2017,16,18@03,6.62,71,22.8,271,156.5,72,(CML312/CML442)//CKDHL153360,CKDHL153360,(CML312/CML442),2017
3@2017,Kiboko2017,Optimal,1,1@2017,1,1@2017,3,18@03,4.62,57,14.9,225.5,107,59,(CML312/CML442)//CKDHL153360,CKDHL153360,(CML312/CML442),2017
3@2017,Kiboko2017,Optimal,2,2@2017,13,13@2017,76,18@03,5.98,56,14.5,240.5,109.5,56,(CML312/CML442)//CKDHL153360,CKDHL153360,(CML312/CML442),2017
3@2017,Kakamega2017,Optimal,2,2@2017,12,12@2017,71,18@03,5.54,73,18.5,243.5,131.5,73,(CML312/CML442)//CKDHL153360,CKDHL153360,(CML312/CML442),2017
3@2017,Kakamega2017,Optimal,2,2@2017,13,13@2017,78,19@03,3.87,76,20.7,280,151.5,77,(CML312/CML442)//CKDHL153362,CKDHL153362,(CML312/CML442),2017
3@2017,Kakamega2017,Optimal,1,1@2017,4,4@2017,22,19@03,6.22,77,21,273.5,144,77,(CML312/CML442)//CKDHL153362,CKDHL153362,(CML312/CML442),2017
3@2017,Kiboko2017,Optimal,2,2@2017,12,12@2017,70,19@03,5.89,59,15.1,242.5,131.5,58,(CML312/CML442)//CKDHL153362,CKDHL153362,(CML312/CML442),2017
3@2017,Kiboko2017,Optimal,1,1@2017,3,3@2017,14,19@03,4.88,59,13.8,226.5,123.5,62,(CML312/CML442)//CKDHL153362,CKDHL153362,(CML312/CML442),2017
3@2017,Kiboko2017,Optimal,1,1@2017,3,3@2017,17,20@03,6.88,60,16.2,240,132.5,61,(CML312/CML442)//CKDHL153364,CKDHL153364,(CML312/CML442),2017
3@2017,Kakamega2017,Optimal,1,1@2017,3,3@2017,13,20@03,6.43,76,18.9,275.5,155.5,76,(CML312/CML442)//CKDHL153364,CKDHL153364,(CML312/CML442),2017
3@2017,Kiboko2017,Optimal,2,2@2017,15,15@2017,90,20@03,4.77,59,14.8,249,131.5,57,(CML312/CML442)//CKDHL153364,CKDHL153364,(CML312/CML442),2017
3@2017,Kakamega2017,Optimal,2,2@2017,11,11@2017,66,20@03,6.91,76,20.1,282.5,162.5,76,(CML312/CML442)//CKDHL153364,CKDHL153364,(CML312/CML442),2017
3@2017,Kakamega2017,Optimal,2,2@2017,13,13@2017,73,21@03,6.71,70,18,277.5,160,70,(CML312/CML442)//CKDHL153365,CKDHL153365,(CML312/CML442),2017
3@2017,Kiboko2017,Optimal,2,2@2017,11,11@2017,64,21@03,5.9,56,13.7,232,107.5,56,(CML312/CML442)//CKDHL153365,CKDHL153365,(CML312/CML442),2017
3@2017,Kakamega2017,Optimal,1,1@2017,5,5@2017,30,21@03,5.29,72,18.2,264,122,72,(CML312/CML442)//CKDHL153365,CKDHL153365,(CML312/CML442),2017
3@2017,Kiboko2017,Optimal,1,1@2017,6,6@2017,35,21@03,5.32,56,14.8,233,119,57,(CML312/CML442)//CKDHL153365,CKDHL153365,(CML312/CML442),2017
3@2017,Kakamega2017,Optimal,1,1@2017,1,1@2017,1,22@03,8.56,76,25.4,261.5,141,75,(CML312/CML442)//CKDHL153370,CKDHL153370,(CML312/CML442),2017
3@2017,Kiboko2017,Optimal,2,2@2017,11,11@2017,66,22@03,7.33,59,15.4,265,148,59,(CML312/CML442)//CKDHL153370,CKDHL153370,(CML312/CML442),2017
3@2017,Kakamega2017,Optimal,2,2@2017,11,11@2017,65,22@03,9.49,73,20.5,279,156,73,(CML312/CML442)//CKDHL153370,CKDHL153370,(CML312/CML442),2017
3@2017,Kiboko2017,Optimal,1,1@2017,6,6@2017,33,22@03,8.2,59,14.7,268,146.5,58,(CML312/CML442)//CKDHL153370,CKDHL153370,(CML312/CML442),2017
3@2017,Kakamega2017,Optimal,2,2@2017,11,11@2017,61,23@03,6.25,73,18.6,284,145,73,(CML312/CML442)//CKDHL153372,CKDHL153372,(CML312/CML442),2017
3@2017,Kakamega2017,Optimal,1,1@2017,3,3@2017,14,23@03,5.87,73,18.3,267,154.5,71,(CML312/CML442)//CKDHL153372,CKDHL153372,(CML312/CML442),2017
3@2017,Kiboko2017,Optimal,2,2@2017,13,13@2017,78,23@03,7.04,59,14.3,268.5,136,58,(CML312/CML442)//CKDHL153372,CKDHL153372,(CML312/CML442),2017
3@2017,Kiboko2017,Optimal,1,1@2017,3,3@2017,13,23@03,7.16,58,15.1,239.5,117.5,58,(CML312/CML442)//CKDHL153372,CKDHL153372,(CML312/CML442),2017
3@2017,Kakamega2017,Optimal,2,2@2017,9,9@2017,50,24@03,10.07,71,24.1,266.5,153.5,71,(CML312/CML442)//CKDHL153375,CKDHL153375,(CML312/CML442),2017
3@2017,Kakamega2017,Optimal,1,1@2017,3,3@2017,15,24@03,9.63,74,20.8,275.5,163.5,74,(CML312/CML442)//CKDHL153375,CKDHL153375,(CML312/CML442),2017
3@2017,Kiboko2017,Optimal,1,1@2017,1,1@2017,4,24@03,5.26,59,16.2,241.5,127.5,59,(CML312/CML442)//CKDHL153375,CKDHL153375,(CML312/CML442),2017
3@2017,Kiboko2017,Optimal,2,2@2017,16,16@2017,92,24@03,6.36,58,13.9,266,140.5,58,(CML312/CML442)//CKDHL153375,CKDHL153375,(CML312/CML442),2017
3@2017,Kiboko2017,Optimal,1,1@2017,6,6@2017,34,25@03,5.43,59,13.6,246.5,127.5,59,(CML312/CML442)//CKDHL153380,CKDHL153380,(CML312/CML442),2017
3@2017,Kakamega2017,Optimal,2,2@2017,12,12@2017,67,25@03,7.34,79,19.7,270.5,135.5,74,(CML312/CML442)//CKDHL153380,CKDHL153380,(CML312/CML442),2017
3@2017,Kakamega2017,Optimal,1,1@2017,2,2@2017,7,25@03,8.24,76,19.9,292.5,162.5,74,(CML312/CML442)//CKDHL153380,CKDHL153380,(CML312/CML442),2017
3@2017,Kiboko2017,Optimal,2,2@2017,14,14@2017,81,25@03,7.45,59,14.1,264,133,58,(CML312/CML442)//CKDHL153380,CKDHL153380,(CML312/CML442),2017
3@2017,Kiboko2017,Optimal,2,2@2017,10,10@2017,55,26@03,5.27,57,14.7,264.5,133.5,59,(CML312/CML442)//CKDHL153381,CKDHL153381,(CML312/CML442),2017
3@2017,Kakamega2017,Optimal,2,2@2017,10,10@2017,58,26@03,10.22,71,19.4,279,147,70,(CML312/CML442)//CKDHL153381,CKDHL153381,(CML312/CML442),2017
3@2017,Kiboko2017,Optimal,1,1@2017,6,6@2017,36,26@03,7.49,59,15.8,266.5,142.5,58,(CML312/CML442)//CKDHL153381,CKDHL153381,(CML312/CML442),2017
3@2017,Kakamega2017,Optimal,1,1@2017,2,2@2017,10,26@03,7.98,73,19.7,289.5,156.5,73,(CML312/CML442)//CKDHL153381,CKDHL153381,(CML312/CML442),2017
3@2017,Kakamega2017,Optimal,1,1@2017,1,1@2017,5,27@03,6,78,18.6,266,147.5,77,(CML312/CML442)//CKDHL153383,CKDHL153383,(CML312/CML442),2017
3@2017,Kiboko2017,Optimal,1,1@2017,8,8@2017,46,27@03,6.97,59,13,251.5,131,57,(CML312/CML442)//CKDHL153383,CKDHL153383,(CML312/CML442),2017
3@2017,Kiboko2017,Optimal,2,2@2017,15,15@2017,85,27@03,6.89,59,14.4,265.5,131,58,(CML312/CML442)//CKDHL153383,CKDHL153383,(CML312/CML442),2017
3@2017,Kakamega2017,Optimal,2,2@2017,9,9@2017,49,27@03,8.84,76,19.1,276,152,73,(CML312/CML442)//CKDHL153383,CKDHL153383,(CML312/CML442),2017
3@2017,Kiboko2017,Optimal,1,1@2017,6,6@2017,32,28@03,4.86,58,17.9,254,125.5,59,(CML312/CML442)//CKDHL153391,CKDHL153391,(CML312/CML442),2017
3@2017,Kakamega2017,Optimal,1,1@2017,4,4@2017,20,28@03,6.44,73,23,274,152.5,73,(CML312/CML442)//CKDHL153391,CKDHL153391,(CML312/CML442),2017
3@2017,Kiboko2017,Optimal,2,2@2017,13,13@2017,74,28@03,5.03,56,12.2,240,122.5,56,(CML312/CML442)//CKDHL153391,CKDHL153391,(CML312/CML442),2017
3@2017,Kakamega2017,Optimal,2,2@2017,12,12@2017,72,28@03,6.16,70,20.2,254.5,137,71,(CML312/CML442)//CKDHL153391,CKDHL153391,(CML312/CML442),2017
3@2017,Kiboko2017,Optimal,1,1@2017,7,7@2017,39,29@03,6.95,59,14.3,269.5,141,58,(CML312/CML442)//CKDHL153393,CKDHL153393,(CML312/CML442),2017
3@2017,Kakamega2017,Optimal,2,2@2017,14,14@2017,79,29@03,7.13,77,18.5,286,155.5,74,(CML312/CML442)//CKDHL153393,CKDHL153393,(CML312/CML442),2017
3@2017,Kakamega2017,Optimal,1,1@2017,8,8@2017,47,29@03,9.07,74,17.8,266.5,159,73,(CML312/CML442)//CKDHL153393,CKDHL153393,(CML312/CML442),2017
3@2017,Kiboko2017,Optimal,2,2@2017,14,14@2017,83,29@03,6.25,58,14.3,260.5,136.5,58,(CML312/CML442)//CKDHL153393,CKDHL153393,(CML312/CML442),2017
3@2017,Kakamega2017,Optimal,2,2@2017,11,11@2017,63,30@03,9.02,76,19.4,278,141.5,76,(CML312/CML442)//CKDHL153399,CKDHL153399,(CML312/CML442),2017
3@2017,Kakamega2017,Optimal,1,1@2017,3,3@2017,18,30@03,9.69,78,21.7,283,138,76,(CML312/CML442)//CKDHL153399,CKDHL153399,(CML312/CML442),2017
3@2017,Kiboko2017,Optimal,1,1@2017,2,2@2017,8,30@03,6.92,59,13.3,240,132,59,(CML312/CML442)//CKDHL153399,CKDHL153399,(CML312/CML442),2017
3@2017,Kiboko2017,Optimal,2,2@2017,15,15@2017,89,30@03,5.15,58,14,260.5,135,59,(CML312/CML442)//CKDHL153399,CKDHL153399,(CML312/CML442),2017
3@2017,Kiboko2017,Optimal,2,2@2017,15,15@2017,86,31@03,6.55,58,15.5,269,142,58,(CML312/CML442)//CKDHL153400,CKDHL153400,(CML312/CML442),2017
3@2017,Kakamega2017,Optimal,1,1@2017,1,1@2017,3,31@03,6.54,80,22.5,262.5,140,76,(CML312/CML442)//CKDHL153400,CKDHL153400,(CML312/CML442),2017
3@2017,Kiboko2017,Optimal,1,1@2017,7,7@2017,37,31@03,6.16,59,14.4,260,133.5,60,(CML312/CML442)//CKDHL153400,CKDHL153400,(CML312/CML442),2017
3@2017,Kakamega2017,Optimal,2,2@2017,14,14@2017,82,31@03,8.22,72,19.3,273.5,142,71,(CML312/CML442)//CKDHL153400,CKDHL153400,(CML312/CML442),2017
3@2017,Kiboko2017,Optimal,1,1@2017,2,2@2017,7,32@03,5.67,57,14.2,239.5,125,56,(CML312/CML442)//CKDHL153402,CKDHL153402,(CML312/CML442),2017
3@2017,Kiboko2017,Optimal,2,2@2017,13,13@2017,75,32@03,7.13,58,14.9,241,131,58,(CML312/CML442)//CKDHL153402,CKDHL153402,(CML312/CML442),2017
3@2017,Kakamega2017,Optimal,2,2@2017,14,14@2017,81,32@03,9.34,74,19.8,269,137,72,(CML312/CML442)//CKDHL153402,CKDHL153402,(CML312/CML442),2017
3@2017,Kakamega2017,Optimal,1,1@2017,2,2@2017,11,32@03,8.84,73,21.5,285,146,71,(CML312/CML442)//CKDHL153402,CKDHL153402,(CML312/CML442),2017
3@2017,Kakamega2017,Optimal,2,2@2017,11,11@2017,64,33@03,8.81,70,17.9,274,139,69,(CML312/CML442)//CKDHL153406,CKDHL153406,(CML312/CML442),2017
3@2017,Kiboko2017,Optimal,2,2@2017,12,12@2017,68,33@03,6.72,56,14.7,249.5,115,56,(CML312/CML442)//CKDHL153406,CKDHL153406,(CML312/CML442),2017
3@2017,Kakamega2017,Optimal,1,1@2017,4,4@2017,23,33@03,9.76,73,19.4,270.5,138.5,73,(CML312/CML442)//CKDHL153406,CKDHL153406,(CML312/CML442),2017
3@2017,Kiboko2017,Optimal,1,1@2017,4,4@2017,22,33@03,6.72,56,14.4,251,130.5,57,(CML312/CML442)//CKDHL153406,CKDHL153406,(CML312/CML442),2017
3@2017,Kiboko2017,Optimal,2,2@2017,16,16@2017,94,34@03,3.06,58,14.2,253.5,129,58,(CML312/CML442)//CKDHL153407,CKDHL153407,(CML312/CML442),2017
3@2017,Kakamega2017,Optimal,1,1@2017,5,5@2017,25,34@03,8.51,71,20.1,280.5,167,71,(CML312/CML442)//CKDHL153407,CKDHL153407,(CML312/CML442),2017
3@2017,Kakamega2017,Optimal,2,2@2017,16,16@2017,93,34@03,8.24,72,19.5,296.5,159,71,(CML312/CML442)//CKDHL153407,CKDHL153407,(CML312/CML442),2017
3@2017,Kiboko2017,Optimal,1,1@2017,5,5@2017,28,34@03,5.86,58,13.9,247.5,134.5,58,(CML312/CML442)//CKDHL153407,CKDHL153407,(CML312/CML442),2017
3@2017,Kakamega2017,Optimal,2,2@2017,12,12@2017,68,35@03,8.08,75,19.7,259.5,145.5,73,(CML312/CML442)//CKDHL153411,CKDHL153411,(CML312/CML442),2017
3@2017,Kakamega2017,Optimal,1,1@2017,4,4@2017,21,35@03,8.18,73,21.7,275,154,71,(CML312/CML442)//CKDHL153411,CKDHL153411,(CML312/CML442),2017
3@2017,Kiboko2017,Optimal,2,2@2017,14,14@2017,80,35@03,6.64,58,14.7,260.5,142,57,(CML312/CML442)//CKDHL153411,CKDHL153411,(CML312/CML442),2017
3@2017,Kiboko2017,Optimal,1,1@2017,2,2@2017,11,35@03,7.58,58,14.2,232,135,57,(CML312/CML442)//CKDHL153411,CKDHL153411,(CML312/CML442),2017
3@2017,Kakamega2017,Optimal,2,2@2017,15,15@2017,87,36@03,5.71,71,20.3,275,160,71,(CML312/CML442)//CKDHL153415,CKDHL153415,(CML312/CML442),2017
3@2017,Kiboko2017,Optimal,2,2@2017,11,11@2017,61,36@03,6.46,59,14.9,241,116,59,(CML312/CML442)//CKDHL153415,CKDHL153415,(CML312/CML442),2017
3@2017,Kiboko2017,Optimal,1,1@2017,7,7@2017,38,36@03,5.98,57,14.2,254.5,124.5,57,(CML312/CML442)//CKDHL153415,CKDHL153415,(CML312/CML442),2017
3@2017,Kakamega2017,Optimal,1,1@2017,3,3@2017,17,36@03,5.93,76,22,269.5,140,74,(CML312/CML442)//CKDHL153415,CKDHL153415,(CML312/CML442),2017
3@2017,Kiboko2017,Optimal,1,1@2017,5,5@2017,30,37@03,5.14,59,15.5,240.5,121,59,(CML312/CML442)//CKDHL153416,CKDHL153416,(CML312/CML442),2017
3@2017,Kakamega2017,Optimal,2,2@2017,13,13@2017,77,37@03,6.34,72,17.1,271,153,72,(CML312/CML442)//CKDHL153416,CKDHL153416,(CML312/CML442),2017
3@2017,Kiboko2017,Optimal,2,2@2017,9,9@2017,49,37@03,5.58,57,12.9,226,107,56,(CML312/CML442)//CKDHL153416,CKDHL153416,(CML312/CML442),2017
3@2017,Kakamega2017,Optimal,1,1@2017,2,2@2017,8,37@03,8.15,75,22,281.5,148,74,(CML312/CML442)//CKDHL153416,CKDHL153416,(CML312/CML442),2017
3@2017,Kiboko2017,Optimal,1,1@2017,5,5@2017,25,38@03,6.2,60,15,265,147.5,61,(CML312/CML442)//CKDHL153417,CKDHL153417,(CML312/CML442),2017
3@2017,Kakamega2017,Optimal,2,2@2017,10,10@2017,56,38@03,10.46,76,21.3,264.5,161.5,76,(CML312/CML442)//CKDHL153417,CKDHL153417,(CML312/CML442),2017
3@2017,Kakamega2017,Optimal,1,1@2017,7,7@2017,40,38@03,8.38,74,19.6,276.5,132.5,73,(CML312/CML442)//CKDHL153417,CKDHL153417,(CML312/CML442),2017
3@2017,Kiboko2017,Optimal,2,2@2017,11,11@2017,65,38@03,6.4,59,13.8,264,135.5,59,(CML312/CML442)//CKDHL153417,CKDHL153417,(CML312/CML442),2017
3@2017,Kakamega2017,Optimal,2,2@2017,13,13@2017,75,39@03,6.18,71,18.4,283,151.5,72,(CML312/CML442)//CKDHL153420,CKDHL153420,(CML312/CML442),2017
3@2017,Kiboko2017,Optimal,2,2@2017,14,14@2017,84,39@03,6.14,58,15.1,267,130,57,(CML312/CML442)//CKDHL153420,CKDHL153420,(CML312/CML442),2017
3@2017,Kiboko2017,Optimal,1,1@2017,4,4@2017,21,39@03,5.33,58,12.8,250.5,125.5,59,(CML312/CML442)//CKDHL153420,CKDHL153420,(CML312/CML442),2017
3@2017,Kakamega2017,Optimal,1,1@2017,5,5@2017,27,39@03,5.38,75,20.6,285.5,173,76,(CML312/CML442)//CKDHL153420,CKDHL153420,(CML312/CML442),2017
3@2017,Kiboko2017,Optimal,1,1@2017,5,5@2017,29,40@03,6.53,58,15.8,259.5,135,57,(CML312/CML442)//CKDHL153421,CKDHL153421,(CML312/CML442),2017
3@2017,Kakamega2017,Optimal,2,2@2017,9,9@2017,53,40@03,8.75,72,21.1,267,149.5,71,(CML312/CML442)//CKDHL153421,CKDHL153421,(CML312/CML442),2017
3@2017,Kakamega2017,Optimal,1,1@2017,7,7@2017,38,40@03,7.22,72,20.3,277.5,145,73,(CML312/CML442)//CKDHL153421,CKDHL153421,(CML312/CML442),2017
3@2017,Kiboko2017,Optimal,2,2@2017,9,9@2017,52,40@03,4.64,59,14,264.5,134,59,(CML312/CML442)//CKDHL153421,CKDHL153421,(CML312/CML442),2017
3@2017,Kiboko2017,Optimal,1,1@2017,7,7@2017,42,41@03,3.82,59,14.2,250.5,135.5,59,(CML312/CML442)//CKDHL153424,CKDHL153424,(CML312/CML442),2017
3@2017,Kakamega2017,Optimal,2,2@2017,13,13@2017,74,41@03,5.85,73,18.9,271,153,73,(CML312/CML442)//CKDHL153424,CKDHL153424,(CML312/CML442),2017
3@2017,Kiboko2017,Optimal,2,2@2017,16,16@2017,93,41@03,4.29,59,14.3,252,123,61,(CML312/CML442)//CKDHL153424,CKDHL153424,(CML312/CML442),2017
3@2017,Kakamega2017,Optimal,1,1@2017,6,6@2017,34,41@03,8.7,73,21.7,278.5,144,73,(CML312/CML442)//CKDHL153424,CKDHL153424,(CML312/CML442),2017
3@2017,Kiboko2017,Optimal,1,1@2017,8,8@2017,43,42@03,6.14,59,13.1,275,149,59,(CML312/CML442)//CKDHL153426,CKDHL153426,(CML312/CML442),2017
3@2017,Kakamega2017,Optimal,1,1@2017,1,1@2017,4,42@03,6.63,76,20.7,264.5,148,77,(CML312/CML442)//CKDHL153426,CKDHL153426,(CML312/CML442),2017
3@2017,Kakamega2017,Optimal,2,2@2017,9,9@2017,52,42@03,5.73,76,20.2,267,155,76,(CML312/CML442)//CKDHL153426,CKDHL153426,(CML312/CML442),2017
3@2017,Kiboko2017,Optimal,2,2@2017,9,9@2017,53,42@03,5.33,59,14.3,269.5,138,59,(CML312/CML442)//CKDHL153426,CKDHL153426,(CML312/CML442),2017
3@2017,Kiboko2017,Optimal,2,2@2017,10,10@2017,59,43@03,6.23,55,12.7,252,110,56,(CML312/CML442)//CKDHL153427,CKDHL153427,(CML312/CML442),2017
3@2017,Kakamega2017,Optimal,1,1@2017,6,6@2017,32,43@03,6.03,75,20.3,264,128.5,76,(CML312/CML442)//CKDHL153427,CKDHL153427,(CML312/CML442),2017
3@2017,Kiboko2017,Optimal,1,1@2017,4,4@2017,23,43@03,5.24,58,12.5,246.5,120,58,(CML312/CML442)//CKDHL153427,CKDHL153427,(CML312/CML442),2017
3@2017,Kakamega2017,Optimal,2,2@2017,14,14@2017,80,43@03,6.29,71,18.6,275,138.5,71,(CML312/CML442)//CKDHL153427,CKDHL153427,(CML312/CML442),2017
3@2017,Kiboko2017,Optimal,1,1@2017,4,4@2017,19,44@03,6.92,58,14.7,237.5,124,57,(CML312/CML442)//CKDHL153430,CKDHL153430,(CML312/CML442),2017
3@2017,Kiboko2017,Optimal,2,2@2017,12,12@2017,67,44@03,5.18,59,15.3,242,113.5,59,(CML312/CML442)//CKDHL153430,CKDHL153430,(CML312/CML442),2017
3@2017,Kakamega2017,Optimal,1,1@2017,7,7@2017,39,44@03,4.28,71,20.6,275,148.5,72,(CML312/CML442)//CKDHL153430,CKDHL153430,(CML312/CML442),2017
3@2017,Kakamega2017,Optimal,2,2@2017,14,14@2017,84,44@03,3.82,71,18.6,280.5,161,72,(CML312/CML442)//CKDHL153430,CKDHL153430,(CML312/CML442),2017
3@2017,Kiboko2017,Optimal,2,2@2017,12,12@2017,71,45@03,4.23,60,13.7,260.5,149,63,H517,H517,,2017
3@2017,Kakamega2017,Optimal,1,1@2017,1,1@2017,6,45@03,8.61,80,22.5,273,150.5,80,H517,H517,,2017
3@2017,Kakamega2017,Optimal,2,2@2017,16,16@2017,96,45@03,8.95,74,19.5,274,154.5,76,H517,H517,,2017
3@2017,Kiboko2017,Optimal,1,1@2017,1,1@2017,5,45@03,6.3,62,14,287.5,171,63,H517,H517,,2017
3@2017,Kiboko2017,Optimal,2,2@2017,16,16@2017,96,46@03,4.11,55,12.8,266.5,110,58,Pioneer 30G19,Pioneer 30G19,,2017
3@2017,Kiboko2017,Optimal,1,1@2017,7,7@2017,40,46@03,3.74,56,13.3,280,138.5,59,Pioneer 30G19,Pioneer 30G19,,2017
3@2017,Kakamega2017,Optimal,2,2@2017,16,16@2017,94,46@03,13.26,70,21.6,274,146.5,71,Pioneer 30G19,Pioneer 30G19,,2017
3@2017,Kakamega2017,Optimal,1,1@2017,8,8@2017,46,46@03,12.04,70,19.1,268,152.5,74,Pioneer 30G19,Pioneer 30G19,,2017
3@2017,Kiboko2017,Optimal,1,1@2017,5,5@2017,27,47@03,6.62,59,14.2,267.5,145.5,59,WH505,WH505,,2017
3@2017,Kiboko2017,Optimal,2,2@2017,9,9@2017,50,47@03,5.1,60,13.3,270.5,139,61,WH505,WH505,,2017
3@2017,Kakamega2017,Optimal,2,2@2017,16,16@2017,92,47@03,9.62,76,19.4,285,162,74,WH505,WH505,,2017
3@2017,Kakamega2017,Optimal,1,1@2017,6,6@2017,31,47@03,11.32,74,21.8,297,154,75,WH505,WH505,,2017
3@2017,Kiboko2017,Optimal,1,1@2017,3,3@2017,16,48@03,3.03,57,10.9,244,121.5,61,DK 8031,DK 8031,,2017
3@2017,Kakamega2017,Optimal,1,1@2017,5,5@2017,26,48@03,4.12,69,18.5,290,166.5,70,DK 8031,DK 8031,,2017
3@2017,Kakamega2017,Optimal,2,2@2017,15,15@2017,90,48@03,4.51,70,17.5,268,128.5,74,DK 8031,DK 8031,,2017
3@2017,Kiboko2017,Optimal,2,2@2017,14,14@2017,79,48@03,5.11,55,12.3,257.5,139.5,57,DK 8031,DK 8031,,2017
4@2017,Kakamega2017,Optimal,2,2@2017,13,13@2017,77,1@04,7.05,74,20.1,249.5,129.5,72,(CML312/CML442)//CKDHL153432,CKDHL153432,(CML312/CML442),2017
4@2017,Kakamega2017,Optimal,1,1@2017,8,8@2017,48,1@04,5.55,73,21.1,269.5,150.5,73,(CML312/CML442)//CKDHL153432,CKDHL153432,(CML312/CML442),2017
4@2017,Kiboko2017,Optimal,2,2@2017,11,11@2017,65,1@04,6.89,56,13.2,271.5,142.5,56,(CML312/CML442)//CKDHL153432,CKDHL153432,(CML312/CML442),2017
4@2017,Kiboko2017,Optimal,1,1@2017,7,7@2017,39,1@04,6.75,57,13.6,266.5,141.5,57,(CML312/CML442)//CKDHL153432,CKDHL153432,(CML312/CML442),2017
4@2017,Kiboko2017,Optimal,2,2@2017,13,13@2017,76,2@04,7.26,58,14.9,251,137.5,57,(CML312/CML442)//CKDHL153434,CKDHL153434,(CML312/CML442),2017
4@2017,Kiboko2017,Optimal,1,1@2017,3,3@2017,16,2@04,6.06,56,13.7,238,130,57,(CML312/CML442)//CKDHL153434,CKDHL153434,(CML312/CML442),2017
4@2017,Kakamega2017,Optimal,2,2@2017,15,15@2017,85,2@04,7.6,75,20.2,251,132,75,(CML312/CML442)//CKDHL153434,CKDHL153434,(CML312/CML442),2017
4@2017,Kakamega2017,Optimal,1,1@2017,1,1@2017,6,2@04,8.04,74,19,262,151.5,74,(CML312/CML442)//CKDHL153434,CKDHL153434,(CML312/CML442),2017
4@2017,Kakamega2017,Optimal,1,1@2017,7,7@2017,40,3@04,3.77,81,17.4,243,141,75,(CML312/CML442)//CKDHL153435,CKDHL153435,(CML312/CML442),2017
4@2017,Kakamega2017,Optimal,2,2@2017,13,13@2017,74,3@04,4.07,75,16.9,236.5,136,75,(CML312/CML442)//CKDHL153435,CKDHL153435,(CML312/CML442),2017
4@2017,Kiboko2017,Optimal,2,2@2017,12,12@2017,71,3@04,8.14,56,15.4,254,125.5,57,(CML312/CML442)//CKDHL153435,CKDHL153435,(CML312/CML442),2017
4@2017,Kiboko2017,Optimal,1,1@2017,6,6@2017,36,3@04,6.23,55,12.5,254,128.5,57,(CML312/CML442)//CKDHL153435,CKDHL153435,(CML312/CML442),2017
4@2017,Kiboko2017,Optimal,2,2@2017,9,9@2017,52,4@04,7.26,56,13.6,253.5,128,56,(CML312/CML442)//CKDHL153436,CKDHL153436,(CML312/CML442),2017
4@2017,Kiboko2017,Optimal,1,1@2017,1,1@2017,1,4@04,4.96,56,16.5,240.5,124,56,(CML312/CML442)//CKDHL153436,CKDHL153436,(CML312/CML442),2017
4@2017,Kakamega2017,Optimal,2,2@2017,14,14@2017,84,4@04,6.22,78,19.5,251.5,127.5,73,(CML312/CML442)//CKDHL153436,CKDHL153436,(CML312/CML442),2017
4@2017,Kakamega2017,Optimal,1,1@2017,4,4@2017,19,4@04,5.52,74,19.7,255,132.5,73,(CML312/CML442)//CKDHL153436,CKDHL153436,(CML312/CML442),2017
4@2017,Kiboko2017,Optimal,1,1@2017,8,8@2017,47,5@04,6.53,56,12.8,274,137.5,55,(CML312/CML442)//CKDHL153441,CKDHL153441,(CML312/CML442),2017
4@2017,Kakamega2017,Optimal,2,2@2017,13,13@2017,73,5@04,4.89,77,20.2,252.5,137.5,75,(CML312/CML442)//CKDHL153441,CKDHL153441,(CML312/CML442),2017
4@2017,Kakamega2017,Optimal,1,1@2017,4,4@2017,21,5@04,4.88,73,23,262.5,144,72,(CML312/CML442)//CKDHL153441,CKDHL153441,(CML312/CML442),2017
4@2017,Kiboko2017,Optimal,2,2@2017,11,11@2017,66,5@04,7.07,56,13.5,279,144,56,(CML312/CML442)//CKDHL153441,CKDHL153441,(CML312/CML442),2017
4@2017,Kiboko2017,Optimal,2,2@2017,16,16@2017,91,6@04,8.83,56,14.6,258,133.5,56,(CML312/CML442)//CKDHL153442,CKDHL153442,(CML312/CML442),2017
4@2017,Kakamega2017,Optimal,2,2@2017,11,11@2017,61,6@04,4.82,75,20.1,235,123.5,77,(CML312/CML442)//CKDHL153442,CKDHL153442,(CML312/CML442),2017
4@2017,Kiboko2017,Optimal,1,1@2017,8,8@2017,43,6@04,6.38,58,12.1,271.5,144.5,57,(CML312/CML442)//CKDHL153442,CKDHL153442,(CML312/CML442),2017
4@2017,Kakamega2017,Optimal,1,1@2017,3,3@2017,13,6@04,5.33,74,23.1,255,135,73,(CML312/CML442)//CKDHL153442,CKDHL153442,(CML312/CML442),2017
4@2017,Kakamega2017,Optimal,1,1@2017,1,1@2017,1,7@04,9.22,73,20,274,157.8,73,(CML312/CML442)//CKDHL153444,CKDHL153444,(CML312/CML442),2017
4@2017,Kiboko2017,Optimal,1,1@2017,5,5@2017,26,7@04,8.08,55,15.4,264,144.5,55,(CML312/CML442)//CKDHL153444,CKDHL153444,(CML312/CML442),2017
4@2017,Kakamega2017,Optimal,2,2@2017,10,10@2017,58,7@04,5.36,75,18.7,254,139.5,72,(CML312/CML442)//CKDHL153444,CKDHL153444,(CML312/CML442),2017
4@2017,Kiboko2017,Optimal,2,2@2017,13,13@2017,77,7@04,8.45,55,16.7,267.5,141,55,(CML312/CML442)//CKDHL153444,CKDHL153444,(CML312/CML442),2017
4@2017,Kakamega2017,Optimal,2,2@2017,15,15@2017,89,8@04,5.44,80,20.6,246.5,122,76,(CML312/CML442)//CKDHL153445,CKDHL153445,(CML312/CML442),2017
4@2017,Kakamega2017,Optimal,1,1@2017,3,3@2017,16,8@04,5.78,75,21.5,248,125.5,78,(CML312/CML442)//CKDHL153445,CKDHL153445,(CML312/CML442),2017
4@2017,Kiboko2017,Optimal,1,1@2017,7,7@2017,41,8@04,5.51,57,1.3,259.5,137,61,(CML312/CML442)//CKDHL153445,CKDHL153445,(CML312/CML442),2017
4@2017,Kiboko2017,Optimal,2,2@2017,10,10@2017,58,8@04,5.88,58,15.1,250,130,58,(CML312/CML442)//CKDHL153445,CKDHL153445,(CML312/CML442),2017
4@2017,Kiboko2017,Optimal,2,2@2017,10,10@2017,56,9@04,7.04,58,14.6,250.5,133,58,(CML312/CML442)//CKDHL153450,CKDHL153450,(CML312/CML442),2017
4@2017,Kakamega2017,Optimal,2,2@2017,10,10@2017,60,9@04,3.55,75,21.4,217,113.5,78,(CML312/CML442)//CKDHL153450,CKDHL153450,(CML312/CML442),2017
4@2017,Kakamega2017,Optimal,1,1@2017,7,7@2017,37,9@04,2.83,79,26.5,237.5,125,79,(CML312/CML442)//CKDHL153450,CKDHL153450,(CML312/CML442),2017
4@2017,Kiboko2017,Optimal,1,1@2017,5,5@2017,30,9@04,7.68,57,14.6,259,128.5,57,(CML312/CML442)//CKDHL153450,CKDHL153450,(CML312/CML442),2017
4@2017,Kakamega2017,Optimal,2,2@2017,14,14@2017,80,10@04,5.65,79,19.4,257.5,139.5,78,(CML312/CML442)//CKDHL153454,CKDHL153454,(CML312/CML442),2017
4@2017,Kiboko2017,Optimal,2,2@2017,9,9@2017,54,10@04,7.78,58,15.3,266,158.5,57,(CML312/CML442)//CKDHL153454,CKDHL153454,(CML312/CML442),2017
4@2017,Kakamega2017,Optimal,1,1@2017,2,2@2017,8,10@04,5.45,78,19.8,256.5,161.5,77,(CML312/CML442)//CKDHL153454,CKDHL153454,(CML312/CML442),2017
4@2017,Kiboko2017,Optimal,1,1@2017,7,7@2017,40,10@04,7.31,57,13.3,261,150,57,(CML312/CML442)//CKDHL153454,CKDHL153454,(CML312/CML442),2017
4@2017,Kakamega2017,Optimal,1,1@2017,6,6@2017,35,11@04,4.42,79,16.8,249,139,75,(CML312/CML442)//CKDHL153455,CKDHL153455,(CML312/CML442),2017
4@2017,Kiboko2017,Optimal,2,2@2017,13,13@2017,75,11@04,7.05,56,15.8,268.5,140.5,55,(CML312/CML442)//CKDHL153455,CKDHL153455,(CML312/CML442),2017
4@2017,Kiboko2017,Optimal,1,1@2017,5,5@2017,25,11@04,7.76,57,12.8,268,139.5,58,(CML312/CML442)//CKDHL153455,CKDHL153455,(CML312/CML442),2017
4@2017,Kakamega2017,Optimal,2,2@2017,16,16@2017,93,11@04,5.53,79,16.8,249.5,136.5,78,(CML312/CML442)//CKDHL153455,CKDHL153455,(CML312/CML442),2017
4@2017,Kakamega2017,Optimal,1,1@2017,7,7@2017,39,12@04,7.66,77,26.5,247.5,139,77,(CML312/CML442)//CKDHL153456,CKDHL153456,(CML312/CML442),2017
4@2017,Kakamega2017,Optimal,2,2@2017,12,12@2017,70,12@04,7.3,76,18.3,232,120,76,(CML312/CML442)//CKDHL153456,CKDHL153456,(CML312/CML442),2017
4@2017,Kiboko2017,Optimal,2,2@2017,10,10@2017,59,12@04,6.81,57,13.6,248.5,129,56,(CML312/CML442)//CKDHL153456,CKDHL153456,(CML312/CML442),2017
4@2017,Kiboko2017,Optimal,1,1@2017,8,8@2017,48,12@04,5.34,57,14.8,262,141,56,(CML312/CML442)//CKDHL153456,CKDHL153456,(CML312/CML442),2017
4@2017,Kakamega2017,Optimal,2,2@2017,14,14@2017,79,13@04,4.62,80,20.7,221.5,118,80,(CML312/CML442)//CKDHL153457,CKDHL153457,(CML312/CML442),2017
4@2017,Kiboko2017,Optimal,1,1@2017,3,3@2017,15,13@04,5.04,57,12.2,229.5,136.5,58,(CML312/CML442)//CKDHL153457,CKDHL153457,(CML312/CML442),2017
4@2017,Kiboko2017,Optimal,2,2@2017,10,10@2017,55,13@04,6.18,58,13.2,266.5,151,57,(CML312/CML442)//CKDHL153457,CKDHL153457,(CML312/CML442),2017
4@2017,Kakamega2017,Optimal,1,1@2017,5,5@2017,28,13@04,7.09,74,22.2,246,145,72,(CML312/CML442)//CKDHL153457,CKDHL153457,(CML312/CML442),2017
4@2017,Kakamega2017,Optimal,2,2@2017,14,14@2017,83,14@04,5.78,76,20.7,234.5,118,75,(CML312/CML442)//CKDHL153458,CKDHL153458,(CML312/CML442),2017
4@2017,Kakamega2017,Optimal,1,1@2017,3,3@2017,14,14@04,4.64,74,19,249,129,78,(CML312/CML442)//CKDHL153458,CKDHL153458,(CML312/CML442),2017
4@2017,Kiboko2017,Optimal,1,1@2017,2,2@2017,12,14@04,6.1,55,13.5,237.5,112.5,55,(CML312/CML442)//CKDHL153458,CKDHL153458,(CML312/CML442),2017
4@2017,Kiboko2017,Optimal,2,2@2017,16,16@2017,94,14@04,7.21,55,13.2,249,124.5,54,(CML312/CML442)//CKDHL153458,CKDHL153458,(CML312/CML442),2017
4@2017,Kakamega2017,Optimal,1,1@2017,3,3@2017,15,15@04,7.88,75,21.9,243.5,136.5,75,(CML312/CML442)//CKDHL153459,CKDHL153459,(CML312/CML442),2017
4@2017,Kiboko2017,Optimal,1,1@2017,8,8@2017,46,15@04,6.4,57,14.1,263,139.5,57,(CML312/CML442)//CKDHL153459,CKDHL153459,(CML312/CML442),2017
4@2017,Kakamega2017,Optimal,2,2@2017,10,10@2017,59,15@04,8.04,74,20.7,241.5,126,73,(CML312/CML442)//CKDHL153459,CKDHL153459,(CML312/CML442),2017
4@2017,Kiboko2017,Optimal,2,2@2017,11,11@2017,61,15@04,8.31,56,14.2,258,142,55,(CML312/CML442)//CKDHL153459,CKDHL153459,(CML312/CML442),2017
4@2017,Kakamega2017,Optimal,2,2@2017,15,15@2017,90,16@04,6.55,75,18.7,242,135,75,(CML312/CML442)//CKDHL153462,CKDHL153462,(CML312/CML442),2017
4@2017,Kiboko2017,Optimal,1,1@2017,1,1@2017,3,16@04,5.44,57,13.2,249.5,120.5,56,(CML312/CML442)//CKDHL153462,CKDHL153462,(CML312/CML442),2017
4@2017,Kiboko2017,Optimal,2,2@2017,12,12@2017,72,16@04,8.38,57,14,243,127,57,(CML312/CML442)//CKDHL153462,CKDHL153462,(CML312/CML442),2017
4@2017,Kakamega2017,Optimal,1,1@2017,8,8@2017,44,16@04,8.14,74,17.6,229.5,118,73,(CML312/CML442)//CKDHL153462,CKDHL153462,(CML312/CML442),2017
4@2017,Kiboko2017,Optimal,1,1@2017,1,1@2017,5,17@04,5.8,58,15.8,263.5,150,58,(CML312/CML442)//CKDHL153463,CKDHL153463,(CML312/CML442),2017
4@2017,Kakamega2017,Optimal,1,1@2017,2,2@2017,11,17@04,7.14,78,19.6,256,149.5,77,(CML312/CML442)//CKDHL153463,CKDHL153463,(CML312/CML442),2017
4@2017,Kakamega2017,Optimal,2,2@2017,14,14@2017,81,17@04,6.43,78,21,254.5,147.5,76,(CML312/CML442)//CKDHL153463,CKDHL153463,(CML312/CML442),2017
4@2017,Kiboko2017,Optimal,2,2@2017,13,13@2017,73,17@04,7.45,58,14.7,264.5,139.5,57,(CML312/CML442)//CKDHL153463,CKDHL153463,(CML312/CML442),2017
4@2017,Kakamega2017,Optimal,2,2@2017,9,9@2017,53,18@04,5.84,75,17.2,246.5,131,74,(CML312/CML442)//CKDHL153464,CKDHL153464,(CML312/CML442),2017
4@2017,Kiboko2017,Optimal,1,1@2017,7,7@2017,38,18@04,7.23,57,12.9,251.5,136.5,57,(CML312/CML442)//CKDHL153464,CKDHL153464,(CML312/CML442),2017
4@2017,Kakamega2017,Optimal,1,1@2017,4,4@2017,22,18@04,5.42,74,18.8,244.5,135.5,72,(CML312/CML442)//CKDHL153464,CKDHL153464,(CML312/CML442),2017
4@2017,Kiboko2017,Optimal,2,2@2017,16,16@2017,92,18@04,7.84,57,15,254,129,56,(CML312/CML442)//CKDHL153464,CKDHL153464,(CML312/CML442),2017
4@2017,Kakamega2017,Optimal,2,2@2017,13,13@2017,75,19@04,3.79,70,27.3,225.5,118.5,72,(CML312/CML442)//CKDHL153465,CKDHL153465,(CML312/CML442),2017
4@2017,Kiboko2017,Optimal,1,1@2017,7,7@2017,37,19@04,4.96,55,13.7,255.5,132,57,(CML312/CML442)//CKDHL153465,CKDHL153465,(CML312/CML442),2017
4@2017,Kakamega2017,Optimal,1,1@2017,2,2@2017,7,19@04,.,74,27.3,.,.,75,(CML312/CML442)//CKDHL153465,CKDHL153465,(CML312/CML442),2017
4@2017,Kiboko2017,Optimal,2,2@2017,9,9@2017,50,19@04,5.15,53,13.8,253,122,56,(CML312/CML442)//CKDHL153465,CKDHL153465,(CML312/CML442),2017
4@2017,Kakamega2017,Optimal,1,1@2017,5,5@2017,25,20@04,5.36,76,22,250,145,76,(CML312/CML442)//CKDHL153467,CKDHL153467,(CML312/CML442),2017
4@2017,Kiboko2017,Optimal,1,1@2017,5,5@2017,28,20@04,7.09,57,13.3,265,145.5,57,(CML312/CML442)//CKDHL153467,CKDHL153467,(CML312/CML442),2017
4@2017,Kiboko2017,Optimal,2,2@2017,14,14@2017,79,20@04,7.92,58,13.8,267,145.5,58,(CML312/CML442)//CKDHL153467,CKDHL153467,(CML312/CML442),2017
4@2017,Kakamega2017,Optimal,2,2@2017,14,14@2017,82,20@04,5.26,79,21.5,245.5,141.5,79,(CML312/CML442)//CKDHL153467,CKDHL153467,(CML312/CML442),2017
4@2017,Kakamega2017,Optimal,1,1@2017,4,4@2017,23,21@04,5.7,75,20.1,254.5,134.5,74,(CML312/CML442)//CKDHL153470,CKDHL153470,(CML312/CML442),2017
4@2017,Kiboko2017,Optimal,1,1@2017,6,6@2017,34,21@04,6.22,57,13.5,249,129.5,58,(CML312/CML442)//CKDHL153470,CKDHL153470,(CML312/CML442),2017
4@2017,Kakamega2017,Optimal,2,2@2017,16,16@2017,92,21@04,3.36,79,19.1,223,125.5,79,(CML312/CML442)//CKDHL153470,CKDHL153470,(CML312/CML442),2017
4@2017,Kiboko2017,Optimal,2,2@2017,16,16@2017,93,21@04,10.5,58,14.7,260,143.5,57,(CML312/CML442)//CKDHL153470,CKDHL153470,(CML312/CML442),2017
4@2017,Kakamega2017,Optimal,2,2@2017,11,11@2017,62,22@04,4.25,71,18.8,234,114,73,(CML312/CML442)//CKDHL153473,CKDHL153473,(CML312/CML442),2017
4@2017,Kiboko2017,Optimal,1,1@2017,2,2@2017,9,22@04,3.94,56,13.1,250,130.5,60,(CML312/CML442)//CKDHL153473,CKDHL153473,(CML312/CML442),2017
4@2017,Kakamega2017,Optimal,1,1@2017,5,5@2017,27,22@04,3.26,75,22.9,250,135,78,(CML312/CML442)//CKDHL153473,CKDHL153473,(CML312/CML442),2017
4@2017,Kiboko2017,Optimal,2,2@2017,13,13@2017,78,22@04,4.5,54,12.7,259,131.5,57,(CML312/CML442)//CKDHL153473,CKDHL153473,(CML312/CML442),2017
4@2017,Kakamega2017,Optimal,1,1@2017,1,1@2017,4,23@04,.,75,20.6,.,.,75,(CML312/CML442)//CKDHL153474,CKDHL153474,(CML312/CML442),2017
4@2017,Kakamega2017,Optimal,2,2@2017,10,10@2017,55,23@04,6.85,75,20.6,237.5,134,77,(CML312/CML442)//CKDHL153474,CKDHL153474,(CML312/CML442),2017
4@2017,Kiboko2017,Optimal,1,1@2017,1,1@2017,2,23@04,6.31,59,12.6,259,145,60,(CML312/CML442)//CKDHL153474,CKDHL153474,(CML312/CML442),2017
4@2017,Kiboko2017,Optimal,2,2@2017,14,14@2017,80,23@04,7.49,57,12.9,261.5,148,58,(CML312/CML442)//CKDHL153474,CKDHL153474,(CML312/CML442),2017
4@2017,Kiboko2017,Optimal,2,2@2017,12,12@2017,70,24@04,6.82,54,12.3,251.5,121.5,55,(CML312/CML442)//CKDHL153477,CKDHL153477,(CML312/CML442),2017
4@2017,Kakamega2017,Optimal,2,2@2017,15,15@2017,88,24@04,3.03,75,27.5,238.5,130.5,75,(CML312/CML442)//CKDHL153477,CKDHL153477,(CML312/CML442),2017
4@2017,Kiboko2017,Optimal,1,1@2017,2,2@2017,7,24@04,3.99,55,13.8,251,124.5,57,(CML312/CML442)//CKDHL153477,CKDHL153477,(CML312/CML442),2017
4@2017,Kakamega2017,Optimal,1,1@2017,1,1@2017,3,24@04,.,69,27.5,.,.,73,(CML312/CML442)//CKDHL153477,CKDHL153477,(CML312/CML442),2017
4@2017,Kiboko2017,Optimal,1,1@2017,2,2@2017,11,25@04,5.64,56,13.6,226.5,106,57,(CML312/CML442)//CKDHL153484,CKDHL153484,(CML312/CML442),2017
4@2017,Kiboko2017,Optimal,2,2@2017,15,15@2017,90,25@04,7.39,56,14.1,251,113.5,56,(CML312/CML442)//CKDHL153484,CKDHL153484,(CML312/CML442),2017
4@2017,Kakamega2017,Optimal,1,1@2017,4,4@2017,20,25@04,5.58,73,17,250,131.5,71,(CML312/CML442)//CKDHL153484,CKDHL153484,(CML312/CML442),2017
4@2017,Kakamega2017,Optimal,2,2@2017,15,15@2017,86,25@04,3.91,75,19.8,227,119,74,(CML312/CML442)//CKDHL153484,CKDHL153484,(CML312/CML442),2017
4@2017,Kakamega2017,Optimal,1,1@2017,2,2@2017,10,26@04,7.11,78,19.2,264,156.5,77,(CML312/CML442)//CKDHL153487,CKDHL153487,(CML312/CML442),2017
4@2017,Kakamega2017,Optimal,2,2@2017,13,13@2017,78,26@04,4.13,78,20.8,258.5,138,78,(CML312/CML442)//CKDHL153487,CKDHL153487,(CML312/CML442),2017
4@2017,Kiboko2017,Optimal,2,2@2017,11,11@2017,64,26@04,9.3,58,14.1,275.5,151,60,(CML312/CML442)//CKDHL153487,CKDHL153487,(CML312/CML442),2017
4@2017,Kiboko2017,Optimal,1,1@2017,7,7@2017,42,26@04,7.41,58,12.1,280.5,158,58,(CML312/CML442)//CKDHL153487,CKDHL153487,(CML312/CML442),2017
4@2017,Kakamega2017,Optimal,1,1@2017,1,1@2017,5,27@04,5.89,73,19.5,248.5,128.5,74,(CML312/CML442)//CKDHL153488,CKDHL153488,(CML312/CML442),2017
4@2017,Kiboko2017,Optimal,1,1@2017,3,3@2017,13,27@04,5.96,58,13.5,245.5,126.5,57,(CML312/CML442)//CKDHL153488,CKDHL153488,(CML312/CML442),2017
4@2017,Kiboko2017,Optimal,2,2@2017,14,14@2017,84,27@04,6.41,58,16.2,248,122.5,57,(CML312/CML442)//CKDHL153488,CKDHL153488,(CML312/CML442),2017
4@2017,Kakamega2017,Optimal,2,2@2017,16,16@2017,95,27@04,7.52,75,18.2,235.5,118,75,(CML312/CML442)//CKDHL153488,CKDHL153488,(CML312/CML442),2017
4@2017,Kakamega2017,Optimal,2,2@2017,11,11@2017,65,28@04,5.81,75,22,221.5,115,75,(CML312/CML442)//CKDHL153495,CKDHL153495,(CML312/CML442),2017
4@2017,Kiboko2017,Optimal,1,1@2017,4,4@2017,20,28@04,6.23,55,14.1,240.5,122.5,55,(CML312/CML442)//CKDHL153495,CKDHL153495,(CML312/CML442),2017
4@2017,Kiboko2017,Optimal,2,2@2017,16,16@2017,96,28@04,9.59,55,15.1,249.5,118,54,(CML312/CML442)//CKDHL153495,CKDHL153495,(CML312/CML442),2017
4@2017,Kakamega2017,Optimal,1,1@2017,8,8@2017,45,28@04,7.26,71,21,227,108.5,71,(CML312/CML442)//CKDHL153495,CKDHL153495,(CML312/CML442),2017
4@2017,Kakamega2017,Optimal,1,1@2017,3,3@2017,18,29@04,6.67,72,21.5,263,136.5,71,(CML312/CML442)//CKDHL153499,CKDHL153499,(CML312/CML442),2017
4@2017,Kakamega2017,Optimal,2,2@2017,13,13@2017,76,29@04,9.25,75,19.7,241,130,73,(CML312/CML442)//CKDHL153499,CKDHL153499,(CML312/CML442),2017
4@2017,Kiboko2017,Optimal,1,1@2017,3,3@2017,17,29@04,5.45,55,13.5,225,118,55,(CML312/CML442)//CKDHL153499,CKDHL153499,(CML312/CML442),2017
4@2017,Kiboko2017,Optimal,2,2@2017,9,9@2017,53,29@04,7.53,56,13.4,269.5,134,56,(CML312/CML442)//CKDHL153499,CKDHL153499,(CML312/CML442),2017
4@2017,Kiboko2017,Optimal,2,2@2017,15,15@2017,89,30@04,8.64,57,13.7,259.5,127,56,(CML312/CML442)//CKDHL153503,CKDHL153503,(CML312/CML442),2017
4@2017,Kakamega2017,Optimal,1,1@2017,6,6@2017,32,30@04,7.11,74,19.7,254.5,136.5,72,(CML312/CML442)//CKDHL153503,CKDHL153503,(CML312/CML442),2017
4@2017,Kiboko2017,Optimal,1,1@2017,4,4@2017,19,30@04,6.01,55,14.9,253.5,122,55,(CML312/CML442)//CKDHL153503,CKDHL153503,(CML312/CML442),2017
4@2017,Kakamega2017,Optimal,2,2@2017,12,12@2017,69,30@04,3.7,79,20,240,114.5,79,(CML312/CML442)//CKDHL153503,CKDHL153503,(CML312/CML442),2017
4@2017,Kakamega2017,Optimal,1,1@2017,1,1@2017,2,31@04,.,74,24.9,.,.,73,(CML312/CML442)//CKDHL153506,CKDHL153506,(CML312/CML442),2017
4@2017,Kiboko2017,Optimal,1,1@2017,3,3@2017,14,31@04,6.27,58,13.9,255.5,134,58,(CML312/CML442)//CKDHL153506,CKDHL153506,(CML312/CML442),2017
4@2017,Kiboko2017,Optimal,2,2@2017,14,14@2017,83,31@04,7.5,57,14.7,266.5,148.5,57,(CML312/CML442)//CKDHL153506,CKDHL153506,(CML312/CML442),2017
4@2017,Kakamega2017,Optimal,2,2@2017,9,9@2017,50,31@04,4.09,75,24.9,250.5,140.5,73,(CML312/CML442)//CKDHL153506,CKDHL153506,(CML312/CML442),2017
4@2017,Kiboko2017,Optimal,1,1@2017,1,1@2017,6,32@04,7.33,60,14.1,253.5,135.5,59,(CML312/CML442)//CKDHL153508,CKDHL153508,(CML312/CML442),2017
4@2017,Kakamega2017,Optimal,2,2@2017,16,16@2017,96,32@04,6.61,78,19.8,241.5,132,77,(CML312/CML442)//CKDHL153508,CKDHL153508,(CML312/CML442),2017
4@2017,Kakamega2017,Optimal,1,1@2017,4,4@2017,24,32@04,6.57,77,24.9,262.5,155.5,77,(CML312/CML442)//CKDHL153508,CKDHL153508,(CML312/CML442),2017
4@2017,Kiboko2017,Optimal,2,2@2017,10,10@2017,57,32@04,8.9,59,14.5,260.5,141.5,58,(CML312/CML442)//CKDHL153508,CKDHL153508,(CML312/CML442),2017
4@2017,Kakamega2017,Optimal,1,1@2017,6,6@2017,34,33@04,7.92,75,24,243,133,79,(CML312/CML442)//CKDHL153509,CKDHL153509,(CML312/CML442),2017
4@2017,Kiboko2017,Optimal,1,1@2017,2,2@2017,8,33@04,7.27,56,14.5,238,127.5,57,(CML312/CML442)//CKDHL153509,CKDHL153509,(CML312/CML442),2017
4@2017,Kiboko2017,Optimal,2,2@2017,12,12@2017,67,33@04,8.65,56,14.4,265.5,128.5,57,(CML312/CML442)//CKDHL153509,CKDHL153509,(CML312/CML442),2017
4@2017,Kakamega2017,Optimal,2,2@2017,12,12@2017,68,33@04,4.53,78,20.8,242,123,78,(CML312/CML442)//CKDHL153509,CKDHL153509,(CML312/CML442),2017
4@2017,Kiboko2017,Optimal,1,1@2017,5,5@2017,27,34@04,6.76,57,16,279.5,153.5,57,(CML312/CML442)//CKDHL153511,CKDHL153511,(CML312/CML442),2017
4@2017,Kakamega2017,Optimal,2,2@2017,12,12@2017,72,34@04,5.22,78,21.8,263.5,143.5,78,(CML312/CML442)//CKDHL153511,CKDHL153511,(CML312/CML442),2017
4@2017,Kiboko2017,Optimal,2,2@2017,10,10@2017,60,34@04,7.42,58,13.1,282.5,151.5,57,(CML312/CML442)//CKDHL153511,CKDHL153511,(CML312/CML442),2017
4@2017,Kakamega2017,Optimal,1,1@2017,7,7@2017,38,34@04,4.48,75,20.6,260,152,75,(CML312/CML442)//CKDHL153511,CKDHL153511,(CML312/CML442),2017
4@2017,Kiboko2017,Optimal,2,2@2017,11,11@2017,63,35@04,6.83,58,15.4,254,134,58,(CML312/CML442)//CKDHL153512,CKDHL153512,(CML312/CML442),2017
4@2017,Kakamega2017,Optimal,2,2@2017,16,16@2017,94,35@04,6.47,76,19.4,255.5,149.5,75,(CML312/CML442)//CKDHL153512,CKDHL153512,(CML312/CML442),2017
4@2017,Kakamega2017,Optimal,1,1@2017,5,5@2017,30,35@04,7.24,75,22.3,261,149,75,(CML312/CML442)//CKDHL153512,CKDHL153512,(CML312/CML442),2017
4@2017,Kiboko2017,Optimal,1,1@2017,4,4@2017,22,35@04,6.6,58,14.1,236.5,135,57,(CML312/CML442)//CKDHL153512,CKDHL153512,(CML312/CML442),2017
4@2017,Kiboko2017,Optimal,2,2@2017,12,12@2017,68,36@04,7.6,57,14.6,268.5,141,56,(CML312/CML442)//CKDHL153516,CKDHL153516,(CML312/CML442),2017
4@2017,Kiboko2017,Optimal,1,1@2017,5,5@2017,29,36@04,6.6,57,15.2,272,143,56,(CML312/CML442)//CKDHL153516,CKDHL153516,(CML312/CML442),2017
4@2017,Kakamega2017,Optimal,1,1@2017,8,8@2017,46,36@04,6.09,74,19.6,257,145.5,73,(CML312/CML442)//CKDHL153516,CKDHL153516,(CML312/CML442),2017
4@2017,Kakamega2017,Optimal,2,2@2017,10,10@2017,56,36@04,4.75,75,17.3,241.5,138,76,(CML312/CML442)//CKDHL153516,CKDHL153516,(CML312/CML442),2017
4@2017,Kakamega2017,Optimal,1,1@2017,5,5@2017,26,37@04,8.08,74,19.9,243,124.5,74,(CML312/CML442)//CKDHL153517,CKDHL153517,(CML312/CML442),2017
4@2017,Kiboko2017,Optimal,2,2@2017,15,15@2017,86,37@04,6.97,54,15.1,262,132.5,56,(CML312/CML442)//CKDHL153517,CKDHL153517,(CML312/CML442),2017
4@2017,Kiboko2017,Optimal,1,1@2017,1,1@2017,4,37@04,6.86,55,14.4,245,123,55,(CML312/CML442)//CKDHL153517,CKDHL153517,(CML312/CML442),2017
4@2017,Kakamega2017,Optimal,2,2@2017,15,15@2017,87,37@04,5.97,72,21.1,242.5,127,75,(CML312/CML442)//CKDHL153517,CKDHL153517,(CML312/CML442),2017
4@2017,Kiboko2017,Optimal,2,2@2017,11,11@2017,62,38@04,6.57,58,14.5,269,137.5,61,(CML312/CML442)//CKDHL153525,CKDHL153525,(CML312/CML442),2017
4@2017,Kiboko2017,Optimal,1,1@2017,6,6@2017,31,38@04,5.82,58,13.1,273.5,132.3,60,(CML312/CML442)//CKDHL153525,CKDHL153525,(CML312/CML442),2017
4@2017,Kakamega2017,Optimal,1,1@2017,2,2@2017,12,38@04,5.27,78,19.2,261.5,145,78,(CML312/CML442)//CKDHL153525,CKDHL153525,(CML312/CML442),2017
4@2017,Kakamega2017,Optimal,2,2@2017,9,9@2017,49,38@04,4.39,78,20.5,256,139,81,(CML312/CML442)//CKDHL153525,CKDHL153525,(CML312/CML442),2017
4@2017,Kakamega2017,Optimal,1,1@2017,7,7@2017,42,39@04,6.96,73,20.9,258.5,138,73,(CML312/CML442)//CKDHL153526,CKDHL153526,(CML312/CML442),2017
4@2017,Kiboko2017,Optimal,2,2@2017,14,14@2017,81,39@04,8.63,55,15.2,266.5,133,55,(CML312/CML442)//CKDHL153526,CKDHL153526,(CML312/CML442),2017
4@2017,Kiboko2017,Optimal,1,1@2017,4,4@2017,24,39@04,7.68,56,12.4,249,127.5,55,(CML312/CML442)//CKDHL153526,CKDHL153526,(CML312/CML442),2017
4@2017,Kakamega2017,Optimal,2,2@2017,9,9@2017,54,39@04,5.5,73,19.2,254.5,131,72,(CML312/CML442)//CKDHL153526,CKDHL153526,(CML312/CML442),2017
4@2017,Kiboko2017,Optimal,2,2@2017,15,15@2017,87,40@04,8.93,55,14.4,273,135.5,58,(CML312/CML442)//CKDHL153527,CKDHL153527,(CML312/CML442),2017
4@2017,Kiboko2017,Optimal,1,1@2017,2,2@2017,10,40@04,7.09,58,14.9,260.5,132.5,59,(CML312/CML442)//CKDHL153527,CKDHL153527,(CML312/CML442),2017
4@2017,Kakamega2017,Optimal,1,1@2017,8,8@2017,47,40@04,9.52,71,17.2,255.5,137.5,74,(CML312/CML442)//CKDHL153527,CKDHL153527,(CML312/CML442),2017
4@2017,Kakamega2017,Optimal,2,2@2017,10,10@2017,57,40@04,7.83,74,16.4,266.5,136.5,75,(CML312/CML442)//CKDHL153527,CKDHL153527,(CML312/CML442),2017
4@2017,Kiboko2017,Optimal,1,1@2017,4,4@2017,23,41@04,5.84,55,11.9,236,115,55,(CML312/CML442)//CKDHL153530,CKDHL153530,(CML312/CML442),2017
4@2017,Kakamega2017,Optimal,2,2@2017,11,11@2017,64,41@04,5.72,70,18.4,230,115.5,71,(CML312/CML442)//CKDHL153530,CKDHL153530,(CML312/CML442),2017
4@2017,Kakamega2017,Optimal,1,1@2017,7,7@2017,41,41@04,4.89,73,25,247.5,129,74,(CML312/CML442)//CKDHL153530,CKDHL153530,(CML312/CML442),2017
4@2017,Kiboko2017,Optimal,2,2@2017,9,9@2017,51,41@04,6.89,56,14,266.5,133,57,(CML312/CML442)//CKDHL153530,CKDHL153530,(CML312/CML442),2017
4@2017,Kakamega2017,Optimal,1,1@2017,3,3@2017,17,42@04,4.52,73,19.9,244.5,135.5,73,(CML312/CML442)//CKDHL153531,CKDHL153531,(CML312/CML442),2017
4@2017,Kiboko2017,Optimal,2,2@2017,16,16@2017,95,42@04,7.05,55,16.7,255.5,130.5,54,(CML312/CML442)//CKDHL153531,CKDHL153531,(CML312/CML442),2017
4@2017,Kiboko2017,Optimal,1,1@2017,3,3@2017,18,42@04,7.08,54,13,213,97.5,55,(CML312/CML442)//CKDHL153531,CKDHL153531,(CML312/CML442),2017
4@2017,Kakamega2017,Optimal,2,2@2017,16,16@2017,91,42@04,4.65,75,21.2,222,116,75,(CML312/CML442)//CKDHL153531,CKDHL153531,(CML312/CML442),2017
4@2017,Kiboko2017,Optimal,1,1@2017,6,6@2017,32,43@04,7.57,55,15.8,258.5,131.5,55,(CML312/CML442)//CKDHL153533,CKDHL153533,(CML312/CML442),2017
4@2017,Kakamega2017,Optimal,2,2@2017,11,11@2017,63,43@04,5.25,71,18.2,247,135.5,71,(CML312/CML442)//CKDHL153533,CKDHL153533,(CML312/CML442),2017
4@2017,Kakamega2017,Optimal,1,1@2017,2,2@2017,9,43@04,5.57,73,17.8,265,141.5,74,(CML312/CML442)//CKDHL153533,CKDHL153533,(CML312/CML442),2017
4@2017,Kiboko2017,Optimal,2,2@2017,12,12@2017,69,43@04,8.99,55,14.4,247.5,123,55,(CML312/CML442)//CKDHL153533,CKDHL153533,(CML312/CML442),2017
4@2017,Kakamega2017,Optimal,2,2@2017,9,9@2017,51,44@04,6.07,71,18.5,242.5,118,72,(CML312/CML442)//CKDHL153534,CKDHL153534,(CML312/CML442),2017
4@2017,Kiboko2017,Optimal,2,2@2017,9,9@2017,49,44@04,8.34,56,14.2,274.5,146,55,(CML312/CML442)//CKDHL153534,CKDHL153534,(CML312/CML442),2017
4@2017,Kakamega2017,Optimal,1,1@2017,5,5@2017,29,44@04,3.35,76,18.3,249.5,145,75,(CML312/CML442)//CKDHL153534,CKDHL153534,(CML312/CML442),2017
4@2017,Kiboko2017,Optimal,1,1@2017,8,8@2017,45,44@04,7.07,57,13.5,267.5,142.5,56,(CML312/CML442)//CKDHL153534,CKDHL153534,(CML312/CML442),2017
4@2017,Kakamega2017,Optimal,1,1@2017,6,6@2017,33,45@04,7.77,81,21.6,260,153,79,H517,H517,,2017
4@2017,Kakamega2017,Optimal,2,2@2017,12,12@2017,71,45@04,6.24,79,20.8,263.5,153.5,81,H517,H517,,2017
4@2017,Kiboko2017,Optimal,2,2@2017,14,14@2017,82,45@04,5.97,61,12.1,287,164.5,62,H517,H517,,2017
4@2017,Kiboko2017,Optimal,1,1@2017,8,8@2017,44,45@04,4.55,60,11.7,293.2,167,63,H517,H517,,2017
4@2017,Kakamega2017,Optimal,1,1@2017,8,8@2017,43,46@04,8.38,75,22.8,256,129.5,75,Pioneer 30G19,Pioneer 30G19,,2017
4@2017,Kakamega2017,Optimal,2,2@2017,9,9@2017,52,46@04,10.04,71,18.7,263.5,125.5,72,Pioneer 30G19,Pioneer 30G19,,2017
4@2017,Kiboko2017,Optimal,1,1@2017,6,6@2017,35,46@04,6.15,55,14,286.5,130.5,58,Pioneer 30G19,Pioneer 30G19,,2017
4@2017,Kiboko2017,Optimal,2,2@2017,15,15@2017,88,46@04,6.65,56,13.8,273,126.5,59,Pioneer 30G19,Pioneer 30G19,,2017
4@2017,Kiboko2017,Optimal,2,2@2017,15,15@2017,85,47@04,9.79,57,15.3,291,152.5,57,WH505,WH505,,2017
4@2017,Kakamega2017,Optimal,2,2@2017,11,11@2017,66,47@04,9.83,78,21.5,250.5,131.5,78,WH505,WH505,,2017
4@2017,Kakamega2017,Optimal,1,1@2017,6,6@2017,36,47@04,5.8,79,18.7,261.5,146.5,79,WH505,WH505,,2017
4@2017,Kiboko2017,Optimal,1,1@2017,6,6@2017,33,47@04,6.24,58,13.6,283.5,147,58,WH505,WH505,,2017
4@2017,Kiboko2017,Optimal,1,1@2017,4,4@2017,21,48@04,3.71,54,11,257,130,60,DK 8031,DK 8031,,2017
4@2017,Kakamega2017,Optimal,1,1@2017,6,6@2017,31,48@04,3.9,71,18.7,245.5,134,74,DK 8031,DK 8031,,2017
4@2017,Kiboko2017,Optimal,2,2@2017,13,13@2017,74,48@04,4.39,54,13.2,258.5,130.5,57,DK 8031,DK 8031,,2017
4@2017,Kakamega2017,Optimal,2,2@2017,12,12@2017,67,48@04,5.21,70,17.2,225,119.5,72,DK 8031,DK 8031,,2017
5@2017,Kakamega2017,Optimal,1,1@2017,18,18@2017,86,1@05,4.34,73,19.8,263,143,77,(CML395/CML444)//CKDHL1500001,CKDHL1500001,(CML395/CML444),2017
5@2017,Kakamega2017,Optimal,2,2@2017,33,33@2017,163,1@05,7.34,72,16.9,270,148,75,(CML395/CML444)//CKDHL1500001,CKDHL1500001,(CML395/CML444),2017
5@2017,Kiboko2017,Optimal,1,1@2017,10,10@2017,48,1@05,6.23,57,14.4,258.5,148.5,57,(CML395/CML444)//CKDHL1500001,CKDHL1500001,(CML395/CML444),2017
5@2017,Kiboko2017,Optimal,2,2@2017,23,23@2017,112,1@05,6.21,58,13.1,279.5,159,58,(CML395/CML444)//CKDHL1500001,CKDHL1500001,(CML395/CML444),2017
5@2017,Kiboko2017,Optimal,2,2@2017,27,27@2017,134,2@05,7.63,57,13.8,267.5,153,57,(CML395/CML444)//CKDHL1500002,CKDHL1500002,(CML395/CML444),2017
5@2017,Kakamega2017,Optimal,1,1@2017,19,19@2017,92,2@05,7.67,76,17.4,264,152,74,(CML395/CML444)//CKDHL1500002,CKDHL1500002,(CML395/CML444),2017
5@2017,Kakamega2017,Optimal,2,2@2017,23,23@2017,111,2@05,7.53,75,18.5,254,137,74,(CML395/CML444)//CKDHL1500002,CKDHL1500002,(CML395/CML444),2017
5@2017,Kiboko2017,Optimal,1,1@2017,1,1@2017,4,2@05,6.86,57,14.6,264,156,57,(CML395/CML444)//CKDHL1500002,CKDHL1500002,(CML395/CML444),2017
5@2017,Kakamega2017,Optimal,2,2@2017,37,37@2017,184,3@05,5.93,73,19.2,258,138,74,(CML395/CML444)//CKDHL1500005,CKDHL1500005,(CML395/CML444),2017
5@2017,Kiboko2017,Optimal,1,1@2017,15,15@2017,71,3@05,5.13,57,12.5,253,143,57,(CML395/CML444)//CKDHL1500005,CKDHL1500005,(CML395/CML444),2017
5@2017,Kiboko2017,Optimal,2,2@2017,36,36@2017,178,3@05,6.84,58,15.6,230,134.5,57,(CML395/CML444)//CKDHL1500005,CKDHL1500005,(CML395/CML444),2017
5@2017,Kakamega2017,Optimal,1,1@2017,11,11@2017,55,3@05,6,72,20,250,133.5,72,(CML395/CML444)//CKDHL1500005,CKDHL1500005,(CML395/CML444),2017
5@2017,Kiboko2017,Optimal,1,1@2017,14,14@2017,66,4@05,5.56,57,12.9,263.5,144.5,55,(CML395/CML444)//CKDHL1500025,CKDHL1500025,(CML395/CML444),2017
5@2017,Kakamega2017,Optimal,1,1@2017,9,9@2017,45,4@05,7.54,72,17.5,261,150,73,(CML395/CML444)//CKDHL1500025,CKDHL1500025,(CML395/CML444),2017
5@2017,Kakamega2017,Optimal,2,2@2017,23,23@2017,114,4@05,7.03,70,19.7,253,139,70,(CML395/CML444)//CKDHL1500025,CKDHL1500025,(CML395/CML444),2017
5@2017,Kiboko2017,Optimal,2,2@2017,33,33@2017,163,4@05,5.68,56,13.3,272.5,156.5,57,(CML395/CML444)//CKDHL1500025,CKDHL1500025,(CML395/CML444),2017
5@2017,Kiboko2017,Optimal,2,2@2017,40,40@2017,200,5@05,7.47,57,14,251.5,146.5,58,(CML395/CML444)//CKDHL1500026,CKDHL1500026,(CML395/CML444),2017
5@2017,Kakamega2017,Optimal,2,2@2017,36,36@2017,177,5@05,5.56,72,18.9,251,135,74,(CML395/CML444)//CKDHL1500026,CKDHL1500026,(CML395/CML444),2017
5@2017,Kakamega2017,Optimal,1,1@2017,17,17@2017,83,5@05,4.77,71,17.4,267,152,71,(CML395/CML444)//CKDHL1500026,CKDHL1500026,(CML395/CML444),2017
5@2017,Kiboko2017,Optimal,1,1@2017,8,8@2017,40,5@05,7.45,57,13,250,143.5,59,(CML395/CML444)//CKDHL1500026,CKDHL1500026,(CML395/CML444),2017
5@2017,Kakamega2017,Optimal,2,2@2017,24,24@2017,120,6@05,5.31,71,18.5,264,152,71,(CML395/CML444)//CKDHL1500037,CKDHL1500037,(CML395/CML444),2017
5@2017,Kiboko2017,Optimal,1,1@2017,17,17@2017,84,6@05,7.9,57,15.2,275,161.5,56,(CML395/CML444)//CKDHL1500037,CKDHL1500037,(CML395/CML444),2017
5@2017,Kiboko2017,Optimal,2,2@2017,22,22@2017,110,6@05,5.9,57,12.2,262,156.5,58,(CML395/CML444)//CKDHL1500037,CKDHL1500037,(CML395/CML444),2017
5@2017,Kakamega2017,Optimal,1,1@2017,5,5@2017,25,6@05,6.59,73,17.9,266,151.5,73,(CML395/CML444)//CKDHL1500037,CKDHL1500037,(CML395/CML444),2017
5@2017,Kiboko2017,Optimal,1,1@2017,10,10@2017,50,7@05,4.99,55,12.9,254.5,145,54,(CML395/CML444)//CKDHL1500038,CKDHL1500038,(CML395/CML444),2017
5@2017,Kiboko2017,Optimal,2,2@2017,30,30@2017,149,7@05,6.6,56,13.2,237.5,130.5,56,(CML395/CML444)//CKDHL1500038,CKDHL1500038,(CML395/CML444),2017
5@2017,Kakamega2017,Optimal,1,1@2017,15,15@2017,71,7@05,4.95,69,20,247,133,68,(CML395/CML444)//CKDHL1500038,CKDHL1500038,(CML395/CML444),2017
5@2017,Kakamega2017,Optimal,2,2@2017,29,29@2017,145,7@05,4.85,71,15.7,244,136,71,(CML395/CML444)//CKDHL1500038,CKDHL1500038,(CML395/CML444),2017
5@2017,Kiboko2017,Optimal,2,2@2017,26,26@2017,130,8@05,5.99,58,15.7,283,168,57,(CML395/CML444)//CKDHL1500041,CKDHL1500041,(CML395/CML444),2017
5@2017,Kiboko2017,Optimal,1,1@2017,4,4@2017,17,8@05,7.02,58,12.6,274.5,169,58,(CML395/CML444)//CKDHL1500041,CKDHL1500041,(CML395/CML444),2017
5@2017,Kakamega2017,Optimal,2,2@2017,25,25@2017,122,8@05,7.2,72,19.6,268,162,71,(CML395/CML444)//CKDHL1500041,CKDHL1500041,(CML395/CML444),2017
5@2017,Kakamega2017,Optimal,1,1@2017,13,13@2017,63,8@05,8.38,78,22.8,273,165,78,(CML395/CML444)//CKDHL1500041,CKDHL1500041,(CML395/CML444),2017
5@2017,Kiboko2017,Optimal,2,2@2017,30,30@2017,150,9@05,7.54,56,13.3,241,130.5,57,(CML395/CML444)//CKDHL1500045,CKDHL1500045,(CML395/CML444),2017
5@2017,Kakamega2017,Optimal,1,1@2017,8,8@2017,37,9@05,6.57,73,17.4,260,149,74,(CML395/CML444)//CKDHL1500045,CKDHL1500045,(CML395/CML444),2017
5@2017,Kakamega2017,Optimal,2,2@2017,30,30@2017,146,9@05,5.73,72,16.7,254,147,72,(CML395/CML444)//CKDHL1500045,CKDHL1500045,(CML395/CML444),2017
5@2017,Kiboko2017,Optimal,1,1@2017,4,4@2017,19,9@05,8.01,55,14,259,145,56,(CML395/CML444)//CKDHL1500045,CKDHL1500045,(CML395/CML444),2017
5@2017,Kakamega2017,Optimal,1,1@2017,7,7@2017,35,10@05,5.85,72,19.4,258,143,72,(CML395/CML444)//CKDHL1500048,CKDHL1500048,(CML395/CML444),2017
5@2017,Kiboko2017,Optimal,2,2@2017,28,28@2017,139,10@05,6.45,55,14.5,261.5,141,55,(CML395/CML444)//CKDHL1500048,CKDHL1500048,(CML395/CML444),2017
5@2017,Kiboko2017,Optimal,1,1@2017,1,1@2017,2,10@05,8.79,57,13.9,276,155.5,57,(CML395/CML444)//CKDHL1500048,CKDHL1500048,(CML395/CML444),2017
5@2017,Kakamega2017,Optimal,2,2@2017,38,38@2017,188,10@05,7.24,69,19.4,257,145,70,(CML395/CML444)//CKDHL1500048,CKDHL1500048,(CML395/CML444),2017
5@2017,Kakamega2017,Optimal,1,1@2017,13,13@2017,62,11@05,5.47,76,18.7,248,141,76,(CML395/CML444)//CKDHL1500061,CKDHL1500061,(CML395/CML444),2017
5@2017,Kiboko2017,Optimal,2,2@2017,33,33@2017,162,11@05,4.67,56,22,269,152.5,55,(CML395/CML444)//CKDHL1500061,CKDHL1500061,(CML395/CML444),2017
5@2017,Kiboko2017,Optimal,1,1@2017,2,2@2017,7,11@05,6.88,55,14,262,154,57,(CML395/CML444)//CKDHL1500061,CKDHL1500061,(CML395/CML444),2017
5@2017,Kakamega2017,Optimal,2,2@2017,31,31@2017,152,11@05,5.76,72,19,266,158,73,(CML395/CML444)//CKDHL1500061,CKDHL1500061,(CML395/CML444),2017
5@2017,Kiboko2017,Optimal,1,1@2017,10,10@2017,47,12@05,6.06,55,12.4,266.5,168,55,(CML395/CML444)//CKDHL1500064,CKDHL1500064,(CML395/CML444),2017
5@2017,Kakamega2017,Optimal,1,1@2017,9,9@2017,41,12@05,6.26,69,20.6,258.5,146,68,(CML395/CML444)//CKDHL1500064,CKDHL1500064,(CML395/CML444),2017
5@2017,Kakamega2017,Optimal,2,2@2017,27,27@2017,133,12@05,6.71,71,17.8,261,152,72,(CML395/CML444)//CKDHL1500064,CKDHL1500064,(CML395/CML444),2017
5@2017,Kiboko2017,Optimal,2,2@2017,23,23@2017,115,12@05,5.05,55,13.3,257.5,152.5,56,(CML395/CML444)//CKDHL1500064,CKDHL1500064,(CML395/CML444),2017
5@2017,Kakamega2017,Optimal,1,1@2017,18,18@2017,88,13@05,5.74,69,15.9,265,155,71,(CML395/CML444)//CKDHL1500095,CKDHL1500095,(CML395/CML444),2017
5@2017,Kakamega2017,Optimal,2,2@2017,34,34@2017,166,13@05,6.68,71,18.1,263,153,72,(CML395/CML444)//CKDHL1500095,CKDHL1500095,(CML395/CML444),2017
5@2017,Kiboko2017,Optimal,1,1@2017,5,5@2017,21,13@05,7.75,56,13.5,250,146,58,(CML395/CML444)//CKDHL1500095,CKDHL1500095,(CML395/CML444),2017
5@2017,Kiboko2017,Optimal,2,2@2017,37,37@2017,184,13@05,6.31,55,13.7,268.5,162,56,(CML395/CML444)//CKDHL1500095,CKDHL1500095,(CML395/CML444),2017
5@2017,Kiboko2017,Optimal,1,1@2017,5,5@2017,24,14@05,8.08,55,15.7,254.5,157,55,(CML395/CML444)//CKDHL1500099,CKDHL1500099,(CML395/CML444),2017
5@2017,Kakamega2017,Optimal,2,2@2017,26,26@2017,129,14@05,7.03,73,18,253,145,73,(CML395/CML444)//CKDHL1500099,CKDHL1500099,(CML395/CML444),2017
5@2017,Kakamega2017,Optimal,1,1@2017,10,10@2017,47,14@05,7.04,75,18.6,255,145,73,(CML395/CML444)//CKDHL1500099,CKDHL1500099,(CML395/CML444),2017
5@2017,Kiboko2017,Optimal,2,2@2017,25,25@2017,121,14@05,9,56,15.1,220,128,56,(CML395/CML444)//CKDHL1500099,CKDHL1500099,(CML395/CML444),2017
5@2017,Kakamega2017,Optimal,2,2@2017,36,36@2017,176,15@05,5.93,72,23,260,140,70,(CML395/CML444)//CKDHL1500103,CKDHL1500103,(CML395/CML444),2017
5@2017,Kakamega2017,Optimal,1,1@2017,11,11@2017,53,15@05,6.64,69,18.7,248,136.5,70,(CML395/CML444)//CKDHL1500103,CKDHL1500103,(CML395/CML444),2017
5@2017,Kiboko2017,Optimal,1,1@2017,3,3@2017,14,15@05,5.98,55,13.5,249.5,138.5,56,(CML395/CML444)//CKDHL1500103,CKDHL1500103,(CML395/CML444),2017
5@2017,Kiboko2017,Optimal,2,2@2017,21,21@2017,105,15@05,4.01,56,16.6,253.3,147.5,55,(CML395/CML444)//CKDHL1500103,CKDHL1500103,(CML395/CML444),2017
5@2017,Kiboko2017,Optimal,2,2@2017,29,29@2017,141,16@05,8.58,56,15.4,231,129,56,(CML395/CML444)//CKDHL1500110,CKDHL1500110,(CML395/CML444),2017
5@2017,Kakamega2017,Optimal,2,2@2017,28,28@2017,137,16@05,9.03,72,19.3,247,146,72,(CML395/CML444)//CKDHL1500110,CKDHL1500110,(CML395/CML444),2017
5@2017,Kiboko2017,Optimal,1,1@2017,14,14@2017,69,16@05,6.36,56,13.8,244,145,55,(CML395/CML444)//CKDHL1500110,CKDHL1500110,(CML395/CML444),2017
5@2017,Kakamega2017,Optimal,1,1@2017,6,6@2017,30,16@05,8.34,71,20,248,149,71,(CML395/CML444)//CKDHL1500110,CKDHL1500110,(CML395/CML444),2017
5@2017,Kakamega2017,Optimal,2,2@2017,30,30@2017,147,17@05,7.05,76,20.6,247.5,147.5,76,(CML395/CML444)//CKDHL1500114,CKDHL1500114,(CML395/CML444),2017
5@2017,Kiboko2017,Optimal,2,2@2017,34,34@2017,170,17@05,7.99,59,15.1,255.5,147.5,59,(CML395/CML444)//CKDHL1500114,CKDHL1500114,(CML395/CML444),2017
5@2017,Kiboko2017,Optimal,1,1@2017,8,8@2017,36,17@05,5.42,59,15.5,261.5,155.5,58,(CML395/CML444)//CKDHL1500114,CKDHL1500114,(CML395/CML444),2017
5@2017,Kakamega2017,Optimal,1,1@2017,18,18@2017,89,17@05,5.55,75,19.3,256.5,153,76,(CML395/CML444)//CKDHL1500114,CKDHL1500114,(CML395/CML444),2017
5@2017,Kiboko2017,Optimal,1,1@2017,7,7@2017,32,18@05,7.96,58,14,260,164.5,57,(CML395/CML444)//CKDHL1500059,CKDHL1500059,(CML395/CML444),2017
5@2017,Kakamega2017,Optimal,2,2@2017,40,40@2017,196,18@05,11.09,75,21.4,259,154,74,(CML395/CML444)//CKDHL1500059,CKDHL1500059,(CML395/CML444),2017
5@2017,Kakamega2017,Optimal,1,1@2017,8,8@2017,36,18@05,9.44,74,19.7,251,151,73,(CML395/CML444)//CKDHL1500059,CKDHL1500059,(CML395/CML444),2017
5@2017,Kiboko2017,Optimal,2,2@2017,21,21@2017,101,18@05,6.77,57,14,263.5,154,56,(CML395/CML444)//CKDHL1500059,CKDHL1500059,(CML395/CML444),2017
5@2017,Kakamega2017,Optimal,2,2@2017,35,35@2017,172,19@05,6.83,71,24,266,144,71,(CML395/CML444)//CKDHL1500128,CKDHL1500128,(CML395/CML444),2017
5@2017,Kiboko2017,Optimal,2,2@2017,34,34@2017,168,19@05,3.53,56,14.3,253.5,141.5,56,(CML395/CML444)//CKDHL1500128,CKDHL1500128,(CML395/CML444),2017
5@2017,Kiboko2017,Optimal,1,1@2017,14,14@2017,68,19@05,6.27,55,12.6,264.5,152.5,55,(CML395/CML444)//CKDHL1500128,CKDHL1500128,(CML395/CML444),2017
5@2017,Kakamega2017,Optimal,1,1@2017,14,14@2017,70,19@05,7.36,70,22.5,266,144,71,(CML395/CML444)//CKDHL1500128,CKDHL1500128,(CML395/CML444),2017
5@2017,Kiboko2017,Optimal,2,2@2017,36,36@2017,179,20@05,5.82,55,13.7,256.5,160,56,(CML395/CML444)//CKDHL1500139,CKDHL1500139,(CML395/CML444),2017
5@2017,Kakamega2017,Optimal,1,1@2017,2,2@2017,7,20@05,6.01,73,17.5,272,166,73,(CML395/CML444)//CKDHL1500139,CKDHL1500139,(CML395/CML444),2017
5@2017,Kakamega2017,Optimal,2,2@2017,39,39@2017,192,20@05,6.88,74,18.8,255,151,73,(CML395/CML444)//CKDHL1500139,CKDHL1500139,(CML395/CML444),2017
5@2017,Kiboko2017,Optimal,1,1@2017,5,5@2017,23,20@05,5.23,56,15,257.5,163,56,(CML395/CML444)//CKDHL1500139,CKDHL1500139,(CML395/CML444),2017
5@2017,Kiboko2017,Optimal,1,1@2017,2,2@2017,8,21@05,7.41,59,17.5,268,160.5,60,(CML395/CML444)//CKDHL1500140,CKDHL1500140,(CML395/CML444),2017
5@2017,Kakamega2017,Optimal,2,2@2017,33,33@2017,162,21@05,8.35,77,23.3,274,159,78,(CML395/CML444)//CKDHL1500140,CKDHL1500140,(CML395/CML444),2017
5@2017,Kiboko2017,Optimal,2,2@2017,24,24@2017,116,21@05,5.3,59,16.6,264.5,165.5,59,(CML395/CML444)//CKDHL1500140,CKDHL1500140,(CML395/CML444),2017
5@2017,Kakamega2017,Optimal,1,1@2017,4,4@2017,16,21@05,7.93,76,27.8,236,124,76,(CML395/CML444)//CKDHL1500140,CKDHL1500140,(CML395/CML444),2017
5@2017,Kiboko2017,Optimal,1,1@2017,10,10@2017,46,22@05,6.28,57,14.9,264,163,57,(CML395/CML444)//CKDHL1500143,CKDHL1500143,(CML395/CML444),2017
5@2017,Kakamega2017,Optimal,2,2@2017,28,28@2017,138,22@05,5.28,78,21.1,267,153,76,(CML395/CML444)//CKDHL1500143,CKDHL1500143,(CML395/CML444),2017
5@2017,Kiboko2017,Optimal,2,2@2017,22,22@2017,108,22@05,6.27,58,13,270,161.5,57,(CML395/CML444)//CKDHL1500143,CKDHL1500143,(CML395/CML444),2017
5@2017,Kakamega2017,Optimal,1,1@2017,1,1@2017,3,22@05,7.58,73,18.9,257,152,72,(CML395/CML444)//CKDHL1500143,CKDHL1500143,(CML395/CML444),2017
5@2017,Kakamega2017,Optimal,2,2@2017,33,33@2017,161,23@05,6.35,69,21.7,273,150,71,(CML395/CML444)//CKDHL1500150,CKDHL1500150,(CML395/CML444),2017
5@2017,Kiboko2017,Optimal,1,1@2017,11,11@2017,51,23@05,5.09,57,13.7,267.5,148,58,(CML395/CML444)//CKDHL1500150,CKDHL1500150,(CML395/CML444),2017
5@2017,Kakamega2017,Optimal,1,1@2017,14,14@2017,69,23@05,7.26,73,16.3,260,140,75,(CML395/CML444)//CKDHL1500150,CKDHL1500150,(CML395/CML444),2017
5@2017,Kiboko2017,Optimal,2,2@2017,39,39@2017,191,23@05,3.97,58,11.9,284,159.5,58,(CML395/CML444)//CKDHL1500150,CKDHL1500150,(CML395/CML444),2017
5@2017,Kakamega2017,Optimal,1,1@2017,12,12@2017,58,24@05,8.18,69,17,253,136,69,(CML395/CML444)//CKDHL1500186,CKDHL1500186,(CML395/CML444),2017
5@2017,Kakamega2017,Optimal,2,2@2017,21,21@2017,104,24@05,6.37,70,17.8,268,152,71,(CML395/CML444)//CKDHL1500186,CKDHL1500186,(CML395/CML444),2017
5@2017,Kiboko2017,Optimal,1,1@2017,15,15@2017,73,24@05,6.09,55,14,266,158,54,(CML395/CML444)//CKDHL1500186,CKDHL1500186,(CML395/CML444),2017
5@2017,Kiboko2017,Optimal,2,2@2017,31,31@2017,154,24@05,7.07,55,12.3,255,144.5,54,(CML395/CML444)//CKDHL1500186,CKDHL1500186,(CML395/CML444),2017
5@2017,Kakamega2017,Optimal,2,2@2017,34,34@2017,169,25@05,6.09,71,18.8,252,143,71,(CML395/CML444)//CKDHL1500190,CKDHL1500190,(CML395/CML444),2017
5@2017,Kiboko2017,Optimal,2,2@2017,29,29@2017,145,25@05,6.31,56,14.4,249,131.5,58,(CML395/CML444)//CKDHL1500190,CKDHL1500190,(CML395/CML444),2017
5@2017,Kakamega2017,Optimal,1,1@2017,16,16@2017,78,25@05,5.77,71,17.4,258,143,72,(CML395/CML444)//CKDHL1500190,CKDHL1500190,(CML395/CML444),2017
5@2017,Kiboko2017,Optimal,1,1@2017,19,19@2017,93,25@05,6.46,55,12.8,242,145,56,(CML395/CML444)//CKDHL1500190,CKDHL1500190,(CML395/CML444),2017
5@2017,Kakamega2017,Optimal,2,2@2017,24,24@2017,118,26@05,7.74,75,20,261,152,73,(CML395/CML444)//CKDHL1500193,CKDHL1500193,(CML395/CML444),2017
5@2017,Kakamega2017,Optimal,1,1@2017,20,20@2017,98,26@05,9.27,74,18.1,252,144,74,(CML395/CML444)//CKDHL1500193,CKDHL1500193,(CML395/CML444),2017
5@2017,Kiboko2017,Optimal,2,2@2017,35,35@2017,172,26@05,9.43,58,14.5,260,144,58,(CML395/CML444)//CKDHL1500193,CKDHL1500193,(CML395/CML444),2017
5@2017,Kiboko2017,Optimal,1,1@2017,4,4@2017,18,26@05,6.96,58,15.1,265,154.5,58,(CML395/CML444)//CKDHL1500193,CKDHL1500193,(CML395/CML444),2017
5@2017,Kiboko2017,Optimal,2,2@2017,26,26@2017,128,27@05,5.42,56,14.3,274.5,159,57,(CML395/CML444)//CKDHL1500201,CKDHL1500201,(CML395/CML444),2017
5@2017,Kiboko2017,Optimal,1,1@2017,9,9@2017,44,27@05,7.93,57,12.7,272.5,160,56,(CML395/CML444)//CKDHL1500201,CKDHL1500201,(CML395/CML444),2017
5@2017,Kakamega2017,Optimal,1,1@2017,6,6@2017,27,27@05,7.15,75,16.3,272,147,75,(CML395/CML444)//CKDHL1500201,CKDHL1500201,(CML395/CML444),2017
5@2017,Kakamega2017,Optimal,2,2@2017,22,22@2017,109,27@05,5.46,74,19.1,253,139,78,(CML395/CML444)//CKDHL1500201,CKDHL1500201,(CML395/CML444),2017
5@2017,Kakamega2017,Optimal,1,1@2017,12,12@2017,60,28@05,10.62,73,16.2,258,153,73,(CML395/CML444)//CKDHL1500202,CKDHL1500202,(CML395/CML444),2017
5@2017,Kakamega2017,Optimal,2,2@2017,30,30@2017,150,28@05,9.34,75,22.2,252,139,75,(CML395/CML444)//CKDHL1500202,CKDHL1500202,(CML395/CML444),2017
5@2017,Kiboko2017,Optimal,2,2@2017,36,36@2017,176,28@05,8.66,58,16.2,260.5,154.5,58,(CML395/CML444)//CKDHL1500202,CKDHL1500202,(CML395/CML444),2017
5@2017,Kiboko2017,Optimal,1,1@2017,15,15@2017,75,28@05,6.91,57,16,266.5,163.5,57,(CML395/CML444)//CKDHL1500202,CKDHL1500202,(CML395/CML444),2017
5@2017,Kakamega2017,Optimal,1,1@2017,4,4@2017,18,29@05,4.91,76,17.6,244,130,77,(CML395/CML444)//CKDHL1500203,CKDHL1500203,(CML395/CML444),2017
5@2017,Kakamega2017,Optimal,2,2@2017,39,39@2017,195,29@05,5.67,73,19.7,264,151,73,(CML395/CML444)//CKDHL1500203,CKDHL1500203,(CML395/CML444),2017
5@2017,Kiboko2017,Optimal,2,2@2017,29,29@2017,142,29@05,9.01,55,15,271.5,150,56,(CML395/CML444)//CKDHL1500203,CKDHL1500203,(CML395/CML444),2017
5@2017,Kiboko2017,Optimal,1,1@2017,11,11@2017,55,29@05,5.47,57,13,267.5,157.5,58,(CML395/CML444)//CKDHL1500203,CKDHL1500203,(CML395/CML444),2017
5@2017,Kiboko2017,Optimal,2,2@2017,27,27@2017,132,30@05,6.34,56,12,273.5,148.5,56,(CML395/CML444)//CKDHL1500208,CKDHL1500208,(CML395/CML444),2017
5@2017,Kakamega2017,Optimal,1,1@2017,12,12@2017,59,30@05,8.1,72,17.8,259,149,75,(CML395/CML444)//CKDHL1500208,CKDHL1500208,(CML395/CML444),2017
5@2017,Kakamega2017,Optimal,2,2@2017,32,32@2017,157,30@05,10.51,75,17.6,259,149,75,(CML395/CML444)//CKDHL1500208,CKDHL1500208,(CML395/CML444),2017
5@2017,Kiboko2017,Optimal,1,1@2017,11,11@2017,52,30@05,5.33,55,16.5,247.5,119.8,54,(CML395/CML444)//CKDHL1500208,CKDHL1500208,(CML395/CML444),2017
5@2017,Kiboko2017,Optimal,1,1@2017,18,18@2017,86,31@05,6,57,14.4,272,161,58,(CML395/CML444)//CKDHL1500236,CKDHL1500236,(CML395/CML444),2017
5@2017,Kakamega2017,Optimal,1,1@2017,6,6@2017,29,31@05,7,75,20,251,148,75,(CML395/CML444)//CKDHL1500236,CKDHL1500236,(CML395/CML444),2017
5@2017,Kakamega2017,Optimal,2,2@2017,22,22@2017,110,31@05,8.04,71,17.3,248,146,72,(CML395/CML444)//CKDHL1500236,CKDHL1500236,(CML395/CML444),2017
5@2017,Kiboko2017,Optimal,2,2@2017,31,31@2017,153,31@05,6.2,56,13.6,254,153,58,(CML395/CML444)//CKDHL1500236,CKDHL1500236,(CML395/CML444),2017
5@2017,Kiboko2017,Optimal,2,2@2017,23,23@2017,114,32@05,3.68,55,12,257.5,142.5,56,(CML395/CML444)//CKDHL1500266,CKDHL1500266,(CML395/CML444),2017
5@2017,Kakamega2017,Optimal,2,2@2017,21,21@2017,102,32@05,7.52,70,17.7,255,150,71,(CML395/CML444)//CKDHL1500266,CKDHL1500266,(CML395/CML444),2017
5@2017,Kiboko2017,Optimal,1,1@2017,1,1@2017,3,32@05,6.87,56,15.2,269.5,163,56,(CML395/CML444)//CKDHL1500266,CKDHL1500266,(CML395/CML444),2017
5@2017,Kakamega2017,Optimal,1,1@2017,4,4@2017,17,32@05,7.41,71,17.7,249,139,70,(CML395/CML444)//CKDHL1500266,CKDHL1500266,(CML395/CML444),2017
5@2017,Kakamega2017,Optimal,2,2@2017,40,40@2017,199,33@05,7.66,73,17.5,253,137.5,74,(CML395/CML444)//CKDHL1500271,CKDHL1500271,(CML395/CML444),2017
5@2017,Kiboko2017,Optimal,1,1@2017,18,18@2017,88,33@05,4.95,56,14.5,252.5,140.5,56,(CML395/CML444)//CKDHL1500271,CKDHL1500271,(CML395/CML444),2017
5@2017,Kakamega2017,Optimal,1,1@2017,20,20@2017,99,33@05,4.84,74,18.7,251,151,74,(CML395/CML444)//CKDHL1500271,CKDHL1500271,(CML395/CML444),2017
5@2017,Kiboko2017,Optimal,2,2@2017,38,38@2017,189,33@05,6.02,55,15.8,263,156,56,(CML395/CML444)//CKDHL1500271,CKDHL1500271,(CML395/CML444),2017
5@2017,Kiboko2017,Optimal,2,2@2017,21,21@2017,103,34@05,5.64,56,13.5,267.5,152.5,56,(CML395/CML444)//CKDHL1500289,CKDHL1500289,(CML395/CML444),2017
5@2017,Kakamega2017,Optimal,2,2@2017,36,36@2017,178,34@05,7.14,71,20.5,254,144,71,(CML395/CML444)//CKDHL1500289,CKDHL1500289,(CML395/CML444),2017
5@2017,Kakamega2017,Optimal,1,1@2017,1,1@2017,4,34@05,6.93,71,20.6,258.5,142,72,(CML395/CML444)//CKDHL1500289,CKDHL1500289,(CML395/CML444),2017
5@2017,Kiboko2017,Optimal,1,1@2017,1,1@2017,5,34@05,8.1,56,13.4,280,152.5,56,(CML395/CML444)//CKDHL1500289,CKDHL1500289,(CML395/CML444),2017
5@2017,Kiboko2017,Optimal,2,2@2017,24,24@2017,118,35@05,5.53,55,13.8,246.5,142,55,(CML395/CML444)//CKDHL150291,CKDHL150291,(CML395/CML444),2017
5@2017,Kakamega2017,Optimal,1,1@2017,11,11@2017,52,35@05,6.76,72,21.6,246,137,72,(CML395/CML444)//CKDHL150291,CKDHL150291,(CML395/CML444),2017
5@2017,Kakamega2017,Optimal,2,2@2017,30,30@2017,148,35@05,6.98,70,16,258,142,70,(CML395/CML444)//CKDHL150291,CKDHL150291,(CML395/CML444),2017
5@2017,Kiboko2017,Optimal,1,1@2017,12,12@2017,57,35@05,4.98,56,12,259,142.5,55,(CML395/CML444)//CKDHL150291,CKDHL150291,(CML395/CML444),2017
5@2017,Kakamega2017,Optimal,2,2@2017,35,35@2017,171,36@05,8.17,75,19,259,157,75,(CML395/CML444)//CKDHL150295,CKDHL150295,(CML395/CML444),2017
5@2017,Kiboko2017,Optimal,2,2@2017,22,22@2017,109,36@05,4.54,58,13.9,273.5,166.5,58,(CML395/CML444)//CKDHL150295,CKDHL150295,(CML395/CML444),2017
5@2017,Kakamega2017,Optimal,1,1@2017,15,15@2017,73,36@05,8.92,73,20.8,264,150,75,(CML395/CML444)//CKDHL150295,CKDHL150295,(CML395/CML444),2017
5@2017,Kiboko2017,Optimal,1,1@2017,11,11@2017,54,36@05,6.06,59,17.5,257.5,170,59,(CML395/CML444)//CKDHL150295,CKDHL150295,(CML395/CML444),2017
5@2017,Kiboko2017,Optimal,1,1@2017,13,13@2017,64,37@05,5.28,57,12.3,268.5,154.5,57,(CML395/CML444)//CKDHL150298,CKDHL150298,(CML395/CML444),2017
5@2017,Kakamega2017,Optimal,1,1@2017,5,5@2017,21,37@05,6.33,71,22,257,141,72,(CML395/CML444)//CKDHL150298,CKDHL150298,(CML395/CML444),2017
5@2017,Kiboko2017,Optimal,2,2@2017,34,34@2017,169,37@05,5.03,56,12.2,264.5,145,56,(CML395/CML444)//CKDHL150298,CKDHL150298,(CML395/CML444),2017
5@2017,Kakamega2017,Optimal,2,2@2017,34,34@2017,168,37@05,5.89,71,20.1,253,134,74,(CML395/CML444)//CKDHL150298,CKDHL150298,(CML395/CML444),2017
5@2017,Kiboko2017,Optimal,2,2@2017,22,22@2017,107,38@05,3.7,58,12.2,259,152.5,58,(CML395/CML444)//CKDHL150301,CKDHL150301,(CML395/CML444),2017
5@2017,Kakamega2017,Optimal,2,2@2017,39,39@2017,194,38@05,6.62,74,20.4,266,151,74,(CML395/CML444)//CKDHL150301,CKDHL150301,(CML395/CML444),2017
5@2017,Kiboko2017,Optimal,1,1@2017,3,3@2017,11,38@05,6.94,56,14,257.5,148.5,57,(CML395/CML444)//CKDHL150301,CKDHL150301,(CML395/CML444),2017
5@2017,Kakamega2017,Optimal,1,1@2017,20,20@2017,97,38@05,6.17,71,18,247,137,72,(CML395/CML444)//CKDHL150301,CKDHL150301,(CML395/CML444),2017
5@2017,Kakamega2017,Optimal,1,1@2017,3,3@2017,15,39@05,7.39,72,19.1,252,143,72,(CML395/CML444)//CKDHL150307,CKDHL150307,(CML395/CML444),2017
5@2017,Kakamega2017,Optimal,2,2@2017,39,39@2017,191,39@05,8.61,73,18.2,248,141,72,(CML395/CML444)//CKDHL150307,CKDHL150307,(CML395/CML444),2017
5@2017,Kiboko2017,Optimal,1,1@2017,13,13@2017,61,39@05,5.72,57,13.2,251,137.5,57,(CML395/CML444)//CKDHL150307,CKDHL150307,(CML395/CML444),2017
5@2017,Kiboko2017,Optimal,2,2@2017,25,25@2017,123,39@05,6.73,56,14.5,238,140,56,(CML395/CML444)//CKDHL150307,CKDHL150307,(CML395/CML444),2017
5@2017,Kakamega2017,Optimal,1,1@2017,14,14@2017,68,40@05,6.78,73,16.7,266,154,75,(CML395/CML444)//CKDHL150316,CKDHL150316,(CML395/CML444),2017
5@2017,Kakamega2017,Optimal,2,2@2017,22,22@2017,107,40@05,4.55,71,19.1,258,136,72,(CML395/CML444)//CKDHL150316,CKDHL150316,(CML395/CML444),2017
5@2017,Kiboko2017,Optimal,1,1@2017,12,12@2017,60,40@05,5,56,12.8,257,147.5,57,(CML395/CML444)//CKDHL150316,CKDHL150316,(CML395/CML444),2017
5@2017,Kiboko2017,Optimal,2,2@2017,25,25@2017,124,40@05,5.21,56,16.2,264.5,159,56,(CML395/CML444)//CKDHL150316,CKDHL150316,(CML395/CML444),2017
5@2017,Kakamega2017,Optimal,1,1@2017,17,17@2017,85,41@05,7.47,72,18.2,268,155,73,(CML395/CML444)//CKDHL150318,CKDHL150318,(CML395/CML444),2017
5@2017,Kakamega2017,Optimal,2,2@2017,39,39@2017,193,41@05,9.63,72,21.5,263,151,73,(CML395/CML444)//CKDHL150318,CKDHL150318,(CML395/CML444),2017
5@2017,Kiboko2017,Optimal,1,1@2017,5,5@2017,22,41@05,6.87,57,14.5,259,147.5,58,(CML395/CML444)//CKDHL150318,CKDHL150318,(CML395/CML444),2017
5@2017,Kiboko2017,Optimal,2,2@2017,32,32@2017,156,41@05,5.64,59,14.3,271.5,150.5,59,(CML395/CML444)//CKDHL150318,CKDHL150318,(CML395/CML444),2017
5@2017,Kakamega2017,Optimal,2,2@2017,24,24@2017,119,42@05,7.66,70,16.9,262,147,70,(CML395/CML444)//CKDHL150323,CKDHL150323,(CML395/CML444),2017
5@2017,Kiboko2017,Optimal,2,2@2017,39,39@2017,195,42@05,6.39,55,13,268,151,55,(CML395/CML444)//CKDHL150323,CKDHL150323,(CML395/CML444),2017
5@2017,Kiboko2017,Optimal,1,1@2017,18,18@2017,90,42@05,6.01,56,13.5,260.5,143.5,58,(CML395/CML444)//CKDHL150323,CKDHL150323,(CML395/CML444),2017
5@2017,Kakamega2017,Optimal,1,1@2017,5,5@2017,22,42@05,5.82,71,17.9,249,132,71,(CML395/CML444)//CKDHL150323,CKDHL150323,(CML395/CML444),2017
5@2017,Kakamega2017,Optimal,1,1@2017,20,20@2017,96,43@05,4.52,71,19.2,244,132,72,(CML395/CML444)//CKDHL150328,CKDHL150328,(CML395/CML444),2017
5@2017,Kakamega2017,Optimal,2,2@2017,21,21@2017,103,43@05,4.91,73,15.8,254,149,73,(CML395/CML444)//CKDHL150328,CKDHL150328,(CML395/CML444),2017
5@2017,Kiboko2017,Optimal,2,2@2017,39,39@2017,192,43@05,3.99,56,12.7,266.5,145.5,58,(CML395/CML444)//CKDHL150328,CKDHL150328,(CML395/CML444),2017
5@2017,Kiboko2017,Optimal,1,1@2017,15,15@2017,74,43@05,7,54,12.5,260.5,137.5,54,(CML395/CML444)//CKDHL150328,CKDHL150328,(CML395/CML444),2017
5@2017,Kiboko2017,Optimal,2,2@2017,40,40@2017,199,44@05,7.36,58,17.2,233.5,149,59,(CML395/CML444)//CKDHL150320,CKDHL150320,(CML395/CML444),2017
5@2017,Kiboko2017,Optimal,1,1@2017,19,19@2017,94,44@05,5.16,58,17.1,241.5,150,58,(CML395/CML444)//CKDHL150320,CKDHL150320,(CML395/CML444),2017
5@2017,Kakamega2017,Optimal,2,2@2017,23,23@2017,115,44@05,7.02,73,21.6,249,138.5,73,(CML395/CML444)//CKDHL150320,CKDHL150320,(CML395/CML444),2017
5@2017,Kakamega2017,Optimal,1,1@2017,19,19@2017,93,44@05,7.34,72,19.4,233.5,130,72,(CML395/CML444)//CKDHL150320,CKDHL150320,(CML395/CML444),2017
5@2017,Kakamega2017,Optimal,1,1@2017,3,3@2017,14,45@05,7.34,71,17.3,254,149,71,(CML395/CML444)//CKDHL150330,CKDHL150330,(CML395/CML444),2017
5@2017,Kiboko2017,Optimal,1,1@2017,13,13@2017,63,45@05,4.36,57,16.8,272,161,57,(CML395/CML444)//CKDHL150330,CKDHL150330,(CML395/CML444),2017
5@2017,Kiboko2017,Optimal,2,2@2017,38,38@2017,190,45@05,7.7,57,13.1,275,159,57,(CML395/CML444)//CKDHL150330,CKDHL150330,(CML395/CML444),2017
5@2017,Kakamega2017,Optimal,2,2@2017,32,32@2017,158,45@05,7.08,71,20.9,249,140,73,(CML395/CML444)//CKDHL150330,CKDHL150330,(CML395/CML444),2017
5@2017,Kiboko2017,Optimal,2,2@2017,23,23@2017,113,46@05,5.52,57,13.6,282.5,185,58,(CML395/CML444)//CKDHL150339,CKDHL150339,(CML395/CML444),2017
5@2017,Kiboko2017,Optimal,1,1@2017,6,6@2017,26,46@05,8.33,59,15.7,260,160,58,(CML395/CML444)//CKDHL150339,CKDHL150339,(CML395/CML444),2017
5@2017,Kakamega2017,Optimal,2,2@2017,23,23@2017,112,46@05,6.63,74,19.5,253,142,74,(CML395/CML444)//CKDHL150339,CKDHL150339,(CML395/CML444),2017
5@2017,Kakamega2017,Optimal,1,1@2017,2,2@2017,8,46@05,11.16,73,19.5,252.5,149,72,(CML395/CML444)//CKDHL150339,CKDHL150339,(CML395/CML444),2017
5@2017,Kiboko2017,Optimal,2,2@2017,35,35@2017,171,47@05,5.17,55,12.8,252.5,133.5,56,(CML395/CML444)//CKDHL150340,CKDHL150340,(CML395/CML444),2017
5@2017,Kiboko2017,Optimal,1,1@2017,17,17@2017,83,47@05,5.85,54,13.8,264,142.5,54,(CML395/CML444)//CKDHL150340,CKDHL150340,(CML395/CML444),2017
5@2017,Kakamega2017,Optimal,2,2@2017,26,26@2017,127,47@05,5.62,74,17.4,253,140,71,(CML395/CML444)//CKDHL150340,CKDHL150340,(CML395/CML444),2017
5@2017,Kakamega2017,Optimal,1,1@2017,6,6@2017,28,47@05,5.66,73,16.8,258,146,73,(CML395/CML444)//CKDHL150340,CKDHL150340,(CML395/CML444),2017
5@2017,Kakamega2017,Optimal,2,2@2017,37,37@2017,182,48@05,8.26,72,18.1,260,139,74,(CML395/CML444)//CKDHL150341,CKDHL150341,(CML395/CML444),2017
5@2017,Kakamega2017,Optimal,1,1@2017,15,15@2017,75,48@05,4.44,73,18.4,258,148,73,(CML395/CML444)//CKDHL150341,CKDHL150341,(CML395/CML444),2017
5@2017,Kiboko2017,Optimal,1,1@2017,14,14@2017,67,48@05,4.42,55,13.3,251,145,56,(CML395/CML444)//CKDHL150341,CKDHL150341,(CML395/CML444),2017
5@2017,Kiboko2017,Optimal,2,2@2017,32,32@2017,157,48@05,5.51,56,14.1,252,145,56,(CML395/CML444)//CKDHL150341,CKDHL150341,(CML395/CML444),2017
5@2017,Kiboko2017,Optimal,1,1@2017,12,12@2017,58,49@05,7.25,57,13.6,267.5,156.5,57,(CML395/CML444)//CKDHL150342,CKDHL150342,(CML395/CML444),2017
5@2017,Kakamega2017,Optimal,1,1@2017,11,11@2017,51,49@05,6.78,73,19.4,252,141.5,73,(CML395/CML444)//CKDHL150342,CKDHL150342,(CML395/CML444),2017
5@2017,Kiboko2017,Optimal,2,2@2017,40,40@2017,196,49@05,6.63,56,14,279,164.5,57,(CML395/CML444)//CKDHL150342,CKDHL150342,(CML395/CML444),2017
5@2017,Kakamega2017,Optimal,2,2@2017,28,28@2017,140,49@05,7.39,76,17,264,151,75,(CML395/CML444)//CKDHL150342,CKDHL150342,(CML395/CML444),2017
5@2017,Kakamega2017,Optimal,2,2@2017,31,31@2017,155,50@05,8.47,74,19.7,260,155,73,(CML395/CML444)//CKDHL150343,CKDHL150343,(CML395/CML444),2017
5@2017,Kiboko2017,Optimal,1,1@2017,13,13@2017,62,50@05,7.56,58,14.6,278.5,167.5,57,(CML395/CML444)//CKDHL150343,CKDHL150343,(CML395/CML444),2017
5@2017,Kiboko2017,Optimal,2,2@2017,37,37@2017,181,50@05,8.45,58,15.8,290,172,57,(CML395/CML444)//CKDHL150343,CKDHL150343,(CML395/CML444),2017
5@2017,Kakamega2017,Optimal,1,1@2017,10,10@2017,46,50@05,10.16,71,17.5,269,156,71,(CML395/CML444)//CKDHL150343,CKDHL150343,(CML395/CML444),2017
5@2017,Kiboko2017,Optimal,2,2@2017,35,35@2017,175,51@05,6.09,57,12.4,249.5,138.5,58,(CML395/CML444)//CKDHL150346,CKDHL150346,(CML395/CML444),2017
5@2017,Kakamega2017,Optimal,2,2@2017,29,29@2017,142,51@05,6.04,72,18.3,263,146,75,(CML395/CML444)//CKDHL150346,CKDHL150346,(CML395/CML444),2017
5@2017,Kiboko2017,Optimal,1,1@2017,6,6@2017,27,51@05,7.39,59,15.6,264,153.5,59,(CML395/CML444)//CKDHL150346,CKDHL150346,(CML395/CML444),2017
5@2017,Kakamega2017,Optimal,1,1@2017,18,18@2017,87,51@05,5.75,74,18,256,146,75,(CML395/CML444)//CKDHL150346,CKDHL150346,(CML395/CML444),2017
5@2017,Kakamega2017,Optimal,1,1@2017,8,8@2017,40,52@05,7,74,20.7,255,147,73,(CML395/CML444)//CKDHL150352,CKDHL150352,(CML395/CML444),2017
5@2017,Kakamega2017,Optimal,2,2@2017,34,34@2017,167,52@05,7.47,75,21.3,256,146,74,(CML395/CML444)//CKDHL150352,CKDHL150352,(CML395/CML444),2017
5@2017,Kiboko2017,Optimal,1,1@2017,7,7@2017,34,52@05,5.84,57,14.3,250.5,141.5,57,(CML395/CML444)//CKDHL150352,CKDHL150352,(CML395/CML444),2017
5@2017,Kiboko2017,Optimal,2,2@2017,30,30@2017,147,52@05,7.22,56,14.7,244,138.5,56,(CML395/CML444)//CKDHL150352,CKDHL150352,(CML395/CML444),2017
5@2017,Kakamega2017,Optimal,2,2@2017,26,26@2017,126,53@05,6.37,76,18.4,271,156,76,(CML395/CML444)//CKDHL150353,CKDHL150353,(CML395/CML444),2017
5@2017,Kiboko2017,Optimal,1,1@2017,7,7@2017,33,53@05,6.88,58,14.3,260.5,161.5,58,(CML395/CML444)//CKDHL150353,CKDHL150353,(CML395/CML444),2017
5@2017,Kiboko2017,Optimal,2,2@2017,33,33@2017,164,53@05,6.48,58,15.1,273.5,169.5,58,(CML395/CML444)//CKDHL150353,CKDHL150353,(CML395/CML444),2017
5@2017,Kakamega2017,Optimal,1,1@2017,13,13@2017,64,53@05,7.21,76,20.4,260,158,76,(CML395/CML444)//CKDHL150353,CKDHL150353,(CML395/CML444),2017
5@2017,Kakamega2017,Optimal,1,1@2017,3,3@2017,13,54@05,7.6,76,19.5,249.5,137,74,(CML395/CML444)//CKDHL150356,CKDHL150356,(CML395/CML444),2017
5@2017,Kiboko2017,Optimal,1,1@2017,5,5@2017,25,54@05,7.49,59,16.7,268,158,58,(CML395/CML444)//CKDHL150356,CKDHL150356,(CML395/CML444),2017
5@2017,Kiboko2017,Optimal,2,2@2017,27,27@2017,133,54@05,8.55,59,18.6,263,159.5,59,(CML395/CML444)//CKDHL150356,CKDHL150356,(CML395/CML444),2017
5@2017,Kakamega2017,Optimal,2,2@2017,40,40@2017,197,54@05,7.36,75,20.3,256.5,144.5,77,(CML395/CML444)//CKDHL150356,CKDHL150356,(CML395/CML444),2017
5@2017,Kakamega2017,Optimal,1,1@2017,7,7@2017,34,55@05,9.6,74,18.3,252,155,73,(CML395/CML444)//CKDHL150367,CKDHL150367,(CML395/CML444),2017
5@2017,Kiboko2017,Optimal,1,1@2017,1,1@2017,1,55@05,7.28,58,16.2,239,150,58,(CML395/CML444)//CKDHL150367,CKDHL150367,(CML395/CML444),2017
5@2017,Kiboko2017,Optimal,2,2@2017,23,23@2017,111,55@05,5.47,56,13,263,164.5,57,(CML395/CML444)//CKDHL150367,CKDHL150367,(CML395/CML444),2017
5@2017,Kakamega2017,Optimal,2,2@2017,38,38@2017,190,55@05,8.98,71,21.2,240,144,71,(CML395/CML444)//CKDHL150367,CKDHL150367,(CML395/CML444),2017
5@2017,Kakamega2017,Optimal,2,2@2017,22,22@2017,108,56@05,7.91,71,18.2,262.5,135,72,(CML395/CML444)//CKDHL150369,CKDHL150369,(CML395/CML444),2017
5@2017,Kiboko2017,Optimal,1,1@2017,2,2@2017,6,56@05,6.63,58,15.4,251,145.5,58,(CML395/CML444)//CKDHL150369,CKDHL150369,(CML395/CML444),2017
5@2017,Kakamega2017,Optimal,1,1@2017,15,15@2017,72,56@05,6.06,71,17.5,254,139,72,(CML395/CML444)//CKDHL150369,CKDHL150369,(CML395/CML444),2017
5@2017,Kiboko2017,Optimal,2,2@2017,40,40@2017,198,56@05,7.14,58,14.9,265.5,169,57,(CML395/CML444)//CKDHL150369,CKDHL150369,(CML395/CML444),2017
5@2017,Kiboko2017,Optimal,1,1@2017,10,10@2017,49,57@05,7.43,55,15.8,293,174,57,(CML395/CML444)//CKDHL150371,CKDHL150371,(CML395/CML444),2017
5@2017,Kiboko2017,Optimal,2,2@2017,25,25@2017,125,57@05,6.92,56,15.6,281.5,165,57,(CML395/CML444)//CKDHL150371,CKDHL150371,(CML395/CML444),2017
5@2017,Kakamega2017,Optimal,2,2@2017,24,24@2017,116,57@05,9.85,71,20.7,273,155,72,(CML395/CML444)//CKDHL150371,CKDHL150371,(CML395/CML444),2017
5@2017,Kakamega2017,Optimal,1,1@2017,11,11@2017,54,57@05,5,76,25,266,152,76,(CML395/CML444)//CKDHL150371,CKDHL150371,(CML395/CML444),2017
5@2017,Kiboko2017,Optimal,2,2@2017,35,35@2017,174,58@05,6.55,58,16.4,242.5,141.5,58,(CML395/CML444)//CKDHL150372,CKDHL150372,(CML395/CML444),2017
5@2017,Kakamega2017,Optimal,2,2@2017,37,37@2017,181,58@05,8.6,73,25.2,252,143,75,(CML395/CML444)//CKDHL150372,CKDHL150372,(CML395/CML444),2017
5@2017,Kiboko2017,Optimal,1,1@2017,12,12@2017,56,58@05,7.7,57,13.1,250,151.5,59,(CML395/CML444)//CKDHL150372,CKDHL150372,(CML395/CML444),2017
5@2017,Kakamega2017,Optimal,1,1@2017,19,19@2017,94,58@05,7.38,74,18.1,245,137,74,(CML395/CML444)//CKDHL150372,CKDHL150372,(CML395/CML444),2017
5@2017,Kakamega2017,Optimal,2,2@2017,24,24@2017,117,59@05,6.79,68,18.4,263,145,69,(CML395/CML444)//CKDHL150376,CKDHL150376,(CML395/CML444),2017
5@2017,Kakamega2017,Optimal,1,1@2017,9,9@2017,43,59@05,6.05,71,16.4,243,130,73,(CML395/CML444)//CKDHL150376,CKDHL150376,(CML395/CML444),2017
5@2017,Kiboko2017,Optimal,1,1@2017,4,4@2017,20,59@05,5.05,55,12.4,266.5,148.5,55,(CML395/CML444)//CKDHL150376,CKDHL150376,(CML395/CML444),2017
5@2017,Kiboko2017,Optimal,2,2@2017,38,38@2017,188,59@05,6.61,56,16.4,268,152.5,56,(CML395/CML444)//CKDHL150376,CKDHL150376,(CML395/CML444),2017
5@2017,Kiboko2017,Optimal,2,2@2017,35,35@2017,173,60@05,7.64,56,17.1,260,156.5,58,(CML395/CML444)//CKDHL150377,CKDHL150377,(CML395/CML444),2017
5@2017,Kakamega2017,Optimal,2,2@2017,25,25@2017,124,60@05,8.01,71,21.4,256,143.5,72,(CML395/CML444)//CKDHL150377,CKDHL150377,(CML395/CML444),2017
5@2017,Kiboko2017,Optimal,1,1@2017,16,16@2017,78,60@05,8.34,56,15.8,261,153,57,(CML395/CML444)//CKDHL150377,CKDHL150377,(CML395/CML444),2017
5@2017,Kakamega2017,Optimal,1,1@2017,12,12@2017,57,60@05,9.05,72,17.8,256,153,73,(CML395/CML444)//CKDHL150377,CKDHL150377,(CML395/CML444),2017
5@2017,Kakamega2017,Optimal,1,1@2017,8,8@2017,38,61@05,7.05,68,16.2,264,146,70,(CML395/CML444)//CKDHL150378,CKDHL150378,(CML395/CML444),2017
5@2017,Kiboko2017,Optimal,1,1@2017,7,7@2017,35,61@05,5.04,55,12,256,144,55,(CML395/CML444)//CKDHL150378,CKDHL150378,(CML395/CML444),2017
5@2017,Kakamega2017,Optimal,2,2@2017,27,27@2017,134,61@05,5.44,67,16.5,260,146,69,(CML395/CML444)//CKDHL150378,CKDHL150378,(CML395/CML444),2017
5@2017,Kiboko2017,Optimal,2,2@2017,28,28@2017,140,61@05,5.71,55,14.2,255,150,56,(CML395/CML444)//CKDHL150378,CKDHL150378,(CML395/CML444),2017
5@2017,Kiboko2017,Optimal,2,2@2017,38,38@2017,186,62@05,7.02,56,15.1,248.5,140.5,55,(CML395/CML444)//CKDHL150388,CKDHL150388,(CML395/CML444),2017
5@2017,Kakamega2017,Optimal,1,1@2017,13,13@2017,65,62@05,7.46,70,19.3,238,131,70,(CML395/CML444)//CKDHL150388,CKDHL150388,(CML395/CML444),2017
5@2017,Kiboko2017,Optimal,1,1@2017,15,15@2017,72,62@05,5.91,55,14.9,243,139,54,(CML395/CML444)//CKDHL150388,CKDHL150388,(CML395/CML444),2017
5@2017,Kakamega2017,Optimal,2,2@2017,37,37@2017,185,62@05,7.78,76,19.8,250,150,75,(CML395/CML444)//CKDHL150388,CKDHL150388,(CML395/CML444),2017
5@2017,Kiboko2017,Optimal,1,1@2017,8,8@2017,38,63@05,7.35,59,14.8,262.5,169.5,59,(CML395/CML444)//CKDHL150395,CKDHL150395,(CML395/CML444),2017
5@2017,Kiboko2017,Optimal,2,2@2017,37,37@2017,182,63@05,4.7,58,12.4,266.5,161.5,58,(CML395/CML444)//CKDHL150395,CKDHL150395,(CML395/CML444),2017
5@2017,Kakamega2017,Optimal,1,1@2017,17,17@2017,82,63@05,5.58,74,17.6,248.5,142,77,(CML395/CML444)//CKDHL150395,CKDHL150395,(CML395/CML444),2017
5@2017,Kakamega2017,Optimal,2,2@2017,25,25@2017,125,63@05,6.9,71,17.8,261,147.5,73,(CML395/CML444)//CKDHL150395,CKDHL150395,(CML395/CML444),2017
5@2017,Kakamega2017,Optimal,2,2@2017,31,31@2017,151,64@05,7.09,73,18.5,271,155,75,(CML395/CML444)//CKDHL150399,CKDHL150399,(CML395/CML444),2017
5@2017,Kiboko2017,Optimal,2,2@2017,37,37@2017,183,64@05,6.14,58,12.8,266,155.5,57,(CML395/CML444)//CKDHL150399,CKDHL150399,(CML395/CML444),2017
5@2017,Kiboko2017,Optimal,1,1@2017,16,16@2017,79,64@05,9.13,57,15.7,277,158,57,(CML395/CML444)//CKDHL150399,CKDHL150399,(CML395/CML444),2017
5@2017,Kakamega2017,Optimal,1,1@2017,14,14@2017,67,64@05,5.8,75,17.5,271.5,166,75,(CML395/CML444)//CKDHL150399,CKDHL150399,(CML395/CML444),2017
5@2017,Kiboko2017,Optimal,2,2@2017,26,26@2017,127,65@05,5.19,56,13.4,278.5,161.5,57,(CML395/CML444)//CKDHL150402,CKDHL150402,(CML395/CML444),2017
5@2017,Kiboko2017,Optimal,1,1@2017,2,2@2017,9,65@05,9.26,55,16,280.5,157.5,56,(CML395/CML444)//CKDHL150402,CKDHL150402,(CML395/CML444),2017
5@2017,Kakamega2017,Optimal,1,1@2017,9,9@2017,44,65@05,5.72,75,18.3,268,158,75,(CML395/CML444)//CKDHL150402,CKDHL150402,(CML395/CML444),2017
5@2017,Kakamega2017,Optimal,2,2@2017,32,32@2017,160,65@05,9.2,72,21.2,274,164,72,(CML395/CML444)//CKDHL150402,CKDHL150402,(CML395/CML444),2017
5@2017,Kiboko2017,Optimal,1,1@2017,3,3@2017,13,66@05,7.09,55,14.9,244,141.5,55,(CML395/CML444)//CKDHL150405,CKDHL150405,(CML395/CML444),2017
5@2017,Kiboko2017,Optimal,2,2@2017,21,21@2017,104,66@05,6.3,56,13.4,261.5,154.5,56,(CML395/CML444)//CKDHL150405,CKDHL150405,(CML395/CML444),2017
5@2017,Kakamega2017,Optimal,1,1@2017,15,15@2017,74,66@05,7.25,76,19.7,254,154,76,(CML395/CML444)//CKDHL150405,CKDHL150405,(CML395/CML444),2017
5@2017,Kakamega2017,Optimal,2,2@2017,33,33@2017,165,66@05,10.09,73,20.7,256,144,72,(CML395/CML444)//CKDHL150405,CKDHL150405,(CML395/CML444),2017
5@2017,Kiboko2017,Optimal,2,2@2017,24,24@2017,120,67@05,6.81,56,15.2,228.5,123,56,(CML395/CML444)//CKDHL150419,CKDHL150419,(CML395/CML444),2017
5@2017,Kakamega2017,Optimal,1,1@2017,9,9@2017,42,67@05,6.45,77,20.2,252,138,78,(CML395/CML444)//CKDHL150419,CKDHL150419,(CML395/CML444),2017
5@2017,Kiboko2017,Optimal,1,1@2017,20,20@2017,100,67@05,5.79,56,14.6,263.5,141,58,(CML395/CML444)//CKDHL150419,CKDHL150419,(CML395/CML444),2017
5@2017,Kakamega2017,Optimal,2,2@2017,28,28@2017,136,67@05,6.62,71,18.9,254,149.5,72,(CML395/CML444)//CKDHL150419,CKDHL150419,(CML395/CML444),2017
5@2017,Kakamega2017,Optimal,2,2@2017,35,35@2017,175,68@05,10,74,17.8,267,152,73,(CML395/CML444)//CKDHL150421,CKDHL150421,(CML395/CML444),2017
5@2017,Kiboko2017,Optimal,2,2@2017,40,40@2017,197,68@05,6.01,57,14.3,279.5,172,57,(CML395/CML444)//CKDHL150421,CKDHL150421,(CML395/CML444),2017
5@2017,Kakamega2017,Optimal,1,1@2017,2,2@2017,10,68@05,8.65,73,23.6,263,149,73,(CML395/CML444)//CKDHL150421,CKDHL150421,(CML395/CML444),2017
5@2017,Kiboko2017,Optimal,1,1@2017,17,17@2017,82,68@05,7.52,57,15.7,261.5,148.5,58,(CML395/CML444)//CKDHL150421,CKDHL150421,(CML395/CML444),2017
5@2017,Kiboko2017,Optimal,2,2@2017,39,39@2017,194,69@05,7.07,58,15.4,278.5,169,57,(CML395/CML444)//CKDHL150429,CKDHL150429,(CML395/CML444),2017
5@2017,Kakamega2017,Optimal,2,2@2017,31,31@2017,154,69@05,7.78,75,18.9,251,142,74,(CML395/CML444)//CKDHL150429,CKDHL150429,(CML395/CML444),2017
5@2017,Kakamega2017,Optimal,1,1@2017,2,2@2017,6,69@05,9.09,73,19.5,255.5,152,72,(CML395/CML444)//CKDHL150429,CKDHL150429,(CML395/CML444),2017
5@2017,Kiboko2017,Optimal,1,1@2017,20,20@2017,96,69@05,6.19,57,12.5,269.5,157.5,58,(CML395/CML444)//CKDHL150429,CKDHL150429,(CML395/CML444),2017
5@2017,Kakamega2017,Optimal,1,1@2017,17,17@2017,81,70@05,7.06,68,17.9,250,136,71,(CML395/CML444)//CKDHL150432,CKDHL150432,(CML395/CML444),2017
5@2017,Kiboko2017,Optimal,1,1@2017,17,17@2017,85,70@05,6.99,55,13.7,261.5,153.5,56,(CML395/CML444)//CKDHL150432,CKDHL150432,(CML395/CML444),2017
5@2017,Kiboko2017,Optimal,2,2@2017,36,36@2017,177,70@05,7.84,56,12.5,255.5,146,56,(CML395/CML444)//CKDHL150432,CKDHL150432,(CML395/CML444),2017
5@2017,Kakamega2017,Optimal,2,2@2017,36,36@2017,179,70@05,4.96,71,20.1,252,143,70,(CML395/CML444)//CKDHL150432,CKDHL150432,(CML395/CML444),2017
5@2017,Kakamega2017,Optimal,1,1@2017,12,12@2017,56,71@05,6.13,70,19.3,262,145,72,(CML395/CML444)//CKDHL150441,CKDHL150441,(CML395/CML444),2017
5@2017,Kiboko2017,Optimal,2,2@2017,22,22@2017,106,71@05,5.4,56,13.7,275,156.5,58,(CML395/CML444)//CKDHL150441,CKDHL150441,(CML395/CML444),2017
5@2017,Kakamega2017,Optimal,2,2@2017,35,35@2017,174,71@05,7.69,71,17.7,268,153,71,(CML395/CML444)//CKDHL150441,CKDHL150441,(CML395/CML444),2017
5@2017,Kiboko2017,Optimal,1,1@2017,18,18@2017,87,71@05,6.35,56,11.9,273,150,56,(CML395/CML444)//CKDHL150441,CKDHL150441,(CML395/CML444),2017
5@2017,Kiboko2017,Optimal,2,2@2017,32,32@2017,160,72@05,7.74,57,16.6,264,155,56,(CML395/CML444)//CKDHL150443,CKDHL150443,(CML395/CML444),2017
5@2017,Kakamega2017,Optimal,1,1@2017,10,10@2017,49,72@05,5.98,73,20.7,259,147,73,(CML395/CML444)//CKDHL150443,CKDHL150443,(CML395/CML444),2017
5@2017,Kakamega2017,Optimal,2,2@2017,35,35@2017,173,72@05,6.74,75,23.2,254,145,75,(CML395/CML444)//CKDHL150443,CKDHL150443,(CML395/CML444),2017
5@2017,Kiboko2017,Optimal,1,1@2017,9,9@2017,41,72@05,7.7,57,15.9,235.5,140,56,(CML395/CML444)//CKDHL150443,CKDHL150443,(CML395/CML444),2017
5@2017,Kiboko2017,Optimal,1,1@2017,3,3@2017,12,73@05,6.49,58,11.6,273,149,57,(CML395/CML444)//CKDHL150445,CKDHL150445,(CML395/CML444),2017
5@2017,Kiboko2017,Optimal,2,2@2017,34,34@2017,166,73@05,5.99,55,13,269.5,160,56,(CML395/CML444)//CKDHL150445,CKDHL150445,(CML395/CML444),2017
5@2017,Kakamega2017,Optimal,1,1@2017,7,7@2017,32,73@05,4.33,75,18.8,247,138,76,(CML395/CML444)//CKDHL150445,CKDHL150445,(CML395/CML444),2017
5@2017,Kakamega2017,Optimal,2,2@2017,27,27@2017,135,73@05,5.52,73,19.4,260,146,73,(CML395/CML444)//CKDHL150445,CKDHL150445,(CML395/CML444),2017
5@2017,Kiboko2017,Optimal,2,2@2017,28,28@2017,136,74@05,6.29,55,15.1,271.5,154,55,(CML395/CML444)//CKDHL150446,CKDHL150446,(CML395/CML444),2017
5@2017,Kakamega2017,Optimal,1,1@2017,16,16@2017,79,74@05,7.5,71,20.8,261,155.5,71,(CML395/CML444)//CKDHL150446,CKDHL150446,(CML395/CML444),2017
5@2017,Kakamega2017,Optimal,2,2@2017,28,28@2017,139,74@05,4.78,73,17.2,258,144,73,(CML395/CML444)//CKDHL150446,CKDHL150446,(CML395/CML444),2017
5@2017,Kiboko2017,Optimal,1,1@2017,8,8@2017,39,74@05,6.57,56,14.3,233.5,151,56,(CML395/CML444)//CKDHL150446,CKDHL150446,(CML395/CML444),2017
5@2017,Kakamega2017,Optimal,2,2@2017,40,40@2017,200,75@05,3.22,71,21.6,254,140.5,73,(CML395/CML444)//CKDHL150455,CKDHL150455,(CML395/CML444),2017
5@2017,Kiboko2017,Optimal,2,2@2017,29,29@2017,144,75@05,6.45,56,13.3,239,141,56,(CML395/CML444)//CKDHL150455,CKDHL150455,(CML395/CML444),2017
5@2017,Kiboko2017,Optimal,1,1@2017,4,4@2017,16,75@05,5.39,55,12.5,267,144.5,56,(CML395/CML444)//CKDHL150455,CKDHL150455,(CML395/CML444),2017
5@2017,Kakamega2017,Optimal,1,1@2017,5,5@2017,23,75@05,4.65,72,24.5,262,147,73,(CML395/CML444)//CKDHL150455,CKDHL150455,(CML395/CML444),2017
5@2017,Kakamega2017,Optimal,1,1@2017,5,5@2017,24,76@05,8.29,74,17.8,249.5,136,74,(CML395/CML444)//CKDHL150456,CKDHL150456,(CML395/CML444),2017
5@2017,Kiboko2017,Optimal,1,1@2017,6,6@2017,28,76@05,6.82,56,16.8,257,157.5,56,(CML395/CML444)//CKDHL150456,CKDHL150456,(CML395/CML444),2017
5@2017,Kiboko2017,Optimal,2,2@2017,26,26@2017,129,76@05,5.45,55,14.6,265.5,157,55,(CML395/CML444)//CKDHL150456,CKDHL150456,(CML395/CML444),2017
5@2017,Kakamega2017,Optimal,2,2@2017,31,31@2017,153,76@05,7.35,71,21.5,258,148,72,(CML395/CML444)//CKDHL150456,CKDHL150456,(CML395/CML444),2017
5@2017,Kiboko2017,Optimal,2,2@2017,27,27@2017,131,77@05,4.83,56,13.7,264.5,143.5,57,(CML395/CML444)//CKDHL150457,CKDHL150457,(CML395/CML444),2017
5@2017,Kakamega2017,Optimal,1,1@2017,13,13@2017,61,77@05,4.76,75,20,265,147,75,(CML395/CML444)//CKDHL150457,CKDHL150457,(CML395/CML444),2017
5@2017,Kakamega2017,Optimal,2,2@2017,32,32@2017,159,77@05,5.04,73,22.1,256,148.5,73,(CML395/CML444)//CKDHL150457,CKDHL150457,(CML395/CML444),2017
5@2017,Kiboko2017,Optimal,1,1@2017,6,6@2017,30,77@05,6.14,59,14.5,257.5,145.5,58,(CML395/CML444)//CKDHL150457,CKDHL150457,(CML395/CML444),2017
5@2017,Kiboko2017,Optimal,2,2@2017,34,34@2017,167,78@05,5.97,55,14.1,235.5,151.5,56,(CML395/CML444)//CKDHL150473,CKDHL150473,(CML395/CML444),2017
5@2017,Kiboko2017,Optimal,1,1@2017,9,9@2017,43,78@05,6.08,57,14.1,267.5,162.5,58,(CML395/CML444)//CKDHL150473,CKDHL150473,(CML395/CML444),2017
5@2017,Kakamega2017,Optimal,1,1@2017,4,4@2017,19,78@05,7.2,71,18,261,153,71,(CML395/CML444)//CKDHL150473,CKDHL150473,(CML395/CML444),2017
5@2017,Kakamega2017,Optimal,2,2@2017,29,29@2017,141,78@05,7.46,70,17.7,253,139,71,(CML395/CML444)//CKDHL150473,CKDHL150473,(CML395/CML444),2017
5@2017,Kiboko2017,Optimal,2,2@2017,33,33@2017,165,79@05,7.42,56,14.3,268,161.5,55,(CML395/CML444)//CKDHL150480,CKDHL150480,(CML395/CML444),2017
5@2017,Kakamega2017,Optimal,2,2@2017,27,27@2017,132,79@05,9.68,70,17.5,261,144,69,(CML395/CML444)//CKDHL150480,CKDHL150480,(CML395/CML444),2017
5@2017,Kakamega2017,Optimal,1,1@2017,16,16@2017,77,79@05,8.74,74,18.7,256,156,74,(CML395/CML444)//CKDHL150480,CKDHL150480,(CML395/CML444),2017
5@2017,Kiboko2017,Optimal,1,1@2017,9,9@2017,45,79@05,6.12,56,13.5,261.5,158,56,(CML395/CML444)//CKDHL150480,CKDHL150480,(CML395/CML444),2017
5@2017,Kiboko2017,Optimal,2,2@2017,31,31@2017,152,80@05,5.91,57,14.5,241,143,57,(CML395/CML444)//CKDHL150481,CKDHL150481,(CML395/CML444),2017
5@2017,Kiboko2017,Optimal,1,1@2017,13,13@2017,65,80@05,6.16,57,13.4,252,151.5,57,(CML395/CML444)//CKDHL150481,CKDHL150481,(CML395/CML444),2017
5@2017,Kakamega2017,Optimal,2,2@2017,26,26@2017,128,80@05,5.51,71,16.8,243,139,72,(CML395/CML444)//CKDHL150481,CKDHL150481,(CML395/CML444),2017
5@2017,Kakamega2017,Optimal,1,1@2017,8,8@2017,39,80@05,8.53,72,18.7,245,148,73,(CML395/CML444)//CKDHL150481,CKDHL150481,(CML395/CML444),2017
5@2017,Kiboko2017,Optimal,2,2@2017,28,28@2017,138,81@05,6.92,56,16.9,269.5,148,56,(CML395/CML444)//CKDHL150486,CKDHL150486,(CML395/CML444),2017
5@2017,Kakamega2017,Optimal,2,2@2017,29,29@2017,143,81@05,7.3,73,19,254,143,73,(CML395/CML444)//CKDHL150486,CKDHL150486,(CML395/CML444),2017
5@2017,Kakamega2017,Optimal,1,1@2017,10,10@2017,50,81@05,6.71,75,20.1,251,149,76,(CML395/CML444)//CKDHL150486,CKDHL150486,(CML395/CML444),2017
5@2017,Kiboko2017,Optimal,1,1@2017,20,20@2017,97,81@05,7.56,57,14.6,263.5,157,58,(CML395/CML444)//CKDHL150486,CKDHL150486,(CML395/CML444),2017
5@2017,Kakamega2017,Optimal,2,2@2017,23,23@2017,113,82@05,6.1,74,27.7,250,133,75,(CML395/CML444)//CKDHL150492,CKDHL150492,(CML395/CML444),2017
5@2017,Kiboko2017,Optimal,2,2@2017,32,32@2017,158,82@05,5.18,56,15.4,246,138.5,57,(CML395/CML444)//CKDHL150492,CKDHL150492,(CML395/CML444),2017
5@2017,Kakamega2017,Optimal,1,1@2017,1,1@2017,5,82@05,7.93,73,20.6,250,135.5,75,(CML395/CML444)//CKDHL150492,CKDHL150492,(CML395/CML444),2017
5@2017,Kiboko2017,Optimal,1,1@2017,19,19@2017,95,82@05,5.62,58,13.8,243,135.5,60,(CML395/CML444)//CKDHL150492,CKDHL150492,(CML395/CML444),2017
5@2017,Kiboko2017,Optimal,1,1@2017,20,20@2017,99,83@05,5.46,54,14.1,237.5,131.5,56,(CML395/CML444)//CKDHL150494,CKDHL150494,(CML395/CML444),2017
5@2017,Kakamega2017,Optimal,1,1@2017,17,17@2017,84,83@05,6.71,68,18.1,244,130,70,(CML395/CML444)//CKDHL150494,CKDHL150494,(CML395/CML444),2017
5@2017,Kakamega2017,Optimal,2,2@2017,38,38@2017,187,83@05,4.79,71,19.6,241,129,73,(CML395/CML444)//CKDHL150494,CKDHL150494,(CML395/CML444),2017
5@2017,Kiboko2017,Optimal,2,2@2017,38,38@2017,187,83@05,6.09,55,14.3,248.5,145.5,56,(CML395/CML444)//CKDHL150494,CKDHL150494,(CML395/CML444),2017
5@2017,Kakamega2017,Optimal,2,2@2017,34,34@2017,170,84@05,5.9,69,19.6,259,150,71,(CML395/CML444)//CKDHL150495,CKDHL150495,(CML395/CML444),2017
5@2017,Kiboko2017,Optimal,1,1@2017,3,3@2017,15,84@05,5.71,55,12.9,274.5,158.5,55,(CML395/CML444)//CKDHL150495,CKDHL150495,(CML395/CML444),2017
5@2017,Kakamega2017,Optimal,1,1@2017,14,14@2017,66,84@05,4.59,71,17.6,260,141,72,(CML395/CML444)//CKDHL150495,CKDHL150495,(CML395/CML444),2017
5@2017,Kiboko2017,Optimal,2,2@2017,37,37@2017,185,84@05,5.61,55,12.2,259,147.5,56,(CML395/CML444)//CKDHL150495,CKDHL150495,(CML395/CML444),2017
5@2017,Kakamega2017,Optimal,2,2@2017,25,25@2017,121,85@05,6.36,71,17.9,271,161,71,(CML395/CML444)//CKDHL150498,CKDHL150498,(CML395/CML444),2017
5@2017,Kakamega2017,Optimal,1,1@2017,4,4@2017,20,85@05,6.35,72,21.7,250,146,73,(CML395/CML444)//CKDHL150498,CKDHL150498,(CML395/CML444),2017
5@2017,Kiboko2017,Optimal,2,2@2017,36,36@2017,180,85@05,5.84,57,14.7,273.5,157,57,(CML395/CML444)//CKDHL150498,CKDHL150498,(CML395/CML444),2017
5@2017,Kiboko2017,Optimal,1,1@2017,20,20@2017,98,85@05,6.59,58,15.2,271.5,165.5,58,(CML395/CML444)//CKDHL150498,CKDHL150498,(CML395/CML444),2017
5@2017,Kiboko2017,Optimal,1,1@2017,16,16@2017,76,86@05,8.1,55,15.5,260.7,154,57,(CML395/CML444)//CKDHL150499,CKDHL150499,(CML395/CML444),2017
5@2017,Kakamega2017,Optimal,2,2@2017,27,27@2017,131,86@05,7.08,70,18.6,260,133,71,(CML395/CML444)//CKDHL150499,CKDHL150499,(CML395/CML444),2017
5@2017,Kakamega2017,Optimal,1,1@2017,10,10@2017,48,86@05,6.8,72,20,258,144,73,(CML395/CML444)//CKDHL150499,CKDHL150499,(CML395/CML444),2017
5@2017,Kiboko2017,Optimal,2,2@2017,21,21@2017,102,86@05,5.78,56,14.3,262,161.5,56,(CML395/CML444)//CKDHL150499,CKDHL150499,(CML395/CML444),2017
5@2017,Kakamega2017,Optimal,1,1@2017,20,20@2017,100,87@05,7.56,69,19.7,255,143,70,(CML395/CML444)//CKDHL150504,CKDHL150504,(CML395/CML444),2017
5@2017,Kiboko2017,Optimal,1,1@2017,6,6@2017,29,87@05,6.56,57,13,271,159,58,(CML395/CML444)//CKDHL150504,CKDHL150504,(CML395/CML444),2017
5@2017,Kakamega2017,Optimal,2,2@2017,29,29@2017,144,87@05,6.26,71,17.6,260,150,73,(CML395/CML444)//CKDHL150504,CKDHL150504,(CML395/CML444),2017
5@2017,Kiboko2017,Optimal,2,2@2017,33,33@2017,161,87@05,5.39,55,13.3,263.5,148.5,57,(CML395/CML444)//CKDHL150504,CKDHL150504,(CML395/CML444),2017
5@2017,Kiboko2017,Optimal,1,1@2017,11,11@2017,53,88@05,7.49,58,14.1,256.5,153,58,(CML395/CML444)//CKDHL150512,CKDHL150512,(CML395/CML444),2017
5@2017,Kiboko2017,Optimal,2,2@2017,30,30@2017,146,88@05,7.81,59,17.9,259,151,58,(CML395/CML444)//CKDHL150512,CKDHL150512,(CML395/CML444),2017
5@2017,Kakamega2017,Optimal,1,1@2017,16,16@2017,80,88@05,8.38,74,19.2,280,166,74,(CML395/CML444)//CKDHL150512,CKDHL150512,(CML395/CML444),2017
5@2017,Kakamega2017,Optimal,2,2@2017,26,26@2017,130,88@05,6.17,76,18.5,265,146,76,(CML395/CML444)//CKDHL150512,CKDHL150512,(CML395/CML444),2017
5@2017,Kiboko2017,Optimal,1,1@2017,14,14@2017,70,89@05,7.93,57,13.4,279,162.5,57,(CML395/CML444)//CKDHL150513,CKDHL150513,(CML395/CML444),2017
5@2017,Kiboko2017,Optimal,2,2@2017,24,24@2017,119,89@05,6.09,57,13.6,248,151,58,(CML395/CML444)//CKDHL150513,CKDHL150513,(CML395/CML444),2017
5@2017,Kakamega2017,Optimal,1,1@2017,2,2@2017,9,89@05,6.37,75,19.9,255,148,75,(CML395/CML444)//CKDHL150513,CKDHL150513,(CML395/CML444),2017
5@2017,Kakamega2017,Optimal,2,2@2017,21,21@2017,101,89@05,5.38,71,25.4,266,151,73,(CML395/CML444)//CKDHL150513,CKDHL150513,(CML395/CML444),2017
5@2017,Kiboko2017,Optimal,1,1@2017,8,8@2017,37,90@05,4.36,55,12.2,240,143,56,(CML395/CML444)//CKDHL150514,CKDHL150514,(CML395/CML444),2017
5@2017,Kakamega2017,Optimal,1,1@2017,3,3@2017,12,90@05,5.88,73,18.5,237.5,118,73,(CML395/CML444)//CKDHL150514,CKDHL150514,(CML395/CML444),2017
5@2017,Kakamega2017,Optimal,2,2@2017,36,36@2017,180,90@05,7.94,73,19.4,264,148,74,(CML395/CML444)//CKDHL150514,CKDHL150514,(CML395/CML444),2017
5@2017,Kiboko2017,Optimal,2,2@2017,31,31@2017,151,90@05,4.62,56,12.8,242,142,57,(CML395/CML444)//CKDHL150514,CKDHL150514,(CML395/CML444),2017
5@2017,Kiboko2017,Optimal,2,2@2017,31,31@2017,155,91@05,6.83,55,13.5,256,145,55,(CML395/CML444)//CKDHL150515,CKDHL150515,(CML395/CML444),2017
5@2017,Kakamega2017,Optimal,1,1@2017,18,18@2017,90,91@05,7.92,74,18.4,245,145,73,(CML395/CML444)//CKDHL150515,CKDHL150515,(CML395/CML444),2017
5@2017,Kiboko2017,Optimal,1,1@2017,16,16@2017,77,91@05,8.09,57,15.3,266.5,158,55,(CML395/CML444)//CKDHL150515,CKDHL150515,(CML395/CML444),2017
5@2017,Kakamega2017,Optimal,2,2@2017,21,21@2017,105,91@05,6.42,70,23.5,259,145,69,(CML395/CML444)//CKDHL150515,CKDHL150515,(CML395/CML444),2017
5@2017,Kiboko2017,Optimal,1,1@2017,19,19@2017,91,92@05,5.1,56,13.9,251,140,56,(CML395/CML444)//CKDHL150517,CKDHL150517,(CML395/CML444),2017
5@2017,Kakamega2017,Optimal,1,1@2017,1,1@2017,2,92@05,4.02,72,25.4,242,140,73,(CML395/CML444)//CKDHL150517,CKDHL150517,(CML395/CML444),2017
5@2017,Kakamega2017,Optimal,2,2@2017,22,22@2017,106,92@05,4.46,70,15.6,247,140,71,(CML395/CML444)//CKDHL150517,CKDHL150517,(CML395/CML444),2017
5@2017,Kiboko2017,Optimal,2,2@2017,24,24@2017,117,92@05,4.29,56,13.1,255.5,149.5,56,(CML395/CML444)//CKDHL150517,CKDHL150517,(CML395/CML444),2017
5@2017,Kakamega2017,Optimal,2,2@2017,32,32@2017,156,93@05,7.48,75,19.7,261,152,75,(CML395/CML444)//CKDHL150524,CKDHL150524,(CML395/CML444),2017
5@2017,Kiboko2017,Optimal,2,2@2017,39,39@2017,193,93@05,6.72,58,13.2,273.5,179,58,(CML395/CML444)//CKDHL150524,CKDHL150524,(CML395/CML444),2017
5@2017,Kiboko2017,Optimal,1,1@2017,2,2@2017,10,93@05,6.35,59,14.6,262.5,166.5,58,(CML395/CML444)//CKDHL150524,CKDHL150524,(CML395/CML444),2017
5@2017,Kakamega2017,Optimal,1,1@2017,19,19@2017,91,93@05,9.37,74,19.6,256,158,74,(CML395/CML444)//CKDHL150524,CKDHL150524,(CML395/CML444),2017
5@2017,Kakamega2017,Optimal,2,2@2017,37,37@2017,183,94@05,6.15,72,18,251,139,73,(CML395/CML444)//CKDHL150528,CKDHL150528,(CML395/CML444),2017
5@2017,Kakamega2017,Optimal,1,1@2017,16,16@2017,76,94@05,5.85,72,19.2,263,149,72,(CML395/CML444)//CKDHL150528,CKDHL150528,(CML395/CML444),2017
5@2017,Kiboko2017,Optimal,1,1@2017,17,17@2017,81,94@05,5.94,56,16.5,240,135,56,(CML395/CML444)//CKDHL150528,CKDHL150528,(CML395/CML444),2017
5@2017,Kiboko2017,Optimal,2,2@2017,25,25@2017,122,94@05,8.4,54,14.4,247.5,137.5,54,(CML395/CML444)//CKDHL150528,CKDHL150528,(CML395/CML444),2017
5@2017,Kakamega2017,Optimal,2,2@2017,40,40@2017,198,95@05,7.4,74,19.9,270,159,76,H517,H517,,2017
5@2017,Kiboko2017,Optimal,2,2@2017,32,32@2017,159,95@05,7.16,61,13.7,280.5,163,62,H517,H517,,2017
5@2017,Kakamega2017,Optimal,1,1@2017,7,7@2017,31,95@05,6.81,78,18.1,265,151,78,H517,H517,,2017
5@2017,Kiboko2017,Optimal,1,1@2017,9,9@2017,42,95@05,6.54,60,13.2,291.5,179,62,H517,H517,,2017
5@2017,Kiboko2017,Optimal,2,2@2017,26,26@2017,126,96@05,7.21,55,12.4,274.5,131,58,Pioneer 30G19,Pioneer 30G19,,2017
5@2017,Kiboko2017,Optimal,1,1@2017,12,12@2017,59,96@05,4.98,56,12,278.5,130,59,Pioneer 30G19,Pioneer 30G19,,2017
5@2017,Kakamega2017,Optimal,2,2@2017,33,33@2017,164,96@05,6.84,72,21.2,264,142,73,Pioneer 30G19,Pioneer 30G19,,2017
5@2017,Kakamega2017,Optimal,1,1@2017,19,19@2017,95,96@05,6.66,68,20.2,250,126,72,Pioneer 30G19,Pioneer 30G19,,2017
5@2017,Kakamega2017,Optimal,2,2@2017,38,38@2017,186,97@05,8.91,74,19.8,275,152,73,WH505,WH505,,2017
5@2017,Kakamega2017,Optimal,1,1@2017,7,7@2017,33,97@05,9.73,75,17.9,278,156,75,WH505,WH505,,2017
5@2017,Kiboko2017,Optimal,2,2@2017,30,30@2017,148,97@05,8.92,60,14.5,280,157,59,WH505,WH505,,2017
5@2017,Kiboko2017,Optimal,1,1@2017,18,18@2017,89,97@05,5.52,61,12.7,282,143,61,WH505,WH505,,2017
5@2017,Kakamega2017,Optimal,1,1@2017,1,1@2017,1,98@05,5.32,70,19.9,250.5,139,72,DK 8031,DK 8031,,2017
5@2017,Kakamega2017,Optimal,2,2@2017,25,25@2017,123,98@05,6.07,70,19.8,254,143,73,DK 8031,DK 8031,,2017
5@2017,Kiboko2017,Optimal,2,2@2017,28,28@2017,137,98@05,5.48,55,11.9,262,138,57,DK 8031,DK 8031,,2017
5@2017,Kiboko2017,Optimal,1,1@2017,19,19@2017,92,98@05,5.71,56,12.4,263,143,58,DK 8031,DK 8031,,2017
5@2017,Kakamega2017,Optimal,1,1@2017,3,3@2017,11,99@05,7.28,71,19.9,250,157,70,PAN 4M19,PAN 4M19,,2017
5@2017,Kakamega2017,Optimal,2,2@2017,38,38@2017,189,99@05,7.13,69,15.6,239,132,71,PAN 4M19,PAN 4M19,,2017
5@2017,Kiboko2017,Optimal,2,2@2017,29,29@2017,143,99@05,5.04,54,11,249.5,123,55,PAN 4M19,PAN 4M19,,2017
5@2017,Kiboko2017,Optimal,1,1@2017,7,7@2017,31,99@05,6.21,53,11,245,131.5,55,PAN 4M19,PAN 4M19,,2017
5@2017,Kiboko2017,Optimal,2,2@2017,27,27@2017,135,100@05,5.21,53,14.5,265.5,135,55,DH04,DH04,,2017
5@2017,Kiboko2017,Optimal,1,1@2017,16,16@2017,80,100@05,5.02,56,15.8,269.5,139.5,57,DH04,DH04,,2017
5@2017,Kakamega2017,Optimal,2,2@2017,30,30@2017,149,100@05,3.83,71,18.9,252,140,72,DH04,DH04,,2017
5@2017,Kakamega2017,Optimal,1,1@2017,6,6@2017,26,100@05,5.2,72,16.2,258,147,72,DH04,DH04,,2017
6@2017,Kakamega2017,Optimal,1,1@2017,16,16@2017,80,1@06,2.26,78,20.8,236.5,128,79,(CML395/CML444)//CKDHL150708,CKDHL150708,(CML395/CML444),2017
6@2017,Kakamega2017,Optimal,2,2@2017,44,44@2017,220,1@06,3.42,75,20.3,192.5,88,77,(CML395/CML444)//CKDHL150708,CKDHL150708,(CML395/CML444),2017
6@2017,Kiboko2017,Optimal,1,1@2017,23,23@2017,115,1@06,7.12,55,14.1,264,139,57,(CML395/CML444)//CKDHL150708,CKDHL150708,(CML395/CML444),2017
6@2017,Kiboko2017,Optimal,2,2@2017,33,33@2017,161,1@06,4.88,56,14.8,213.5,106.5,60,(CML395/CML444)//CKDHL150708,CKDHL150708,(CML395/CML444),2017
6@2017,Kiboko2017,Optimal,1,1@2017,2,2@2017,10,2@06,6.12,55,12,217.5,117,59,(CML395/CML444)//CKDHL150709,CKDHL150709,(CML395/CML444),2017
6@2017,Kakamega2017,Optimal,1,1@2017,6,6@2017,30,2@06,1.38,80,18.4,203,108,81,(CML395/CML444)//CKDHL150709,CKDHL150709,(CML395/CML444),2017
6@2017,Kiboko2017,Optimal,2,2@2017,38,38@2017,188,2@06,6.35,56,13.5,264.5,130.5,59,(CML395/CML444)//CKDHL150709,CKDHL150709,(CML395/CML444),2017
6@2017,Kakamega2017,Optimal,2,2@2017,40,40@2017,199,2@06,2.34,75,19.9,231,122,80,(CML395/CML444)//CKDHL150709,CKDHL150709,(CML395/CML444),2017
6@2017,Kakamega2017,Optimal,2,2@2017,51,51@2017,255,3@06,2.22,79,26.2,236,133,81,(CML395/CML444)//CKDHL150711,CKDHL150711,(CML395/CML444),2017
6@2017,Kakamega2017,Optimal,1,1@2017,21,21@2017,101,3@06,4.95,78,19.9,250,140,78,(CML395/CML444)//CKDHL150711,CKDHL150711,(CML395/CML444),2017
6@2017,Kiboko2017,Optimal,2,2@2017,51,51@2017,253,3@06,5.11,57,13.2,234,135,58,(CML395/CML444)//CKDHL150711,CKDHL150711,(CML395/CML444),2017
6@2017,Kiboko2017,Optimal,1,1@2017,5,5@2017,23,3@06,8.26,58,13.5,240,141,56,(CML395/CML444)//CKDHL150711,CKDHL150711,(CML395/CML444),2017
6@2017,Kiboko2017,Optimal,1,1@2017,24,24@2017,118,4@06,6.62,55,14.4,260,155.5,57,(CML395/CML444)//CKDHL150714,CKDHL150714,(CML395/CML444),2017
6@2017,Kiboko2017,Optimal,2,2@2017,44,44@2017,220,4@06,8.28,56,15,277,159,56,(CML395/CML444)//CKDHL150714,CKDHL150714,(CML395/CML444),2017
6@2017,Kakamega2017,Optimal,1,1@2017,14,14@2017,68,4@06,2.74,80,22.1,224,110,80,(CML395/CML444)//CKDHL150714,CKDHL150714,(CML395/CML444),2017
6@2017,Kakamega2017,Optimal,2,2@2017,51,51@2017,253,4@06,4.18,76,22.9,204,111,79,(CML395/CML444)//CKDHL150714,CKDHL150714,(CML395/CML444),2017
6@2017,Kiboko2017,Optimal,2,2@2017,50,50@2017,249,5@06,5.87,56,15.2,240.5,127,57,(CML395/CML444)//CKDHL150730,CKDHL150730,(CML395/CML444),2017
6@2017,Kiboko2017,Optimal,1,1@2017,3,3@2017,13,5@06,6,54,12.5,219.5,115.5,55,(CML395/CML444)//CKDHL150730,CKDHL150730,(CML395/CML444),2017
6@2017,Kakamega2017,Optimal,1,1@2017,12,12@2017,56,5@06,3.36,75,19.2,245,127,78,(CML395/CML444)//CKDHL150730,CKDHL150730,(CML395/CML444),2017
6@2017,Kakamega2017,Optimal,2,2@2017,31,31@2017,152,5@06,2.16,75,18.1,245,130,79,(CML395/CML444)//CKDHL150730,CKDHL150730,(CML395/CML444),2017
6@2017,Kiboko2017,Optimal,2,2@2017,28,28@2017,138,6@06,5.34,57,13.2,282,150.5,58,(CML395/CML444)//CKDHL150732,CKDHL150732,(CML395/CML444),2017
6@2017,Kakamega2017,Optimal,2,2@2017,42,42@2017,206,6@06,2.99,79,19.2,224,121,80,(CML395/CML444)//CKDHL150732,CKDHL150732,(CML395/CML444),2017
6@2017,Kiboko2017,Optimal,1,1@2017,5,5@2017,21,6@06,5.62,56,14.5,238,130.5,56,(CML395/CML444)//CKDHL150732,CKDHL150732,(CML395/CML444),2017
6@2017,Kakamega2017,Optimal,1,1@2017,6,6@2017,26,6@06,2.96,73,26.1,239,128,74,(CML395/CML444)//CKDHL150732,CKDHL150732,(CML395/CML444),2017
6@2017,Kakamega2017,Optimal,2,2@2017,38,38@2017,186,7@06,5.26,72,22,220,119,73,(CML395/CML444)//CKDHL150733,CKDHL150733,(CML395/CML444),2017
6@2017,Kiboko2017,Optimal,1,1@2017,6,6@2017,29,7@06,6.19,55,13.1,225,119,57,(CML395/CML444)//CKDHL150733,CKDHL150733,(CML395/CML444),2017
6@2017,Kiboko2017,Optimal,2,2@2017,50,50@2017,250,7@06,6.69,54,14.5,247,128.5,58,(CML395/CML444)//CKDHL150733,CKDHL150733,(CML395/CML444),2017
6@2017,Kakamega2017,Optimal,1,1@2017,3,3@2017,13,7@06,3.84,75,29.1,214,108,75,(CML395/CML444)//CKDHL150733,CKDHL150733,(CML395/CML444),2017
6@2017,Kiboko2017,Optimal,2,2@2017,30,30@2017,148,8@06,6.18,56,14.3,247,133.5,58,(CML395/CML444)//CKDHL150736,CKDHL150736,(CML395/CML444),2017
6@2017,Kakamega2017,Optimal,2,2@2017,49,49@2017,243,8@06,4.78,75,23.1,249,138,75,(CML395/CML444)//CKDHL150736,CKDHL150736,(CML395/CML444),2017
6@2017,Kakamega2017,Optimal,1,1@2017,3,3@2017,14,8@06,2.77,76,20.5,238,129,79,(CML395/CML444)//CKDHL150736,CKDHL150736,(CML395/CML444),2017
6@2017,Kiboko2017,Optimal,1,1@2017,20,20@2017,97,8@06,6.28,57,13.8,244,134.5,58,(CML395/CML444)//CKDHL150736,CKDHL150736,(CML395/CML444),2017
6@2017,Kiboko2017,Optimal,1,1@2017,26,26@2017,129,9@06,7.31,55,14.4,245.5,136.5,56,(CML395/CML444)//CKDHL150738,CKDHL150738,(CML395/CML444),2017
6@2017,Kiboko2017,Optimal,2,2@2017,40,40@2017,197,9@06,7.55,56,15.1,277.5,163,57,(CML395/CML444)//CKDHL150738,CKDHL150738,(CML395/CML444),2017
6@2017,Kakamega2017,Optimal,1,1@2017,20,20@2017,99,9@06,4.77,71,17.4,239,129,74,(CML395/CML444)//CKDHL150738,CKDHL150738,(CML395/CML444),2017
6@2017,Kakamega2017,Optimal,2,2@2017,51,51@2017,254,9@06,3.14,75,19.1,223,121,75,(CML395/CML444)//CKDHL150738,CKDHL150738,(CML395/CML444),2017
6@2017,Kiboko2017,Optimal,2,2@2017,37,37@2017,182,10@06,6.6,57,14.7,265,140,57,(CML395/CML444)//CKDHL150740,CKDHL150740,(CML395/CML444),2017
6@2017,Kiboko2017,Optimal,1,1@2017,22,22@2017,110,10@06,6.79,57,15.1,217,120.5,58,(CML395/CML444)//CKDHL150740,CKDHL150740,(CML395/CML444),2017
6@2017,Kakamega2017,Optimal,1,1@2017,6,6@2017,27,10@06,2.56,78,27.6,235,127,80,(CML395/CML444)//CKDHL150740,CKDHL150740,(CML395/CML444),2017
6@2017,Kakamega2017,Optimal,2,2@2017,32,32@2017,157,10@06,5.58,78,17.9,233,121,78,(CML395/CML444)//CKDHL150740,CKDHL150740,(CML395/CML444),2017
6@2017,Kakamega2017,Optimal,2,2@2017,33,33@2017,163,11@06,2.38,78,20.2,234,133,79,(CML395/CML444)//CKDHL150751,CKDHL150751,(CML395/CML444),2017
6@2017,Kakamega2017,Optimal,1,1@2017,18,18@2017,90,11@06,2.78,78,21.6,232,121,79,(CML395/CML444)//CKDHL150751,CKDHL150751,(CML395/CML444),2017
6@2017,Kiboko2017,Optimal,2,2@2017,34,34@2017,166,11@06,6.77,59,15.3,225,135,59,(CML395/CML444)//CKDHL150751,CKDHL150751,(CML395/CML444),2017
6@2017,Kiboko2017,Optimal,1,1@2017,7,7@2017,34,11@06,7.35,55,13,252.5,147,56,(CML395/CML444)//CKDHL150751,CKDHL150751,(CML395/CML444),2017
6@2017,Kakamega2017,Optimal,2,2@2017,34,34@2017,169,12@06,3.03,79,17.5,239,127,78,(CML395/CML444)//CKDHL150757,CKDHL150757,(CML395/CML444),2017
6@2017,Kakamega2017,Optimal,1,1@2017,5,5@2017,21,12@06,3.65,74,22.7,231,126,75,(CML395/CML444)//CKDHL150757,CKDHL150757,(CML395/CML444),2017
6@2017,Kiboko2017,Optimal,1,1@2017,22,22@2017,109,12@06,6.85,55,15.6,235,124,57,(CML395/CML444)//CKDHL150757,CKDHL150757,(CML395/CML444),2017
6@2017,Kiboko2017,Optimal,2,2@2017,41,41@2017,202,12@06,9.43,54,13,264,136,56,(CML395/CML444)//CKDHL150757,CKDHL150757,(CML395/CML444),2017
6@2017,Kakamega2017,Optimal,2,2@2017,30,30@2017,149,13@06,4.33,75,20.1,239,118,75,(CML395/CML444)//CKDHL150769,CKDHL150769,(CML395/CML444),2017
6@2017,Kiboko2017,Optimal,2,2@2017,30,30@2017,146,13@06,7.31,55,12.4,244,128,55,(CML395/CML444)//CKDHL150769,CKDHL150769,(CML395/CML444),2017
6@2017,Kakamega2017,Optimal,1,1@2017,23,23@2017,112,13@06,3.91,75,24.9,258,145,75,(CML395/CML444)//CKDHL150769,CKDHL150769,(CML395/CML444),2017
6@2017,Kiboko2017,Optimal,1,1@2017,2,2@2017,8,13@06,4.96,55,13.4,219,119,55,(CML395/CML444)//CKDHL150769,CKDHL150769,(CML395/CML444),2017
6@2017,Kakamega2017,Optimal,2,2@2017,48,48@2017,240,14@06,3.83,74,23.5,218.5,115,75,(CML395/CML444)//CKDHL150784,CKDHL150784,(CML395/CML444),2017
6@2017,Kiboko2017,Optimal,2,2@2017,52,52@2017,259,14@06,5.33,57,12.9,219,110,61,(CML395/CML444)//CKDHL150784,CKDHL150784,(CML395/CML444),2017
6@2017,Kiboko2017,Optimal,1,1@2017,8,8@2017,40,14@06,3.81,55,14.7,234.5,114.5,60,(CML395/CML444)//CKDHL150784,CKDHL150784,(CML395/CML444),2017
6@2017,Kakamega2017,Optimal,1,1@2017,12,12@2017,59,14@06,7.02,76,20.7,239,134,76,(CML395/CML444)//CKDHL150784,CKDHL150784,(CML395/CML444),2017
6@2017,Kiboko2017,Optimal,1,1@2017,12,12@2017,58,15@06,8.29,56,13.1,258,144.5,57,(CML395/CML444)//CKDHL150786,CKDHL150786,(CML395/CML444),2017
6@2017,Kakamega2017,Optimal,2,2@2017,41,41@2017,203,15@06,3.7,80,23,230,122,80,(CML395/CML444)//CKDHL150786,CKDHL150786,(CML395/CML444),2017
6@2017,Kiboko2017,Optimal,2,2@2017,40,40@2017,199,15@06,8.73,56,14.3,285.5,164.5,55,(CML395/CML444)//CKDHL150786,CKDHL150786,(CML395/CML444),2017
6@2017,Kakamega2017,Optimal,1,1@2017,9,9@2017,45,15@06,5.5,76,24,228,130,76,(CML395/CML444)//CKDHL150786,CKDHL150786,(CML395/CML444),2017
6@2017,Kiboko2017,Optimal,2,2@2017,46,46@2017,227,16@06,6.89,56,14.2,237,126.5,56,(CML395/CML444)//CKDHL150787,CKDHL150787,(CML395/CML444),2017
6@2017,Kakamega2017,Optimal,2,2@2017,43,43@2017,212,16@06,5.48,76,21.2,229.5,129,76,(CML395/CML444)//CKDHL150787,CKDHL150787,(CML395/CML444),2017
6@2017,Kiboko2017,Optimal,1,1@2017,20,20@2017,98,16@06,6.02,56,13.5,228.5,125,58,(CML395/CML444)//CKDHL150787,CKDHL150787,(CML395/CML444),2017
6@2017,Kakamega2017,Optimal,1,1@2017,17,17@2017,82,16@06,6.15,78,20.1,242,136,78,(CML395/CML444)//CKDHL150787,CKDHL150787,(CML395/CML444),2017
6@2017,Kakamega2017,Optimal,1,1@2017,18,18@2017,87,17@06,3.73,75,18.9,237.5,126,75,(CML395/CML444)//CKDHL150789,CKDHL150789,(CML395/CML444),2017
6@2017,Kiboko2017,Optimal,2,2@2017,39,39@2017,195,17@06,4.68,54,14.9,255.5,134,55,(CML395/CML444)//CKDHL150789,CKDHL150789,(CML395/CML444),2017
6@2017,Kakamega2017,Optimal,2,2@2017,37,37@2017,183,17@06,3.91,75,23,223,119,75,(CML395/CML444)//CKDHL150789,CKDHL150789,(CML395/CML444),2017
6@2017,Kiboko2017,Optimal,1,1@2017,25,25@2017,123,17@06,7.71,54,15.2,236.5,121,54,(CML395/CML444)//CKDHL150789,CKDHL150789,(CML395/CML444),2017
6@2017,Kiboko2017,Optimal,1,1@2017,22,22@2017,106,18@06,5.77,58,13.5,242.5,131,60,(CML395/CML444)//CKDHL150792,CKDHL150792,(CML395/CML444),2017
6@2017,Kakamega2017,Optimal,2,2@2017,42,42@2017,209,18@06,3.16,76,23.6,218.5,108,76,(CML395/CML444)//CKDHL150792,CKDHL150792,(CML395/CML444),2017
6@2017,Kiboko2017,Optimal,2,2@2017,33,33@2017,165,18@06,6.45,55,13.3,235.5,122.5,58,(CML395/CML444)//CKDHL150792,CKDHL150792,(CML395/CML444),2017
6@2017,Kakamega2017,Optimal,1,1@2017,1,1@2017,3,18@06,3.89,76,15.8,239.5,128,76,(CML395/CML444)//CKDHL150792,CKDHL150792,(CML395/CML444),2017
6@2017,Kakamega2017,Optimal,1,1@2017,15,15@2017,74,19@06,2.78,76,17.2,193,104,76,(CML395/CML444)//CKDHL150793,CKDHL150793,(CML395/CML444),2017
6@2017,Kakamega2017,Optimal,2,2@2017,52,52@2017,257,19@06,2.2,79,23.5,227.5,111,81,(CML395/CML444)//CKDHL150793,CKDHL150793,(CML395/CML444),2017
6@2017,Kiboko2017,Optimal,1,1@2017,9,9@2017,44,19@06,7.97,56,13.3,281,152,56,(CML395/CML444)//CKDHL150793,CKDHL150793,(CML395/CML444),2017
6@2017,Kiboko2017,Optimal,2,2@2017,32,32@2017,156,19@06,7.9,56,15.5,248.5,127,57,(CML395/CML444)//CKDHL150793,CKDHL150793,(CML395/CML444),2017
6@2017,Kakamega2017,Optimal,2,2@2017,27,27@2017,134,20@06,5.83,71,23,236,127,70,(CML395/CML444)//CKDHL150796,CKDHL150796,(CML395/CML444),2017
6@2017,Kakamega2017,Optimal,1,1@2017,16,16@2017,76,20@06,4.37,74,18.5,219.5,112,75,(CML395/CML444)//CKDHL150796,CKDHL150796,(CML395/CML444),2017
6@2017,Kiboko2017,Optimal,2,2@2017,50,50@2017,246,20@06,5.54,57,15.6,236,136.5,56,(CML395/CML444)//CKDHL150796,CKDHL150796,(CML395/CML444),2017
6@2017,Kiboko2017,Optimal,1,1@2017,24,24@2017,116,20@06,6.84,54,14.8,228,130.5,54,(CML395/CML444)//CKDHL150796,CKDHL150796,(CML395/CML444),2017
6@2017,Kiboko2017,Optimal,1,1@2017,12,12@2017,60,21@06,8.22,56,15,243.5,143.5,57,(CML395/CML444)//CKDHL150797,CKDHL150797,(CML395/CML444),2017
6@2017,Kakamega2017,Optimal,2,2@2017,29,29@2017,141,21@06,7.02,76,21,245,146,76,(CML395/CML444)//CKDHL150797,CKDHL150797,(CML395/CML444),2017
6@2017,Kakamega2017,Optimal,1,1@2017,19,19@2017,95,21@06,7.08,78,22.3,250,144,79,(CML395/CML444)//CKDHL150797,CKDHL150797,(CML395/CML444),2017
6@2017,Kiboko2017,Optimal,2,2@2017,31,31@2017,151,21@06,7.77,56,12.7,264,158,56,(CML395/CML444)//CKDHL150797,CKDHL150797,(CML395/CML444),2017
6@2017,Kakamega2017,Optimal,2,2@2017,27,27@2017,132,22@06,3.3,75,21.6,255,138,78,(CML395/CML444)//CKDHL150798,CKDHL150798,(CML395/CML444),2017
6@2017,Kiboko2017,Optimal,1,1@2017,10,10@2017,49,22@06,4.28,53,13.6,243.5,132,58,(CML395/CML444)//CKDHL150798,CKDHL150798,(CML395/CML444),2017
6@2017,Kakamega2017,Optimal,1,1@2017,24,24@2017,116,22@06,4.66,73,24.7,243,136,75,(CML395/CML444)//CKDHL150798,CKDHL150798,(CML395/CML444),2017
6@2017,Kiboko2017,Optimal,2,2@2017,41,41@2017,201,22@06,5.84,55,14.9,277,144.5,58,(CML395/CML444)//CKDHL150798,CKDHL150798,(CML395/CML444),2017
6@2017,Kakamega2017,Optimal,1,1@2017,20,20@2017,98,23@06,4.24,71,16.5,242,130,73,(CML395/CML444)//CKDHL150801,CKDHL150801,(CML395/CML444),2017
6@2017,Kiboko2017,Optimal,1,1@2017,8,8@2017,38,23@06,5.3,55,12.9,238.5,135.5,58,(CML395/CML444)//CKDHL150801,CKDHL150801,(CML395/CML444),2017
6@2017,Kiboko2017,Optimal,2,2@2017,42,42@2017,206,23@06,5.97,55,12.6,270.5,147,56,(CML395/CML444)//CKDHL150801,CKDHL150801,(CML395/CML444),2017
6@2017,Kakamega2017,Optimal,2,2@2017,36,36@2017,179,23@06,3,75,27.3,242,134,78,(CML395/CML444)//CKDHL150801,CKDHL150801,(CML395/CML444),2017
6@2017,Kakamega2017,Optimal,2,2@2017,43,43@2017,213,24@06,1.79,76,18.8,227,129,76,(CML395/CML444)//CKDHL150805,CKDHL150805,(CML395/CML444),2017
6@2017,Kiboko2017,Optimal,2,2@2017,37,37@2017,181,24@06,6.33,54,14.9,261,137.5,55,(CML395/CML444)//CKDHL150805,CKDHL150805,(CML395/CML444),2017
6@2017,Kakamega2017,Optimal,1,1@2017,16,16@2017,79,24@06,2.61,71,22.4,224,118,78,(CML395/CML444)//CKDHL150805,CKDHL150805,(CML395/CML444),2017
6@2017,Kiboko2017,Optimal,1,1@2017,15,15@2017,74,24@06,3.28,53,12.7,206,111.5,60,(CML395/CML444)//CKDHL150805,CKDHL150805,(CML395/CML444),2017
6@2017,Kiboko2017,Optimal,1,1@2017,15,15@2017,71,25@06,7.27,56,14.3,249,144,57,(CML395/CML444)//CKDHL150813,CKDHL150813,(CML395/CML444),2017
6@2017,Kiboko2017,Optimal,2,2@2017,42,42@2017,210,25@06,7.91,56,13.6,255,143,57,(CML395/CML444)//CKDHL150813,CKDHL150813,(CML395/CML444),2017
6@2017,Kakamega2017,Optimal,1,1@2017,23,23@2017,114,25@06,4.15,78,20.8,262,151,77,(CML395/CML444)//CKDHL150813,CKDHL150813,(CML395/CML444),2017
6@2017,Kakamega2017,Optimal,2,2@2017,28,28@2017,139,25@06,5.5,75,20.1,231,119,75,(CML395/CML444)//CKDHL150813,CKDHL150813,(CML395/CML444),2017
6@2017,Kiboko2017,Optimal,1,1@2017,7,7@2017,31,26@06,6.53,54,13.4,221.5,112.5,55,(CML395/CML444)//CKDHL150822,CKDHL150822,(CML395/CML444),2017
6@2017,Kiboko2017,Optimal,2,2@2017,49,49@2017,242,26@06,5.26,55,15.4,221.5,108.5,57,(CML395/CML444)//CKDHL150822,CKDHL150822,(CML395/CML444),2017
6@2017,Kakamega2017,Optimal,2,2@2017,38,38@2017,189,26@06,3.26,76,19.6,226,121,76,(CML395/CML444)//CKDHL150822,CKDHL150822,(CML395/CML444),2017
6@2017,Kakamega2017,Optimal,1,1@2017,3,3@2017,15,26@06,3.35,75,19.8,210.5,105.5,76,(CML395/CML444)//CKDHL150822,CKDHL150822,(CML395/CML444),2017
6@2017,Kakamega2017,Optimal,1,1@2017,15,15@2017,73,27@06,2.71,75,16.9,231.5,125,76,(CML395/CML444)//CKDHL150827,CKDHL150827,(CML395/CML444),2017
6@2017,Kiboko2017,Optimal,2,2@2017,32,32@2017,157,27@06,4.27,54,12.1,211.5,97,57,(CML395/CML444)//CKDHL150827,CKDHL150827,(CML395/CML444),2017
6@2017,Kiboko2017,Optimal,1,1@2017,2,2@2017,9,27@06,4.42,53,13.6,193,96,56,(CML395/CML444)//CKDHL150827,CKDHL150827,(CML395/CML444),2017
6@2017,Kakamega2017,Optimal,2,2@2017,28,28@2017,138,27@06,3.67,75,21.9,220.5,116,75,(CML395/CML444)//CKDHL150827,CKDHL150827,(CML395/CML444),2017
6@2017,Kakamega2017,Optimal,2,2@2017,46,46@2017,227,28@06,2.95,79,18,222,116,79,(CML395/CML444)//CKDHL150836,CKDHL150836,(CML395/CML444),2017
6@2017,Kakamega2017,Optimal,1,1@2017,26,26@2017,126,28@06,3.85,73,21.4,252,138,75,(CML395/CML444)//CKDHL150836,CKDHL150836,(CML395/CML444),2017
6@2017,Kiboko2017,Optimal,2,2@2017,31,31@2017,154,28@06,7.51,54,14.3,247.5,134,55,(CML395/CML444)//CKDHL150836,CKDHL150836,(CML395/CML444),2017
6@2017,Kiboko2017,Optimal,1,1@2017,11,11@2017,53,28@06,8.12,54,14.1,239.5,123,56,(CML395/CML444)//CKDHL150836,CKDHL150836,(CML395/CML444),2017
6@2017,Kiboko2017,Optimal,1,1@2017,19,19@2017,94,29@06,5.22,55,15.5,256,140.5,57,(CML395/CML444)//CKDHL150845,CKDHL150845,(CML395/CML444),2017
6@2017,Kakamega2017,Optimal,2,2@2017,29,29@2017,143,29@06,3.48,78,25.1,237,130.5,78,(CML395/CML444)//CKDHL150845,CKDHL150845,(CML395/CML444),2017
6@2017,Kakamega2017,Optimal,1,1@2017,19,19@2017,92,29@06,3.7,78,24.5,223.5,125,78,(CML395/CML444)//CKDHL150845,CKDHL150845,(CML395/CML444),2017
6@2017,Kiboko2017,Optimal,2,2@2017,27,27@2017,134,29@06,8.47,57,13.9,269.5,152,57,(CML395/CML444)//CKDHL150845,CKDHL150845,(CML395/CML444),2017
6@2017,Kiboko2017,Optimal,1,1@2017,19,19@2017,95,30@06,5.66,56,15.5,233.5,133.5,58,(CML395/CML444)//CKDHL150849,CKDHL150849,(CML395/CML444),2017
6@2017,Kakamega2017,Optimal,2,2@2017,31,31@2017,151,30@06,4.99,75,20.6,217.5,120,75,(CML395/CML444)//CKDHL150849,CKDHL150849,(CML395/CML444),2017
6@2017,Kakamega2017,Optimal,1,1@2017,6,6@2017,28,30@06,4.05,78,21.4,209.5,118,78,(CML395/CML444)//CKDHL150849,CKDHL150849,(CML395/CML444),2017
6@2017,Kiboko2017,Optimal,2,2@2017,28,28@2017,137,30@06,8.12,55,16.1,250,136,57,(CML395/CML444)//CKDHL150849,CKDHL150849,(CML395/CML444),2017
6@2017,Kakamega2017,Optimal,1,1@2017,9,9@2017,42,31@06,2.94,76,23.5,227,120,76,(CML395/CML444)//CKDHL150853,CKDHL150853,(CML395/CML444),2017
6@2017,Kakamega2017,Optimal,2,2@2017,47,47@2017,232,31@06,1.84,76,26.7,223,110,75,(CML395/CML444)//CKDHL150853,CKDHL150853,(CML395/CML444),2017
6@2017,Kiboko2017,Optimal,1,1@2017,24,24@2017,119,31@06,8.8,55,13.4,268,149,55,(CML395/CML444)//CKDHL150853,CKDHL150853,(CML395/CML444),2017
6@2017,Kiboko2017,Optimal,2,2@2017,35,35@2017,171,31@06,6.4,55,12.9,267,143.5,57,(CML395/CML444)//CKDHL150853,CKDHL150853,(CML395/CML444),2017
6@2017,Kiboko2017,Optimal,2,2@2017,48,48@2017,236,32@06,6.44,56,12.7,244.5,134.5,56,(CML395/CML444)//CKDHL150857,CKDHL150857,(CML395/CML444),2017
6@2017,Kakamega2017,Optimal,1,1@2017,4,4@2017,19,32@06,5.64,75,20.4,218.5,116,75,(CML395/CML444)//CKDHL150857,CKDHL150857,(CML395/CML444),2017
6@2017,Kakamega2017,Optimal,2,2@2017,46,46@2017,230,32@06,3.12,75,18.9,214.5,114,75,(CML395/CML444)//CKDHL150857,CKDHL150857,(CML395/CML444),2017
6@2017,Kiboko2017,Optimal,1,1@2017,24,24@2017,120,32@06,8.03,55,16.2,256.5,148,55,(CML395/CML444)//CKDHL150857,CKDHL150857,(CML395/CML444),2017
6@2017,Kakamega2017,Optimal,1,1@2017,8,8@2017,40,33@06,3.11,75,18.2,222.5,121,76,(CML395/CML444)//CKDHL150858,CKDHL150858,(CML395/CML444),2017
6@2017,Kiboko2017,Optimal,1,1@2017,16,16@2017,78,33@06,5.91,56,13,240,132.5,57,(CML395/CML444)//CKDHL150858,CKDHL150858,(CML395/CML444),2017
6@2017,Kiboko2017,Optimal,2,2@2017,28,28@2017,139,33@06,8.57,55,13.4,277.5,151,56,(CML395/CML444)//CKDHL150858,CKDHL150858,(CML395/CML444),2017
6@2017,Kakamega2017,Optimal,2,2@2017,35,35@2017,173,33@06,4.83,75,19.5,246.5,135,75,(CML395/CML444)//CKDHL150858,CKDHL150858,(CML395/CML444),2017
6@2017,Kiboko2017,Optimal,2,2@2017,36,36@2017,178,34@06,5.72,55,13.4,261.5,146,57,(CML395/CML444)//CKDHL150861,CKDHL150861,(CML395/CML444),2017
6@2017,Kiboko2017,Optimal,1,1@2017,21,21@2017,102,34@06,6.06,57,14.8,221,119.5,59,(CML395/CML444)//CKDHL150861,CKDHL150861,(CML395/CML444),2017
6@2017,Kakamega2017,Optimal,2,2@2017,37,37@2017,181,34@06,4.32,78,21,248,139,78,(CML395/CML444)//CKDHL150861,CKDHL150861,(CML395/CML444),2017
6@2017,Kakamega2017,Optimal,1,1@2017,17,17@2017,83,34@06,5.21,79,20.1,256,146,78,(CML395/CML444)//CKDHL150861,CKDHL150861,(CML395/CML444),2017
6@2017,Kiboko2017,Optimal,2,2@2017,32,32@2017,160,35@06,6.58,56,13.4,232.5,141.5,56,(CML395/CML444)//CKDHL150863,CKDHL150863,(CML395/CML444),2017
6@2017,Kiboko2017,Optimal,1,1@2017,2,2@2017,6,35@06,5.48,58,12.7,226.5,145,58,(CML395/CML444)//CKDHL150863,CKDHL150863,(CML395/CML444),2017
6@2017,Kakamega2017,Optimal,1,1@2017,4,4@2017,20,35@06,3.01,76,26.7,232,126,76,(CML395/CML444)//CKDHL150863,CKDHL150863,(CML395/CML444),2017
6@2017,Kakamega2017,Optimal,2,2@2017,31,31@2017,154,35@06,4.56,78,16.6,257,141,78,(CML395/CML444)//CKDHL150863,CKDHL150863,(CML395/CML444),2017
6@2017,Kiboko2017,Optimal,1,1@2017,17,17@2017,84,36@06,5.69,55,12.1,262.5,148,56,(CML395/CML444)//CKDHL150865,CKDHL150865,(CML395/CML444),2017
6@2017,Kiboko2017,Optimal,2,2@2017,40,40@2017,198,36@06,7.63,55,13.3,275.5,160,56,(CML395/CML444)//CKDHL150865,CKDHL150865,(CML395/CML444),2017
6@2017,Kakamega2017,Optimal,1,1@2017,11,11@2017,52,36@06,4.92,76,24.3,234,134,76,(CML395/CML444)//CKDHL150865,CKDHL150865,(CML395/CML444),2017
6@2017,Kakamega2017,Optimal,2,2@2017,34,34@2017,166,36@06,3.6,75,20.2,236,122,79,(CML395/CML444)//CKDHL150865,CKDHL150865,(CML395/CML444),2017
6@2017,Kakamega2017,Optimal,1,1@2017,12,12@2017,60,37@06,3.31,76,19.3,238,128,76,(CML395/CML444)//CKDHL150868,CKDHL150868,(CML395/CML444),2017
6@2017,Kiboko2017,Optimal,1,1@2017,23,23@2017,113,37@06,5.84,54,14.5,233,135,55,(CML395/CML444)//CKDHL150868,CKDHL150868,(CML395/CML444),2017
6@2017,Kakamega2017,Optimal,2,2@2017,49,49@2017,241,37@06,2.08,79,18.1,220,110,80,(CML395/CML444)//CKDHL150868,CKDHL150868,(CML395/CML444),2017
6@2017,Kiboko2017,Optimal,2,2@2017,43,43@2017,211,37@06,7.55,56,12.6,243.5,141.5,56,(CML395/CML444)//CKDHL150868,CKDHL150868,(CML395/CML444),2017
6@2017,Kakamega2017,Optimal,2,2@2017,34,34@2017,170,38@06,2.11,78,24.7,243,134,79,(CML395/CML444)//CKDHL150882,CKDHL150882,(CML395/CML444),2017
6@2017,Kiboko2017,Optimal,2,2@2017,42,42@2017,207,38@06,9.71,56,15.7,283,159.5,57,(CML395/CML444)//CKDHL150882,CKDHL150882,(CML395/CML444),2017
6@2017,Kakamega2017,Optimal,1,1@2017,19,19@2017,93,38@06,5.06,75,19.9,260,149,78,(CML395/CML444)//CKDHL150882,CKDHL150882,(CML395/CML444),2017
6@2017,Kiboko2017,Optimal,1,1@2017,18,18@2017,86,38@06,6.06,57,11.2,267.5,158.5,58,(CML395/CML444)//CKDHL150882,CKDHL150882,(CML395/CML444),2017
6@2017,Kakamega2017,Optimal,2,2@2017,51,51@2017,252,39@06,4.77,74,17.1,221.5,125,75,(CML395/CML444)//CKDHL150887,CKDHL150887,(CML395/CML444),2017
6@2017,Kiboko2017,Optimal,1,1@2017,5,5@2017,24,39@06,6.8,58,12.4,266,144.5,58,(CML395/CML444)//CKDHL150887,CKDHL150887,(CML395/CML444),2017
6@2017,Kiboko2017,Optimal,2,2@2017,27,27@2017,132,39@06,8.14,56,15,247,125.5,56,(CML395/CML444)//CKDHL150887,CKDHL150887,(CML395/CML444),2017
6@2017,Kakamega2017,Optimal,1,1@2017,16,16@2017,78,39@06,4.28,77,18.7,249.5,136,79,(CML395/CML444)//CKDHL150887,CKDHL150887,(CML395/CML444),2017
6@2017,Kiboko2017,Optimal,2,2@2017,35,35@2017,173,40@06,7.31,54,12.4,251.5,136.5,56,(CML395/CML444)//CKDHL150899,CKDHL150899,(CML395/CML444),2017
6@2017,Kiboko2017,Optimal,1,1@2017,21,21@2017,105,40@06,7.96,54,12.5,238,130.5,56,(CML395/CML444)//CKDHL150899,CKDHL150899,(CML395/CML444),2017
6@2017,Kakamega2017,Optimal,2,2@2017,35,35@2017,174,40@06,5.49,78,20.7,239,127,79,(CML395/CML444)//CKDHL150899,CKDHL150899,(CML395/CML444),2017
6@2017,Kakamega2017,Optimal,1,1@2017,10,10@2017,49,40@06,4.91,76,22.5,227,120,76,(CML395/CML444)//CKDHL150899,CKDHL150899,(CML395/CML444),2017
6@2017,Kiboko2017,Optimal,1,1@2017,14,14@2017,67,41@06,6.15,56,12,264,135,56,(CML395/CML444)//CKDHL150903,CKDHL150903,(CML395/CML444),2017
6@2017,Kiboko2017,Optimal,2,2@2017,33,33@2017,164,41@06,6.72,56,16.2,236.5,123,57,(CML395/CML444)//CKDHL150903,CKDHL150903,(CML395/CML444),2017
6@2017,Kakamega2017,Optimal,1,1@2017,1,1@2017,5,41@06,4.93,75,18.3,251,132,75,(CML395/CML444)//CKDHL150903,CKDHL150903,(CML395/CML444),2017
6@2017,Kakamega2017,Optimal,2,2@2017,31,31@2017,155,41@06,5.5,76,21.5,256,139,72,(CML395/CML444)//CKDHL150903,CKDHL150903,(CML395/CML444),2017
6@2017,Kakamega2017,Optimal,2,2@2017,37,37@2017,185,42@06,4.03,76,19.9,229,124,76,(CML395/CML444)//CKDHL150912,CKDHL150912,(CML395/CML444),2017
6@2017,Kiboko2017,Optimal,2,2@2017,41,41@2017,205,42@06,8.27,56,12.5,262.5,147.5,58,(CML395/CML444)//CKDHL150912,CKDHL150912,(CML395/CML444),2017
6@2017,Kiboko2017,Optimal,1,1@2017,8,8@2017,36,42@06,4.95,56,12.1,245.5,136.5,56,(CML395/CML444)//CKDHL150912,CKDHL150912,(CML395/CML444),2017
6@2017,Kakamega2017,Optimal,1,1@2017,9,9@2017,44,42@06,4.69,76,19.5,219,128,76,(CML395/CML444)//CKDHL150912,CKDHL150912,(CML395/CML444),2017
6@2017,Kiboko2017,Optimal,2,2@2017,48,48@2017,237,43@06,5.75,57,12.5,244.5,143.5,57,(CML395/CML444)//CKDHL150934,CKDHL150934,(CML395/CML444),2017
6@2017,Kakamega2017,Optimal,2,2@2017,27,27@2017,135,43@06,5.71,75,25.6,241,133,75,(CML395/CML444)//CKDHL150934,CKDHL150934,(CML395/CML444),2017
6@2017,Kakamega2017,Optimal,1,1@2017,7,7@2017,34,43@06,3.19,76,21.3,213.5,108,76,(CML395/CML444)//CKDHL150934,CKDHL150934,(CML395/CML444),2017
6@2017,Kiboko2017,Optimal,1,1@2017,4,4@2017,16,43@06,6.29,56,12.5,235.5,135.5,56,(CML395/CML444)//CKDHL150934,CKDHL150934,(CML395/CML444),2017
6@2017,Kiboko2017,Optimal,2,2@2017,52,52@2017,258,44@06,6.09,55,13.2,225,106,56,(CML395/CML444)//CKDHL150938,CKDHL150938,(CML395/CML444),2017
6@2017,Kakamega2017,Optimal,1,1@2017,23,23@2017,115,44@06,3.39,75,20.9,243.5,131,75,(CML395/CML444)//CKDHL150938,CKDHL150938,(CML395/CML444),2017
6@2017,Kakamega2017,Optimal,2,2@2017,28,28@2017,136,44@06,5.68,76,27,247,141,73,(CML395/CML444)//CKDHL150938,CKDHL150938,(CML395/CML444),2017
6@2017,Kiboko2017,Optimal,1,1@2017,10,10@2017,50,44@06,6.32,56,12,217.5,117,55,(CML395/CML444)//CKDHL150938,CKDHL150938,(CML395/CML444),2017
6@2017,Kiboko2017,Optimal,2,2@2017,27,27@2017,131,45@06,6.49,56,13.6,252,143.5,56,(CML395/CML444)//CKDHL150944,CKDHL150944,(CML395/CML444),2017
6@2017,Kakamega2017,Optimal,1,1@2017,15,15@2017,71,45@06,1.7,76,18.3,249,132,76,(CML395/CML444)//CKDHL150944,CKDHL150944,(CML395/CML444),2017
6@2017,Kiboko2017,Optimal,1,1@2017,25,25@2017,122,45@06,7.35,54,10.9,259,141,56,(CML395/CML444)//CKDHL150944,CKDHL150944,(CML395/CML444),2017
6@2017,Kakamega2017,Optimal,2,2@2017,41,41@2017,201,45@06,2.44,73,16.7,214,106,73,(CML395/CML444)//CKDHL150944,CKDHL150944,(CML395/CML444),2017
6@2017,Kiboko2017,Optimal,2,2@2017,37,37@2017,183,46@06,10.14,56,12.5,276.5,168,56,(CML395/CML444)//CKDHL150945,CKDHL150945,(CML395/CML444),2017
6@2017,Kiboko2017,Optimal,1,1@2017,7,7@2017,32,46@06,7.6,56,14.3,241.5,137,55,(CML395/CML444)//CKDHL150945,CKDHL150945,(CML395/CML444),2017
6@2017,Kakamega2017,Optimal,1,1@2017,25,25@2017,121,46@06,7.43,75,21.8,268,157,75,(CML395/CML444)//CKDHL150945,CKDHL150945,(CML395/CML444),2017
6@2017,Kakamega2017,Optimal,2,2@2017,52,52@2017,256,46@06,5.94,74,21,227,113,74,(CML395/CML444)//CKDHL150945,CKDHL150945,(CML395/CML444),2017
6@2017,Kiboko2017,Optimal,2,2@2017,48,48@2017,239,47@06,5.36,57,13.8,228,126.5,59,(CML395/CML444)//CKDHL150947,CKDHL150947,(CML395/CML444),2017
6@2017,Kiboko2017,Optimal,1,1@2017,17,17@2017,85,47@06,6,57,15,272,148,58,(CML395/CML444)//CKDHL150947,CKDHL150947,(CML395/CML444),2017
6@2017,Kakamega2017,Optimal,2,2@2017,50,50@2017,246,47@06,3.54,76,22,214,113,79,(CML395/CML444)//CKDHL150947,CKDHL150947,(CML395/CML444),2017
6@2017,Kakamega2017,Optimal,1,1@2017,20,20@2017,96,47@06,4.14,78,22,241.5,129,78,(CML395/CML444)//CKDHL150947,CKDHL150947,(CML395/CML444),2017
6@2017,Kakamega2017,Optimal,1,1@2017,21,21@2017,104,48@06,4.02,76,22,256,147,77,(CML395/CML444)//CKDHL150959,CKDHL150959,(CML395/CML444),2017
6@2017,Kiboko2017,Optimal,1,1@2017,10,10@2017,47,48@06,6.93,55,13,246.5,133,56,(CML395/CML444)//CKDHL150959,CKDHL150959,(CML395/CML444),2017
6@2017,Kakamega2017,Optimal,2,2@2017,43,43@2017,215,48@06,2.52,76,19,202.5,102,75,(CML395/CML444)//CKDHL150959,CKDHL150959,(CML395/CML444),2017
6@2017,Kiboko2017,Optimal,2,2@2017,28,28@2017,140,48@06,6.23,57,14.4,269,152,57,(CML395/CML444)//CKDHL150959,CKDHL150959,(CML395/CML444),2017
6@2017,Kakamega2017,Optimal,1,1@2017,1,1@2017,1,49@06,4.02,74,22.8,237,128,75,(CML395/CML444)//CKDHL150964,CKDHL150964,(CML395/CML444),2017
6@2017,Kiboko2017,Optimal,2,2@2017,51,51@2017,251,49@06,4.81,56,16,215.5,109.5,56,(CML395/CML444)//CKDHL150964,CKDHL150964,(CML395/CML444),2017
6@2017,Kakamega2017,Optimal,2,2@2017,32,32@2017,158,49@06,5.45,75,20.8,236,120,71,(CML395/CML444)//CKDHL150964,CKDHL150964,(CML395/CML444),2017
6@2017,Kiboko2017,Optimal,1,1@2017,25,25@2017,124,49@06,6.49,54,13.9,235,124,54,(CML395/CML444)//CKDHL150964,CKDHL150964,(CML395/CML444),2017
6@2017,Kakamega2017,Optimal,1,1@2017,8,8@2017,37,50@06,3.91,79,19.4,224,113,79,(CML395/CML444)//CKDHL150969,CKDHL150969,(CML395/CML444),2017
6@2017,Kiboko2017,Optimal,1,1@2017,10,10@2017,46,50@06,7.83,55,13.3,281,149.5,56,(CML395/CML444)//CKDHL150969,CKDHL150969,(CML395/CML444),2017
6@2017,Kiboko2017,Optimal,2,2@2017,50,50@2017,248,50@06,5.84,56,14.5,269.5,141.5,59,(CML395/CML444)//CKDHL150969,CKDHL150969,(CML395/CML444),2017
6@2017,Kakamega2017,Optimal,2,2@2017,38,38@2017,188,50@06,5,71,33.3,247,130,75,(CML395/CML444)//CKDHL150969,CKDHL150969,(CML395/CML444),2017
6@2017,Kakamega2017,Optimal,2,2@2017,47,47@2017,231,51@06,3.13,75,20.7,215,109,76,(CML395/CML444)//CKDHL150971,CKDHL150971,(CML395/CML444),2017
6@2017,Kiboko2017,Optimal,2,2@2017,29,29@2017,145,51@06,6.63,54,15.7,230.5,108.5,56,(CML395/CML444)//CKDHL150971,CKDHL150971,(CML395/CML444),2017
6@2017,Kiboko2017,Optimal,1,1@2017,12,12@2017,56,51@06,7.13,56,13.2,240.5,116.5,57,(CML395/CML444)//CKDHL150971,CKDHL150971,(CML395/CML444),2017
6@2017,Kakamega2017,Optimal,1,1@2017,7,7@2017,35,51@06,13.04,79,27.2,199.5,107,81,(CML395/CML444)//CKDHL150971,CKDHL150971,(CML395/CML444),2017
6@2017,Kiboko2017,Optimal,2,2@2017,52,52@2017,260,52@06,7.81,54,12.6,218,116.5,55,(CML395/CML444)//CKDHL150975,CKDHL150975,(CML395/CML444),2017
6@2017,Kiboko2017,Optimal,1,1@2017,13,13@2017,61,52@06,7.22,55,13.9,255,139.5,55,(CML395/CML444)//CKDHL150975,CKDHL150975,(CML395/CML444),2017
6@2017,Kakamega2017,Optimal,2,2@2017,29,29@2017,142,52@06,7.4,71,19.7,220,129,71,(CML395/CML444)//CKDHL150975,CKDHL150975,(CML395/CML444),2017
6@2017,Kakamega2017,Optimal,1,1@2017,15,15@2017,75,52@06,6.38,73,20.8,230,121,75,(CML395/CML444)//CKDHL150975,CKDHL150975,(CML395/CML444),2017
6@2017,Kiboko2017,Optimal,2,2@2017,29,29@2017,141,53@06,7.81,55,13.5,275,153.5,57,(CML395/CML444)//CKDHL150977,CKDHL150977,(CML395/CML444),2017
6@2017,Kakamega2017,Optimal,1,1@2017,1,1@2017,4,53@06,4.87,75,18.6,241,134,81,(CML395/CML444)//CKDHL150977,CKDHL150977,(CML395/CML444),2017
6@2017,Kiboko2017,Optimal,1,1@2017,4,4@2017,19,53@06,6.55,56,10.1,238,138,56,(CML395/CML444)//CKDHL150977,CKDHL150977,(CML395/CML444),2017
6@2017,Kakamega2017,Optimal,2,2@2017,43,43@2017,214,53@06,2.59,76,18.6,206.5,107,76,(CML395/CML444)//CKDHL150977,CKDHL150977,(CML395/CML444),2017
6@2017,Kiboko2017,Optimal,2,2@2017,39,39@2017,194,54@06,7.17,55,13.8,281,143,56,(CML395/CML444)//CKDHL150980,CKDHL150980,(CML395/CML444),2017
6@2017,Kakamega2017,Optimal,2,2@2017,41,41@2017,202,54@06,3,76,21.5,212,114,81,(CML395/CML444)//CKDHL150980,CKDHL150980,(CML395/CML444),2017
6@2017,Kiboko2017,Optimal,1,1@2017,18,18@2017,90,54@06,6.73,54,13,246.5,133.5,56,(CML395/CML444)//CKDHL150980,CKDHL150980,(CML395/CML444),2017
6@2017,Kakamega2017,Optimal,1,1@2017,22,22@2017,108,54@06,7.51,73,17.3,264.5,158,73,(CML395/CML444)//CKDHL150980,CKDHL150980,(CML395/CML444),2017
6@2017,Kakamega2017,Optimal,2,2@2017,28,28@2017,140,55@06,3.75,75,21.8,248,134,74,(CML395/CML444)//CKDHL150982,CKDHL150982,(CML395/CML444),2017
6@2017,Kiboko2017,Optimal,1,1@2017,6,6@2017,30,55@06,7.43,56,15,235,124.5,56,(CML395/CML444)//CKDHL150982,CKDHL150982,(CML395/CML444),2017
6@2017,Kiboko2017,Optimal,2,2@2017,34,34@2017,170,55@06,6.63,56,12.5,256,133,57,(CML395/CML444)//CKDHL150982,CKDHL150982,(CML395/CML444),2017
6@2017,Kakamega2017,Optimal,1,1@2017,2,2@2017,6,55@06,4.31,76,19.6,251,137,75,(CML395/CML444)//CKDHL150982,CKDHL150982,(CML395/CML444),2017
6@2017,Kiboko2017,Optimal,2,2@2017,47,47@2017,234,56@06,5.75,58,15.4,241.5,133.5,59,(CML395/CML444)//CKDHL150993,CKDHL150993,(CML395/CML444),2017
6@2017,Kiboko2017,Optimal,1,1@2017,25,25@2017,121,56@06,7.81,57,17.3,256,133.5,57,(CML395/CML444)//CKDHL150993,CKDHL150993,(CML395/CML444),2017
6@2017,Kakamega2017,Optimal,1,1@2017,14,14@2017,67,56@06,4.1,78,26.8,228.5,111,78,(CML395/CML444)//CKDHL150993,CKDHL150993,(CML395/CML444),2017
6@2017,Kakamega2017,Optimal,2,2@2017,49,49@2017,244,56@06,3.39,79,22.7,221,116,79,(CML395/CML444)//CKDHL150993,CKDHL150993,(CML395/CML444),2017
6@2017,Kakamega2017,Optimal,1,1@2017,7,7@2017,31,57@06,3.15,78,18.2,217,115,79,(CML395/CML444)//CKDHL150996,CKDHL150996,(CML395/CML444),2017
6@2017,Kiboko2017,Optimal,2,2@2017,38,38@2017,187,57@06,8.18,57,15.4,252.5,128.5,58,(CML395/CML444)//CKDHL150996,CKDHL150996,(CML395/CML444),2017
6@2017,Kakamega2017,Optimal,2,2@2017,33,33@2017,165,57@06,2.1,73,22.7,232,121,75,(CML395/CML444)//CKDHL150996,CKDHL150996,(CML395/CML444),2017
6@2017,Kiboko2017,Optimal,1,1@2017,13,13@2017,65,57@06,6.24,57,12.8,261.5,143,58,(CML395/CML444)//CKDHL150996,CKDHL150996,(CML395/CML444),2017
6@2017,Kiboko2017,Optimal,1,1@2017,14,14@2017,70,58@06,6.06,57,14.1,253,138,57,(CML395/CML444)//CKDHL150998,CKDHL150998,(CML395/CML444),2017
6@2017,Kakamega2017,Optimal,1,1@2017,1,1@2017,2,58@06,3,76,22,246,140,75,(CML395/CML444)//CKDHL150998,CKDHL150998,(CML395/CML444),2017
6@2017,Kiboko2017,Optimal,2,2@2017,44,44@2017,216,58@06,8,58,13.5,262.6,145.5,57,(CML395/CML444)//CKDHL150998,CKDHL150998,(CML395/CML444),2017
6@2017,Kakamega2017,Optimal,2,2@2017,35,35@2017,175,58@06,2.75,79,20.5,250,138,79,(CML395/CML444)//CKDHL150998,CKDHL150998,(CML395/CML444),2017
6@2017,Kiboko2017,Optimal,2,2@2017,43,43@2017,213,59@06,6.68,58,13.6,233,141,58,(CML395/CML444)//CKDHL151001,CKDHL151001,(CML395/CML444),2017
6@2017,Kakamega2017,Optimal,1,1@2017,13,13@2017,64,59@06,4.39,79,20.1,224.5,117,81,(CML395/CML444)//CKDHL151001,CKDHL151001,(CML395/CML444),2017
6@2017,Kakamega2017,Optimal,2,2@2017,44,44@2017,218,59@06,2.89,79,21.2,206,114,80,(CML395/CML444)//CKDHL151001,CKDHL151001,(CML395/CML444),2017
6@2017,Kiboko2017,Optimal,1,1@2017,5,5@2017,22,59@06,6.01,56,12,245,142,56,(CML395/CML444)//CKDHL151001,CKDHL151001,(CML395/CML444),2017
6@2017,Kakamega2017,Optimal,2,2@2017,37,37@2017,182,60@06,4.82,75,25.2,250,135,78,(CML395/CML444)//CKDHL151002,CKDHL151002,(CML395/CML444),2017
6@2017,Kakamega2017,Optimal,1,1@2017,21,21@2017,102,60@06,7.24,72,21,252,141,72,(CML395/CML444)//CKDHL151002,CKDHL151002,(CML395/CML444),2017
6@2017,Kiboko2017,Optimal,1,1@2017,2,2@2017,7,60@06,5.77,55,12.2,223,120.5,56,(CML395/CML444)//CKDHL151002,CKDHL151002,(CML395/CML444),2017
6@2017,Kiboko2017,Optimal,2,2@2017,40,40@2017,196,60@06,7.64,55,13.8,282,146.5,56,(CML395/CML444)//CKDHL151002,CKDHL151002,(CML395/CML444),2017
6@2017,Kiboko2017,Optimal,2,2@2017,29,29@2017,142,61@06,7.3,57,14.2,260.5,144.5,56,(CML395/CML444)//CKDHL151009,CKDHL151009,(CML395/CML444),2017
6@2017,Kakamega2017,Optimal,2,2@2017,39,39@2017,193,61@06,6.44,76,19.1,253,142,76,(CML395/CML444)//CKDHL151009,CKDHL151009,(CML395/CML444),2017
6@2017,Kiboko2017,Optimal,1,1@2017,26,26@2017,127,61@06,6.12,56,10.8,260.5,148,56,(CML395/CML444)//CKDHL151009,CKDHL151009,(CML395/CML444),2017
6@2017,Kakamega2017,Optimal,1,1@2017,20,20@2017,100,61@06,6.63,75,22.6,249,144,73,(CML395/CML444)//CKDHL151009,CKDHL151009,(CML395/CML444),2017
6@2017,Kiboko2017,Optimal,1,1@2017,3,3@2017,15,62@06,6.55,55,13.1,242.5,131.5,56,(CML395/CML444)//CKDHL151019,CKDHL151019,(CML395/CML444),2017
6@2017,Kakamega2017,Optimal,2,2@2017,50,50@2017,248,62@06,2.82,73,18.6,228,121,74,(CML395/CML444)//CKDHL151019,CKDHL151019,(CML395/CML444),2017
6@2017,Kakamega2017,Optimal,1,1@2017,18,18@2017,86,62@06,3.09,73,19.2,237,127,77,(CML395/CML444)//CKDHL151019,CKDHL151019,(CML395/CML444),2017
6@2017,Kiboko2017,Optimal,2,2@2017,52,52@2017,257,62@06,7.53,56,14.1,250,129,57,(CML395/CML444)//CKDHL151019,CKDHL151019,(CML395/CML444),2017
6@2017,Kakamega2017,Optimal,2,2@2017,27,27@2017,131,63@06,4.75,75,23.9,258,151,78,(CML395/CML444)//CKDHL151020,CKDHL151020,(CML395/CML444),2017
6@2017,Kiboko2017,Optimal,1,1@2017,16,16@2017,79,63@06,5.89,57,15.3,249.5,135.5,58,(CML395/CML444)//CKDHL151020,CKDHL151020,(CML395/CML444),2017
6@2017,Kakamega2017,Optimal,1,1@2017,25,25@2017,122,63@06,5.71,78,15.7,262,157,78,(CML395/CML444)//CKDHL151020,CKDHL151020,(CML395/CML444),2017
6@2017,Kiboko2017,Optimal,2,2@2017,48,48@2017,238,63@06,5.09,56,11.1,246,137,59,(CML395/CML444)//CKDHL151020,CKDHL151020,(CML395/CML444),2017
6@2017,Kakamega2017,Optimal,1,1@2017,12,12@2017,57,64@06,6.31,76,21.9,245,139,76,(CML395/CML444)//CKDHL151021,CKDHL151021,(CML395/CML444),2017
6@2017,Kakamega2017,Optimal,2,2@2017,42,42@2017,208,64@06,5.8,73,23.9,218,115,76,(CML395/CML444)//CKDHL151021,CKDHL151021,(CML395/CML444),2017
6@2017,Kiboko2017,Optimal,2,2@2017,51,51@2017,255,64@06,5.89,55,13.3,234,123.5,58,(CML395/CML444)//CKDHL151021,CKDHL151021,(CML395/CML444),2017
6@2017,Kiboko2017,Optimal,1,1@2017,6,6@2017,28,64@06,5.65,56,13.1,245,129.5,59,(CML395/CML444)//CKDHL151021,CKDHL151021,(CML395/CML444),2017
6@2017,Kiboko2017,Optimal,1,1@2017,15,15@2017,72,65@06,5.47,56,12.8,211,119.5,56,(CML395/CML444)//CKDHL151025,CKDHL151025,(CML395/CML444),2017
6@2017,Kakamega2017,Optimal,1,1@2017,7,7@2017,32,65@06,3.03,76,19.2,215,119,76,(CML395/CML444)//CKDHL151025,CKDHL151025,(CML395/CML444),2017
6@2017,Kakamega2017,Optimal,2,2@2017,40,40@2017,197,65@06,3.9,75,18.2,211.5,106,74,(CML395/CML444)//CKDHL151025,CKDHL151025,(CML395/CML444),2017
6@2017,Kiboko2017,Optimal,2,2@2017,34,34@2017,167,65@06,5.99,57,12.7,207.5,114,58,(CML395/CML444)//CKDHL151025,CKDHL151025,(CML395/CML444),2017
6@2017,Kakamega2017,Optimal,1,1@2017,8,8@2017,38,66@06,2.74,79,24.3,217.5,119,79,(CML395/CML444)//CKDHL151026,CKDHL151026,(CML395/CML444),2017
6@2017,Kiboko2017,Optimal,2,2@2017,46,46@2017,229,66@06,4.58,56,13.2,232.5,123.5,56,(CML395/CML444)//CKDHL151026,CKDHL151026,(CML395/CML444),2017
6@2017,Kakamega2017,Optimal,2,2@2017,32,32@2017,156,66@06,5.29,75,15.6,238,123,78,(CML395/CML444)//CKDHL151026,CKDHL151026,(CML395/CML444),2017
6@2017,Kiboko2017,Optimal,1,1@2017,11,11@2017,55,66@06,6.47,57,13,231,114.5,57,(CML395/CML444)//CKDHL151026,CKDHL151026,(CML395/CML444),2017
6@2017,Kiboko2017,Optimal,2,2@2017,39,39@2017,191,67@06,8.72,54,13.6,251,133.5,55,(CML395/CML444)//CKDHL151027,CKDHL151027,(CML395/CML444),2017
6@2017,Kiboko2017,Optimal,1,1@2017,21,21@2017,104,67@06,6.76,54,14.7,228.5,119.5,55,(CML395/CML444)//CKDHL151027,CKDHL151027,(CML395/CML444),2017
6@2017,Kakamega2017,Optimal,1,1@2017,11,11@2017,55,67@06,4.49,75,19.4,246,131,75,(CML395/CML444)//CKDHL151027,CKDHL151027,(CML395/CML444),2017
6@2017,Kakamega2017,Optimal,2,2@2017,44,44@2017,216,67@06,3.35,75,21.4,221,113,76,(CML395/CML444)//CKDHL151027,CKDHL151027,(CML395/CML444),2017
6@2017,Kakamega2017,Optimal,1,1@2017,11,11@2017,51,68@06,4.96,75,21.8,222,114,76,(CML395/CML444)//CKDHL151037,CKDHL151037,(CML395/CML444),2017
6@2017,Kakamega2017,Optimal,2,2@2017,32,32@2017,160,68@06,4.85,75,21.3,231,130,75,(CML395/CML444)//CKDHL151037,CKDHL151037,(CML395/CML444),2017
6@2017,Kiboko2017,Optimal,2,2@2017,37,37@2017,184,68@06,7.63,55,14.6,275.5,151.5,56,(CML395/CML444)//CKDHL151037,CKDHL151037,(CML395/CML444),2017
6@2017,Kiboko2017,Optimal,1,1@2017,15,15@2017,73,68@06,3.9,56,14.6,217,127,58,(CML395/CML444)//CKDHL151037,CKDHL151037,(CML395/CML444),2017
6@2017,Kakamega2017,Optimal,1,1@2017,14,14@2017,66,69@06,3.55,76,20.6,243.5,135,76,(CML395/CML444)//CKDHL151039,CKDHL151039,(CML395/CML444),2017
6@2017,Kiboko2017,Optimal,2,2@2017,49,49@2017,244,69@06,6.68,56,12.2,255,128.5,57,(CML395/CML444)//CKDHL151039,CKDHL151039,(CML395/CML444),2017
6@2017,Kakamega2017,Optimal,2,2@2017,45,45@2017,225,69@06,2.42,79,29.7,222,111,79,(CML395/CML444)//CKDHL151039,CKDHL151039,(CML395/CML444),2017
6@2017,Kiboko2017,Optimal,1,1@2017,17,17@2017,83,69@06,6.03,55,13.7,260.5,132,56,(CML395/CML444)//CKDHL151039,CKDHL151039,(CML395/CML444),2017
6@2017,Kiboko2017,Optimal,2,2@2017,36,36@2017,176,70@06,7.35,55,15.5,265,145,57,(CML395/CML444)//CKDHL151045,CKDHL151045,(CML395/CML444),2017
6@2017,Kiboko2017,Optimal,1,1@2017,1,1@2017,1,70@06,5.01,55,14.4,177,114,59,(CML395/CML444)//CKDHL151045,CKDHL151045,(CML395/CML444),2017
6@2017,Kakamega2017,Optimal,2,2@2017,30,30@2017,147,70@06,5.82,75,22.6,257,147,77,(CML395/CML444)//CKDHL151045,CKDHL151045,(CML395/CML444),2017
6@2017,Kakamega2017,Optimal,1,1@2017,17,17@2017,84,70@06,2.89,78,19.6,242,137,78,(CML395/CML444)//CKDHL151045,CKDHL151045,(CML395/CML444),2017
6@2017,Kakamega2017,Optimal,1,1@2017,19,19@2017,94,71@06,6.7,75,22.5,249,129,75,(CML395/CML444)//CKDHL151053,CKDHL151053,(CML395/CML444),2017
6@2017,Kakamega2017,Optimal,2,2@2017,37,37@2017,184,71@06,3.65,78,21.8,237,123,76,(CML395/CML444)//CKDHL151053,CKDHL151053,(CML395/CML444),2017
6@2017,Kiboko2017,Optimal,2,2@2017,33,33@2017,162,71@06,6.32,58,15.8,230.5,126.5,57,(CML395/CML444)//CKDHL151053,CKDHL151053,(CML395/CML444),2017
6@2017,Kiboko2017,Optimal,1,1@2017,9,9@2017,43,71@06,7.15,57,15.7,273.5,156.5,56,(CML395/CML444)//CKDHL151053,CKDHL151053,(CML395/CML444),2017
6@2017,Kiboko2017,Optimal,2,2@2017,29,29@2017,143,72@06,6.03,57,13.8,240,128.5,57,(CML395/CML444)//CKDHL151059,CKDHL151059,(CML395/CML444),2017
6@2017,Kakamega2017,Optimal,2,2@2017,30,30@2017,148,72@06,5.79,78,17.7,254,143,78,(CML395/CML444)//CKDHL151059,CKDHL151059,(CML395/CML444),2017
6@2017,Kiboko2017,Optimal,1,1@2017,8,8@2017,39,72@06,7.8,56,14.2,229,129,55,(CML395/CML444)//CKDHL151059,CKDHL151059,(CML395/CML444),2017
6@2017,Kakamega2017,Optimal,1,1@2017,21,21@2017,105,72@06,5.06,78,22.7,260,150,77,(CML395/CML444)//CKDHL151059,CKDHL151059,(CML395/CML444),2017
6@2017,Kiboko2017,Optimal,1,1@2017,8,8@2017,37,73@06,6.97,55,14.9,234,132.5,54,(CML395/CML444)//CKDHL151061,CKDHL151061,(CML395/CML444),2017
6@2017,Kakamega2017,Optimal,2,2@2017,39,39@2017,191,73@06,6.26,75,18.2,230,130,75,(CML395/CML444)//CKDHL151061,CKDHL151061,(CML395/CML444),2017
6@2017,Kakamega2017,Optimal,1,1@2017,10,10@2017,50,73@06,5.12,72,20.2,232,127,75,(CML395/CML444)//CKDHL151061,CKDHL151061,(CML395/CML444),2017
6@2017,Kiboko2017,Optimal,2,2@2017,32,32@2017,158,73@06,7.2,55,13.7,247.5,135,54,(CML395/CML444)//CKDHL151061,CKDHL151061,(CML395/CML444),2017
6@2017,Kiboko2017,Optimal,1,1@2017,9,9@2017,45,74@06,4.45,52,13.6,234,107,56,(CML395/CML444)//CKDHL151070,CKDHL151070,(CML395/CML444),2017
6@2017,Kakamega2017,Optimal,1,1@2017,22,22@2017,106,74@06,2.82,78,18.7,254,135,78,(CML395/CML444)//CKDHL151070,CKDHL151070,(CML395/CML444),2017
6@2017,Kiboko2017,Optimal,2,2@2017,38,38@2017,189,74@06,3.79,54,13.2,233,118,58,(CML395/CML444)//CKDHL151070,CKDHL151070,(CML395/CML444),2017
6@2017,Kakamega2017,Optimal,2,2@2017,44,44@2017,219,74@06,1.67,76,21.4,180.5,79,80,(CML395/CML444)//CKDHL151070,CKDHL151070,(CML395/CML444),2017
6@2017,Kiboko2017,Optimal,2,2@2017,37,37@2017,185,75@06,7.4,56,14.7,253,144,56,(CML395/CML444)//CKDHL151071,CKDHL151071,(CML395/CML444),2017
6@2017,Kakamega2017,Optimal,1,1@2017,10,10@2017,47,75@06,3.26,76,22.6,221,118,76,(CML395/CML444)//CKDHL151071,CKDHL151071,(CML395/CML444),2017
6@2017,Kiboko2017,Optimal,1,1@2017,22,22@2017,108,75@06,6.48,55,15.2,231.5,118,56,(CML395/CML444)//CKDHL151071,CKDHL151071,(CML395/CML444),2017
6@2017,Kakamega2017,Optimal,2,2@2017,32,32@2017,159,75@06,3.17,72,18.2,232,119,72,(CML395/CML444)//CKDHL151071,CKDHL151071,(CML395/CML444),2017
6@2017,Kiboko2017,Optimal,2,2@2017,51,51@2017,252,76@06,6.18,54,13.9,220,119,54,(CML395/CML444)//CKDHL151084,CKDHL151084,(CML395/CML444),2017
6@2017,Kakamega2017,Optimal,2,2@2017,50,50@2017,247,76@06,3.71,75,27.3,209.5,111,75,(CML395/CML444)//CKDHL151084,CKDHL151084,(CML395/CML444),2017
6@2017,Kakamega2017,Optimal,1,1@2017,13,13@2017,63,76@06,4.72,73,20.4,245,135,73,(CML395/CML444)//CKDHL151084,CKDHL151084,(CML395/CML444),2017
6@2017,Kiboko2017,Optimal,1,1@2017,16,16@2017,77,76@06,5.06,55,14,237,125.5,55,(CML395/CML444)//CKDHL151084,CKDHL151084,(CML395/CML444),2017
6@2017,Kiboko2017,Optimal,1,1@2017,18,18@2017,88,77@06,6.54,56,11,232,128.5,56,(CML395/CML444)//CKDHL151087,CKDHL151087,(CML395/CML444),2017
6@2017,Kakamega2017,Optimal,1,1@2017,13,13@2017,61,77@06,5.17,76,17.7,222.5,121,76,(CML395/CML444)//CKDHL151087,CKDHL151087,(CML395/CML444),2017
6@2017,Kakamega2017,Optimal,2,2@2017,28,28@2017,137,77@06,4.92,75,20.8,239.5,130,76,(CML395/CML444)//CKDHL151087,CKDHL151087,(CML395/CML444),2017
6@2017,Kiboko2017,Optimal,2,2@2017,34,34@2017,169,77@06,6.05,57,14.3,240.5,132,58,(CML395/CML444)//CKDHL151087,CKDHL151087,(CML395/CML444),2017
6@2017,Kakamega2017,Optimal,1,1@2017,11,11@2017,54,78@06,3.84,75,23.2,245,135,79,(CML395/CML444)//CKDHL151090,CKDHL151090,(CML395/CML444),2017
6@2017,Kakamega2017,Optimal,2,2@2017,51,51@2017,251,78@06,4.19,76,22.2,226.5,118,79,(CML395/CML444)//CKDHL151090,CKDHL151090,(CML395/CML444),2017
6@2017,Kiboko2017,Optimal,2,2@2017,28,28@2017,136,78@06,6.25,58,13.8,284,170,59,(CML395/CML444)//CKDHL151090,CKDHL151090,(CML395/CML444),2017
6@2017,Kiboko2017,Optimal,1,1@2017,23,23@2017,114,78@06,6.53,56,12.3,258,143,57,(CML395/CML444)//CKDHL151090,CKDHL151090,(CML395/CML444),2017
6@2017,Kiboko2017,Optimal,1,1@2017,4,4@2017,20,79@06,6.35,54,13.9,255,122,56,(CML395/CML444)//CKDHL151091,CKDHL151091,(CML395/CML444),2017
6@2017,Kakamega2017,Optimal,1,1@2017,18,18@2017,88,79@06,4.98,75,21.8,228,116,75,(CML395/CML444)//CKDHL151091,CKDHL151091,(CML395/CML444),2017
6@2017,Kiboko2017,Optimal,2,2@2017,35,35@2017,175,79@06,6.7,54,14.8,257,131.5,55,(CML395/CML444)//CKDHL151091,CKDHL151091,(CML395/CML444),2017
6@2017,Kakamega2017,Optimal,2,2@2017,48,48@2017,236,79@06,1.87,75,18.3,210,106,74,(CML395/CML444)//CKDHL151091,CKDHL151091,(CML395/CML444),2017
6@2017,Kiboko2017,Optimal,2,2@2017,31,31@2017,153,80@06,6.28,56,12.6,257.5,148.5,56,(CML395/CML444)//CKDHL151092,CKDHL151092,(CML395/CML444),2017
6@2017,Kiboko2017,Optimal,1,1@2017,6,6@2017,27,80@06,6.55,58,10.8,249.5,138.5,57,(CML395/CML444)//CKDHL151092,CKDHL151092,(CML395/CML444),2017
6@2017,Kakamega2017,Optimal,1,1@2017,4,4@2017,17,80@06,2.61,75,18.7,227,114,75,(CML395/CML444)//CKDHL151092,CKDHL151092,(CML395/CML444),2017
6@2017,Kakamega2017,Optimal,2,2@2017,46,46@2017,229,80@06,2.49,74,19.7,220.5,118,75,(CML395/CML444)//CKDHL151092,CKDHL151092,(CML395/CML444),2017
6@2017,Kakamega2017,Optimal,2,2@2017,30,30@2017,150,81@06,6.28,75,19.3,250,136,77,(CML395/CML444)//CKDHL151093,CKDHL151093,(CML395/CML444),2017
6@2017,Kakamega2017,Optimal,1,1@2017,3,3@2017,11,81@06,5.05,76,22.9,229,122,79,(CML395/CML444)//CKDHL151093,CKDHL151093,(CML395/CML444),2017
6@2017,Kiboko2017,Optimal,2,2@2017,49,49@2017,241,81@06,5.69,59,18.2,207.5,105,62,(CML395/CML444)//CKDHL151093,CKDHL151093,(CML395/CML444),2017
6@2017,Kiboko2017,Optimal,1,1@2017,6,6@2017,26,81@06,4.63,60,15.8,229,128,62,(CML395/CML444)//CKDHL151093,CKDHL151093,(CML395/CML444),2017
6@2017,Kiboko2017,Optimal,1,1@2017,24,24@2017,117,82@06,6.58,56,16.6,246,134.5,57,(CML395/CML444)//CKDHL151094,CKDHL151094,(CML395/CML444),2017
6@2017,Kakamega2017,Optimal,2,2@2017,48,48@2017,239,82@06,1.87,76,24.9,228,123,80,(CML395/CML444)//CKDHL151094,CKDHL151094,(CML395/CML444),2017
6@2017,Kiboko2017,Optimal,2,2@2017,49,49@2017,245,82@06,6.86,56,15.2,247.5,133.5,57,(CML395/CML444)//CKDHL151094,CKDHL151094,(CML395/CML444),2017
6@2017,Kakamega2017,Optimal,1,1@2017,4,4@2017,18,82@06,1.08,73,24.6,217,108,74,(CML395/CML444)//CKDHL151094,CKDHL151094,(CML395/CML444),2017
6@2017,Kiboko2017,Optimal,1,1@2017,3,3@2017,12,83@06,6.14,55,14.5,224.5,132,58,(CML395/CML444)//CKDHL151095,CKDHL151095,(CML395/CML444),2017
6@2017,Kakamega2017,Optimal,1,1@2017,23,23@2017,111,83@06,5.21,79,23.9,237,132,78,(CML395/CML444)//CKDHL151095,CKDHL151095,(CML395/CML444),2017
6@2017,Kiboko2017,Optimal,2,2@2017,34,34@2017,168,83@06,6.86,57,13.1,231,134,57,(CML395/CML444)//CKDHL151095,CKDHL151095,(CML395/CML444),2017
6@2017,Kakamega2017,Optimal,2,2@2017,33,33@2017,162,83@06,4.76,78,19,251.5,141.5,79,(CML395/CML444)//CKDHL151095,CKDHL151095,(CML395/CML444),2017
6@2017,Kiboko2017,Optimal,2,2@2017,38,38@2017,186,84@06,8.02,57,16,262.5,139.5,57,(CML395/CML444)//CKDHL151098,CKDHL151098,(CML395/CML444),2017
6@2017,Kakamega2017,Optimal,1,1@2017,2,2@2017,7,84@06,4.81,74,20.6,238,121,74,(CML395/CML444)//CKDHL151098,CKDHL151098,(CML395/CML444),2017
6@2017,Kakamega2017,Optimal,2,2@2017,42,42@2017,207,84@06,3.96,78,22.1,231,124,78,(CML395/CML444)//CKDHL151098,CKDHL151098,(CML395/CML444),2017
6@2017,Kiboko2017,Optimal,1,1@2017,21,21@2017,103,84@06,6.2,57,14.5,231,127,57,(CML395/CML444)//CKDHL151098,CKDHL151098,(CML395/CML444),2017
6@2017,Kakamega2017,Optimal,2,2@2017,38,38@2017,187,85@06,3.36,73,28.1,252,140,75,(CML395/CML444)//CKDHL151101,CKDHL151101,(CML395/CML444),2017
6@2017,Kiboko2017,Optimal,2,2@2017,50,50@2017,247,85@06,7.05,56,12.5,272,151,56,(CML395/CML444)//CKDHL151101,CKDHL151101,(CML395/CML444),2017
6@2017,Kiboko2017,Optimal,1,1@2017,4,4@2017,17,85@06,6.48,55,12.1,248.5,144,55,(CML395/CML444)//CKDHL151101,CKDHL151101,(CML395/CML444),2017
6@2017,Kakamega2017,Optimal,1,1@2017,14,14@2017,70,85@06,3.58,76,19,233,126,76,(CML395/CML444)//CKDHL151101,CKDHL151101,(CML395/CML444),2017
6@2017,Kiboko2017,Optimal,1,1@2017,17,17@2017,82,86@06,4.34,57,14,244,147.5,57,(CML395/CML444)//CKDHL151105,CKDHL151105,(CML395/CML444),2017
6@2017,Kakamega2017,Optimal,1,1@2017,17,17@2017,81,86@06,5.69,75,26.3,238.5,136,75,(CML395/CML444)//CKDHL151105,CKDHL151105,(CML395/CML444),2017
6@2017,Kakamega2017,Optimal,2,2@2017,36,36@2017,180,86@06,4.31,78,23,242,141,79,(CML395/CML444)//CKDHL151105,CKDHL151105,(CML395/CML444),2017
6@2017,Kiboko2017,Optimal,2,2@2017,35,35@2017,174,86@06,6.48,56,14.1,270,155.5,56,(CML395/CML444)//CKDHL151105,CKDHL151105,(CML395/CML444),2017
6@2017,Kakamega2017,Optimal,2,2@2017,27,27@2017,133,87@06,4.56,76,21,255.5,154,76,(CML395/CML444)//CKDHL151108,CKDHL151108,(CML395/CML444),2017
6@2017,Kiboko2017,Optimal,1,1@2017,11,11@2017,51,87@06,7.02,57,14.3,233,127,58,(CML395/CML444)//CKDHL151108,CKDHL151108,(CML395/CML444),2017
6@2017,Kakamega2017,Optimal,1,1@2017,19,19@2017,91,87@06,2.19,78,25.8,244.5,139,79,(CML395/CML444)//CKDHL151108,CKDHL151108,(CML395/CML444),2017
6@2017,Kiboko2017,Optimal,2,2@2017,35,35@2017,172,87@06,5.76,56,15.3,257,144.5,57,(CML395/CML444)//CKDHL151108,CKDHL151108,(CML395/CML444),2017
6@2017,Kiboko2017,Optimal,1,1@2017,23,23@2017,112,88@06,6.52,55,13.9,245,134,55,(CML395/CML444)//CKDHL151118,CKDHL151118,(CML395/CML444),2017
6@2017,Kakamega2017,Optimal,2,2@2017,30,30@2017,146,88@06,6.13,75,25.1,253,135,75,(CML395/CML444)//CKDHL151118,CKDHL151118,(CML395/CML444),2017
6@2017,Kakamega2017,Optimal,1,1@2017,9,9@2017,41,88@06,3.44,80,29.1,225,126,80,(CML395/CML444)//CKDHL151118,CKDHL151118,(CML395/CML444),2017
6@2017,Kiboko2017,Optimal,2,2@2017,38,38@2017,190,88@06,9.78,55,14.6,290,148.5,55,(CML395/CML444)//CKDHL151118,CKDHL151118,(CML395/CML444),2017
6@2017,Kiboko2017,Optimal,2,2@2017,52,52@2017,256,89@06,6.24,57,12.8,246,131,59,(CML395/CML444)//CKDHL151121,CKDHL151121,(CML395/CML444),2017
6@2017,Kakamega2017,Optimal,2,2@2017,48,48@2017,238,89@06,5.64,75,18,236,125,75,(CML395/CML444)//CKDHL151121,CKDHL151121,(CML395/CML444),2017
6@2017,Kakamega2017,Optimal,1,1@2017,14,14@2017,69,89@06,3.76,79,17.3,223,118,81,(CML395/CML444)//CKDHL151121,CKDHL151121,(CML395/CML444),2017
6@2017,Kiboko2017,Optimal,1,1@2017,20,20@2017,96,89@06,5.33,55,14.6,247.5,131,58,(CML395/CML444)//CKDHL151121,CKDHL151121,(CML395/CML444),2017
6@2017,Kakamega2017,Optimal,2,2@2017,31,31@2017,153,90@06,4.3,78,19.5,268,156,77,(CML395/CML444)//CKDHL151126,CKDHL151126,(CML395/CML444),2017
6@2017,Kiboko2017,Optimal,2,2@2017,39,39@2017,193,90@06,8.07,55,12.5,298.5,171,56,(CML395/CML444)//CKDHL151126,CKDHL151126,(CML395/CML444),2017
6@2017,Kakamega2017,Optimal,1,1@2017,21,21@2017,103,90@06,3.67,77,22.3,263,152,78,(CML395/CML444)//CKDHL151126,CKDHL151126,(CML395/CML444),2017
6@2017,Kiboko2017,Optimal,1,1@2017,7,7@2017,35,90@06,6.17,56,14.9,230.5,132.5,55,(CML395/CML444)//CKDHL151126,CKDHL151126,(CML395/CML444),2017
6@2017,Kiboko2017,Optimal,1,1@2017,19,19@2017,93,91@06,6.68,56,12.9,243.5,129,56,(CML395/CML444)//CKDHL151135,CKDHL151135,(CML395/CML444),2017
6@2017,Kiboko2017,Optimal,2,2@2017,31,31@2017,155,91@06,6.99,58,14.3,254,153,59,(CML395/CML444)//CKDHL151135,CKDHL151135,(CML395/CML444),2017
6@2017,Kakamega2017,Optimal,2,2@2017,36,36@2017,177,91@06,2.15,79,21.1,227.5,124,79,(CML395/CML444)//CKDHL151135,CKDHL151135,(CML395/CML444),2017
6@2017,Kakamega2017,Optimal,1,1@2017,25,25@2017,123,91@06,5.52,75,19.8,251,143,76,(CML395/CML444)//CKDHL151135,CKDHL151135,(CML395/CML444),2017
6@2017,Kakamega2017,Optimal,2,2@2017,29,29@2017,145,92@06,5.54,75,20.1,258,148,75,(CML395/CML444)//CKDHL151139,CKDHL151139,(CML395/CML444),2017
6@2017,Kiboko2017,Optimal,1,1@2017,9,9@2017,42,92@06,7.8,55,14.5,280,154,56,(CML395/CML444)//CKDHL151139,CKDHL151139,(CML395/CML444),2017
6@2017,Kiboko2017,Optimal,2,2@2017,42,42@2017,208,92@06,5.55,54,13.3,272.5,139,56,(CML395/CML444)//CKDHL151139,CKDHL151139,(CML395/CML444),2017
6@2017,Kakamega2017,Optimal,1,1@2017,10,10@2017,46,92@06,4.05,76,18.7,221.5,122,76,(CML395/CML444)//CKDHL151139,CKDHL151139,(CML395/CML444),2017
6@2017,Kiboko2017,Optimal,2,2@2017,49,49@2017,243,93@06,6.49,55,14.7,232,129,56,(CML395/CML444)//CKDHL151141,CKDHL151141,(CML395/CML444),2017
6@2017,Kakamega2017,Optimal,1,1@2017,25,25@2017,124,93@06,4.81,70,17.5,252,148,70,(CML395/CML444)//CKDHL151141,CKDHL151141,(CML395/CML444),2017
6@2017,Kakamega2017,Optimal,2,2@2017,40,40@2017,198,93@06,3.55,74,23.9,219,112,75,(CML395/CML444)//CKDHL151141,CKDHL151141,(CML395/CML444),2017
6@2017,Kiboko2017,Optimal,1,1@2017,11,11@2017,54,93@06,7.87,54,13.1,244,135,54,(CML395/CML444)//CKDHL151141,CKDHL151141,(CML395/CML444),2017
6@2017,Kiboko2017,Optimal,2,2@2017,45,45@2017,224,94@06,6.66,59,13.2,256,151,59,(CML395/CML444)//CKDHL151143,CKDHL151143,(CML395/CML444),2017
6@2017,Kakamega2017,Optimal,1,1@2017,18,18@2017,89,94@06,5.97,75,19.2,255,133,78,(CML395/CML444)//CKDHL151143,CKDHL151143,(CML395/CML444),2017
6@2017,Kakamega2017,Optimal,2,2@2017,46,46@2017,228,94@06,3.72,75,23.7,222.5,113,76,(CML395/CML444)//CKDHL151143,CKDHL151143,(CML395/CML444),2017
6@2017,Kiboko2017,Optimal,1,1@2017,21,21@2017,101,94@06,6.36,57,14.9,232,129,57,(CML395/CML444)//CKDHL151143,CKDHL151143,(CML395/CML444),2017
6@2017,Kakamega2017,Optimal,2,2@2017,34,34@2017,168,95@06,3.71,78,23.5,248,140,79,(CML395/CML444)//CKDHL151144,CKDHL151144,(CML395/CML444),2017
6@2017,Kiboko2017,Optimal,2,2@2017,30,30@2017,147,95@06,6.57,55,14.3,241.5,132.5,56,(CML395/CML444)//CKDHL151144,CKDHL151144,(CML395/CML444),2017
6@2017,Kiboko2017,Optimal,1,1@2017,11,11@2017,52,95@06,7.54,56,14.6,241.5,131.5,55,(CML395/CML444)//CKDHL151144,CKDHL151144,(CML395/CML444),2017
6@2017,Kakamega2017,Optimal,1,1@2017,3,3@2017,12,95@06,4.09,76,20.8,237,130,76,(CML395/CML444)//CKDHL151144,CKDHL151144,(CML395/CML444),2017
6@2017,Kiboko2017,Optimal,1,1@2017,26,26@2017,128,96@06,6.62,54,14.4,247,143,54,(CML395/CML444)//CKDHL151157,CKDHL151157,(CML395/CML444),2017
6@2017,Kakamega2017,Optimal,1,1@2017,12,12@2017,58,96@06,6.09,76,20.1,231,117,76,(CML395/CML444)//CKDHL151157,CKDHL151157,(CML395/CML444),2017
6@2017,Kiboko2017,Optimal,2,2@2017,32,32@2017,159,96@06,5.63,54,15.6,246,140.5,54,(CML395/CML444)//CKDHL151157,CKDHL151157,(CML395/CML444),2017
6@2017,Kakamega2017,Optimal,2,2@2017,42,42@2017,210,96@06,3,76,26,238,134,76,(CML395/CML444)//CKDHL151157,CKDHL151157,(CML395/CML444),2017
6@2017,Kiboko2017,Optimal,2,2@2017,44,44@2017,218,97@06,7.75,56,13.5,282.5,150.5,59,(CML395/CML444)//CKDHL151168,CKDHL151168,(CML395/CML444),2017
6@2017,Kakamega2017,Optimal,2,2@2017,40,40@2017,196,97@06,2.88,76,18.6,219,119,79,(CML395/CML444)//CKDHL151168,CKDHL151168,(CML395/CML444),2017
6@2017,Kiboko2017,Optimal,1,1@2017,1,1@2017,2,97@06,5,55,14.2,207,123.5,60,(CML395/CML444)//CKDHL151168,CKDHL151168,(CML395/CML444),2017
6@2017,Kakamega2017,Optimal,1,1@2017,2,2@2017,10,97@06,3.67,75,21.5,233,119,75,(CML395/CML444)//CKDHL151168,CKDHL151168,(CML395/CML444),2017
6@2017,Kakamega2017,Optimal,2,2@2017,35,35@2017,172,98@06,4.19,75,22.6,234,130,75,(CML395/CML444)//CKDHL151173,CKDHL151173,(CML395/CML444),2017
6@2017,Kiboko2017,Optimal,1,1@2017,5,5@2017,25,98@06,7.38,59,15.2,238.5,131,60,(CML395/CML444)//CKDHL151173,CKDHL151173,(CML395/CML444),2017
6@2017,Kiboko2017,Optimal,2,2@2017,31,31@2017,152,98@06,6.21,58,13.5,266.5,156,59,(CML395/CML444)//CKDHL151173,CKDHL151173,(CML395/CML444),2017
6@2017,Kakamega2017,Optimal,1,1@2017,23,23@2017,113,98@06,4.2,78,20.2,257,143,78,(CML395/CML444)//CKDHL151173,CKDHL151173,(CML395/CML444),2017
6@2017,Kakamega2017,Optimal,1,1@2017,5,5@2017,24,99@06,3.24,74,19.6,234.5,118,73,(CML395/CML444)//CKDHL151180,CKDHL151180,(CML395/CML444),2017
6@2017,Kiboko2017,Optimal,1,1@2017,23,23@2017,111,99@06,6,56,14.6,227.5,123.5,55,(CML395/CML444)//CKDHL151180,CKDHL151180,(CML395/CML444),2017
6@2017,Kiboko2017,Optimal,2,2@2017,43,43@2017,215,99@06,7.97,57,12.7,255.5,129.5,56,(CML395/CML444)//CKDHL151180,CKDHL151180,(CML395/CML444),2017
6@2017,Kakamega2017,Optimal,2,2@2017,45,45@2017,221,99@06,2.26,76,19.9,200.5,105,76,(CML395/CML444)//CKDHL151180,CKDHL151180,(CML395/CML444),2017
6@2017,Kakamega2017,Optimal,2,2@2017,52,52@2017,260,100@06,7.09,75,26.7,237,118,74,(CML395/CML444)//CKDHL151184,CKDHL151184,(CML395/CML444),2017
6@2017,Kiboko2017,Optimal,2,2@2017,29,29@2017,144,100@06,5.86,55,14.6,238,119.5,57,(CML395/CML444)//CKDHL151184,CKDHL151184,(CML395/CML444),2017
6@2017,Kiboko2017,Optimal,1,1@2017,14,14@2017,69,100@06,6.39,55,13,253,131,56,(CML395/CML444)//CKDHL151184,CKDHL151184,(CML395/CML444),2017
6@2017,Kakamega2017,Optimal,1,1@2017,2,2@2017,9,100@06,7.26,74,28,245,124,74,(CML395/CML444)//CKDHL151184,CKDHL151184,(CML395/CML444),2017
6@2017,Kiboko2017,Optimal,2,2@2017,36,36@2017,180,101@06,7.54,57,15.6,270,160.5,57,(CML395/CML444)//CKDHL151187,CKDHL151187,(CML395/CML444),2017
6@2017,Kiboko2017,Optimal,1,1@2017,14,14@2017,68,101@06,5.44,56,11.9,249,140,57,(CML395/CML444)//CKDHL151187,CKDHL151187,(CML395/CML444),2017
6@2017,Kakamega2017,Optimal,2,2@2017,29,29@2017,144,101@06,2.93,75,25.8,245,135,75,(CML395/CML444)//CKDHL151187,CKDHL151187,(CML395/CML444),2017
6@2017,Kakamega2017,Optimal,1,1@2017,25,25@2017,125,101@06,3.24,78,21,240,140,80,(CML395/CML444)//CKDHL151187,CKDHL151187,(CML395/CML444),2017
6@2017,Kakamega2017,Optimal,2,2@2017,33,33@2017,161,102@06,3.53,78,22.2,236.5,142,79,(CML395/CML444)//CKDHL151192,CKDHL151192,(CML395/CML444),2017
6@2017,Kiboko2017,Optimal,2,2@2017,47,47@2017,235,102@06,4.36,60,15.7,246.5,142,60,(CML395/CML444)//CKDHL151192,CKDHL151192,(CML395/CML444),2017
6@2017,Kiboko2017,Optimal,1,1@2017,15,15@2017,75,102@06,4.7,59,13.6,211.5,126.5,59,(CML395/CML444)//CKDHL151192,CKDHL151192,(CML395/CML444),2017
6@2017,Kakamega2017,Optimal,1,1@2017,7,7@2017,33,102@06,2.3,75,22.9,220,116,76,(CML395/CML444)//CKDHL151192,CKDHL151192,(CML395/CML444),2017
6@2017,Kiboko2017,Optimal,2,2@2017,30,30@2017,149,103@06,7.2,55,13.8,275,146.5,57,(CML395/CML444)//CKDHL151194,CKDHL151194,(CML395/CML444),2017
6@2017,Kiboko2017,Optimal,1,1@2017,4,4@2017,18,103@06,4.93,57,13,257.5,143,60,(CML395/CML444)//CKDHL151194,CKDHL151194,(CML395/CML444),2017
6@2017,Kakamega2017,Optimal,2,2@2017,47,47@2017,234,103@06,2.33,80,20.2,231,123,80,(CML395/CML444)//CKDHL151194,CKDHL151194,(CML395/CML444),2017
6@2017,Kakamega2017,Optimal,1,1@2017,16,16@2017,77,103@06,7.55,76,22.6,206.5,117,76,(CML395/CML444)//CKDHL151194,CKDHL151194,(CML395/CML444),2017
6@2017,Kakamega2017,Optimal,2,2@2017,45,45@2017,223,104@06,2.22,76,19.2,199.5,103.5,76,(CML395/CML444)//CKDHL151195,CKDHL151195,(CML395/CML444),2017
6@2017,Kakamega2017,Optimal,1,1@2017,5,5@2017,22,104@06,5.37,75,20.5,216,113,74,(CML395/CML444)//CKDHL151195,CKDHL151195,(CML395/CML444),2017
6@2017,Kiboko2017,Optimal,1,1@2017,7,7@2017,33,104@06,6.5,53,13.4,218,118,53,(CML395/CML444)//CKDHL151195,CKDHL151195,(CML395/CML444),2017
6@2017,Kiboko2017,Optimal,2,2@2017,44,44@2017,217,104@06,7.94,55,13.6,241,122,56,(CML395/CML444)//CKDHL151195,CKDHL151195,(CML395/CML444),2017
6@2017,Kakamega2017,Optimal,2,2@2017,44,44@2017,217,105@06,3.18,76,21.7,221,112,76,(CML395/CML444)//CKDHL151198,CKDHL151198,(CML395/CML444),2017
6@2017,Kiboko2017,Optimal,1,1@2017,13,13@2017,63,105@06,5.54,57,13.6,293.5,156,57,(CML395/CML444)//CKDHL151198,CKDHL151198,(CML395/CML444),2017
6@2017,Kiboko2017,Optimal,2,2@2017,47,47@2017,231,105@06,7.62,56,14,256.5,127,58,(CML395/CML444)//CKDHL151198,CKDHL151198,(CML395/CML444),2017
6@2017,Kakamega2017,Optimal,1,1@2017,4,4@2017,16,105@06,3.61,78,22.7,224,114.5,79,(CML395/CML444)//CKDHL151198,CKDHL151198,(CML395/CML444),2017
6@2017,Kiboko2017,Optimal,2,2@2017,36,36@2017,177,106@06,6.27,57,12.7,246,140,57,(CML395/CML444)//CKDHL151203,CKDHL151203,(CML395/CML444),2017
6@2017,Kakamega2017,Optimal,1,1@2017,22,22@2017,110,106@06,3.14,79,27.2,275.5,158,79,(CML395/CML444)//CKDHL151203,CKDHL151203,(CML395/CML444),2017
6@2017,Kiboko2017,Optimal,1,1@2017,10,10@2017,48,106@06,5.28,56,13.7,243,135,57,(CML395/CML444)//CKDHL151203,CKDHL151203,(CML395/CML444),2017
6@2017,Kakamega2017,Optimal,2,2@2017,49,49@2017,245,106@06,2.65,76,20.6,215,107,79,(CML395/CML444)//CKDHL151203,CKDHL151203,(CML395/CML444),2017
6@2017,Kiboko2017,Optimal,2,2@2017,42,42@2017,209,107@06,9.24,58,13.2,275,152.5,59,(CML395/CML444)//CKDHL151205,CKDHL151205,(CML395/CML444),2017
6@2017,Kakamega2017,Optimal,1,1@2017,26,26@2017,130,107@06,2.89,78,25.4,258,145,78,(CML395/CML444)//CKDHL151205,CKDHL151205,(CML395/CML444),2017
6@2017,Kakamega2017,Optimal,2,2@2017,48,48@2017,237,107@06,4.63,79,23.9,205,115,81,(CML395/CML444)//CKDHL151205,CKDHL151205,(CML395/CML444),2017
6@2017,Kiboko2017,Optimal,1,1@2017,1,1@2017,5,107@06,5.71,58,12.2,211.5,120.5,58,(CML395/CML444)//CKDHL151205,CKDHL151205,(CML395/CML444),2017
6@2017,Kiboko2017,Optimal,2,2@2017,45,45@2017,221,108@06,5.64,53,14.9,236,107.5,55,(CML395/CML444)//CKDHL151215,CKDHL151215,(CML395/CML444),2017
6@2017,Kakamega2017,Optimal,1,1@2017,24,24@2017,118,108@06,5.54,68,20.1,234,110,70,(CML395/CML444)//CKDHL151215,CKDHL151215,(CML395/CML444),2017
6@2017,Kiboko2017,Optimal,1,1@2017,3,3@2017,11,108@06,4.37,53,15,184,90.5,56,(CML395/CML444)//CKDHL151215,CKDHL151215,(CML395/CML444),2017
6@2017,Kakamega2017,Optimal,2,2@2017,52,52@2017,258,108@06,3.58,69,28.9,209,108,71,(CML395/CML444)//CKDHL151215,CKDHL151215,(CML395/CML444),2017
6@2017,Kiboko2017,Optimal,2,2@2017,39,39@2017,192,109@06,7.94,54,14.5,248.5,128,55,(CML395/CML444)//CKDHL151219,CKDHL151219,(CML395/CML444),2017
6@2017,Kiboko2017,Optimal,1,1@2017,19,19@2017,91,109@06,5.89,54,13.8,234,121,56,(CML395/CML444)//CKDHL151219,CKDHL151219,(CML395/CML444),2017
6@2017,Kakamega2017,Optimal,2,2@2017,46,46@2017,226,109@06,2.6,73,27.5,209.5,102,73,(CML395/CML444)//CKDHL151219,CKDHL151219,(CML395/CML444),2017
6@2017,Kakamega2017,Optimal,1,1@2017,26,26@2017,127,109@06,3.29,76,17.2,245,134,76,(CML395/CML444)//CKDHL151219,CKDHL151219,(CML395/CML444),2017
6@2017,Kakamega2017,Optimal,1,1@2017,6,6@2017,29,110@06,3.87,76,25,234,127,75,(CML395/CML444)//CKDHL151222,CKDHL151222,(CML395/CML444),2017
6@2017,Kiboko2017,Optimal,1,1@2017,18,18@2017,87,110@06,7.33,55,11.8,271.5,144,55,(CML395/CML444)//CKDHL151222,CKDHL151222,(CML395/CML444),2017
6@2017,Kakamega2017,Optimal,2,2@2017,50,50@2017,249,110@06,5.88,73,26.3,229,121,71,(CML395/CML444)//CKDHL151222,CKDHL151222,(CML395/CML444),2017
6@2017,Kiboko2017,Optimal,2,2@2017,36,36@2017,179,110@06,8,55,13.8,265,149.5,55,(CML395/CML444)//CKDHL151222,CKDHL151222,(CML395/CML444),2017
6@2017,Kakamega2017,Optimal,1,1@2017,24,24@2017,117,111@06,4.94,73,21.4,228,116,71,(CML395/CML444)//CKDHL151226,CKDHL151226,(CML395/CML444),2017
6@2017,Kiboko2017,Optimal,1,1@2017,3,3@2017,14,111@06,5.4,53,12.2,220,119,54,(CML395/CML444)//CKDHL151226,CKDHL151226,(CML395/CML444),2017
6@2017,Kakamega2017,Optimal,2,2@2017,47,47@2017,235,111@06,3.76,71,22.5,216,106,70,(CML395/CML444)//CKDHL151226,CKDHL151226,(CML395/CML444),2017
6@2017,Kiboko2017,Optimal,2,2@2017,30,30@2017,150,111@06,6.81,54,14.1,252,135,55,(CML395/CML444)//CKDHL151226,CKDHL151226,(CML395/CML444),2017
6@2017,Kakamega2017,Optimal,2,2@2017,43,43@2017,211,112@06,2.38,75,20.1,225,124,76,(CML395/CML444)//CKDHL151233,CKDHL151233,(CML395/CML444),2017
6@2017,Kakamega2017,Optimal,1,1@2017,2,2@2017,8,112@06,2.31,76,21.9,249,137,79,(CML395/CML444)//CKDHL151233,CKDHL151233,(CML395/CML444),2017
6@2017,Kiboko2017,Optimal,1,1@2017,13,13@2017,62,112@06,4.72,56,13.7,265.5,145,57,(CML395/CML444)//CKDHL151233,CKDHL151233,(CML395/CML444),2017
6@2017,Kiboko2017,Optimal,2,2@2017,27,27@2017,133,112@06,6.57,56,13.6,257.5,131.5,58,(CML395/CML444)//CKDHL151233,CKDHL151233,(CML395/CML444),2017
6@2017,Kakamega2017,Optimal,1,1@2017,22,22@2017,107,113@06,8.25,77,19,259,154,77,(CML395/CML444)//CKDHL151240,CKDHL151240,(CML395/CML444),2017
6@2017,Kiboko2017,Optimal,1,1@2017,20,20@2017,99,113@06,7.89,56,13.5,249.5,131.5,55,(CML395/CML444)//CKDHL151240,CKDHL151240,(CML395/CML444),2017
6@2017,Kiboko2017,Optimal,2,2@2017,44,44@2017,219,113@06,6.66,56,15.3,253,132.5,55,(CML395/CML444)//CKDHL151240,CKDHL151240,(CML395/CML444),2017
6@2017,Kakamega2017,Optimal,2,2@2017,39,39@2017,195,113@06,4.68,76,20.4,244.5,131,76,(CML395/CML444)//CKDHL151240,CKDHL151240,(CML395/CML444),2017
6@2017,Kiboko2017,Optimal,1,1@2017,22,22@2017,107,114@06,8.01,55,15.5,242,131.5,55,(CML395/CML444)//CKDHL151241,CKDHL151241,(CML395/CML444),2017
6@2017,Kiboko2017,Optimal,2,2@2017,43,43@2017,212,114@06,6.64,55,13.4,234.5,129,54,(CML395/CML444)//CKDHL151241,CKDHL151241,(CML395/CML444),2017
6@2017,Kakamega2017,Optimal,1,1@2017,17,17@2017,85,114@06,5.21,75,18.8,230.5,122,73,(CML395/CML444)//CKDHL151241,CKDHL151241,(CML395/CML444),2017
6@2017,Kakamega2017,Optimal,2,2@2017,41,41@2017,204,114@06,3.15,75,18.2,216,116,76,(CML395/CML444)//CKDHL151241,CKDHL151241,(CML395/CML444),2017
6@2017,Kakamega2017,Optimal,2,2@2017,45,45@2017,224,115@06,4.46,78,21,214.5,113,78,(CML395/CML444)//CKDHL151243,CKDHL151243,(CML395/CML444),2017
6@2017,Kiboko2017,Optimal,2,2@2017,45,45@2017,223,115@06,6.17,56,12.5,245.5,130.5,56,(CML395/CML444)//CKDHL151243,CKDHL151243,(CML395/CML444),2017
6@2017,Kiboko2017,Optimal,1,1@2017,26,26@2017,126,115@06,7.64,56,14.8,257.5,148.5,55,(CML395/CML444)//CKDHL151243,CKDHL151243,(CML395/CML444),2017
6@2017,Kakamega2017,Optimal,1,1@2017,26,26@2017,128,115@06,8.34,71,22.6,252,139,71,(CML395/CML444)//CKDHL151243,CKDHL151243,(CML395/CML444),2017
6@2017,Kiboko2017,Optimal,2,2@2017,48,48@2017,240,116@06,6,55,13.8,205,109.5,53,(CML395/CML444)//CKDHL151244,CKDHL151244,(CML395/CML444),2017
6@2017,Kakamega2017,Optimal,1,1@2017,5,5@2017,23,116@06,3.05,72,20.3,203.5,109,70,(CML395/CML444)//CKDHL151244,CKDHL151244,(CML395/CML444),2017
6@2017,Kiboko2017,Optimal,1,1@2017,9,9@2017,41,116@06,7.21,53,15,255.5,136.5,53,(CML395/CML444)//CKDHL151244,CKDHL151244,(CML395/CML444),2017
6@2017,Kakamega2017,Optimal,2,2@2017,39,39@2017,194,116@06,5.27,74,28.2,224.5,119,74,(CML395/CML444)//CKDHL151244,CKDHL151244,(CML395/CML444),2017
6@2017,Kakamega2017,Optimal,1,1@2017,10,10@2017,48,117@06,5.13,76,22.5,215.5,122,76,(CML395/CML444)//CKDHL151246,CKDHL151246,(CML395/CML444),2017
6@2017,Kiboko2017,Optimal,2,2@2017,40,40@2017,200,117@06,7.99,58,18,272.5,156,58,(CML395/CML444)//CKDHL151246,CKDHL151246,(CML395/CML444),2017
6@2017,Kakamega2017,Optimal,2,2@2017,33,33@2017,164,117@06,2.64,79,26.4,221.5,113,79,(CML395/CML444)//CKDHL151246,CKDHL151246,(CML395/CML444),2017
6@2017,Kiboko2017,Optimal,1,1@2017,16,16@2017,80,117@06,5.05,59,12.3,200.5,114.5,60,(CML395/CML444)//CKDHL151246,CKDHL151246,(CML395/CML444),2017
6@2017,Kiboko2017,Optimal,1,1@2017,12,12@2017,59,118@06,6.77,56,11.3,240.5,129,57,(CML395/CML444)//CKDHL151250,CKDHL151250,(CML395/CML444),2017
6@2017,Kakamega2017,Optimal,2,2@2017,52,52@2017,259,118@06,3.47,80,20.9,232,123,80,(CML395/CML444)//CKDHL151250,CKDHL151250,(CML395/CML444),2017
6@2017,Kiboko2017,Optimal,2,2@2017,43,43@2017,214,118@06,8.49,57,13.1,254.5,140.5,57,(CML395/CML444)//CKDHL151250,CKDHL151250,(CML395/CML444),2017
6@2017,Kakamega2017,Optimal,1,1@2017,9,9@2017,43,118@06,4.88,75,20.4,213.5,119,76,(CML395/CML444)//CKDHL151250,CKDHL151250,(CML395/CML444),2017
6@2017,Kakamega2017,Optimal,2,2@2017,35,35@2017,171,119@06,2.35,78,19.7,258,138,79,(CML395/CML444)//CKDHL151265,CKDHL151265,(CML395/CML444),2017
6@2017,Kiboko2017,Optimal,1,1@2017,1,1@2017,4,119@06,3.62,55,15.3,209.5,120.5,63,(CML395/CML444)//CKDHL151265,CKDHL151265,(CML395/CML444),2017
6@2017,Kakamega2017,Optimal,1,1@2017,24,24@2017,119,119@06,3.08,79,25.9,241.5,129,78,(CML395/CML444)//CKDHL151265,CKDHL151265,(CML395/CML444),2017
6@2017,Kiboko2017,Optimal,2,2@2017,47,47@2017,233,119@06,5.95,56,14.8,252,143,59,(CML395/CML444)//CKDHL151265,CKDHL151265,(CML395/CML444),2017
6@2017,Kakamega2017,Optimal,2,2@2017,34,34@2017,167,120@06,6.09,78,22.4,236.5,134,79,(CML395/CML444)//CKDHL151267,CKDHL151267,(CML395/CML444),2017
6@2017,Kiboko2017,Optimal,2,2@2017,27,27@2017,135,120@06,9.21,57,13,286.5,159.5,57,(CML395/CML444)//CKDHL151267,CKDHL151267,(CML395/CML444),2017
6@2017,Kiboko2017,Optimal,1,1@2017,16,16@2017,76,120@06,6.19,58,12.3,225.5,138,59,(CML395/CML444)//CKDHL151267,CKDHL151267,(CML395/CML444),2017
6@2017,Kakamega2017,Optimal,1,1@2017,15,15@2017,72,120@06,5.02,78,21.8,199.5,99,78,(CML395/CML444)//CKDHL151267,CKDHL151267,(CML395/CML444),2017
6@2017,Kakamega2017,Optimal,1,1@2017,5,5@2017,25,121@06,1.93,73,23.9,230,126,74,(CML395/CML444)//CKDHL151270,CKDHL151270,(CML395/CML444),2017
6@2017,Kakamega2017,Optimal,2,2@2017,36,36@2017,178,121@06,3.44,75,22.6,253,139,75,(CML395/CML444)//CKDHL151270,CKDHL151270,(CML395/CML444),2017
6@2017,Kiboko2017,Optimal,2,2@2017,45,45@2017,222,121@06,8.48,57,12.9,275.5,151.5,57,(CML395/CML444)//CKDHL151270,CKDHL151270,(CML395/CML444),2017
6@2017,Kiboko2017,Optimal,1,1@2017,14,14@2017,66,121@06,5.71,57,12.7,270,156.5,58,(CML395/CML444)//CKDHL151270,CKDHL151270,(CML395/CML444),2017
6@2017,Kakamega2017,Optimal,2,2@2017,39,39@2017,192,122@06,4.42,78,20.3,249,137,76,(CML395/CML444)//CKDHL151276,CKDHL151276,(CML395/CML444),2017
6@2017,Kiboko2017,Optimal,1,1@2017,19,19@2017,92,122@06,5.87,56,14.4,242.5,146,55,(CML395/CML444)//CKDHL151276,CKDHL151276,(CML395/CML444),2017
6@2017,Kiboko2017,Optimal,2,2@2017,45,45@2017,225,122@06,6.8,56,14.2,246.5,135.5,56,(CML395/CML444)//CKDHL151276,CKDHL151276,(CML395/CML444),2017
6@2017,Kakamega2017,Optimal,1,1@2017,13,13@2017,62,122@06,3.66,76,18.6,227.5,124,76,(CML395/CML444)//CKDHL151276,CKDHL151276,(CML395/CML444),2017
6@2017,Kakamega2017,Optimal,1,1@2017,11,11@2017,53,123@06,7.94,75,21.9,241,137,75,(CML395/CML444)//CKDHL151289,CKDHL151289,(CML395/CML444),2017
6@2017,Kakamega2017,Optimal,2,2@2017,50,50@2017,250,123@06,3.94,75,25.1,228,119,75,(CML395/CML444)//CKDHL151289,CKDHL151289,(CML395/CML444),2017
6@2017,Kiboko2017,Optimal,1,1@2017,18,18@2017,89,123@06,6.47,55,13.4,226.5,125,55,(CML395/CML444)//CKDHL151289,CKDHL151289,(CML395/CML444),2017
6@2017,Kiboko2017,Optimal,2,2@2017,47,47@2017,232,123@06,5.25,56,12.7,232.5,124,56,(CML395/CML444)//CKDHL151289,CKDHL151289,(CML395/CML444),2017
6@2017,Kakamega2017,Optimal,1,1@2017,8,8@2017,36,124@06,2.51,76,20.6,193.5,97,76,(CML395/CML444)//CKDHL151292,CKDHL151292,(CML395/CML444),2017
6@2017,Kiboko2017,Optimal,1,1@2017,12,12@2017,57,124@06,8.29,54,14.3,238.5,129.5,55,(CML395/CML444)//CKDHL151292,CKDHL151292,(CML395/CML444),2017
6@2017,Kakamega2017,Optimal,2,2@2017,41,41@2017,205,124@06,6.07,76,18.5,218.5,120,75,(CML395/CML444)//CKDHL151292,CKDHL151292,(CML395/CML444),2017
6@2017,Kiboko2017,Optimal,2,2@2017,46,46@2017,228,124@06,3.91,54,15.6,235.5,131,53,(CML395/CML444)//CKDHL151292,CKDHL151292,(CML395/CML444),2017
6@2017,Kiboko2017,Optimal,1,1@2017,13,13@2017,64,125@06,6.29,57,13.2,263.5,144.5,56,(CML395/CML444)//CKDHL151296,CKDHL151296,(CML395/CML444),2017
6@2017,Kakamega2017,Optimal,2,2@2017,36,36@2017,176,125@06,4.39,79,22.6,264,148,79,(CML395/CML444)//CKDHL151296,CKDHL151296,(CML395/CML444),2017
6@2017,Kiboko2017,Optimal,2,2@2017,41,41@2017,204,125@06,9.32,56,15.8,270,150,55,(CML395/CML444)//CKDHL151296,CKDHL151296,(CML395/CML444),2017
6@2017,Kakamega2017,Optimal,1,1@2017,13,13@2017,65,125@06,4.65,76,21.9,230.5,125,76,(CML395/CML444)//CKDHL151296,CKDHL151296,(CML395/CML444),2017
6@2017,Kiboko2017,Optimal,2,2@2017,46,46@2017,230,126@06,4.05,63,13,279,166.5,65,H517,H517,,2017
6@2017,Kakamega2017,Optimal,2,2@2017,49,49@2017,242,126@06,4.22,76,24.5,224,116,81,H517,H517,,2017
6@2017,Kiboko2017,Optimal,1,1@2017,26,26@2017,130,126@06,7.06,61,13.7,286.5,162,64,H517,H517,,2017
6@2017,Kakamega2017,Optimal,1,1@2017,8,8@2017,39,126@06,4.26,81,20.5,231,133,81,H517,H517,,2017
6@2017,Kakamega2017,Optimal,1,1@2017,20,20@2017,97,127@06,2.98,75,18.7,252,128,76,Pioneer 30G19,Pioneer 30G19,,2017
6@2017,Kakamega2017,Optimal,2,2@2017,45,45@2017,222,127@06,4.17,71,23.4,206,96.5,73,Pioneer 30G19,Pioneer 30G19,,2017
6@2017,Kiboko2017,Optimal,1,1@2017,1,1@2017,3,127@06,3.21,55,14.5,198,104,61,Pioneer 30G19,Pioneer 30G19,,2017
6@2017,Kiboko2017,Optimal,2,2@2017,33,33@2017,163,127@06,4.01,55,14.5,236,109.5,60,Pioneer 30G19,Pioneer 30G19,,2017
6@2017,Kiboko2017,Optimal,2,2@2017,51,51@2017,254,128@06,4.91,59,14.3,247,126,60,WH505,WH505,,2017
6@2017,Kiboko2017,Optimal,1,1@2017,17,17@2017,81,128@06,4.04,58,13.8,243,120.5,59,WH505,WH505,,2017
6@2017,Kakamega2017,Optimal,2,2@2017,47,47@2017,233,128@06,5.19,81,19.4,247,134,81,WH505,WH505,,2017
6@2017,Kakamega2017,Optimal,1,1@2017,22,22@2017,109,128@06,5.02,81,28.4,258,141,81,WH505,WH505,,2017
6@2017,Kakamega2017,Optimal,2,2@2017,40,40@2017,200,129@06,3.65,71,24.8,210,111,73,DK 8031,DK 8031,,2017
6@2017,Kakamega2017,Optimal,1,1@2017,26,26@2017,129,129@06,2.68,75,16.5,227,123,80,DK 8031,DK 8031,,2017
6@2017,Kiboko2017,Optimal,1,1@2017,20,20@2017,100,129@06,5.43,55,12.1,248,123.5,57,DK 8031,DK 8031,,2017
6@2017,Kiboko2017,Optimal,2,2@2017,41,41@2017,203,129@06,3.94,55,14.3,267.5,131.5,61,DK 8031,DK 8031,,2017
6@2017,Kiboko2017,Optimal,2,2@2017,46,46@2017,226,130@06,6.49,53,11.6,227,113.5,56,PAN 4M19,PAN 4M19,,2017
6@2017,Kakamega2017,Optimal,2,2@2017,38,38@2017,190,130@06,4.51,70,16.3,219,115,71,PAN 4M19,PAN 4M19,,2017
6@2017,Kakamega2017,Optimal,1,1@2017,24,24@2017,120,130@06,4,70,17.9,235.5,123,70,PAN 4M19,PAN 4M19,,2017
6@2017,Kiboko2017,Optimal,1,1@2017,25,25@2017,125,130@06,6.89,54,11.3,235,116.5,54,PAN 4M19,PAN 4M19,,2017
7@2017,Kiboko2017,Optimal,1,1@2017,12,12@2017,72,1@07,7.24,55,13.1,252.5,146.5,55,(CML395/CML444)//CKDHL151782,CKDHL151782,(CML395/CML444),2017
7@2017,Kiboko2017,Optimal,2,2@2017,17,17@2017,99,1@07,8.18,55,11.2,235,141.5,56,(CML395/CML444)//CKDHL151782,CKDHL151782,(CML395/CML444),2017
7@2017,Kakamega2017,Optimal,2,2@2017,22,22@2017,127,1@07,4.09,73,21.4,222,121,71,(CML395/CML444)//CKDHL151782,CKDHL151782,(CML395/CML444),2017
7@2017,Kakamega2017,Optimal,1,1@2017,14,14@2017,80,1@07,3.1,72,25,245,139,74,(CML395/CML444)//CKDHL151782,CKDHL151782,(CML395/CML444),2017
7@2017,Kiboko2017,Optimal,2,2@2017,15,15@2017,85,2@07,7.86,54,14.4,256.5,139,54,(CML395/CML444)//CKDHL151787,CKDHL151787,(CML395/CML444),2017
7@2017,Kakamega2017,Optimal,2,2@2017,20,20@2017,117,2@07,8.08,75,19.1,230,123,73,(CML395/CML444)//CKDHL151787,CKDHL151787,(CML395/CML444),2017
7@2017,Kakamega2017,Optimal,1,1@2017,9,9@2017,50,2@07,5.43,72,21.6,248,142,72,(CML395/CML444)//CKDHL151787,CKDHL151787,(CML395/CML444),2017
7@2017,Kiboko2017,Optimal,1,1@2017,10,10@2017,55,2@07,8.63,55,15.5,245,130.5,54,(CML395/CML444)//CKDHL151787,CKDHL151787,(CML395/CML444),2017
7@2017,Kakamega2017,Optimal,2,2@2017,26,26@2017,153,3@07,4.87,73,22.5,230,124,72,(CML395/CML444)//CKDHL151789,CKDHL151789,(CML395/CML444),2017
7@2017,Kiboko2017,Optimal,1,1@2017,4,4@2017,22,3@07,6.84,55,12.9,236,127,55,(CML395/CML444)//CKDHL151789,CKDHL151789,(CML395/CML444),2017
7@2017,Kiboko2017,Optimal,2,2@2017,24,24@2017,139,3@07,7.29,56,13.9,246,133.5,58,(CML395/CML444)//CKDHL151789,CKDHL151789,(CML395/CML444),2017
7@2017,Kakamega2017,Optimal,1,1@2017,6,6@2017,35,3@07,5.17,74,22.8,225,114,74,(CML395/CML444)//CKDHL151789,CKDHL151789,(CML395/CML444),2017
7@2017,Kakamega2017,Optimal,2,2@2017,16,16@2017,95,4@07,5.34,75,22.3,248,129,79,(CML395/CML444)//CKDHL151796,CKDHL151796,(CML395/CML444),2017
7@2017,Kiboko2017,Optimal,2,2@2017,27,27@2017,158,4@07,7.17,55,12.3,246,136,56,(CML395/CML444)//CKDHL151796,CKDHL151796,(CML395/CML444),2017
7@2017,Kiboko2017,Optimal,1,1@2017,1,1@2017,6,4@07,5.7,54,13,230,130,55,(CML395/CML444)//CKDHL151796,CKDHL151796,(CML395/CML444),2017
7@2017,Kakamega2017,Optimal,1,1@2017,2,2@2017,12,4@07,3.93,74,23.1,239,136,74,(CML395/CML444)//CKDHL151796,CKDHL151796,(CML395/CML444),2017
7@2017,Kakamega2017,Optimal,2,2@2017,26,26@2017,152,5@07,3.84,73,21.3,220,131,75,(CML395/CML444)//CKDHL151807,CKDHL151807,(CML395/CML444),2017
7@2017,Kiboko2017,Optimal,2,2@2017,18,18@2017,108,5@07,7.22,53,13.4,251,143,54,(CML395/CML444)//CKDHL151807,CKDHL151807,(CML395/CML444),2017
7@2017,Kakamega2017,Optimal,1,1@2017,12,12@2017,67,5@07,4.05,72,22.7,235,127,72,(CML395/CML444)//CKDHL151807,CKDHL151807,(CML395/CML444),2017
7@2017,Kiboko2017,Optimal,1,1@2017,6,6@2017,35,5@07,5.98,54,12.2,246,135.5,55,(CML395/CML444)//CKDHL151807,CKDHL151807,(CML395/CML444),2017
7@2017,Kiboko2017,Optimal,1,1@2017,4,4@2017,24,6@07,6.75,54,12.9,258,153.5,53,(CML395/CML444)//CKDHL151809,CKDHL151809,(CML395/CML444),2017
7@2017,Kakamega2017,Optimal,2,2@2017,28,28@2017,164,6@07,4.38,75,22.1,241,141,75,(CML395/CML444)//CKDHL151809,CKDHL151809,(CML395/CML444),2017
7@2017,Kakamega2017,Optimal,1,1@2017,10,10@2017,60,6@07,5.94,69,20.2,256,147,69,(CML395/CML444)//CKDHL151809,CKDHL151809,(CML395/CML444),2017
7@2017,Kiboko2017,Optimal,2,2@2017,21,21@2017,123,6@07,9.8,54,14.4,248.5,142,54,(CML395/CML444)//CKDHL151809,CKDHL151809,(CML395/CML444),2017
7@2017,Kiboko2017,Optimal,2,2@2017,19,19@2017,109,7@07,7.68,57,13.6,257,152,57,(CML395/CML444)//CKDHL151815,CKDHL151815,(CML395/CML444),2017
7@2017,Kakamega2017,Optimal,1,1@2017,3,3@2017,18,7@07,5.3,76,26.2,246,147,76,(CML395/CML444)//CKDHL151815,CKDHL151815,(CML395/CML444),2017
7@2017,Kakamega2017,Optimal,2,2@2017,18,18@2017,108,7@07,5.52,79,20,266,154,76,(CML395/CML444)//CKDHL151815,CKDHL151815,(CML395/CML444),2017
7@2017,Kiboko2017,Optimal,1,1@2017,11,11@2017,66,7@07,6.49,57,14.9,250.5,143,57,(CML395/CML444)//CKDHL151815,CKDHL151815,(CML395/CML444),2017
7@2017,Kiboko2017,Optimal,2,2@2017,21,21@2017,124,8@07,7.1,55,13.8,221,135,56,(CML395/CML444)//CKDHL151822,CKDHL151822,(CML395/CML444),2017
7@2017,Kakamega2017,Optimal,1,1@2017,2,2@2017,11,8@07,6.23,76,25.5,249,143,76,(CML395/CML444)//CKDHL151822,CKDHL151822,(CML395/CML444),2017
7@2017,Kiboko2017,Optimal,1,1@2017,8,8@2017,43,8@07,7.94,55,15.9,253,148.5,56,(CML395/CML444)//CKDHL151822,CKDHL151822,(CML395/CML444),2017
7@2017,Kakamega2017,Optimal,2,2@2017,19,19@2017,111,8@07,6.92,73,21.9,261,152,73,(CML395/CML444)//CKDHL151822,CKDHL151822,(CML395/CML444),2017
7@2017,Kakamega2017,Optimal,2,2@2017,27,27@2017,157,9@07,4.56,69,22.1,228,117,72,(CML395/CML444)//CKDHL151832,CKDHL151832,(CML395/CML444),2017
7@2017,Kiboko2017,Optimal,2,2@2017,27,27@2017,157,9@07,7.97,54,13.8,242.5,124.5,55,(CML395/CML444)//CKDHL151832,CKDHL151832,(CML395/CML444),2017
7@2017,Kiboko2017,Optimal,1,1@2017,1,1@2017,4,9@07,5.82,54,11.1,228,124.5,54,(CML395/CML444)//CKDHL151832,CKDHL151832,(CML395/CML444),2017
7@2017,Kakamega2017,Optimal,1,1@2017,4,4@2017,21,9@07,4.6,73,19.3,236,133,72,(CML395/CML444)//CKDHL151832,CKDHL151832,(CML395/CML444),2017
7@2017,Kiboko2017,Optimal,1,1@2017,13,13@2017,73,10@07,6.82,55,14.5,246,145.5,54,(CML395/CML444)//CKDHL151834,CKDHL151834,(CML395/CML444),2017
7@2017,Kakamega2017,Optimal,2,2@2017,18,18@2017,104,10@07,5.49,74,19,234,128,72,(CML395/CML444)//CKDHL151834,CKDHL151834,(CML395/CML444),2017
7@2017,Kiboko2017,Optimal,2,2@2017,25,25@2017,147,10@07,8.7,57,13.2,250,143,56,(CML395/CML444)//CKDHL151834,CKDHL151834,(CML395/CML444),2017
7@2017,Kakamega2017,Optimal,1,1@2017,12,12@2017,68,10@07,5.14,74,21.4,227,119,72,(CML395/CML444)//CKDHL151834,CKDHL151834,(CML395/CML444),2017
7@2017,Kakamega2017,Optimal,1,1@2017,12,12@2017,72,11@07,2.73,72,21.1,233,122,71,(CML395/CML444)//CKDHL151836,CKDHL151836,(CML395/CML444),2017
7@2017,Kiboko2017,Optimal,2,2@2017,27,27@2017,161,11@07,7.68,55,13.6,243.5,130.5,55,(CML395/CML444)//CKDHL151836,CKDHL151836,(CML395/CML444),2017
7@2017,Kakamega2017,Optimal,2,2@2017,18,18@2017,106,11@07,2.56,74,21.6,236,130,74,(CML395/CML444)//CKDHL151836,CKDHL151836,(CML395/CML444),2017
7@2017,Kiboko2017,Optimal,1,1@2017,10,10@2017,57,11@07,7.56,53,14.3,253.5,136,54,(CML395/CML444)//CKDHL151836,CKDHL151836,(CML395/CML444),2017
7@2017,Kiboko2017,Optimal,2,2@2017,17,17@2017,97,12@07,9.85,56,14.7,254.5,145.5,56,(CML395/CML444)//CKDHL151837,CKDHL151837,(CML395/CML444),2017
7@2017,Kakamega2017,Optimal,1,1@2017,4,4@2017,19,12@07,5.45,74,23,245,140,76,(CML395/CML444)//CKDHL151837,CKDHL151837,(CML395/CML444),2017
7@2017,Kakamega2017,Optimal,2,2@2017,15,15@2017,88,12@07,3.36,74,28.9,245,137,72,(CML395/CML444)//CKDHL151837,CKDHL151837,(CML395/CML444),2017
7@2017,Kiboko2017,Optimal,1,1@2017,14,14@2017,79,12@07,7.39,55,14.7,258.5,157.5,55,(CML395/CML444)//CKDHL151837,CKDHL151837,(CML395/CML444),2017
7@2017,Kiboko2017,Optimal,1,1@2017,12,12@2017,68,13@07,6.41,55,13.3,263.5,146,57,(CML395/CML444)//CKDHL151839,CKDHL151839,(CML395/CML444),2017
7@2017,Kakamega2017,Optimal,2,2@2017,19,19@2017,114,13@07,4.14,74,24.6,254,140,75,(CML395/CML444)//CKDHL151839,CKDHL151839,(CML395/CML444),2017
7@2017,Kakamega2017,Optimal,1,1@2017,8,8@2017,44,13@07,5.48,75,18.8,240,132,75,(CML395/CML444)//CKDHL151839,CKDHL151839,(CML395/CML444),2017
7@2017,Kiboko2017,Optimal,2,2@2017,23,23@2017,133,13@07,8.29,56,13.7,252,139,59,(CML395/CML444)//CKDHL151839,CKDHL151839,(CML395/CML444),2017
7@2017,Kakamega2017,Optimal,1,1@2017,9,9@2017,51,14@07,4.83,73,19.6,248,132,72,(CML395/CML444)//CKDHL151840,CKDHL151840,(CML395/CML444),2017
7@2017,Kiboko2017,Optimal,2,2@2017,16,16@2017,96,14@07,7.54,54,15.8,236,142,54,(CML395/CML444)//CKDHL151840,CKDHL151840,(CML395/CML444),2017
7@2017,Kakamega2017,Optimal,2,2@2017,17,17@2017,97,14@07,4,73,26.8,228,123,72,(CML395/CML444)//CKDHL151840,CKDHL151840,(CML395/CML444),2017
7@2017,Kiboko2017,Optimal,1,1@2017,6,6@2017,32,14@07,5.41,55,12.2,240.5,141,56,(CML395/CML444)//CKDHL151840,CKDHL151840,(CML395/CML444),2017
7@2017,Kiboko2017,Optimal,2,2@2017,24,24@2017,141,15@07,9.17,56,16.1,258,152,56,(CML395/CML444)//CKDHL151847,CKDHL151847,(CML395/CML444),2017
7@2017,Kiboko2017,Optimal,1,1@2017,2,2@2017,7,15@07,8.79,54,13.7,233,138,53,(CML395/CML444)//CKDHL151847,CKDHL151847,(CML395/CML444),2017
7@2017,Kakamega2017,Optimal,2,2@2017,23,23@2017,133,15@07,3.72,74,27.5,243,135,74,(CML395/CML444)//CKDHL151847,CKDHL151847,(CML395/CML444),2017
7@2017,Kakamega2017,Optimal,1,1@2017,8,8@2017,46,15@07,2.1,74,24.1,240,138,74,(CML395/CML444)//CKDHL151847,CKDHL151847,(CML395/CML444),2017
7@2017,Kakamega2017,Optimal,2,2@2017,26,26@2017,155,16@07,3.85,73,29.3,228.5,126,72,(CML395/CML444)//CKDHL151851,CKDHL151851,(CML395/CML444),2017
7@2017,Kiboko2017,Optimal,1,1@2017,14,14@2017,82,16@07,8.65,54,13.7,256.5,145,54,(CML395/CML444)//CKDHL151851,CKDHL151851,(CML395/CML444),2017
7@2017,Kakamega2017,Optimal,1,1@2017,3,3@2017,13,16@07,5.7,73,24.4,224,129,73,(CML395/CML444)//CKDHL151851,CKDHL151851,(CML395/CML444),2017
7@2017,Kiboko2017,Optimal,2,2@2017,21,21@2017,122,16@07,9.56,52,13.6,243,129.5,53,(CML395/CML444)//CKDHL151851,CKDHL151851,(CML395/CML444),2017
7@2017,Kakamega2017,Optimal,2,2@2017,24,24@2017,140,17@07,3.46,73,22.1,238,134,71,(CML395/CML444)//CKDHL151857,CKDHL151857,(CML395/CML444),2017
7@2017,Kiboko2017,Optimal,1,1@2017,1,1@2017,1,17@07,6.33,55,12.9,232.5,127,55,(CML395/CML444)//CKDHL151857,CKDHL151857,(CML395/CML444),2017
7@2017,Kiboko2017,Optimal,2,2@2017,22,22@2017,132,17@07,7.29,54,12.6,264,146.5,54,(CML395/CML444)//CKDHL151857,CKDHL151857,(CML395/CML444),2017
7@2017,Kakamega2017,Optimal,1,1@2017,14,14@2017,84,17@07,2.64,71,25.9,250,136,73,(CML395/CML444)//CKDHL151857,CKDHL151857,(CML395/CML444),2017
7@2017,Kiboko2017,Optimal,2,2@2017,26,26@2017,152,18@07,8.54,55,12.8,254,149,55,(CML395/CML444)//CKDHL151859,CKDHL151859,(CML395/CML444),2017
7@2017,Kakamega2017,Optimal,1,1@2017,1,1@2017,5,18@07,5.73,70,22.8,246,140,70,(CML395/CML444)//CKDHL151859,CKDHL151859,(CML395/CML444),2017
7@2017,Kakamega2017,Optimal,2,2@2017,26,26@2017,154,18@07,4.1,73,28.6,228,128,71,(CML395/CML444)//CKDHL151859,CKDHL151859,(CML395/CML444),2017
7@2017,Kiboko2017,Optimal,1,1@2017,3,3@2017,18,18@07,6.3,54,12.1,254,150.5,54,(CML395/CML444)//CKDHL151859,CKDHL151859,(CML395/CML444),2017
7@2017,Kiboko2017,Optimal,1,1@2017,12,12@2017,69,19@07,7.61,54,14.4,265.5,150,54,(CML395/CML444)//CKDHL151862,CKDHL151862,(CML395/CML444),2017
7@2017,Kiboko2017,Optimal,2,2@2017,27,27@2017,160,19@07,7.68,57,13.3,248.5,131.5,57,(CML395/CML444)//CKDHL151862,CKDHL151862,(CML395/CML444),2017
7@2017,Kakamega2017,Optimal,2,2@2017,25,25@2017,145,19@07,4.67,72,26.3,228,115,71,(CML395/CML444)//CKDHL151862,CKDHL151862,(CML395/CML444),2017
7@2017,Kakamega2017,Optimal,1,1@2017,8,8@2017,48,19@07,3.3,73,22.9,228,124,73,(CML395/CML444)//CKDHL151862,CKDHL151862,(CML395/CML444),2017
7@2017,Kakamega2017,Optimal,1,1@2017,13,13@2017,75,20@07,3.15,70,21.7,229,121,72,(CML395/CML444)//CKDHL151863,CKDHL151863,(CML395/CML444),2017
7@2017,Kiboko2017,Optimal,1,1@2017,10,10@2017,58,20@07,8.06,54,14,248.5,147.5,54,(CML395/CML444)//CKDHL151863,CKDHL151863,(CML395/CML444),2017
7@2017,Kiboko2017,Optimal,2,2@2017,28,28@2017,165,20@07,9.17,53,14.8,230.5,126,54,(CML395/CML444)//CKDHL151863,CKDHL151863,(CML395/CML444),2017
7@2017,Kakamega2017,Optimal,2,2@2017,24,24@2017,141,20@07,3.48,73,27.1,226,116,72,(CML395/CML444)//CKDHL151863,CKDHL151863,(CML395/CML444),2017
7@2017,Kiboko2017,Optimal,2,2@2017,27,27@2017,162,21@07,6.81,55,14,245,139.5,56,(CML395/CML444)//CKDHL151871,CKDHL151871,(CML395/CML444),2017
7@2017,Kakamega2017,Optimal,1,1@2017,10,10@2017,56,21@07,7.05,74,22.8,266,160,72,(CML395/CML444)//CKDHL151871,CKDHL151871,(CML395/CML444),2017
7@2017,Kakamega2017,Optimal,2,2@2017,22,22@2017,131,21@07,5.36,75,22.9,244,132,75,(CML395/CML444)//CKDHL151871,CKDHL151871,(CML395/CML444),2017
7@2017,Kiboko2017,Optimal,1,1@2017,13,13@2017,76,21@07,6.82,56,16.5,255.5,154.5,56,(CML395/CML444)//CKDHL151871,CKDHL151871,(CML395/CML444),2017
7@2017,Kakamega2017,Optimal,1,1@2017,10,10@2017,57,22@07,5.86,72,18.4,261,157,70,(CML395/CML444)//CKDHL151873,CKDHL151873,(CML395/CML444),2017
7@2017,Kiboko2017,Optimal,2,2@2017,26,26@2017,151,22@07,10.43,55,14.5,252.5,150,56,(CML395/CML444)//CKDHL151873,CKDHL151873,(CML395/CML444),2017
7@2017,Kiboko2017,Optimal,1,1@2017,3,3@2017,16,22@07,7.62,56,11,251.5,155.5,57,(CML395/CML444)//CKDHL151873,CKDHL151873,(CML395/CML444),2017
7@2017,Kakamega2017,Optimal,2,2@2017,15,15@2017,90,22@07,2.47,75,24.2,244,133,76,(CML395/CML444)//CKDHL151873,CKDHL151873,(CML395/CML444),2017
7@2017,Kiboko2017,Optimal,2,2@2017,22,22@2017,128,23@07,6.92,54,13.6,249,134,56,(CML395/CML444)//CKDHL151880,CKDHL151880,(CML395/CML444),2017
7@2017,Kakamega2017,Optimal,1,1@2017,11,11@2017,61,23@07,4.67,71,19.9,248,141,71,(CML395/CML444)//CKDHL151880,CKDHL151880,(CML395/CML444),2017
7@2017,Kiboko2017,Optimal,1,1@2017,8,8@2017,44,23@07,7.33,55,12.4,259,145.5,56,(CML395/CML444)//CKDHL151880,CKDHL151880,(CML395/CML444),2017
7@2017,Kakamega2017,Optimal,2,2@2017,17,17@2017,101,23@07,6.05,68,20.6,236,128,70,(CML395/CML444)//CKDHL151880,CKDHL151880,(CML395/CML444),2017
7@2017,Kiboko2017,Optimal,2,2@2017,24,24@2017,142,24@07,8.11,56,13.8,253.5,142,54,(CML395/CML444)//CKDHL151885,CKDHL151885,(CML395/CML444),2017
7@2017,Kakamega2017,Optimal,2,2@2017,18,18@2017,107,24@07,4.95,74,21.9,242,132,72,(CML395/CML444)//CKDHL151885,CKDHL151885,(CML395/CML444),2017
7@2017,Kakamega2017,Optimal,1,1@2017,10,10@2017,59,24@07,5.37,72,20.8,259.5,147,70,(CML395/CML444)//CKDHL151885,CKDHL151885,(CML395/CML444),2017
7@2017,Kiboko2017,Optimal,1,1@2017,8,8@2017,46,24@07,7.95,56,11.8,253,154,55,(CML395/CML444)//CKDHL151885,CKDHL151885,(CML395/CML444),2017
7@2017,Kiboko2017,Optimal,2,2@2017,18,18@2017,104,25@07,8.62,57,14.3,245,137,56,(CML395/CML444)//CKDHL151896,CKDHL151896,(CML395/CML444),2017
7@2017,Kiboko2017,Optimal,1,1@2017,5,5@2017,28,25@07,5.44,55,13.5,237,131.5,57,(CML395/CML444)//CKDHL151896,CKDHL151896,(CML395/CML444),2017
7@2017,Kakamega2017,Optimal,1,1@2017,2,2@2017,8,25@07,3.28,74,24.8,235,137,73,(CML395/CML444)//CKDHL151896,CKDHL151896,(CML395/CML444),2017
7@2017,Kakamega2017,Optimal,2,2@2017,25,25@2017,146,25@07,3.8,74,21.2,226,118,73,(CML395/CML444)//CKDHL151896,CKDHL151896,(CML395/CML444),2017
7@2017,Kakamega2017,Optimal,1,1@2017,6,6@2017,32,26@07,3.83,74,22.7,235,127,75,(CML395/CML444)//CKDHL151902,CKDHL151902,(CML395/CML444),2017
7@2017,Kiboko2017,Optimal,2,2@2017,15,15@2017,86,26@07,7.27,55,14.4,244,120.5,55,(CML395/CML444)//CKDHL151902,CKDHL151902,(CML395/CML444),2017
7@2017,Kakamega2017,Optimal,2,2@2017,16,16@2017,92,26@07,5.65,74,18.2,234,130,73,(CML395/CML444)//CKDHL151902,CKDHL151902,(CML395/CML444),2017
7@2017,Kiboko2017,Optimal,1,1@2017,3,3@2017,17,26@07,6.51,56,12.3,248,147.5,56,(CML395/CML444)//CKDHL151902,CKDHL151902,(CML395/CML444),2017
7@2017,Kiboko2017,Optimal,1,1@2017,13,13@2017,77,27@07,8.54,55,14.2,248.5,144,54,(CML395/CML444)//CKDHL151904,CKDHL151904,(CML395/CML444),2017
7@2017,Kakamega2017,Optimal,2,2@2017,25,25@2017,148,27@07,4.26,75,26.8,240,130,75,(CML395/CML444)//CKDHL151904,CKDHL151904,(CML395/CML444),2017
7@2017,Kiboko2017,Optimal,2,2@2017,25,25@2017,149,27@07,9.63,56,12.9,254,149,56,(CML395/CML444)//CKDHL151904,CKDHL151904,(CML395/CML444),2017
7@2017,Kakamega2017,Optimal,1,1@2017,5,5@2017,25,27@07,5.2,74,27.6,239,137,73,(CML395/CML444)//CKDHL151904,CKDHL151904,(CML395/CML444),2017
7@2017,Kiboko2017,Optimal,2,2@2017,25,25@2017,146,28@07,6.36,56,14.7,245,126.5,57,(CML395/CML444)//CKDHL151906,CKDHL151906,(CML395/CML444),2017
7@2017,Kakamega2017,Optimal,2,2@2017,21,21@2017,122,28@07,2.91,76,21.7,235,131,78,(CML395/CML444)//CKDHL151906,CKDHL151906,(CML395/CML444),2017
7@2017,Kakamega2017,Optimal,1,1@2017,1,1@2017,6,28@07,4.86,74,18.1,256,141,74,(CML395/CML444)//CKDHL151906,CKDHL151906,(CML395/CML444),2017
7@2017,Kiboko2017,Optimal,1,1@2017,5,5@2017,27,28@07,6.45,55,13.1,271.5,149,57,(CML395/CML444)//CKDHL151906,CKDHL151906,(CML395/CML444),2017
7@2017,Kiboko2017,Optimal,2,2@2017,24,24@2017,143,29@07,9.7,59,13.3,266.5,169.5,59,(CML395/CML444)//CKDHL151912,CKDHL151912,(CML395/CML444),2017
7@2017,Kakamega2017,Optimal,1,1@2017,11,11@2017,64,29@07,5.63,75,23.3,269,163,74,(CML395/CML444)//CKDHL151912,CKDHL151912,(CML395/CML444),2017
7@2017,Kakamega2017,Optimal,2,2@2017,18,18@2017,103,29@07,4.19,75,23.7,273,158,74,(CML395/CML444)//CKDHL151912,CKDHL151912,(CML395/CML444),2017
7@2017,Kiboko2017,Optimal,1,1@2017,12,12@2017,67,29@07,8.3,58,15.3,284.5,182,58,(CML395/CML444)//CKDHL151912,CKDHL151912,(CML395/CML444),2017
7@2017,Kiboko2017,Optimal,1,1@2017,2,2@2017,12,30@07,7.23,56,13.3,240,137.5,56,(CML395/CML444)//CKDHL151914,CKDHL151914,(CML395/CML444),2017
7@2017,Kiboko2017,Optimal,2,2@2017,23,23@2017,134,30@07,9.61,56,14.6,240.5,151.5,56,(CML395/CML444)//CKDHL151914,CKDHL151914,(CML395/CML444),2017
7@2017,Kakamega2017,Optimal,1,1@2017,5,5@2017,26,30@07,5.67,75,20.2,237,135,75,(CML395/CML444)//CKDHL151914,CKDHL151914,(CML395/CML444),2017
7@2017,Kakamega2017,Optimal,2,2@2017,19,19@2017,113,30@07,6,75,25.6,247,135,73,(CML395/CML444)//CKDHL151914,CKDHL151914,(CML395/CML444),2017
7@2017,Kiboko2017,Optimal,1,1@2017,13,13@2017,74,31@07,8.58,55,12.1,257,149.5,55,(CML395/CML444)//CKDHL151916,CKDHL151916,(CML395/CML444),2017
7@2017,Kiboko2017,Optimal,2,2@2017,24,24@2017,140,31@07,9.52,56,14.4,254,155.5,56,(CML395/CML444)//CKDHL151916,CKDHL151916,(CML395/CML444),2017
7@2017,Kakamega2017,Optimal,2,2@2017,15,15@2017,85,31@07,4.7,73,21.8,255,148,72,(CML395/CML444)//CKDHL151916,CKDHL151916,(CML395/CML444),2017
7@2017,Kakamega2017,Optimal,1,1@2017,8,8@2017,47,31@07,4.65,74,19.8,249,144,72,(CML395/CML444)//CKDHL151916,CKDHL151916,(CML395/CML444),2017
7@2017,Kakamega2017,Optimal,2,2@2017,24,24@2017,139,32@07,5.63,68,18.8,226,124,68,(CML395/CML444)//CKDHL151918,CKDHL151918,(CML395/CML444),2017
7@2017,Kiboko2017,Optimal,2,2@2017,17,17@2017,98,32@07,6.71,56,13.8,219,139,56,(CML395/CML444)//CKDHL151918,CKDHL151918,(CML395/CML444),2017
7@2017,Kiboko2017,Optimal,1,1@2017,6,6@2017,34,32@07,6.3,53,12.5,241,132.5,54,(CML395/CML444)//CKDHL151918,CKDHL151918,(CML395/CML444),2017
7@2017,Kakamega2017,Optimal,1,1@2017,11,11@2017,62,32@07,5,71,20.5,234,131,71,(CML395/CML444)//CKDHL151918,CKDHL151918,(CML395/CML444),2017
7@2017,Kakamega2017,Optimal,1,1@2017,13,13@2017,73,33@07,6.36,70,20,234,123,70,(CML395/CML444)//CKDHL151921,CKDHL151921,(CML395/CML444),2017
7@2017,Kakamega2017,Optimal,2,2@2017,28,28@2017,165,33@07,4.06,73,25.8,247,125,72,(CML395/CML444)//CKDHL151921,CKDHL151921,(CML395/CML444),2017
7@2017,Kiboko2017,Optimal,2,2@2017,15,15@2017,90,33@07,8.88,54,12,235,132.5,53,(CML395/CML444)//CKDHL151921,CKDHL151921,(CML395/CML444),2017
7@2017,Kiboko2017,Optimal,1,1@2017,7,7@2017,41,33@07,6.09,54,12.3,239.5,137.5,55,(CML395/CML444)//CKDHL151921,CKDHL151921,(CML395/CML444),2017
7@2017,Kakamega2017,Optimal,1,1@2017,11,11@2017,65,34@07,4.34,75,26.2,237,131,75,(CML395/CML444)//CKDHL151927,CKDHL151927,(CML395/CML444),2017
7@2017,Kakamega2017,Optimal,2,2@2017,16,16@2017,94,34@07,2.29,75,30.3,235.5,123,74,(CML395/CML444)//CKDHL151927,CKDHL151927,(CML395/CML444),2017
7@2017,Kiboko2017,Optimal,1,1@2017,13,13@2017,78,34@07,7.76,55,11.7,256,145.5,54,(CML395/CML444)//CKDHL151927,CKDHL151927,(CML395/CML444),2017
7@2017,Kiboko2017,Optimal,2,2@2017,28,28@2017,167,34@07,10.31,55,14.3,250,140,55,(CML395/CML444)//CKDHL151927,CKDHL151927,(CML395/CML444),2017
7@2017,Kiboko2017,Optimal,2,2@2017,22,22@2017,129,35@07,8.81,55,11.8,255.5,145,56,(CML395/CML444)//CKDHL151929,CKDHL151929,(CML395/CML444),2017
7@2017,Kakamega2017,Optimal,2,2@2017,24,24@2017,144,35@07,3.58,72,21.2,252,142,73,(CML395/CML444)//CKDHL151929,CKDHL151929,(CML395/CML444),2017
7@2017,Kiboko2017,Optimal,1,1@2017,5,5@2017,30,35@07,5.41,55,14.1,253,139.5,57,(CML395/CML444)//CKDHL151929,CKDHL151929,(CML395/CML444),2017
7@2017,Kakamega2017,Optimal,1,1@2017,5,5@2017,28,35@07,3.44,73,20.6,235,125,73,(CML395/CML444)//CKDHL151929,CKDHL151929,(CML395/CML444),2017
7@2017,Kiboko2017,Optimal,1,1@2017,11,11@2017,65,36@07,6.46,55,11.9,234,137,55,(CML395/CML444)//CKDHL151935,CKDHL151935,(CML395/CML444),2017
7@2017,Kakamega2017,Optimal,2,2@2017,22,22@2017,129,36@07,4.99,73,18.7,230,123,72,(CML395/CML444)//CKDHL151935,CKDHL151935,(CML395/CML444),2017
7@2017,Kiboko2017,Optimal,2,2@2017,24,24@2017,144,36@07,7.45,58,13.7,245,135.5,58,(CML395/CML444)//CKDHL151935,CKDHL151935,(CML395/CML444),2017
7@2017,Kakamega2017,Optimal,1,1@2017,4,4@2017,20,36@07,4.68,74,21.7,241,137,73,(CML395/CML444)//CKDHL151935,CKDHL151935,(CML395/CML444),2017
7@2017,Kiboko2017,Optimal,2,2@2017,17,17@2017,101,37@07,9.66,56,14.4,256,151.5,55,(CML395/CML444)//CKDHL151937,CKDHL151937,(CML395/CML444),2017
7@2017,Kakamega2017,Optimal,1,1@2017,8,8@2017,43,37@07,4.14,75,24.9,227,131,73,(CML395/CML444)//CKDHL151937,CKDHL151937,(CML395/CML444),2017
7@2017,Kiboko2017,Optimal,1,1@2017,7,7@2017,37,37@07,6.9,54,13.5,241.5,141.5,53,(CML395/CML444)//CKDHL151937,CKDHL151937,(CML395/CML444),2017
7@2017,Kakamega2017,Optimal,2,2@2017,23,23@2017,135,37@07,6.76,75,20.9,241,137,72,(CML395/CML444)//CKDHL151937,CKDHL151937,(CML395/CML444),2017
7@2017,Kiboko2017,Optimal,2,2@2017,28,28@2017,166,38@07,9.63,55,13.7,239,133,55,(CML395/CML444)//CKDHL151955,CKDHL151955,(CML395/CML444),2017
7@2017,Kakamega2017,Optimal,1,1@2017,2,2@2017,7,38@07,7.93,73,20.4,245,139,73,(CML395/CML444)//CKDHL151955,CKDHL151955,(CML395/CML444),2017
7@2017,Kiboko2017,Optimal,1,1@2017,6,6@2017,36,38@07,5.57,56,11.1,235,140,57,(CML395/CML444)//CKDHL151955,CKDHL151955,(CML395/CML444),2017
7@2017,Kakamega2017,Optimal,2,2@2017,22,22@2017,128,38@07,5.02,74,19.1,240,128,72,(CML395/CML444)//CKDHL151955,CKDHL151955,(CML395/CML444),2017
7@2017,Kiboko2017,Optimal,1,1@2017,4,4@2017,20,39@07,6.48,55,12.8,248,144.5,56,(CML395/CML444)//CKDHL151964,CKDHL151964,(CML395/CML444),2017
7@2017,Kakamega2017,Optimal,2,2@2017,16,16@2017,96,39@07,4.7,73,23.1,242,129,72,(CML395/CML444)//CKDHL151964,CKDHL151964,(CML395/CML444),2017
7@2017,Kakamega2017,Optimal,1,1@2017,14,14@2017,81,39@07,3.58,72,25.9,242,138,72,(CML395/CML444)//CKDHL151964,CKDHL151964,(CML395/CML444),2017
7@2017,Kiboko2017,Optimal,2,2@2017,26,26@2017,153,39@07,8.87,55,14.3,255.5,136.5,55,(CML395/CML444)//CKDHL151964,CKDHL151964,(CML395/CML444),2017
7@2017,Kakamega2017,Optimal,1,1@2017,3,3@2017,15,40@07,3.88,74,21.6,239,129,74,(CML395/CML444)//CKDHL151966,CKDHL151966,(CML395/CML444),2017
7@2017,Kiboko2017,Optimal,1,1@2017,2,2@2017,10,40@07,6.55,55,13.3,241,132,55,(CML395/CML444)//CKDHL151966,CKDHL151966,(CML395/CML444),2017
7@2017,Kakamega2017,Optimal,2,2@2017,20,20@2017,120,40@07,2.56,74,26.1,225,119,73,(CML395/CML444)//CKDHL151966,CKDHL151966,(CML395/CML444),2017
7@2017,Kiboko2017,Optimal,2,2@2017,15,15@2017,89,40@07,6.81,56,13.6,260.5,138,56,(CML395/CML444)//CKDHL151966,CKDHL151966,(CML395/CML444),2017
7@2017,Kakamega2017,Optimal,1,1@2017,3,3@2017,14,41@07,3.02,74,24.1,249,148,75,(CML395/CML444)//CKDHL151972,CKDHL151972,(CML395/CML444),2017
7@2017,Kiboko2017,Optimal,2,2@2017,18,18@2017,107,41@07,10.36,54,15.5,266,163.5,54,(CML395/CML444)//CKDHL151972,CKDHL151972,(CML395/CML444),2017
7@2017,Kiboko2017,Optimal,1,1@2017,3,3@2017,15,41@07,7.12,55,12.5,251,155,55,(CML395/CML444)//CKDHL151972,CKDHL151972,(CML395/CML444),2017
7@2017,Kakamega2017,Optimal,2,2@2017,23,23@2017,138,41@07,3.12,74,25.5,251,143,75,(CML395/CML444)//CKDHL151972,CKDHL151972,(CML395/CML444),2017
7@2017,Kiboko2017,Optimal,1,1@2017,3,3@2017,13,42@07,6.24,53,12.9,257,150.5,54,(CML395/CML444)//CKDHL151974,CKDHL151974,(CML395/CML444),2017
7@2017,Kakamega2017,Optimal,2,2@2017,23,23@2017,137,42@07,4.78,71,23.3,234,124,71,(CML395/CML444)//CKDHL151974,CKDHL151974,(CML395/CML444),2017
7@2017,Kakamega2017,Optimal,1,1@2017,1,1@2017,3,42@07,5.7,71,23.9,247,136,69,(CML395/CML444)//CKDHL151974,CKDHL151974,(CML395/CML444),2017
7@2017,Kiboko2017,Optimal,2,2@2017,20,20@2017,116,42@07,8.56,54,14,256.5,158.5,53,(CML395/CML444)//CKDHL151974,CKDHL151974,(CML395/CML444),2017
7@2017,Kakamega2017,Optimal,1,1@2017,6,6@2017,31,43@07,5.22,73,26.9,244,136,72,(CML395/CML444)//CKDHL151978,CKDHL151978,(CML395/CML444),2017
7@2017,Kiboko2017,Optimal,2,2@2017,16,16@2017,93,43@07,9.98,54,15.2,266,141.5,54,(CML395/CML444)//CKDHL151978,CKDHL151978,(CML395/CML444),2017
7@2017,Kakamega2017,Optimal,2,2@2017,19,19@2017,110,43@07,5.07,73,22.9,268,147,72,(CML395/CML444)//CKDHL151978,CKDHL151978,(CML395/CML444),2017
7@2017,Kiboko2017,Optimal,1,1@2017,7,7@2017,42,43@07,7.44,53,13.4,261,133.5,55,(CML395/CML444)//CKDHL151978,CKDHL151978,(CML395/CML444),2017
7@2017,Kiboko2017,Optimal,2,2@2017,18,18@2017,103,44@07,9.36,56,13.9,258,147.5,56,(CML395/CML444)//CKDHL151988,CKDHL151988,(CML395/CML444),2017
7@2017,Kiboko2017,Optimal,1,1@2017,9,9@2017,52,44@07,7.96,55,13.9,251,148,56,(CML395/CML444)//CKDHL151988,CKDHL151988,(CML395/CML444),2017
7@2017,Kakamega2017,Optimal,2,2@2017,21,21@2017,126,44@07,4.09,74,26.6,254,140,73,(CML395/CML444)//CKDHL151988,CKDHL151988,(CML395/CML444),2017
7@2017,Kakamega2017,Optimal,1,1@2017,8,8@2017,45,44@07,3.81,73,20.6,243,136,73,(CML395/CML444)//CKDHL151988,CKDHL151988,(CML395/CML444),2017
7@2017,Kiboko2017,Optimal,2,2@2017,20,20@2017,118,45@07,9.72,56,14.6,254,144,54,(CML395/CML444)//CKDHL151995,CKDHL151995,(CML395/CML444),2017
7@2017,Kiboko2017,Optimal,1,1@2017,11,11@2017,61,45@07,5.47,54,14.9,244.5,136.5,54,(CML395/CML444)//CKDHL151995,CKDHL151995,(CML395/CML444),2017
7@2017,Kakamega2017,Optimal,2,2@2017,25,25@2017,150,45@07,4.77,75,26,214,109,72,(CML395/CML444)//CKDHL151995,CKDHL151995,(CML395/CML444),2017
7@2017,Kakamega2017,Optimal,1,1@2017,11,11@2017,63,45@07,5.12,71,28.3,236,128,71,(CML395/CML444)//CKDHL151995,CKDHL151995,(CML395/CML444),2017
7@2017,Kiboko2017,Optimal,2,2@2017,19,19@2017,114,46@07,8.06,56,14,261.5,146.5,55,(CML395/CML444)//CKDHL152007,CKDHL152007,(CML395/CML444),2017
7@2017,Kakamega2017,Optimal,2,2@2017,18,18@2017,105,46@07,3.51,75,26.4,247,140,74,(CML395/CML444)//CKDHL152007,CKDHL152007,(CML395/CML444),2017
7@2017,Kiboko2017,Optimal,1,1@2017,1,1@2017,2,46@07,6.99,54,12.7,239,141.7,54,(CML395/CML444)//CKDHL152007,CKDHL152007,(CML395/CML444),2017
7@2017,Kakamega2017,Optimal,1,1@2017,9,9@2017,54,46@07,3.79,74,20.6,255,144,76,(CML395/CML444)//CKDHL152007,CKDHL152007,(CML395/CML444),2017
7@2017,Kiboko2017,Optimal,2,2@2017,26,26@2017,156,47@07,7.51,56,13,242.5,142.5,56,(CML395/CML444)//CKDHL152010,CKDHL152010,(CML395/CML444),2017
7@2017,Kiboko2017,Optimal,1,1@2017,14,14@2017,80,47@07,6.85,54,12,245.5,144.5,54,(CML395/CML444)//CKDHL152010,CKDHL152010,(CML395/CML444),2017
7@2017,Kakamega2017,Optimal,1,1@2017,4,4@2017,23,47@07,4.98,72,20.5,235,134,72,(CML395/CML444)//CKDHL152010,CKDHL152010,(CML395/CML444),2017
7@2017,Kakamega2017,Optimal,2,2@2017,22,22@2017,132,47@07,5.58,73,20.4,234,128,71,(CML395/CML444)//CKDHL152010,CKDHL152010,(CML395/CML444),2017
7@2017,Kiboko2017,Optimal,2,2@2017,17,17@2017,100,48@07,9.08,55,14.4,245,140.5,56,(CML395/CML444)//CKDHL152015,CKDHL152015,(CML395/CML444),2017
7@2017,Kakamega2017,Optimal,1,1@2017,12,12@2017,71,48@07,2.77,71,20,230,120,73,(CML395/CML444)//CKDHL152015,CKDHL152015,(CML395/CML444),2017
7@2017,Kiboko2017,Optimal,1,1@2017,7,7@2017,39,48@07,6.09,55,11.9,241,134.5,56,(CML395/CML444)//CKDHL152015,CKDHL152015,(CML395/CML444),2017
7@2017,Kakamega2017,Optimal,2,2@2017,28,28@2017,166,48@07,3.93,74,25.7,230,125,75,(CML395/CML444)//CKDHL152015,CKDHL152015,(CML395/CML444),2017
7@2017,Kiboko2017,Optimal,1,1@2017,9,9@2017,53,49@07,8.03,53,14.6,252.5,128.5,54,(CML395/CML444)//CKDHL152020,CKDHL152020,(CML395/CML444),2017
7@2017,Kiboko2017,Optimal,2,2@2017,19,19@2017,111,49@07,7.81,55,12.8,252,138.5,56,(CML395/CML444)//CKDHL152020,CKDHL152020,(CML395/CML444),2017
7@2017,Kakamega2017,Optimal,2,2@2017,27,27@2017,160,49@07,4.12,73,22.9,238,134,72,(CML395/CML444)//CKDHL152020,CKDHL152020,(CML395/CML444),2017
7@2017,Kakamega2017,Optimal,1,1@2017,10,10@2017,58,49@07,5.11,68,18.8,272,154,69,(CML395/CML444)//CKDHL152020,CKDHL152020,(CML395/CML444),2017
7@2017,Kiboko2017,Optimal,2,2@2017,19,19@2017,112,50@07,7.98,56,14,255,138.5,57,(CML395/CML444)//CKDHL152023,CKDHL152023,(CML395/CML444),2017
7@2017,Kiboko2017,Optimal,1,1@2017,14,14@2017,81,50@07,7.21,56,13.5,248.5,133.5,58,(CML395/CML444)//CKDHL152023,CKDHL152023,(CML395/CML444),2017
7@2017,Kakamega2017,Optimal,2,2@2017,26,26@2017,156,50@07,4.89,75,20.2,247,138,75,(CML395/CML444)//CKDHL152023,CKDHL152023,(CML395/CML444),2017
7@2017,Kakamega2017,Optimal,1,1@2017,5,5@2017,27,50@07,4.42,75,26.4,241,132,76,(CML395/CML444)//CKDHL152023,CKDHL152023,(CML395/CML444),2017
7@2017,Kakamega2017,Optimal,2,2@2017,23,23@2017,136,51@07,3.62,71,23,234.5,120,72,(CML395/CML444)//CKDHL152030,CKDHL152030,(CML395/CML444),2017
7@2017,Kiboko2017,Optimal,2,2@2017,25,25@2017,145,51@07,8.81,55,13.2,232,125.5,56,(CML395/CML444)//CKDHL152030,CKDHL152030,(CML395/CML444),2017
7@2017,Kakamega2017,Optimal,1,1@2017,9,9@2017,53,51@07,4.02,74,20,228,125,74,(CML395/CML444)//CKDHL152030,CKDHL152030,(CML395/CML444),2017
7@2017,Kiboko2017,Optimal,1,1@2017,9,9@2017,54,51@07,7.01,53,13.5,261.5,144.5,55,(CML395/CML444)//CKDHL152030,CKDHL152030,(CML395/CML444),2017
7@2017,Kakamega2017,Optimal,2,2@2017,17,17@2017,99,52@07,3.62,71,24.5,237.5,123,72,(CML395/CML444)//CKDHL152035,CKDHL152035,(CML395/CML444),2017
7@2017,Kiboko2017,Optimal,2,2@2017,20,20@2017,120,52@07,10.4,54,11.9,241,125.5,53,(CML395/CML444)//CKDHL152035,CKDHL152035,(CML395/CML444),2017
7@2017,Kiboko2017,Optimal,1,1@2017,4,4@2017,21,52@07,5.32,55,13.2,253.5,140.5,55,(CML395/CML444)//CKDHL152035,CKDHL152035,(CML395/CML444),2017
7@2017,Kakamega2017,Optimal,1,1@2017,13,13@2017,74,52@07,3.54,73,22.4,239,123,71,(CML395/CML444)//CKDHL152035,CKDHL152035,(CML395/CML444),2017
7@2017,Kiboko2017,Optimal,2,2@2017,21,21@2017,125,53@07,7.82,56,13.6,258.5,143.5,56,(CML395/CML444)//CKDHL152037,CKDHL152037,(CML395/CML444),2017
7@2017,Kakamega2017,Optimal,2,2@2017,27,27@2017,159,53@07,5.41,76,24.2,247,138,76,(CML395/CML444)//CKDHL152037,CKDHL152037,(CML395/CML444),2017
7@2017,Kiboko2017,Optimal,1,1@2017,11,11@2017,63,53@07,7.86,57,12.5,266.7,152,56,(CML395/CML444)//CKDHL152037,CKDHL152037,(CML395/CML444),2017
7@2017,Kakamega2017,Optimal,1,1@2017,14,14@2017,82,53@07,3.68,73,21.7,255,137,75,(CML395/CML444)//CKDHL152037,CKDHL152037,(CML395/CML444),2017
7@2017,Kiboko2017,Optimal,1,1@2017,5,5@2017,26,54@07,5.21,52,13.1,258.5,147.5,53,(CML395/CML444)//CKDHL152039,CKDHL152039,(CML395/CML444),2017
7@2017,Kakamega2017,Optimal,2,2@2017,15,15@2017,86,54@07,5.05,70,21.3,253,139,71,(CML395/CML444)//CKDHL152039,CKDHL152039,(CML395/CML444),2017
7@2017,Kiboko2017,Optimal,2,2@2017,23,23@2017,137,54@07,8.23,55,13.1,253,138.5,55,(CML395/CML444)//CKDHL152039,CKDHL152039,(CML395/CML444),2017
7@2017,Kakamega2017,Optimal,1,1@2017,13,13@2017,77,54@07,4.77,70,26.3,214,122,70,(CML395/CML444)//CKDHL152039,CKDHL152039,(CML395/CML444),2017
7@2017,Kiboko2017,Optimal,1,1@2017,7,7@2017,40,55@07,7.46,53,13.8,260,141.5,53,(CML395/CML444)//CKDHL152041,CKDHL152041,(CML395/CML444),2017
7@2017,Kiboko2017,Optimal,2,2@2017,19,19@2017,110,55@07,6.62,53,13.2,233,143,55,(CML395/CML444)//CKDHL152041,CKDHL152041,(CML395/CML444),2017
7@2017,Kakamega2017,Optimal,2,2@2017,24,24@2017,143,55@07,5.1,73,19.9,255,139,72,(CML395/CML444)//CKDHL152041,CKDHL152041,(CML395/CML444),2017
7@2017,Kakamega2017,Optimal,1,1@2017,9,9@2017,49,55@07,4.51,73,19.1,233,125,72,(CML395/CML444)//CKDHL152041,CKDHL152041,(CML395/CML444),2017
7@2017,Kakamega2017,Optimal,1,1@2017,7,7@2017,40,56@07,5.95,74,26.4,246,132,73,(CML395/CML444)//CKDHL152043,CKDHL152043,(CML395/CML444),2017
7@2017,Kiboko2017,Optimal,2,2@2017,27,27@2017,159,56@07,9.19,58,13.6,253,149.5,58,(CML395/CML444)//CKDHL152043,CKDHL152043,(CML395/CML444),2017
7@2017,Kiboko2017,Optimal,1,1@2017,14,14@2017,84,56@07,7.06,55,13.6,251.5,147.5,56,(CML395/CML444)//CKDHL152043,CKDHL152043,(CML395/CML444),2017
7@2017,Kakamega2017,Optimal,2,2@2017,20,20@2017,119,56@07,7.41,75,20.7,251,136,75,(CML395/CML444)//CKDHL152043,CKDHL152043,(CML395/CML444),2017
7@2017,Kiboko2017,Optimal,1,1@2017,7,7@2017,38,57@07,6.68,53,14.6,243.5,141,54,(CML395/CML444)//CKDHL152046,CKDHL152046,(CML395/CML444),2017
7@2017,Kiboko2017,Optimal,2,2@2017,28,28@2017,164,57@07,7.71,54,12.9,234,133,54,(CML395/CML444)//CKDHL152046,CKDHL152046,(CML395/CML444),2017
7@2017,Kakamega2017,Optimal,1,1@2017,14,14@2017,83,57@07,7.24,71,23.5,232,128,71,(CML395/CML444)//CKDHL152046,CKDHL152046,(CML395/CML444),2017
7@2017,Kakamega2017,Optimal,2,2@2017,17,17@2017,100,57@07,4.76,69,29,231,123,69,(CML395/CML444)//CKDHL152046,CKDHL152046,(CML395/CML444),2017
7@2017,Kiboko2017,Optimal,2,2@2017,25,25@2017,150,58@07,8.69,54,13.9,243.5,136.5,55,(CML395/CML444)//CKDHL152058,CKDHL152058,(CML395/CML444),2017
7@2017,Kiboko2017,Optimal,1,1@2017,14,14@2017,83,58@07,7.24,54,14.8,255.5,139,54,(CML395/CML444)//CKDHL152058,CKDHL152058,(CML395/CML444),2017
7@2017,Kakamega2017,Optimal,1,1@2017,2,2@2017,9,58@07,4.25,69,21.6,246,140,70,(CML395/CML444)//CKDHL152058,CKDHL152058,(CML395/CML444),2017
7@2017,Kakamega2017,Optimal,2,2@2017,17,17@2017,98,58@07,2.6,69,20.2,245,132,70,(CML395/CML444)//CKDHL152058,CKDHL152058,(CML395/CML444),2017
7@2017,Kakamega2017,Optimal,2,2@2017,20,20@2017,118,59@07,5.09,75,27.6,234,134,72,(CML395/CML444)//CKDHL152065,CKDHL152065,(CML395/CML444),2017
7@2017,Kiboko2017,Optimal,1,1@2017,9,9@2017,51,59@07,7.12,55,15.6,257,148.5,56,(CML395/CML444)//CKDHL152065,CKDHL152065,(CML395/CML444),2017
7@2017,Kiboko2017,Optimal,2,2@2017,15,15@2017,88,59@07,8.02,54,15.3,259,148.5,55,(CML395/CML444)//CKDHL152065,CKDHL152065,(CML395/CML444),2017
7@2017,Kakamega2017,Optimal,1,1@2017,13,13@2017,78,59@07,6.39,70,20.4,241,127,72,(CML395/CML444)//CKDHL152065,CKDHL152065,(CML395/CML444),2017
7@2017,Kiboko2017,Optimal,2,2@2017,22,22@2017,131,60@07,6.93,53,13.8,249,121.5,54,(CML395/CML444)//CKDHL152069,CKDHL152069,(CML395/CML444),2017
7@2017,Kakamega2017,Optimal,1,1@2017,11,11@2017,66,60@07,5.56,71,22.4,232,118,73,(CML395/CML444)//CKDHL152069,CKDHL152069,(CML395/CML444),2017
7@2017,Kiboko2017,Optimal,1,1@2017,5,5@2017,29,60@07,5.34,53,13.4,244.5,129.5,55,(CML395/CML444)//CKDHL152069,CKDHL152069,(CML395/CML444),2017
7@2017,Kakamega2017,Optimal,2,2@2017,27,27@2017,162,60@07,3.83,74,30,239,130,75,(CML395/CML444)//CKDHL152069,CKDHL152069,(CML395/CML444),2017
7@2017,Kiboko2017,Optimal,2,2@2017,19,19@2017,113,61@07,7.11,56,12.3,251,133,57,(CML395/CML444)//CKDHL152073,CKDHL152073,(CML395/CML444),2017
7@2017,Kakamega2017,Optimal,2,2@2017,19,19@2017,112,61@07,2.45,73,30.7,253.5,140,76,(CML395/CML444)//CKDHL152073,CKDHL152073,(CML395/CML444),2017
7@2017,Kakamega2017,Optimal,1,1@2017,12,12@2017,69,61@07,2.78,74,17.2,230,125,75,(CML395/CML444)//CKDHL152073,CKDHL152073,(CML395/CML444),2017
7@2017,Kiboko2017,Optimal,1,1@2017,10,10@2017,60,61@07,7.37,54,13.6,227.5,120.5,56,(CML395/CML444)//CKDHL152073,CKDHL152073,(CML395/CML444),2017
7@2017,Kakamega2017,Optimal,1,1@2017,12,12@2017,70,62@07,5.84,70,19.6,216.5,109,69,(CML395/CML444)//CKDHL152075,CKDHL152075,(CML395/CML444),2017
7@2017,Kiboko2017,Optimal,2,2@2017,15,15@2017,87,62@07,6.53,55,13.2,246.5,144,55,(CML395/CML444)//CKDHL152075,CKDHL152075,(CML395/CML444),2017
7@2017,Kiboko2017,Optimal,1,1@2017,2,2@2017,11,62@07,6.68,54,14.5,233,136.5,54,(CML395/CML444)//CKDHL152075,CKDHL152075,(CML395/CML444),2017
7@2017,Kakamega2017,Optimal,2,2@2017,20,20@2017,115,62@07,1.79,78,24,237.5,128,75,(CML395/CML444)//CKDHL152075,CKDHL152075,(CML395/CML444),2017
7@2017,Kiboko2017,Optimal,2,2@2017,28,28@2017,163,63@07,9.29,54,14,243,135,55,(CML395/CML444)//CKDHL152082,CKDHL152082,(CML395/CML444),2017
7@2017,Kakamega2017,Optimal,2,2@2017,22,22@2017,130,63@07,2.73,74,19.4,247,134,74,(CML395/CML444)//CKDHL152082,CKDHL152082,(CML395/CML444),2017
7@2017,Kiboko2017,Optimal,1,1@2017,1,1@2017,5,63@07,5.3,54,11.2,244.5,147,56,(CML395/CML444)//CKDHL152082,CKDHL152082,(CML395/CML444),2017
7@2017,Kakamega2017,Optimal,1,1@2017,1,1@2017,4,63@07,5.56,73,26.3,255,144,73,(CML395/CML444)//CKDHL152082,CKDHL152082,(CML395/CML444),2017
7@2017,Kakamega2017,Optimal,1,1@2017,1,1@2017,1,64@07,5.52,72,19.5,252,135,68,(CML395/CML444)//CKDHL152084,CKDHL152084,(CML395/CML444),2017
7@2017,Kiboko2017,Optimal,1,1@2017,4,4@2017,23,64@07,6.22,53,11.2,238,138.5,52,(CML395/CML444)//CKDHL152084,CKDHL152084,(CML395/CML444),2017
7@2017,Kiboko2017,Optimal,2,2@2017,21,21@2017,121,64@07,10.34,54,14.1,234,124.5,53,(CML395/CML444)//CKDHL152084,CKDHL152084,(CML395/CML444),2017
7@2017,Kakamega2017,Optimal,2,2@2017,16,16@2017,93,64@07,4.85,69,19.9,234,119,69,(CML395/CML444)//CKDHL152084,CKDHL152084,(CML395/CML444),2017
7@2017,Kiboko2017,Optimal,1,1@2017,9,9@2017,49,65@07,7.58,55,13.5,259.5,150,55,(CML395/CML444)//CKDHL152087,CKDHL152087,(CML395/CML444),2017
7@2017,Kakamega2017,Optimal,1,1@2017,7,7@2017,38,65@07,4.62,75,24.7,241,128,75,(CML395/CML444)//CKDHL152087,CKDHL152087,(CML395/CML444),2017
7@2017,Kakamega2017,Optimal,2,2@2017,28,28@2017,163,65@07,7.61,76,22,247,134,75,(CML395/CML444)//CKDHL152087,CKDHL152087,(CML395/CML444),2017
7@2017,Kiboko2017,Optimal,2,2@2017,22,22@2017,127,65@07,7.2,56,13.6,255,144,56,(CML395/CML444)//CKDHL152087,CKDHL152087,(CML395/CML444),2017
7@2017,Kakamega2017,Optimal,1,1@2017,14,14@2017,79,66@07,5.58,71,25,262,142,73,(CML395/CML444)//CKDHL152089,CKDHL152089,(CML395/CML444),2017
7@2017,Kiboko2017,Optimal,1,1@2017,5,5@2017,25,66@07,6.08,55,13.2,263,153.5,57,(CML395/CML444)//CKDHL152089,CKDHL152089,(CML395/CML444),2017
7@2017,Kiboko2017,Optimal,2,2@2017,25,25@2017,148,66@07,7.72,56,14.4,259,148.5,56,(CML395/CML444)//CKDHL152089,CKDHL152089,(CML395/CML444),2017
7@2017,Kakamega2017,Optimal,2,2@2017,24,24@2017,142,66@07,6.43,71,23.2,252,138,70,(CML395/CML444)//CKDHL152089,CKDHL152089,(CML395/CML444),2017
7@2017,Kakamega2017,Optimal,2,2@2017,25,25@2017,147,67@07,2.63,73,25.2,226,106,72,(CML395/CML444)//CKDHL152107,CKDHL152107,(CML395/CML444),2017
7@2017,Kiboko2017,Optimal,1,1@2017,10,10@2017,59,67@07,9.03,53,13,248,141,54,(CML395/CML444)//CKDHL152107,CKDHL152107,(CML395/CML444),2017
7@2017,Kakamega2017,Optimal,1,1@2017,7,7@2017,39,67@07,4.4,73,21.8,226,118,74,(CML395/CML444)//CKDHL152107,CKDHL152107,(CML395/CML444),2017
7@2017,Kiboko2017,Optimal,2,2@2017,23,23@2017,135,67@07,7.91,55,15,248,129,56,(CML395/CML444)//CKDHL152107,CKDHL152107,(CML395/CML444),2017
7@2017,Kakamega2017,Optimal,2,2@2017,20,20@2017,116,68@07,5.86,74,24.7,240,134,71,(CML395/CML444)//CKDHL152126,CKDHL152126,(CML395/CML444),2017
7@2017,Kiboko2017,Optimal,2,2@2017,28,28@2017,168,68@07,10.36,55,14.4,242.5,136.5,55,(CML395/CML444)//CKDHL152126,CKDHL152126,(CML395/CML444),2017
7@2017,Kiboko2017,Optimal,1,1@2017,1,1@2017,3,68@07,6.06,55,12.7,229,130,55,(CML395/CML444)//CKDHL152126,CKDHL152126,(CML395/CML444),2017
7@2017,Kakamega2017,Optimal,1,1@2017,6,6@2017,33,68@07,4.92,74,25.4,237,134,74,(CML395/CML444)//CKDHL152126,CKDHL152126,(CML395/CML444),2017
7@2017,Kiboko2017,Optimal,1,1@2017,10,10@2017,56,69@07,7.27,55,15.4,256.5,159,55,(CML395/CML444)//CKDHL152128,CKDHL152128,(CML395/CML444),2017
7@2017,Kakamega2017,Optimal,1,1@2017,4,4@2017,22,69@07,5.38,72,21.5,239,135,72,(CML395/CML444)//CKDHL152128,CKDHL152128,(CML395/CML444),2017
7@2017,Kakamega2017,Optimal,2,2@2017,25,25@2017,149,69@07,5.31,72,17.9,239,127,70,(CML395/CML444)//CKDHL152128,CKDHL152128,(CML395/CML444),2017
7@2017,Kiboko2017,Optimal,2,2@2017,23,23@2017,138,69@07,9.59,55,14.3,260,159,54,(CML395/CML444)//CKDHL152128,CKDHL152128,(CML395/CML444),2017
7@2017,Kiboko2017,Optimal,1,1@2017,2,2@2017,8,70@07,6.11,54,13.6,227.5,135.5,55,(CML395/CML444)//CKDHL152136,CKDHL152136,(CML395/CML444),2017
7@2017,Kakamega2017,Optimal,2,2@2017,21,21@2017,121,70@07,5.18,75,18.3,231,120,75,(CML395/CML444)//CKDHL152136,CKDHL152136,(CML395/CML444),2017
7@2017,Kakamega2017,Optimal,1,1@2017,7,7@2017,37,70@07,4.86,73,26.6,216,109,73,(CML395/CML444)//CKDHL152136,CKDHL152136,(CML395/CML444),2017
7@2017,Kiboko2017,Optimal,2,2@2017,21,21@2017,126,70@07,7.11,54,13.3,243.5,133.5,54,(CML395/CML444)//CKDHL152136,CKDHL152136,(CML395/CML444),2017
7@2017,Kakamega2017,Optimal,1,1@2017,5,5@2017,29,71@07,4.74,74,22,258,149,74,(CML395/CML444)//CKDHL152139,CKDHL152139,(CML395/CML444),2017
7@2017,Kiboko2017,Optimal,2,2@2017,20,20@2017,119,71@07,8.46,55,13.9,266,152,55,(CML395/CML444)//CKDHL152139,CKDHL152139,(CML395/CML444),2017
7@2017,Kakamega2017,Optimal,2,2@2017,28,28@2017,168,71@07,5.49,74,24.9,255,144,75,(CML395/CML444)//CKDHL152139,CKDHL152139,(CML395/CML444),2017
7@2017,Kiboko2017,Optimal,1,1@2017,6,6@2017,31,71@07,7.53,57,14.7,268.5,153,57,(CML395/CML444)//CKDHL152139,CKDHL152139,(CML395/CML444),2017
7@2017,Kiboko2017,Optimal,1,1@2017,11,11@2017,62,72@07,7.08,53,13.7,236,126.5,53,(CML395/CML444)//CKDHL152140,CKDHL152140,(CML395/CML444),2017
7@2017,Kakamega2017,Optimal,2,2@2017,23,23@2017,134,72@07,4.16,69,24.9,218,109,68,(CML395/CML444)//CKDHL152140,CKDHL152140,(CML395/CML444),2017
7@2017,Kiboko2017,Optimal,2,2@2017,16,16@2017,91,72@07,8.38,54,14.4,234.5,123.5,54,(CML395/CML444)//CKDHL152140,CKDHL152140,(CML395/CML444),2017
7@2017,Kakamega2017,Optimal,1,1@2017,7,7@2017,41,72@07,3.5,74,29,220,117,74,(CML395/CML444)//CKDHL152140,CKDHL152140,(CML395/CML444),2017
7@2017,Kakamega2017,Optimal,1,1@2017,1,1@2017,2,73@07,5.31,69,23.4,249,139,74,(CML395/CML444)//CKDHL152142,CKDHL152142,(CML395/CML444),2017
7@2017,Kiboko2017,Optimal,1,1@2017,8,8@2017,48,73@07,6.53,56,13.6,255,135.5,57,(CML395/CML444)//CKDHL152142,CKDHL152142,(CML395/CML444),2017
7@2017,Kiboko2017,Optimal,2,2@2017,17,17@2017,102,73@07,7.81,54,15.2,245.5,136.5,54,(CML395/CML444)//CKDHL152142,CKDHL152142,(CML395/CML444),2017
7@2017,Kakamega2017,Optimal,2,2@2017,15,15@2017,89,73@07,2.61,75,26.2,231,124,75,(CML395/CML444)//CKDHL152142,CKDHL152142,(CML395/CML444),2017
7@2017,Kakamega2017,Optimal,1,1@2017,9,9@2017,52,74@07,6.87,75,21.3,258,154,73,(CML395/CML444)//CKDHL152144,CKDHL152144,(CML395/CML444),2017
7@2017,Kiboko2017,Optimal,2,2@2017,20,20@2017,115,74@07,9.77,55,14.2,244.5,143,54,(CML395/CML444)//CKDHL152144,CKDHL152144,(CML395/CML444),2017
7@2017,Kakamega2017,Optimal,2,2@2017,15,15@2017,87,74@07,4.66,73,21.8,242,129,72,(CML395/CML444)//CKDHL152144,CKDHL152144,(CML395/CML444),2017
7@2017,Kiboko2017,Optimal,1,1@2017,8,8@2017,45,74@07,8.41,56,14.1,258.5,153.5,55,(CML395/CML444)//CKDHL152144,CKDHL152144,(CML395/CML444),2017
7@2017,Kiboko2017,Optimal,2,2@2017,16,16@2017,92,75@07,7.38,55,15.4,243,136.5,54,(CML395/CML444)//CKDHL152149,CKDHL152149,(CML395/CML444),2017
7@2017,Kakamega2017,Optimal,1,1@2017,13,13@2017,76,75@07,4.88,71,19.8,223,122,71,(CML395/CML444)//CKDHL152149,CKDHL152149,(CML395/CML444),2017
7@2017,Kakamega2017,Optimal,2,2@2017,21,21@2017,123,75@07,5.66,72,17.7,230,127,72,(CML395/CML444)//CKDHL152149,CKDHL152149,(CML395/CML444),2017
7@2017,Kiboko2017,Optimal,1,1@2017,8,8@2017,47,75@07,7.62,53,14,243.5,133,53,(CML395/CML444)//CKDHL152149,CKDHL152149,(CML395/CML444),2017
7@2017,Kakamega2017,Optimal,2,2@2017,19,19@2017,109,76@07,3.11,73,20.7,254,146,73,(CML395/CML444)//CKDHL152150,CKDHL152150,(CML395/CML444),2017
7@2017,Kiboko2017,Optimal,1,1@2017,3,3@2017,14,76@07,5.91,55,12.8,230.5,136,56,(CML395/CML444)//CKDHL152150,CKDHL152150,(CML395/CML444),2017
7@2017,Kiboko2017,Optimal,2,2@2017,26,26@2017,154,76@07,8.2,56,14.6,247,134.7,56,(CML395/CML444)//CKDHL152150,CKDHL152150,(CML395/CML444),2017
7@2017,Kakamega2017,Optimal,1,1@2017,6,6@2017,34,76@07,3.49,74,27.2,233.5,132,74,(CML395/CML444)//CKDHL152150,CKDHL152150,(CML395/CML444),2017
7@2017,Kakamega2017,Optimal,1,1@2017,7,7@2017,42,77@07,5.63,72,20,222,123,72,(CML395/CML444)//CKDHL152152,CKDHL152152,(CML395/CML444),2017
7@2017,Kiboko2017,Optimal,1,1@2017,4,4@2017,19,77@07,6.92,55,11.5,244.5,150,56,(CML395/CML444)//CKDHL152152,CKDHL152152,(CML395/CML444),2017
7@2017,Kiboko2017,Optimal,2,2@2017,16,16@2017,94,77@07,8.37,55,13.4,244,153,56,(CML395/CML444)//CKDHL152152,CKDHL152152,(CML395/CML444),2017
7@2017,Kakamega2017,Optimal,2,2@2017,21,21@2017,124,77@07,6.06,74,18.6,240.5,133,73,(CML395/CML444)//CKDHL152152,CKDHL152152,(CML395/CML444),2017
7@2017,Kakamega2017,Optimal,2,2@2017,21,21@2017,125,78@07,4.4,74,27.3,233,120,72,(CML395/CML444)//CKDHL152166,CKDHL152166,(CML395/CML444),2017
7@2017,Kakamega2017,Optimal,1,1@2017,5,5@2017,30,78@07,3.26,73,24.8,247,141,74,(CML395/CML444)//CKDHL152166,CKDHL152166,(CML395/CML444),2017
7@2017,Kiboko2017,Optimal,2,2@2017,18,18@2017,106,78@07,7.56,57,13.7,257.5,148,58,(CML395/CML444)//CKDHL152166,CKDHL152166,(CML395/CML444),2017
7@2017,Kiboko2017,Optimal,1,1@2017,12,12@2017,71,78@07,7.54,55,13.3,258.5,136.5,54,(CML395/CML444)//CKDHL152166,CKDHL152166,(CML395/CML444),2017
7@2017,Kiboko2017,Optimal,2,2@2017,20,20@2017,117,79@07,8.49,53,13,246.5,134,54,(CML395/CML444)//CKDHL152169,CKDHL152169,(CML395/CML444),2017
7@2017,Kakamega2017,Optimal,2,2@2017,26,26@2017,151,79@07,4.21,75,24.4,247,131,75,(CML395/CML444)//CKDHL152169,CKDHL152169,(CML395/CML444),2017
7@2017,Kakamega2017,Optimal,1,1@2017,6,6@2017,36,79@07,4.28,73,26.9,226,119,72,(CML395/CML444)//CKDHL152169,CKDHL152169,(CML395/CML444),2017
7@2017,Kiboko2017,Optimal,1,1@2017,6,6@2017,33,79@07,5.46,55,12.4,252,146.5,55,(CML395/CML444)//CKDHL152169,CKDHL152169,(CML395/CML444),2017
7@2017,Kiboko2017,Optimal,2,2@2017,26,26@2017,155,80@07,7.97,52,13.8,226.5,120,53,(CML395/CML444)//CKDHL152171,CKDHL152171,(CML395/CML444),2017
7@2017,Kakamega2017,Optimal,2,2@2017,27,27@2017,161,80@07,4.61,75,29,242,131,72,(CML395/CML444)//CKDHL152171,CKDHL152171,(CML395/CML444),2017
7@2017,Kiboko2017,Optimal,1,1@2017,11,11@2017,64,80@07,6.55,55,14.8,246,137,55,(CML395/CML444)//CKDHL152171,CKDHL152171,(CML395/CML444),2017
7@2017,Kakamega2017,Optimal,1,1@2017,10,10@2017,55,80@07,5.83,69,23.5,231,122,69,(CML395/CML444)//CKDHL152171,CKDHL152171,(CML395/CML444),2017
7@2017,Kiboko2017,Optimal,1,1@2017,13,13@2017,75,81@07,7.97,60,13.5,297,170.5,65,H517,H517,,2017
7@2017,Kakamega2017,Optimal,1,1@2017,2,2@2017,10,81@07,5.68,75,25.7,273,166,80,H517,H517,,2017
7@2017,Kiboko2017,Optimal,2,2@2017,16,16@2017,95,81@07,7.2,60,12.6,290,171,64,H517,H517,,2017
7@2017,Kakamega2017,Optimal,2,2@2017,17,17@2017,102,81@07,5.72,74,24.4,261,154,76,H517,H517,,2017
7@2017,Kakamega2017,Optimal,1,1@2017,3,3@2017,16,82@07,7.01,75,23.7,240,130,76,Pioneer 30G19,Pioneer 30G19,,2017
7@2017,Kakamega2017,Optimal,2,2@2017,28,28@2017,167,82@07,9.09,71,19.9,249,128,74,Pioneer 30G19,Pioneer 30G19,,2017
7@2017,Kiboko2017,Optimal,2,2@2017,18,18@2017,105,82@07,8.64,55,14.3,274.5,120,58,Pioneer 30G19,Pioneer 30G19,,2017
7@2017,Kiboko2017,Optimal,1,1@2017,12,12@2017,70,82@07,6.92,55,14,287.5,133,58,Pioneer 30G19,Pioneer 30G19,,2017
7@2017,Kiboko2017,Optimal,2,2@2017,22,22@2017,130,83@07,8.29,59,13.1,289,157,59,WH505,WH505,,2017
7@2017,Kiboko2017,Optimal,1,1@2017,2,2@2017,9,83@07,7.6,58,13.2,277,150,59,WH505,WH505,,2017
7@2017,Kakamega2017,Optimal,1,1@2017,3,3@2017,17,83@07,8.53,75,28.2,270,155,77,WH505,WH505,,2017
7@2017,Kakamega2017,Optimal,2,2@2017,27,27@2017,158,83@07,7.39,79,21.8,266,144,76,WH505,WH505,,2017
7@2017,Kakamega2017,Optimal,2,2@2017,16,16@2017,91,84@07,5.5,69,18.5,244,134,70,DK 8031,DK 8031,,2017
7@2017,Kiboko2017,Optimal,2,2@2017,23,23@2017,136,84@07,7.18,54,11.1,274.5,140.5,58,DK 8031,DK 8031,,2017
7@2017,Kiboko2017,Optimal,1,1@2017,9,9@2017,50,84@07,5.22,54,12.5,275,138.5,57,DK 8031,DK 8031,,2017
7@2017,Kakamega2017,Optimal,1,1@2017,4,4@2017,24,84@07,5.51,69,19.3,239,126.5,75,DK 8031,DK 8031,,2017
8@2017,Kakamega2017,Optimal,2,2@2017,27,27@2017,132,1@08,7.17,74,20.6,238,132,74,(CML395/CML444)//CKDHL152182,CKDHL152182,(CML395/CML444),2017
8@2017,Kiboko2017,Optimal,1,1@2017,1,1@2017,2,1@08,5.74,54,16.9,248.5,143.5,54,(CML395/CML444)//CKDHL152182,CKDHL152182,(CML395/CML444),2017
8@2017,Kakamega2017,Optimal,1,1@2017,2,2@2017,8,1@08,7.54,71,18.8,266,146,71,(CML395/CML444)//CKDHL152182,CKDHL152182,(CML395/CML444),2017
8@2017,Kiboko2017,Optimal,2,2@2017,23,23@2017,113,1@08,6.06,55,15.1,262.5,149,55,(CML395/CML444)//CKDHL152182,CKDHL152182,(CML395/CML444),2017
8@2017,Kiboko2017,Optimal,1,1@2017,3,3@2017,12,2@08,5.44,57,14.6,268,145.5,57,(CML395/CML444)//CKDHL152184,CKDHL152184,(CML395/CML444),2017
8@2017,Kakamega2017,Optimal,1,1@2017,14,14@2017,69,2@08,7.54,75,18.6,261,156,75,(CML395/CML444)//CKDHL152184,CKDHL152184,(CML395/CML444),2017
8@2017,Kakamega2017,Optimal,2,2@2017,23,23@2017,114,2@08,5.38,72,22.4,265,161,72,(CML395/CML444)//CKDHL152184,CKDHL152184,(CML395/CML444),2017
8@2017,Kiboko2017,Optimal,2,2@2017,29,29@2017,141,2@08,6.96,58,14.1,266,151,58,(CML395/CML444)//CKDHL152184,CKDHL152184,(CML395/CML444),2017
8@2017,Kiboko2017,Optimal,1,1@2017,10,10@2017,46,3@08,4.75,55,12.6,240.5,137,55,(CML395/CML444)//CKDHL152193,CKDHL152193,(CML395/CML444),2017
8@2017,Kakamega2017,Optimal,2,2@2017,18,18@2017,87,3@08,5.99,71,19.3,258,121.5,71,(CML395/CML444)//CKDHL152193,CKDHL152193,(CML395/CML444),2017
8@2017,Kakamega2017,Optimal,1,1@2017,2,2@2017,6,3@08,7.02,70,22.7,241,132,69,(CML395/CML444)//CKDHL152193,CKDHL152193,(CML395/CML444),2017
8@2017,Kiboko2017,Optimal,2,2@2017,18,18@2017,89,3@08,5.47,53,15.5,252,139.5,53,(CML395/CML444)//CKDHL152193,CKDHL152193,(CML395/CML444),2017
8@2017,Kiboko2017,Optimal,1,1@2017,3,3@2017,11,4@08,3.57,54,12.9,235.5,130,54,(CML395/CML444)//CKDHL152197,CKDHL152197,(CML395/CML444),2017
8@2017,Kiboko2017,Optimal,2,2@2017,24,24@2017,120,4@08,6.57,57,16.5,227.5,120.5,57,(CML395/CML444)//CKDHL152197,CKDHL152197,(CML395/CML444),2017
8@2017,Kakamega2017,Optimal,1,1@2017,12,12@2017,60,4@08,7.11,73,22.2,249,146.5,71,(CML395/CML444)//CKDHL152197,CKDHL152197,(CML395/CML444),2017
8@2017,Kakamega2017,Optimal,2,2@2017,28,28@2017,138,4@08,5.88,72,22.6,240,130,74,(CML395/CML444)//CKDHL152197,CKDHL152197,(CML395/CML444),2017
8@2017,Kakamega2017,Optimal,1,1@2017,4,4@2017,19,5@08,6.51,69,18.4,238.5,119.5,69,(CML395/CML444)//CKDHL152203,CKDHL152203,(CML395/CML444),2017
8@2017,Kiboko2017,Optimal,2,2@2017,16,16@2017,80,5@08,4.89,54,15.8,239,122,54,(CML395/CML444)//CKDHL152203,CKDHL152203,(CML395/CML444),2017
8@2017,Kakamega2017,Optimal,2,2@2017,20,20@2017,99,5@08,4.55,70,22.9,232.5,123.5,70,(CML395/CML444)//CKDHL152203,CKDHL152203,(CML395/CML444),2017
8@2017,Kiboko2017,Optimal,1,1@2017,7,7@2017,32,5@08,6.66,53,15.4,241.5,134,53,(CML395/CML444)//CKDHL152203,CKDHL152203,(CML395/CML444),2017
8@2017,Kiboko2017,Optimal,1,1@2017,10,10@2017,48,6@08,5.04,54,12.6,244.5,131.5,54,(CML395/CML444)//CKDHL152208,CKDHL152208,(CML395/CML444),2017
8@2017,Kakamega2017,Optimal,1,1@2017,9,9@2017,43,6@08,6.58,71,24.8,247,135.5,70,(CML395/CML444)//CKDHL152208,CKDHL152208,(CML395/CML444),2017
8@2017,Kiboko2017,Optimal,2,2@2017,22,22@2017,106,6@08,5.43,55,14.7,230.5,119.5,55,(CML395/CML444)//CKDHL152208,CKDHL152208,(CML395/CML444),2017
8@2017,Kakamega2017,Optimal,2,2@2017,24,24@2017,118,6@08,6.88,71,20.9,248,138,71,(CML395/CML444)//CKDHL152208,CKDHL152208,(CML395/CML444),2017
8@2017,Kakamega2017,Optimal,2,2@2017,25,25@2017,121,7@08,7.07,74,22.4,258,148.1,74,(CML395/CML444)//CKDHL152212,CKDHL152212,(CML395/CML444),2017
8@2017,Kiboko2017,Optimal,2,2@2017,19,19@2017,95,7@08,6.84,57,16.9,260.5,150.5,56,(CML395/CML444)//CKDHL152212,CKDHL152212,(CML395/CML444),2017
8@2017,Kakamega2017,Optimal,1,1@2017,3,3@2017,13,7@08,7.04,74,21.9,227.5,118,75,(CML395/CML444)//CKDHL152212,CKDHL152212,(CML395/CML444),2017
8@2017,Kiboko2017,Optimal,1,1@2017,15,15@2017,72,7@08,5.07,57,15.1,235.5,138.5,59,(CML395/CML444)//CKDHL152212,CKDHL152212,(CML395/CML444),2017
8@2017,Kiboko2017,Optimal,1,1@2017,11,11@2017,52,8@08,6.22,55,12.5,280.5,159,56,(CML395/CML444)//CKDHL152218,CKDHL152218,(CML395/CML444),2017
8@2017,Kakamega2017,Optimal,1,1@2017,1,1@2017,2,8@08,7.19,68,19.5,251,126,69,(CML395/CML444)//CKDHL152218,CKDHL152218,(CML395/CML444),2017
8@2017,Kakamega2017,Optimal,2,2@2017,25,25@2017,124,8@08,6.89,71,26.7,284.5,151.5,71,(CML395/CML444)//CKDHL152218,CKDHL152218,(CML395/CML444),2017
8@2017,Kiboko2017,Optimal,2,2@2017,23,23@2017,112,8@08,6,55,14.3,274.5,154,55,(CML395/CML444)//CKDHL152218,CKDHL152218,(CML395/CML444),2017
8@2017,Kakamega2017,Optimal,1,1@2017,8,8@2017,38,9@08,6.27,72,21.2,263,143.5,75,(CML395/CML444)//CKDHL152223,CKDHL152223,(CML395/CML444),2017
8@2017,Kakamega2017,Optimal,2,2@2017,21,21@2017,105,9@08,5.16,71,22.4,255,142.5,71,(CML395/CML444)//CKDHL152223,CKDHL152223,(CML395/CML444),2017
8@2017,Kiboko2017,Optimal,2,2@2017,23,23@2017,114,9@08,6.26,55,15.4,270.5,148.5,56,(CML395/CML444)//CKDHL152223,CKDHL152223,(CML395/CML444),2017
8@2017,Kiboko2017,Optimal,1,1@2017,4,4@2017,20,9@08,4.4,56,16.5,247,139.5,57,(CML395/CML444)//CKDHL152223,CKDHL152223,(CML395/CML444),2017
8@2017,Kakamega2017,Optimal,1,1@2017,14,14@2017,67,10@08,7.71,71,21.4,226.5,115,71,(CML395/CML444)//CKDHL152226,CKDHL152226,(CML395/CML444),2017
8@2017,Kakamega2017,Optimal,2,2@2017,22,22@2017,106,10@08,6.6,72,21.4,273.5,175,73,(CML395/CML444)//CKDHL152226,CKDHL152226,(CML395/CML444),2017
8@2017,Kiboko2017,Optimal,1,1@2017,4,4@2017,18,10@08,5.49,55,14.7,251.5,153,56,(CML395/CML444)//CKDHL152226,CKDHL152226,(CML395/CML444),2017
8@2017,Kiboko2017,Optimal,2,2@2017,23,23@2017,111,10@08,5.09,55,15.2,245,137.5,55,(CML395/CML444)//CKDHL152226,CKDHL152226,(CML395/CML444),2017
8@2017,Kiboko2017,Optimal,1,1@2017,2,2@2017,9,11@08,5.67,53,15.9,238.5,123.5,53,(CML395/CML444)//CKDHL152230,CKDHL152230,(CML395/CML444),2017
8@2017,Kakamega2017,Optimal,1,1@2017,6,6@2017,29,11@08,5.45,75,22.5,241.5,126,75,(CML395/CML444)//CKDHL152230,CKDHL152230,(CML395/CML444),2017
8@2017,Kiboko2017,Optimal,2,2@2017,25,25@2017,121,11@08,6.32,55,12.3,233,120.5,55,(CML395/CML444)//CKDHL152230,CKDHL152230,(CML395/CML444),2017
8@2017,Kakamega2017,Optimal,2,2@2017,17,17@2017,82,11@08,7.86,73,21.3,230.5,121,72,(CML395/CML444)//CKDHL152230,CKDHL152230,(CML395/CML444),2017
8@2017,Kakamega2017,Optimal,1,1@2017,10,10@2017,48,12@08,6.61,74,22.7,242,127,75,(CML395/CML444)//CKDHL152231,CKDHL152231,(CML395/CML444),2017
8@2017,Kakamega2017,Optimal,2,2@2017,19,19@2017,91,12@08,7.11,73,21.7,266.5,155,73,(CML395/CML444)//CKDHL152231,CKDHL152231,(CML395/CML444),2017
8@2017,Kiboko2017,Optimal,1,1@2017,9,9@2017,43,12@08,4.45,55,14.4,240.5,134.5,56,(CML395/CML444)//CKDHL152231,CKDHL152231,(CML395/CML444),2017
8@2017,Kiboko2017,Optimal,2,2@2017,29,29@2017,145,12@08,6.15,58,12.6,239,135,59,(CML395/CML444)//CKDHL152231,CKDHL152231,(CML395/CML444),2017
8@2017,Kiboko2017,Optimal,1,1@2017,13,13@2017,63,13@08,5.72,54,16.8,260,150.5,55,(CML395/CML444)//CKDHL152240,CKDHL152240,(CML395/CML444),2017
8@2017,Kiboko2017,Optimal,2,2@2017,28,28@2017,138,13@08,7.44,54,11.8,244,135,53,(CML395/CML444)//CKDHL152240,CKDHL152240,(CML395/CML444),2017
8@2017,Kakamega2017,Optimal,1,1@2017,3,3@2017,12,13@08,6.07,67,21.9,275,142.5,67,(CML395/CML444)//CKDHL152240,CKDHL152240,(CML395/CML444),2017
8@2017,Kakamega2017,Optimal,2,2@2017,19,19@2017,94,13@08,5.74,70,21.5,235.5,121,72,(CML395/CML444)//CKDHL152240,CKDHL152240,(CML395/CML444),2017
8@2017,Kakamega2017,Optimal,2,2@2017,18,18@2017,86,14@08,7.54,72,20.4,246.5,125,71,(CML395/CML444)//CKDHL152242,CKDHL152242,(CML395/CML444),2017
8@2017,Kiboko2017,Optimal,1,1@2017,5,5@2017,22,14@08,5.92,55,14.2,255,141,55,(CML395/CML444)//CKDHL152242,CKDHL152242,(CML395/CML444),2017
8@2017,Kakamega2017,Optimal,1,1@2017,11,11@2017,51,14@08,6.01,70,23.5,250,144.5,70,(CML395/CML444)//CKDHL152242,CKDHL152242,(CML395/CML444),2017
8@2017,Kiboko2017,Optimal,2,2@2017,28,28@2017,140,14@08,6.78,55,16.7,234.5,131,55,(CML395/CML444)//CKDHL152242,CKDHL152242,(CML395/CML444),2017
8@2017,Kiboko2017,Optimal,1,1@2017,14,14@2017,68,15@08,5.14,54,11.9,240.5,137.5,54,(CML395/CML444)//CKDHL152270,CKDHL152270,(CML395/CML444),2017
8@2017,Kakamega2017,Optimal,1,1@2017,10,10@2017,50,15@08,7.34,70,21,230,119,70,(CML395/CML444)//CKDHL152270,CKDHL152270,(CML395/CML444),2017
8@2017,Kakamega2017,Optimal,2,2@2017,29,29@2017,142,15@08,8.49,73,18.7,273.5,147.5,70,(CML395/CML444)//CKDHL152270,CKDHL152270,(CML395/CML444),2017
8@2017,Kiboko2017,Optimal,2,2@2017,22,22@2017,107,15@08,5.88,55,16.8,246.5,137,55,(CML395/CML444)//CKDHL152270,CKDHL152270,(CML395/CML444),2017
8@2017,Kakamega2017,Optimal,2,2@2017,26,26@2017,127,16@08,7.33,70,21.5,242,126,70,(CML395/CML444)//CKDHL152274,CKDHL152274,(CML395/CML444),2017
8@2017,Kiboko2017,Optimal,1,1@2017,6,6@2017,26,16@08,7.17,57,12.3,232.5,126,57,(CML395/CML444)//CKDHL152274,CKDHL152274,(CML395/CML444),2017
8@2017,Kiboko2017,Optimal,2,2@2017,18,18@2017,86,16@08,6.31,56,14.8,238.5,116,57,(CML395/CML444)//CKDHL152274,CKDHL152274,(CML395/CML444),2017
8@2017,Kakamega2017,Optimal,1,1@2017,1,1@2017,3,16@08,6.4,71,20.3,242.5,127.5,71,(CML395/CML444)//CKDHL152274,CKDHL152274,(CML395/CML444),2017
8@2017,Kiboko2017,Optimal,1,1@2017,8,8@2017,39,17@08,5.33,59,14,251,143,60,(CML395/CML444)//CKDHL152276,CKDHL152276,(CML395/CML444),2017
8@2017,Kakamega2017,Optimal,1,1@2017,9,9@2017,41,17@08,6.67,73,23.3,262,141,74,(CML395/CML444)//CKDHL152276,CKDHL152276,(CML395/CML444),2017
8@2017,Kakamega2017,Optimal,2,2@2017,29,29@2017,143,17@08,6.52,74,22.1,248.5,123,74,(CML395/CML444)//CKDHL152276,CKDHL152276,(CML395/CML444),2017
8@2017,Kiboko2017,Optimal,2,2@2017,30,30@2017,147,17@08,7.66,56,14.3,256,147,56,(CML395/CML444)//CKDHL152276,CKDHL152276,(CML395/CML444),2017
8@2017,Kakamega2017,Optimal,2,2@2017,30,30@2017,149,18@08,6.58,72,25.2,264,149.5,73,(CML395/CML444)//CKDHL152288,CKDHL152288,(CML395/CML444),2017
8@2017,Kiboko2017,Optimal,1,1@2017,6,6@2017,30,18@08,8.49,57,12.8,259,146.5,58,(CML395/CML444)//CKDHL152288,CKDHL152288,(CML395/CML444),2017
8@2017,Kiboko2017,Optimal,2,2@2017,21,21@2017,101,18@08,6.81,56,16.6,242.5,133.5,57,(CML395/CML444)//CKDHL152288,CKDHL152288,(CML395/CML444),2017
8@2017,Kakamega2017,Optimal,1,1@2017,2,2@2017,9,18@08,5.32,71,19,273,131,75,(CML395/CML444)//CKDHL152288,CKDHL152288,(CML395/CML444),2017
8@2017,Kiboko2017,Optimal,1,1@2017,8,8@2017,36,19@08,7.67,56,14.8,267,159,56,(CML395/CML444)//CKDHL152300,CKDHL152300,(CML395/CML444),2017
8@2017,Kakamega2017,Optimal,2,2@2017,24,24@2017,116,19@08,5.85,76,22.7,255,160,76,(CML395/CML444)//CKDHL152300,CKDHL152300,(CML395/CML444),2017
8@2017,Kakamega2017,Optimal,1,1@2017,9,9@2017,42,19@08,7.08,73,20.9,262.7,131,73,(CML395/CML444)//CKDHL152300,CKDHL152300,(CML395/CML444),2017
8@2017,Kiboko2017,Optimal,2,2@2017,19,19@2017,94,19@08,7.25,56,14.4,263,151.5,56,(CML395/CML444)//CKDHL152300,CKDHL152300,(CML395/CML444),2017
8@2017,Kakamega2017,Optimal,1,1@2017,5,5@2017,25,20@08,4.73,72,20.9,268,131.5,72,(CML395/CML444)//CKDHL152310,CKDHL152310,(CML395/CML444),2017
8@2017,Kiboko2017,Optimal,1,1@2017,8,8@2017,38,20@08,6.46,56,16.5,263.5,134.5,56,(CML395/CML444)//CKDHL152310,CKDHL152310,(CML395/CML444),2017
8@2017,Kakamega2017,Optimal,2,2@2017,24,24@2017,117,20@08,5.82,71,23.7,267,160,70,(CML395/CML444)//CKDHL152310,CKDHL152310,(CML395/CML444),2017
8@2017,Kiboko2017,Optimal,2,2@2017,19,19@2017,93,20@08,6.59,55,12.9,277,155,56,(CML395/CML444)//CKDHL152310,CKDHL152310,(CML395/CML444),2017
8@2017,Kiboko2017,Optimal,1,1@2017,14,14@2017,69,21@08,5,54,16.2,249,138.5,54,(CML395/CML444)//CKDHL152311,CKDHL152311,(CML395/CML444),2017
8@2017,Kiboko2017,Optimal,2,2@2017,30,30@2017,146,21@08,7.27,56,14.5,243.5,140,56,(CML395/CML444)//CKDHL152311,CKDHL152311,(CML395/CML444),2017
8@2017,Kakamega2017,Optimal,1,1@2017,14,14@2017,68,21@08,4.93,71,23.4,223.5,109.5,71,(CML395/CML444)//CKDHL152311,CKDHL152311,(CML395/CML444),2017
8@2017,Kakamega2017,Optimal,2,2@2017,24,24@2017,119,21@08,5.93,69,21.1,219,119,69,(CML395/CML444)//CKDHL152311,CKDHL152311,(CML395/CML444),2017
8@2017,Kiboko2017,Optimal,1,1@2017,1,1@2017,1,22@08,6.77,55,11.4,238.5,126.5,54,(CML395/CML444)//CKDHL152314,CKDHL152314,(CML395/CML444),2017
8@2017,Kakamega2017,Optimal,1,1@2017,11,11@2017,55,22@08,5.37,71,23.4,238.5,120.5,70,(CML395/CML444)//CKDHL152314,CKDHL152314,(CML395/CML444),2017
8@2017,Kiboko2017,Optimal,2,2@2017,20,20@2017,96,22@08,5.56,55,13.2,249.5,134,56,(CML395/CML444)//CKDHL152314,CKDHL152314,(CML395/CML444),2017
8@2017,Kakamega2017,Optimal,2,2@2017,18,18@2017,90,22@08,4.07,69,22.7,264.5,154,69,(CML395/CML444)//CKDHL152314,CKDHL152314,(CML395/CML444),2017
8@2017,Kiboko2017,Optimal,2,2@2017,20,20@2017,97,23@08,5.79,58,16.1,249,141,58,(CML395/CML444)//CKDHL152324,CKDHL152324,(CML395/CML444),2017
8@2017,Kakamega2017,Optimal,2,2@2017,29,29@2017,145,23@08,4.51,70,23.2,249,148.5,74,(CML395/CML444)//CKDHL152324,CKDHL152324,(CML395/CML444),2017
8@2017,Kiboko2017,Optimal,1,1@2017,1,1@2017,4,23@08,5.75,54,12.1,241.5,143.5,55,(CML395/CML444)//CKDHL152324,CKDHL152324,(CML395/CML444),2017
8@2017,Kakamega2017,Optimal,1,1@2017,13,13@2017,62,23@08,5.07,70,22.6,233,124.5,71,(CML395/CML444)//CKDHL152324,CKDHL152324,(CML395/CML444),2017
8@2017,Kiboko2017,Optimal,2,2@2017,16,16@2017,78,24@08,4.21,56,15.3,247.5,141,56,(CML395/CML444)//CKDHL152325,CKDHL152325,(CML395/CML444),2017
8@2017,Kakamega2017,Optimal,1,1@2017,8,8@2017,40,24@08,5.78,68,22.9,261,136.5,68,(CML395/CML444)//CKDHL152325,CKDHL152325,(CML395/CML444),2017
8@2017,Kakamega2017,Optimal,2,2@2017,16,16@2017,80,24@08,5.26,69,22.3,230,128,69,(CML395/CML444)//CKDHL152325,CKDHL152325,(CML395/CML444),2017
8@2017,Kiboko2017,Optimal,1,1@2017,13,13@2017,62,24@08,5.82,56,12.3,253,140,56,(CML395/CML444)//CKDHL152325,CKDHL152325,(CML395/CML444),2017
8@2017,Kakamega2017,Optimal,1,1@2017,13,13@2017,61,25@08,4.74,76,22.1,254.5,145.5,76,(CML395/CML444)//CKDHL152326,CKDHL152326,(CML395/CML444),2017
8@2017,Kiboko2017,Optimal,1,1@2017,5,5@2017,21,25@08,5.6,57,16.4,262.5,158,56,(CML395/CML444)//CKDHL152326,CKDHL152326,(CML395/CML444),2017
8@2017,Kiboko2017,Optimal,2,2@2017,20,20@2017,100,25@08,5.48,56,15.3,264,156.5,56,(CML395/CML444)//CKDHL152326,CKDHL152326,(CML395/CML444),2017
8@2017,Kakamega2017,Optimal,2,2@2017,20,20@2017,100,25@08,4.78,72,21.4,243.5,128,72,(CML395/CML444)//CKDHL152326,CKDHL152326,(CML395/CML444),2017
8@2017,Kiboko2017,Optimal,1,1@2017,11,11@2017,53,26@08,4.46,53,11.4,241.5,142.5,54,(CML395/CML444)//CKDHL152327,CKDHL152327,(CML395/CML444),2017
8@2017,Kakamega2017,Optimal,1,1@2017,5,5@2017,21,26@08,7,70,20.7,231.5,111,70,(CML395/CML444)//CKDHL152327,CKDHL152327,(CML395/CML444),2017
8@2017,Kakamega2017,Optimal,2,2@2017,23,23@2017,115,26@08,5.05,72,23.5,232,119.5,72,(CML395/CML444)//CKDHL152327,CKDHL152327,(CML395/CML444),2017
8@2017,Kiboko2017,Optimal,2,2@2017,25,25@2017,123,26@08,8.25,54,12.9,244.5,131.5,55,(CML395/CML444)//CKDHL152327,CKDHL152327,(CML395/CML444),2017
8@2017,Kiboko2017,Optimal,2,2@2017,28,28@2017,139,27@08,5.98,56,15.4,232.5,126.5,56,(CML395/CML444)//CKDHL152329,CKDHL152329,(CML395/CML444),2017
8@2017,Kiboko2017,Optimal,1,1@2017,11,11@2017,54,27@08,4.42,54,14,239,130.5,53,(CML395/CML444)//CKDHL152329,CKDHL152329,(CML395/CML444),2017
8@2017,Kakamega2017,Optimal,2,2@2017,23,23@2017,113,27@08,4.34,72,23.1,284,174,72,(CML395/CML444)//CKDHL152329,CKDHL152329,(CML395/CML444),2017
8@2017,Kakamega2017,Optimal,1,1@2017,1,1@2017,5,27@08,5.57,69,23.6,215.5,107,69,(CML395/CML444)//CKDHL152329,CKDHL152329,(CML395/CML444),2017
8@2017,Kiboko2017,Optimal,2,2@2017,28,28@2017,136,28@08,8.83,56,14.6,250,136,56,(CML395/CML444)//CKDHL152342,CKDHL152342,(CML395/CML444),2017
8@2017,Kiboko2017,Optimal,1,1@2017,2,2@2017,6,28@08,6.81,56,12.3,254.5,144,57,(CML395/CML444)//CKDHL152342,CKDHL152342,(CML395/CML444),2017
8@2017,Kakamega2017,Optimal,2,2@2017,17,17@2017,85,28@08,7.46,72,24.9,255,134,75,(CML395/CML444)//CKDHL152342,CKDHL152342,(CML395/CML444),2017
8@2017,Kakamega2017,Optimal,1,1@2017,10,10@2017,47,28@08,6.54,70,20.4,238,122,70,(CML395/CML444)//CKDHL152342,CKDHL152342,(CML395/CML444),2017
8@2017,Kakamega2017,Optimal,2,2@2017,19,19@2017,92,29@08,8.22,70,23.9,240,131,71,(CML395/CML444)//CKDHL152344,CKDHL152344,(CML395/CML444),2017
8@2017,Kakamega2017,Optimal,1,1@2017,4,4@2017,18,29@08,5.55,72,23.6,245,121,71,(CML395/CML444)//CKDHL152344,CKDHL152344,(CML395/CML444),2017
8@2017,Kiboko2017,Optimal,1,1@2017,12,12@2017,56,29@08,5.23,54,14.8,271,159,55,(CML395/CML444)//CKDHL152344,CKDHL152344,(CML395/CML444),2017
8@2017,Kiboko2017,Optimal,2,2@2017,17,17@2017,82,29@08,6.79,56,14.8,253.5,139.5,57,(CML395/CML444)//CKDHL152344,CKDHL152344,(CML395/CML444),2017
8@2017,Kiboko2017,Optimal,2,2@2017,24,24@2017,117,30@08,5.16,55,14.9,248,136,55,(CML395/CML444)//CKDHL152348,CKDHL152348,(CML395/CML444),2017
8@2017,Kiboko2017,Optimal,1,1@2017,6,6@2017,28,30@08,6.19,56,12.9,254,152.5,56,(CML395/CML444)//CKDHL152348,CKDHL152348,(CML395/CML444),2017
8@2017,Kakamega2017,Optimal,1,1@2017,14,14@2017,70,30@08,7.49,74,23.4,256.5,141.5,74,(CML395/CML444)//CKDHL152348,CKDHL152348,(CML395/CML444),2017
8@2017,Kakamega2017,Optimal,2,2@2017,19,19@2017,93,30@08,7.29,76,26.2,232,126.5,76,(CML395/CML444)//CKDHL152348,CKDHL152348,(CML395/CML444),2017
8@2017,Kakamega2017,Optimal,1,1@2017,8,8@2017,39,31@08,5.98,70,20.2,252,129.5,74,(CML395/CML444)//CKDHL152353,CKDHL152353,(CML395/CML444),2017
8@2017,Kiboko2017,Optimal,1,1@2017,9,9@2017,44,31@08,3.77,55,14.3,239,128,56,(CML395/CML444)//CKDHL152353,CKDHL152353,(CML395/CML444),2017
8@2017,Kiboko2017,Optimal,2,2@2017,29,29@2017,142,31@08,6.63,54,15.8,258.5,143.5,55,(CML395/CML444)//CKDHL152353,CKDHL152353,(CML395/CML444),2017
8@2017,Kakamega2017,Optimal,2,2@2017,16,16@2017,79,31@08,6.11,69,20.4,240,135,70,(CML395/CML444)//CKDHL152353,CKDHL152353,(CML395/CML444),2017
8@2017,Kakamega2017,Optimal,1,1@2017,15,15@2017,75,32@08,5.93,74,22.5,246.5,130.5,73,(CML395/CML444)//CKDHL152354,CKDHL152354,(CML395/CML444),2017
8@2017,Kakamega2017,Optimal,2,2@2017,27,27@2017,133,32@08,6.08,70,21.6,243,139,72,(CML395/CML444)//CKDHL152354,CKDHL152354,(CML395/CML444),2017
8@2017,Kiboko2017,Optimal,1,1@2017,2,2@2017,7,32@08,4.92,57,14.2,257.5,152.5,57,(CML395/CML444)//CKDHL152354,CKDHL152354,(CML395/CML444),2017
8@2017,Kiboko2017,Optimal,2,2@2017,22,22@2017,110,32@08,3.24,55,13.2,249.5,143,55,(CML395/CML444)//CKDHL152354,CKDHL152354,(CML395/CML444),2017
8@2017,Kakamega2017,Optimal,1,1@2017,1,1@2017,1,33@08,6.05,70,20.6,259,127.5,74,(CML395/CML444)//CKDHL152356,CKDHL152356,(CML395/CML444),2017
8@2017,Kakamega2017,Optimal,2,2@2017,21,21@2017,103,33@08,6.08,72,23.8,252.5,149.5,74,(CML395/CML444)//CKDHL152356,CKDHL152356,(CML395/CML444),2017
8@2017,Kiboko2017,Optimal,1,1@2017,12,12@2017,58,33@08,5.95,55,15.8,262,142.5,56,(CML395/CML444)//CKDHL152356,CKDHL152356,(CML395/CML444),2017
8@2017,Kiboko2017,Optimal,2,2@2017,25,25@2017,125,33@08,9.19,56,11.1,270.5,144.5,56,(CML395/CML444)//CKDHL152356,CKDHL152356,(CML395/CML444),2017
8@2017,Kakamega2017,Optimal,1,1@2017,7,7@2017,35,34@08,6.02,75,22.8,277,149.5,75,(CML395/CML444)//CKDHL152359,CKDHL152359,(CML395/CML444),2017
8@2017,Kakamega2017,Optimal,2,2@2017,26,26@2017,130,34@08,7.01,74,22,252,128,74,(CML395/CML444)//CKDHL152359,CKDHL152359,(CML395/CML444),2017
8@2017,Kiboko2017,Optimal,1,1@2017,6,6@2017,27,34@08,6.38,57,15,246.5,126.5,56,(CML395/CML444)//CKDHL152359,CKDHL152359,(CML395/CML444),2017
8@2017,Kiboko2017,Optimal,2,2@2017,19,19@2017,91,34@08,6.88,57,16.5,270,138,57,(CML395/CML444)//CKDHL152359,CKDHL152359,(CML395/CML444),2017
8@2017,Kiboko2017,Optimal,1,1@2017,12,12@2017,59,35@08,5.33,54,16.3,238,119.5,56,(CML395/CML444)//CKDHL152361,CKDHL152361,(CML395/CML444),2017
8@2017,Kiboko2017,Optimal,2,2@2017,24,24@2017,116,35@08,5.47,55,14.5,252.5,136,55,(CML395/CML444)//CKDHL152361,CKDHL152361,(CML395/CML444),2017
8@2017,Kakamega2017,Optimal,2,2@2017,25,25@2017,123,35@08,3.76,72,20.3,256,134.5,73,(CML395/CML444)//CKDHL152361,CKDHL152361,(CML395/CML444),2017
8@2017,Kakamega2017,Optimal,1,1@2017,3,3@2017,15,35@08,6.92,68,20,237,121,70,(CML395/CML444)//CKDHL152361,CKDHL152361,(CML395/CML444),2017
8@2017,Kakamega2017,Optimal,2,2@2017,28,28@2017,139,36@08,6.23,70,23.4,256.5,129.5,70,(CML395/CML444)//CKDHL152364,CKDHL152364,(CML395/CML444),2017
8@2017,Kiboko2017,Optimal,2,2@2017,28,28@2017,137,36@08,8.86,56,14.3,260.5,154.5,56,(CML395/CML444)//CKDHL152364,CKDHL152364,(CML395/CML444),2017
8@2017,Kiboko2017,Optimal,1,1@2017,5,5@2017,24,36@08,6.29,57,15.4,233.5,149.5,57,(CML395/CML444)//CKDHL152364,CKDHL152364,(CML395/CML444),2017
8@2017,Kakamega2017,Optimal,1,1@2017,2,2@2017,7,36@08,6.04,71,22.1,271,156,72,(CML395/CML444)//CKDHL152364,CKDHL152364,(CML395/CML444),2017
8@2017,Kakamega2017,Optimal,2,2@2017,22,22@2017,109,37@08,5.56,71,20.4,259,139.5,74,(CML395/CML444)//CKDHL152370,CKDHL152370,(CML395/CML444),2017
8@2017,Kiboko2017,Optimal,1,1@2017,12,12@2017,60,37@08,4.4,56,15.4,224.5,119.5,57,(CML395/CML444)//CKDHL152370,CKDHL152370,(CML395/CML444),2017
8@2017,Kakamega2017,Optimal,1,1@2017,6,6@2017,28,37@08,5.44,73,22.1,261.5,143.5,75,(CML395/CML444)//CKDHL152370,CKDHL152370,(CML395/CML444),2017
8@2017,Kiboko2017,Optimal,2,2@2017,29,29@2017,144,37@08,8.49,55,14.3,260,144,57,(CML395/CML444)//CKDHL152370,CKDHL152370,(CML395/CML444),2017
8@2017,Kiboko2017,Optimal,1,1@2017,8,8@2017,37,38@08,5.76,56,14.1,234,132,56,(CML395/CML444)//CKDHL152371,CKDHL152371,(CML395/CML444),2017
8@2017,Kakamega2017,Optimal,1,1@2017,11,11@2017,53,38@08,6.85,73,21.5,230,125.5,70,(CML395/CML444)//CKDHL152371,CKDHL152371,(CML395/CML444),2017
8@2017,Kakamega2017,Optimal,2,2@2017,29,29@2017,141,38@08,7.31,70,20,253,133,70,(CML395/CML444)//CKDHL152371,CKDHL152371,(CML395/CML444),2017
8@2017,Kiboko2017,Optimal,2,2@2017,21,21@2017,103,38@08,5.92,55,14.2,241,133.5,55,(CML395/CML444)//CKDHL152371,CKDHL152371,(CML395/CML444),2017
8@2017,Kiboko2017,Optimal,2,2@2017,27,27@2017,133,39@08,6.22,56,12.9,243,131.5,56,(CML395/CML444)//CKDHL152372,CKDHL152372,(CML395/CML444),2017
8@2017,Kiboko2017,Optimal,1,1@2017,5,5@2017,25,39@08,5.52,57,16,238.5,129,57,(CML395/CML444)//CKDHL152372,CKDHL152372,(CML395/CML444),2017
8@2017,Kakamega2017,Optimal,1,1@2017,11,11@2017,54,39@08,9.8,69,18.4,253,141,69,(CML395/CML444)//CKDHL152372,CKDHL152372,(CML395/CML444),2017
8@2017,Kakamega2017,Optimal,2,2@2017,21,21@2017,101,39@08,5.96,76,21.8,260,149.5,76,(CML395/CML444)//CKDHL152372,CKDHL152372,(CML395/CML444),2017
8@2017,Kiboko2017,Optimal,2,2@2017,18,18@2017,87,40@08,5.83,56,15.6,231,134.5,56,(CML395/CML444)//CKDHL152374,CKDHL152374,(CML395/CML444),2017
8@2017,Kakamega2017,Optimal,2,2@2017,22,22@2017,110,40@08,4.5,72,21.8,220,119,71,(CML395/CML444)//CKDHL152374,CKDHL152374,(CML395/CML444),2017
8@2017,Kakamega2017,Optimal,1,1@2017,9,9@2017,45,40@08,6.74,70,22.5,235,125.5,70,(CML395/CML444)//CKDHL152374,CKDHL152374,(CML395/CML444),2017
8@2017,Kiboko2017,Optimal,1,1@2017,7,7@2017,33,40@08,7.18,56,13.9,233.5,142.5,56,(CML395/CML444)//CKDHL152374,CKDHL152374,(CML395/CML444),2017
8@2017,Kakamega2017,Optimal,1,1@2017,7,7@2017,32,41@08,6.13,74,24.4,244,126,75,(CML395/CML444)//CKDHL152379,CKDHL152379,(CML395/CML444),2017
8@2017,Kiboko2017,Optimal,1,1@2017,15,15@2017,73,41@08,3.99,56,13.4,216,139,58,(CML395/CML444)//CKDHL152379,CKDHL152379,(CML395/CML444),2017
8@2017,Kakamega2017,Optimal,2,2@2017,16,16@2017,78,41@08,5.07,75,21,258,142,74,(CML395/CML444)//CKDHL152379,CKDHL152379,(CML395/CML444),2017
8@2017,Kiboko2017,Optimal,2,2@2017,23,23@2017,115,41@08,3.83,58,13,238.5,154.5,59,(CML395/CML444)//CKDHL152379,CKDHL152379,(CML395/CML444),2017
8@2017,Kakamega2017,Optimal,2,2@2017,27,27@2017,131,42@08,8.06,74,20.5,260.5,150,74,(CML395/CML444)//CKDHL152380,CKDHL152380,(CML395/CML444),2017
8@2017,Kiboko2017,Optimal,2,2@2017,18,18@2017,88,42@08,6.68,56,12.9,266,147.5,58,(CML395/CML444)//CKDHL152380,CKDHL152380,(CML395/CML444),2017
8@2017,Kakamega2017,Optimal,1,1@2017,6,6@2017,26,42@08,7.17,73,22.4,275.5,147,75,(CML395/CML444)//CKDHL152380,CKDHL152380,(CML395/CML444),2017
8@2017,Kiboko2017,Optimal,1,1@2017,3,3@2017,15,42@08,4.76,55,11.4,261.5,153.5,56,(CML395/CML444)//CKDHL152380,CKDHL152380,(CML395/CML444),2017
8@2017,Kakamega2017,Optimal,2,2@2017,20,20@2017,97,43@08,8.96,71,19.4,260,149.5,72,(CML395/CML444)//CKDHL152381,CKDHL152381,(CML395/CML444),2017
8@2017,Kiboko2017,Optimal,1,1@2017,13,13@2017,65,43@08,4.78,56,14.2,252,141.5,56,(CML395/CML444)//CKDHL152381,CKDHL152381,(CML395/CML444),2017
8@2017,Kiboko2017,Optimal,2,2@2017,26,26@2017,130,43@08,7.74,56,11.7,258.5,147.5,56,(CML395/CML444)//CKDHL152381,CKDHL152381,(CML395/CML444),2017
8@2017,Kakamega2017,Optimal,1,1@2017,12,12@2017,58,43@08,7.37,74,22,269.5,147.5,74,(CML395/CML444)//CKDHL152381,CKDHL152381,(CML395/CML444),2017
8@2017,Kakamega2017,Optimal,2,2@2017,29,29@2017,144,44@08,5.5,70,20,253.5,136,70,(CML395/CML444)//CKDHL152383,CKDHL152383,(CML395/CML444),2017
8@2017,Kiboko2017,Optimal,1,1@2017,11,11@2017,55,44@08,6.18,54,11.3,269,153,55,(CML395/CML444)//CKDHL152383,CKDHL152383,(CML395/CML444),2017
8@2017,Kakamega2017,Optimal,1,1@2017,4,4@2017,16,44@08,5.02,70,20.5,240,115,71,(CML395/CML444)//CKDHL152383,CKDHL152383,(CML395/CML444),2017
8@2017,Kiboko2017,Optimal,2,2@2017,30,30@2017,148,44@08,7.67,56,13.5,247,139,55,(CML395/CML444)//CKDHL152383,CKDHL152383,(CML395/CML444),2017
8@2017,Kiboko2017,Optimal,1,1@2017,9,9@2017,42,45@08,4.38,54,14.8,246.5,149,53,(CML395/CML444)//CKDHL152387,CKDHL152387,(CML395/CML444),2017
8@2017,Kiboko2017,Optimal,2,2@2017,26,26@2017,126,45@08,5.74,55,16.5,259,149,54,(CML395/CML444)//CKDHL152387,CKDHL152387,(CML395/CML444),2017
8@2017,Kakamega2017,Optimal,1,1@2017,15,15@2017,73,45@08,6.03,70,20.3,252.5,147,69,(CML395/CML444)//CKDHL152387,CKDHL152387,(CML395/CML444),2017
8@2017,Kakamega2017,Optimal,2,2@2017,30,30@2017,150,45@08,6.06,70,22.1,281.5,155.5,67,(CML395/CML444)//CKDHL152387,CKDHL152387,(CML395/CML444),2017
8@2017,Kiboko2017,Optimal,1,1@2017,15,15@2017,75,46@08,4.97,55,13.9,238,137.5,55,(CML395/CML444)//CKDHL152390,CKDHL152390,(CML395/CML444),2017
8@2017,Kakamega2017,Optimal,2,2@2017,26,26@2017,126,46@08,6.49,70,26.5,242.5,139,70,(CML395/CML444)//CKDHL152390,CKDHL152390,(CML395/CML444),2017
8@2017,Kiboko2017,Optimal,2,2@2017,30,30@2017,149,46@08,7.6,54,13.7,249.5,130.5,54,(CML395/CML444)//CKDHL152390,CKDHL152390,(CML395/CML444),2017
8@2017,Kakamega2017,Optimal,1,1@2017,13,13@2017,63,46@08,4.15,74,23.4,248.5,139,74,(CML395/CML444)//CKDHL152390,CKDHL152390,(CML395/CML444),2017
8@2017,Kakamega2017,Optimal,1,1@2017,13,13@2017,65,47@08,7.76,76,21.7,257.5,154.5,78,(CML395/CML444)//CKDHL152395,CKDHL152395,(CML395/CML444),2017
8@2017,Kakamega2017,Optimal,2,2@2017,16,16@2017,76,47@08,5.19,75,20.1,252.5,142.5,74,(CML395/CML444)//CKDHL152395,CKDHL152395,(CML395/CML444),2017
8@2017,Kiboko2017,Optimal,1,1@2017,7,7@2017,31,47@08,8.27,58,15.6,271,157.5,58,(CML395/CML444)//CKDHL152395,CKDHL152395,(CML395/CML444),2017
8@2017,Kiboko2017,Optimal,2,2@2017,27,27@2017,132,47@08,8.92,56,14.3,268,152.5,59,(CML395/CML444)//CKDHL152395,CKDHL152395,(CML395/CML444),2017
8@2017,Kakamega2017,Optimal,1,1@2017,8,8@2017,37,48@08,7.45,73,20.3,259,147.5,73,(CML395/CML444)//CKDHL152398,CKDHL152398,(CML395/CML444),2017
8@2017,Kakamega2017,Optimal,2,2@2017,25,25@2017,125,48@08,5.06,70,21.2,244.5,140.5,70,(CML395/CML444)//CKDHL152398,CKDHL152398,(CML395/CML444),2017
8@2017,Kiboko2017,Optimal,1,1@2017,7,7@2017,34,48@08,5.71,55,15.2,233,139.5,54,(CML395/CML444)//CKDHL152398,CKDHL152398,(CML395/CML444),2017
8@2017,Kiboko2017,Optimal,2,2@2017,26,26@2017,127,48@08,6.91,56,13.6,246,146.5,56,(CML395/CML444)//CKDHL152398,CKDHL152398,(CML395/CML444),2017
8@2017,Kakamega2017,Optimal,1,1@2017,4,4@2017,20,49@08,8.69,74,20.5,246,128.5,75,(CML395/CML444)//CKDHL152402,CKDHL152402,(CML395/CML444),2017
8@2017,Kiboko2017,Optimal,2,2@2017,24,24@2017,118,49@08,4.93,57,14,239,132,57,(CML395/CML444)//CKDHL152402,CKDHL152402,(CML395/CML444),2017
8@2017,Kiboko2017,Optimal,1,1@2017,14,14@2017,67,49@08,5.39,55,12.2,238.5,130,56,(CML395/CML444)//CKDHL152402,CKDHL152402,(CML395/CML444),2017
8@2017,Kakamega2017,Optimal,2,2@2017,22,22@2017,107,49@08,6.12,73,22.1,236.5,122.5,72,(CML395/CML444)//CKDHL152402,CKDHL152402,(CML395/CML444),2017
8@2017,Kakamega2017,Optimal,2,2@2017,24,24@2017,120,50@08,7.78,72,22.1,277,152,73,(CML395/CML444)//CKDHL152413,CKDHL152413,(CML395/CML444),2017
8@2017,Kakamega2017,Optimal,1,1@2017,8,8@2017,36,50@08,6.51,71,25.4,265,142.5,72,(CML395/CML444)//CKDHL152413,CKDHL152413,(CML395/CML444),2017
8@2017,Kiboko2017,Optimal,2,2@2017,20,20@2017,98,50@08,6.55,55,15,254.5,134,56,(CML395/CML444)//CKDHL152413,CKDHL152413,(CML395/CML444),2017
8@2017,Kiboko2017,Optimal,1,1@2017,4,4@2017,17,50@08,4.86,55,13.7,254.5,143.5,56,(CML395/CML444)//CKDHL152413,CKDHL152413,(CML395/CML444),2017
8@2017,Kakamega2017,Optimal,1,1@2017,12,12@2017,56,51@08,6.89,73,21.3,269.5,152,74,(CML395/CML444)//CKDHL152415,CKDHL152415,(CML395/CML444),2017
8@2017,Kiboko2017,Optimal,1,1@2017,14,14@2017,66,51@08,6.77,55,12.9,256,148,56,(CML395/CML444)//CKDHL152415,CKDHL152415,(CML395/CML444),2017
8@2017,Kiboko2017,Optimal,2,2@2017,16,16@2017,79,51@08,4.83,56,12.7,259,144.5,57,(CML395/CML444)//CKDHL152415,CKDHL152415,(CML395/CML444),2017
8@2017,Kakamega2017,Optimal,2,2@2017,27,27@2017,135,51@08,5.83,70,19.4,236,124.5,73,(CML395/CML444)//CKDHL152415,CKDHL152415,(CML395/CML444),2017
8@2017,Kiboko2017,Optimal,1,1@2017,3,3@2017,13,52@08,4.65,55,13.9,236,144,56,(CML395/CML444)//CKDHL152419,CKDHL152419,(CML395/CML444),2017
8@2017,Kakamega2017,Optimal,1,1@2017,12,12@2017,57,52@08,3.71,71,20.9,251,133,72,(CML395/CML444)//CKDHL152419,CKDHL152419,(CML395/CML444),2017
8@2017,Kakamega2017,Optimal,2,2@2017,21,21@2017,102,52@08,5.06,71,19.9,240.7,134,71,(CML395/CML444)//CKDHL152419,CKDHL152419,(CML395/CML444),2017
8@2017,Kiboko2017,Optimal,2,2@2017,24,24@2017,119,52@08,6.08,56,12.7,247,145.5,57,(CML395/CML444)//CKDHL152419,CKDHL152419,(CML395/CML444),2017
8@2017,Kakamega2017,Optimal,1,1@2017,3,3@2017,11,53@08,7.57,72,19.2,260,135,75,(CML395/CML444)//CKDHL152424,CKDHL152424,(CML395/CML444),2017
8@2017,Kakamega2017,Optimal,2,2@2017,22,22@2017,108,53@08,6.36,71,22.8,245,130.5,73,(CML395/CML444)//CKDHL152424,CKDHL152424,(CML395/CML444),2017
8@2017,Kiboko2017,Optimal,1,1@2017,11,11@2017,51,53@08,4.73,53,13,249.5,140,53,(CML395/CML444)//CKDHL152424,CKDHL152424,(CML395/CML444),2017
8@2017,Kiboko2017,Optimal,2,2@2017,26,26@2017,129,53@08,7,56,14.3,246.5,138.5,56,(CML395/CML444)//CKDHL152424,CKDHL152424,(CML395/CML444),2017
8@2017,Kiboko2017,Optimal,1,1@2017,1,1@2017,5,54@08,6.42,55,13.3,247.5,133.5,56,(CML395/CML444)//CKDHL152425,CKDHL152425,(CML395/CML444),2017
8@2017,Kakamega2017,Optimal,2,2@2017,27,27@2017,134,54@08,6.5,70,28.9,246.5,132.5,71,(CML395/CML444)//CKDHL152425,CKDHL152425,(CML395/CML444),2017
8@2017,Kakamega2017,Optimal,1,1@2017,14,14@2017,66,54@08,5,73,22.7,242.5,131.5,74,(CML395/CML444)//CKDHL152425,CKDHL152425,(CML395/CML444),2017
8@2017,Kiboko2017,Optimal,2,2@2017,18,18@2017,90,54@08,6.5,58,18.5,269.5,145,59,(CML395/CML444)//CKDHL152425,CKDHL152425,(CML395/CML444),2017
8@2017,Kakamega2017,Optimal,1,1@2017,2,2@2017,10,55@08,7.24,70,18.7,261.5,131.5,70,(CML395/CML444)//CKDHL152429,CKDHL152429,(CML395/CML444),2017
8@2017,Kiboko2017,Optimal,2,2@2017,22,22@2017,108,55@08,4.86,55,14.3,245.5,134,55,(CML395/CML444)//CKDHL152429,CKDHL152429,(CML395/CML444),2017
8@2017,Kiboko2017,Optimal,1,1@2017,9,9@2017,45,55@08,4.98,55,12.7,251,144.5,57,(CML395/CML444)//CKDHL152429,CKDHL152429,(CML395/CML444),2017
8@2017,Kakamega2017,Optimal,2,2@2017,26,26@2017,128,55@08,7.53,70,20.5,275,154,70,(CML395/CML444)//CKDHL152429,CKDHL152429,(CML395/CML444),2017
8@2017,Kakamega2017,Optimal,1,1@2017,6,6@2017,30,56@08,5.3,69,19.7,233,116.5,70,(CML395/CML444)//CKDHL152430,CKDHL152430,(CML395/CML444),2017
8@2017,Kakamega2017,Optimal,2,2@2017,30,30@2017,148,56@08,5.24,70,22.1,270.5,157,71,(CML395/CML444)//CKDHL152430,CKDHL152430,(CML395/CML444),2017
8@2017,Kiboko2017,Optimal,2,2@2017,30,30@2017,150,56@08,9.68,53,13.9,249.5,138.5,53,(CML395/CML444)//CKDHL152430,CKDHL152430,(CML395/CML444),2017
8@2017,Kiboko2017,Optimal,1,1@2017,2,2@2017,8,56@08,5.85,55,10.9,253.5,140,56,(CML395/CML444)//CKDHL152430,CKDHL152430,(CML395/CML444),2017
8@2017,Kiboko2017,Optimal,1,1@2017,3,3@2017,14,57@08,4.94,56,11.9,239.5,149,57,(CML395/CML444)//CKDHL152441,CKDHL152441,(CML395/CML444),2017
8@2017,Kakamega2017,Optimal,1,1@2017,13,13@2017,64,57@08,4.97,74,22.9,256,144.5,73,(CML395/CML444)//CKDHL152441,CKDHL152441,(CML395/CML444),2017
8@2017,Kakamega2017,Optimal,2,2@2017,17,17@2017,83,57@08,5.85,74,22.7,251,152,74,(CML395/CML444)//CKDHL152441,CKDHL152441,(CML395/CML444),2017
8@2017,Kiboko2017,Optimal,2,2@2017,29,29@2017,143,57@08,8.13,56,13.9,248.5,157,56,(CML395/CML444)//CKDHL152441,CKDHL152441,(CML395/CML444),2017
8@2017,Kiboko2017,Optimal,1,1@2017,2,2@2017,10,58@08,3.95,55,13,239,139,54,(CML395/CML444)//CKDHL152442,CKDHL152442,(CML395/CML444),2017
8@2017,Kiboko2017,Optimal,2,2@2017,17,17@2017,81,58@08,5.07,56,13.6,245.5,133,57,(CML395/CML444)//CKDHL152442,CKDHL152442,(CML395/CML444),2017
8@2017,Kakamega2017,Optimal,1,1@2017,5,5@2017,23,58@08,5.92,71,24.4,230,113.5,70,(CML395/CML444)//CKDHL152442,CKDHL152442,(CML395/CML444),2017
8@2017,Kakamega2017,Optimal,2,2@2017,16,16@2017,77,58@08,4.92,71,26.5,243,141.5,71,(CML395/CML444)//CKDHL152442,CKDHL152442,(CML395/CML444),2017
8@2017,Kakamega2017,Optimal,1,1@2017,10,10@2017,46,59@08,4.89,71,26.7,252.5,136,73,(CML395/CML444)//CKDHL152445,CKDHL152445,(CML395/CML444),2017
8@2017,Kiboko2017,Optimal,2,2@2017,22,22@2017,109,59@08,5.4,55,12.4,267.5,141,56,(CML395/CML444)//CKDHL152445,CKDHL152445,(CML395/CML444),2017
8@2017,Kiboko2017,Optimal,1,1@2017,12,12@2017,57,59@08,4.26,55,15.9,252.5,131,56,(CML395/CML444)//CKDHL152445,CKDHL152445,(CML395/CML444),2017
8@2017,Kakamega2017,Optimal,2,2@2017,21,21@2017,104,59@08,4.62,72,17.8,247.5,138,73,(CML395/CML444)//CKDHL152445,CKDHL152445,(CML395/CML444),2017
8@2017,Kiboko2017,Optimal,2,2@2017,20,20@2017,99,60@08,7.27,57,13.5,266,146.5,56,(CML395/CML444)//CKDHL152458,CKDHL152458,(CML395/CML444),2017
8@2017,Kakamega2017,Optimal,1,1@2017,3,3@2017,14,60@08,8.56,71,20.4,267.5,131.5,71,(CML395/CML444)//CKDHL152458,CKDHL152458,(CML395/CML444),2017
8@2017,Kiboko2017,Optimal,1,1@2017,15,15@2017,71,60@08,2.74,57,16.1,223.5,128,59,(CML395/CML444)//CKDHL152458,CKDHL152458,(CML395/CML444),2017
8@2017,Kakamega2017,Optimal,2,2@2017,28,28@2017,137,60@08,4.79,74,20.6,246,132.5,74,(CML395/CML444)//CKDHL152458,CKDHL152458,(CML395/CML444),2017
8@2017,Kiboko2017,Optimal,1,1@2017,13,13@2017,61,61@08,6.98,55,12.8,231.5,122,56,(CML395/CML444)//CKDHL152465,CKDHL152465,(CML395/CML444),2017
8@2017,Kakamega2017,Optimal,1,1@2017,6,6@2017,27,61@08,4.35,69,22.3,252,129.5,71,(CML395/CML444)//CKDHL152465,CKDHL152465,(CML395/CML444),2017
8@2017,Kakamega2017,Optimal,2,2@2017,28,28@2017,136,61@08,4.69,70,20.6,241.5,132.5,70,(CML395/CML444)//CKDHL152465,CKDHL152465,(CML395/CML444),2017
8@2017,Kiboko2017,Optimal,2,2@2017,25,25@2017,124,61@08,7.26,56,14,259.5,143,56,(CML395/CML444)//CKDHL152465,CKDHL152465,(CML395/CML444),2017
8@2017,Kiboko2017,Optimal,1,1@2017,9,9@2017,41,62@08,4.93,54,15.6,242,131,54,(CML395/CML444)//CKDHL152470,CKDHL152470,(CML395/CML444),2017
8@2017,Kakamega2017,Optimal,2,2@2017,23,23@2017,112,62@08,5.17,69,22.8,296,168.5,69,(CML395/CML444)//CKDHL152470,CKDHL152470,(CML395/CML444),2017
8@2017,Kakamega2017,Optimal,1,1@2017,15,15@2017,74,62@08,7.9,69,22.9,238.5,130.5,69,(CML395/CML444)//CKDHL152470,CKDHL152470,(CML395/CML444),2017
8@2017,Kiboko2017,Optimal,2,2@2017,21,21@2017,105,62@08,4.54,55,15.4,234.5,127,55,(CML395/CML444)//CKDHL152470,CKDHL152470,(CML395/CML444),2017
8@2017,Kakamega2017,Optimal,2,2@2017,20,20@2017,98,63@08,6.49,71,22.4,255.5,152.5,71,(CML395/CML444)//CKDHL152471,CKDHL152471,(CML395/CML444),2017
8@2017,Kakamega2017,Optimal,1,1@2017,12,12@2017,59,63@08,6.33,72,21.7,281.5,163,72,(CML395/CML444)//CKDHL152471,CKDHL152471,(CML395/CML444),2017
8@2017,Kiboko2017,Optimal,2,2@2017,17,17@2017,84,63@08,3.85,58,12.6,247.5,122,59,(CML395/CML444)//CKDHL152471,CKDHL152471,(CML395/CML444),2017
8@2017,Kiboko2017,Optimal,1,1@2017,13,13@2017,64,63@08,5.62,56,15.3,258.5,139.5,57,(CML395/CML444)//CKDHL152471,CKDHL152471,(CML395/CML444),2017
8@2017,Kiboko2017,Optimal,1,1@2017,15,15@2017,74,64@08,5.02,58,12,231.5,131,58,(CML395/CML444)//CKDHL152474,CKDHL152474,(CML395/CML444),2017
8@2017,Kakamega2017,Optimal,1,1@2017,15,15@2017,71,64@08,5.23,72,18.8,254,145.5,72,(CML395/CML444)//CKDHL152474,CKDHL152474,(CML395/CML444),2017
8@2017,Kakamega2017,Optimal,2,2@2017,18,18@2017,89,64@08,4.98,74,18.5,242,132.5,74,(CML395/CML444)//CKDHL152474,CKDHL152474,(CML395/CML444),2017
8@2017,Kiboko2017,Optimal,2,2@2017,27,27@2017,131,64@08,6.55,56,11.5,251.5,143,56,(CML395/CML444)//CKDHL152474,CKDHL152474,(CML395/CML444),2017
8@2017,Kiboko2017,Optimal,2,2@2017,27,27@2017,135,65@08,7.82,59,16.5,265,145.5,57,(CML395/CML444)//CKDHL152475,CKDHL152475,(CML395/CML444),2017
8@2017,Kiboko2017,Optimal,1,1@2017,10,10@2017,50,65@08,2.57,55,11.4,235.5,136.5,56,(CML395/CML444)//CKDHL152475,CKDHL152475,(CML395/CML444),2017
8@2017,Kakamega2017,Optimal,1,1@2017,9,9@2017,44,65@08,6.08,71,20.8,235,119.5,69,(CML395/CML444)//CKDHL152475,CKDHL152475,(CML395/CML444),2017
8@2017,Kakamega2017,Optimal,2,2@2017,17,17@2017,81,65@08,6.66,72,21.8,222.5,113.5,69,(CML395/CML444)//CKDHL152475,CKDHL152475,(CML395/CML444),2017
8@2017,Kakamega2017,Optimal,2,2@2017,28,28@2017,140,66@08,7.16,77,20.5,259,149.5,74,(CML395/CML444)//CKDHL152476,CKDHL152476,(CML395/CML444),2017
8@2017,Kiboko2017,Optimal,2,2@2017,16,16@2017,77,66@08,4.5,57,15.7,258,145.5,57,(CML395/CML444)//CKDHL152476,CKDHL152476,(CML395/CML444),2017
8@2017,Kiboko2017,Optimal,1,1@2017,7,7@2017,35,66@08,6.09,58,15.5,255,144.5,56,(CML395/CML444)//CKDHL152476,CKDHL152476,(CML395/CML444),2017
8@2017,Kakamega2017,Optimal,1,1@2017,5,5@2017,22,66@08,6.79,75,23.7,270,144.5,75,(CML395/CML444)//CKDHL152476,CKDHL152476,(CML395/CML444),2017
8@2017,Kakamega2017,Optimal,2,2@2017,17,17@2017,84,67@08,6.08,71,24.1,217.5,116,71,(CML395/CML444)//CKDHL152478,CKDHL152478,(CML395/CML444),2017
8@2017,Kiboko2017,Optimal,1,1@2017,14,14@2017,70,67@08,3.92,53,16.6,224,117,53,(CML395/CML444)//CKDHL152478,CKDHL152478,(CML395/CML444),2017
8@2017,Kakamega2017,Optimal,1,1@2017,15,15@2017,72,67@08,5.31,71,20.8,239,139.5,71,(CML395/CML444)//CKDHL152478,CKDHL152478,(CML395/CML444),2017
8@2017,Kiboko2017,Optimal,2,2@2017,21,21@2017,104,67@08,6.44,55,12.6,234,124,55,(CML395/CML444)//CKDHL152478,CKDHL152478,(CML395/CML444),2017
8@2017,Kakamega2017,Optimal,1,1@2017,7,7@2017,33,68@08,5.17,72,19.4,235,113.5,74,(CML395/CML444)//CKDHL152479,CKDHL152479,(CML395/CML444),2017
8@2017,Kiboko2017,Optimal,1,1@2017,4,4@2017,16,68@08,3.8,55,15,239,136.5,56,(CML395/CML444)//CKDHL152479,CKDHL152479,(CML395/CML444),2017
8@2017,Kakamega2017,Optimal,2,2@2017,19,19@2017,95,68@08,4.85,68,26.2,245,117.5,68,(CML395/CML444)//CKDHL152479,CKDHL152479,(CML395/CML444),2017
8@2017,Kiboko2017,Optimal,2,2@2017,17,17@2017,83,68@08,6.28,54,15.5,237,116,54,(CML395/CML444)//CKDHL152479,CKDHL152479,(CML395/CML444),2017
8@2017,Kakamega2017,Optimal,1,1@2017,4,4@2017,17,69@08,6.25,71,21.5,261,135,70,(CML395/CML444)//CKDHL152488,CKDHL152488,(CML395/CML444),2017
8@2017,Kakamega2017,Optimal,2,2@2017,20,20@2017,96,69@08,7.29,71,23.8,270.5,147,69,(CML395/CML444)//CKDHL152488,CKDHL152488,(CML395/CML444),2017
8@2017,Kiboko2017,Optimal,2,2@2017,19,19@2017,92,69@08,6.81,53,13.1,269.5,154.5,53,(CML395/CML444)//CKDHL152488,CKDHL152488,(CML395/CML444),2017
8@2017,Kiboko2017,Optimal,1,1@2017,5,5@2017,23,69@08,5.78,55,13.8,256,145,55,(CML395/CML444)//CKDHL152488,CKDHL152488,(CML395/CML444),2017
8@2017,Kakamega2017,Optimal,1,1@2017,10,10@2017,49,70@08,7.26,69,23.3,230,120.5,68,(CML395/CML444)//CKDHL152489,CKDHL152489,(CML395/CML444),2017
8@2017,Kakamega2017,Optimal,2,2@2017,26,26@2017,129,70@08,7.82,70,20,234.5,125.5,70,(CML395/CML444)//CKDHL152489,CKDHL152489,(CML395/CML444),2017
8@2017,Kiboko2017,Optimal,2,2@2017,25,25@2017,122,70@08,5.72,57,14.7,229,133.5,56,(CML395/CML444)//CKDHL152489,CKDHL152489,(CML395/CML444),2017
8@2017,Kiboko2017,Optimal,1,1@2017,1,1@2017,3,70@08,3.36,55,11.5,230.5,133,54,(CML395/CML444)//CKDHL152489,CKDHL152489,(CML395/CML444),2017
8@2017,Kiboko2017,Optimal,1,1@2017,6,6@2017,29,71@08,4.94,59,16.3,304,185.5,61,H517,H517,,2017
8@2017,Kiboko2017,Optimal,2,2@2017,27,27@2017,134,71@08,6.15,61,10.9,297.5,176.5,63,H517,H517,,2017
8@2017,Kakamega2017,Optimal,2,2@2017,23,23@2017,111,71@08,7.92,76,24.9,291.5,166,80,H517,H517,,2017
8@2017,Kakamega2017,Optimal,1,1@2017,7,7@2017,34,71@08,7.06,76,24,270.5,139,76,H517,H517,,2017
8@2017,Kakamega2017,Optimal,1,1@2017,1,1@2017,4,72@08,6.66,70,22.1,267,121.5,74,Pioneer 30G19,Pioneer 30G19,,2017
8@2017,Kakamega2017,Optimal,2,2@2017,30,30@2017,147,72@08,7.13,74,24.5,268,153,76,Pioneer 30G19,Pioneer 30G19,,2017
8@2017,Kiboko2017,Optimal,2,2@2017,26,26@2017,128,72@08,6.25,56,16,276,130,59,Pioneer 30G19,Pioneer 30G19,,2017
8@2017,Kiboko2017,Optimal,1,1@2017,10,10@2017,49,72@08,3.69,56,12.1,270,131,61,Pioneer 30G19,Pioneer 30G19,,2017
8@2017,Kiboko2017,Optimal,1,1@2017,10,10@2017,47,73@08,5.6,58,12.6,279,158,58,WH505,WH505,,2017
8@2017,Kiboko2017,Optimal,2,2@2017,17,17@2017,85,73@08,7.12,60,17.2,284.5,141,60,WH505,WH505,,2017
8@2017,Kakamega2017,Optimal,1,1@2017,7,7@2017,31,73@08,8.01,75,22.7,284.5,158.5,75,WH505,WH505,,2017
8@2017,Kakamega2017,Optimal,2,2@2017,18,18@2017,88,73@08,7.23,78,31.1,250,124.5,78,WH505,WH505,,2017
8@2017,Kakamega2017,Optimal,2,2@2017,30,30@2017,146,74@08,2.52,70,20.3,286,164.5,74,DK 8031,DK 8031,,2017
8@2017,Kiboko2017,Optimal,2,2@2017,16,16@2017,76,74@08,4.16,54,10.8,252.5,130,58,DK 8031,DK 8031,,2017
8@2017,Kakamega2017,Optimal,1,1@2017,5,5@2017,24,74@08,3.98,70,21.6,238,120.5,75,DK 8031,DK 8031,,2017
8@2017,Kiboko2017,Optimal,1,1@2017,8,8@2017,40,74@08,4.51,56,15,256.5,135.5,58,DK 8031,DK 8031,,2017
8@2017,Kakamega2017,Optimal,1,1@2017,11,11@2017,52,75@08,6.6,68,21.3,242,127,68,PAN 4M19,PAN 4M19,,2017
8@2017,Kiboko2017,Optimal,2,2@2017,21,21@2017,102,75@08,7.13,54,13.4,234,116.5,55,PAN 4M19,PAN 4M19,,2017
8@2017,Kakamega2017,Optimal,2,2@2017,25,25@2017,122,75@08,5.07,70,17,238,132.2,70,PAN 4M19,PAN 4M19,,2017
8@2017,Kiboko2017,Optimal,1,1@2017,4,4@2017,19,75@08,5.27,53,13.7,250.5,133,59,PAN 4M19,PAN 4M19,,2017
9@2017,Kakamega2017,Optimal,2,2@2017,22,22@2017,108,1@09,9.24,72,20.7,272.5,151,71,(CML395/CML444)//CKDHL152493,CKDHL152493,(CML395/CML444),2017
9@2017,Kiboko2017,Optimal,1,1@2017,1,1@2017,1,1@09,6.16,59,12.2,266.5,134.5,59,(CML395/CML444)//CKDHL152493,CKDHL152493,(CML395/CML444),2017
9@2017,Kakamega2017,Optimal,1,1@2017,16,16@2017,78,1@09,4.79,74,23.8,271.5,137,75,(CML395/CML444)//CKDHL152493,CKDHL152493,(CML395/CML444),2017
9@2017,Kiboko2017,Optimal,2,2@2017,30,30@2017,147,1@09,4.83,60,13.6,241,119.5,59,(CML395/CML444)//CKDHL152493,CKDHL152493,(CML395/CML444),2017
9@2017,Kakamega2017,Optimal,1,1@2017,15,15@2017,72,2@09,8.88,78,22.1,256.5,137.5,78,(CML395/CML444)//CKDHL152499,CKDHL152499,(CML395/CML444),2017
9@2017,Kiboko2017,Optimal,2,2@2017,28,28@2017,139,2@09,5.05,60,17.8,256,143.5,60,(CML395/CML444)//CKDHL152499,CKDHL152499,(CML395/CML444),2017
9@2017,Kakamega2017,Optimal,2,2@2017,40,40@2017,199,2@09,7.78,75,21.3,254.5,154.5,76,(CML395/CML444)//CKDHL152499,CKDHL152499,(CML395/CML444),2017
9@2017,Kiboko2017,Optimal,1,1@2017,5,5@2017,23,2@09,5.07,60,13.7,256.5,142.5,59,(CML395/CML444)//CKDHL152499,CKDHL152499,(CML395/CML444),2017
9@2017,Kiboko2017,Optimal,2,2@2017,34,34@2017,168,3@09,3.69,58,12.1,253,130.5,59,(CML395/CML444)//CKDHL152502,CKDHL152502,(CML395/CML444),2017
9@2017,Kiboko2017,Optimal,1,1@2017,12,12@2017,58,3@09,5.56,59,11.8,249.5,122,60,(CML395/CML444)//CKDHL152502,CKDHL152502,(CML395/CML444),2017
9@2017,Kakamega2017,Optimal,2,2@2017,28,28@2017,140,3@09,5.34,73,26.8,282,143,74,(CML395/CML444)//CKDHL152502,CKDHL152502,(CML395/CML444),2017
9@2017,Kakamega2017,Optimal,1,1@2017,16,16@2017,76,3@09,5.08,75,20.9,260,144.5,78,(CML395/CML444)//CKDHL152502,CKDHL152502,(CML395/CML444),2017
9@2017,Kakamega2017,Optimal,2,2@2017,31,31@2017,151,4@09,9.8,72,22.7,289.5,167.5,71,(CML395/CML444)//CKDHL152504,CKDHL152504,(CML395/CML444),2017
9@2017,Kiboko2017,Optimal,1,1@2017,11,11@2017,53,4@09,7.85,59,16.8,293.5,163.5,58,(CML395/CML444)//CKDHL152504,CKDHL152504,(CML395/CML444),2017
9@2017,Kakamega2017,Optimal,1,1@2017,7,7@2017,35,4@09,6.32,73,29,283,164.5,74,(CML395/CML444)//CKDHL152504,CKDHL152504,(CML395/CML444),2017
9@2017,Kiboko2017,Optimal,2,2@2017,29,29@2017,142,4@09,7,59,13.7,271,137.5,59,(CML395/CML444)//CKDHL152504,CKDHL152504,(CML395/CML444),2017
9@2017,Kiboko2017,Optimal,1,1@2017,1,1@2017,3,5@09,6.36,57,14.8,285.5,162,56,(CML395/CML444)//CKDHL152512,CKDHL152512,(CML395/CML444),2017
9@2017,Kakamega2017,Optimal,1,1@2017,18,18@2017,88,5@09,4.59,73,20.9,261,136,73,(CML395/CML444)//CKDHL152512,CKDHL152512,(CML395/CML444),2017
9@2017,Kiboko2017,Optimal,2,2@2017,34,34@2017,167,5@09,6.04,58,17.3,264.5,131,58,(CML395/CML444)//CKDHL152512,CKDHL152512,(CML395/CML444),2017
9@2017,Kakamega2017,Optimal,2,2@2017,26,26@2017,129,5@09,7.54,73,24.3,285.5,162,73,(CML395/CML444)//CKDHL152512,CKDHL152512,(CML395/CML444),2017
9@2017,Kakamega2017,Optimal,1,1@2017,11,11@2017,53,6@09,9.97,75,21.7,263,163.5,73,(CML395/CML444)//CKDHL152513,CKDHL152513,(CML395/CML444),2017
9@2017,Kiboko2017,Optimal,2,2@2017,35,35@2017,173,6@09,6.77,58,14.1,256,147.5,58,(CML395/CML444)//CKDHL152513,CKDHL152513,(CML395/CML444),2017
9@2017,Kakamega2017,Optimal,2,2@2017,36,36@2017,179,6@09,5.48,71,23.7,267.5,149,70,(CML395/CML444)//CKDHL152513,CKDHL152513,(CML395/CML444),2017
9@2017,Kiboko2017,Optimal,1,1@2017,18,18@2017,86,6@09,6.24,58,15.6,287,165,58,(CML395/CML444)//CKDHL152513,CKDHL152513,(CML395/CML444),2017
9@2017,Kiboko2017,Optimal,1,1@2017,20,20@2017,100,7@09,6.85,58,14.5,270.5,139.5,58,(CML395/CML444)//CKDHL152551,CKDHL152551,(CML395/CML444),2017
9@2017,Kakamega2017,Optimal,2,2@2017,29,29@2017,141,7@09,7.01,72,19.9,273,139.5,72,(CML395/CML444)//CKDHL152551,CKDHL152551,(CML395/CML444),2017
9@2017,Kakamega2017,Optimal,1,1@2017,5,5@2017,23,7@09,7.26,72,24,270.5,139,71,(CML395/CML444)//CKDHL152551,CKDHL152551,(CML395/CML444),2017
9@2017,Kiboko2017,Optimal,2,2@2017,35,35@2017,175,7@09,7.65,60,12.9,276.5,144,60,(CML395/CML444)//CKDHL152551,CKDHL152551,(CML395/CML444),2017
9@2017,Kiboko2017,Optimal,1,1@2017,2,2@2017,9,8@09,8.71,60,16.8,281.5,166.5,59,(CML395/CML444)//CKDHL152554,CKDHL152554,(CML395/CML444),2017
9@2017,Kakamega2017,Optimal,1,1@2017,14,14@2017,66,8@09,8.35,76,22.9,271,160,76,(CML395/CML444)//CKDHL152554,CKDHL152554,(CML395/CML444),2017
9@2017,Kakamega2017,Optimal,2,2@2017,24,24@2017,117,8@09,6.92,76,21.8,271,160,76,(CML395/CML444)//CKDHL152554,CKDHL152554,(CML395/CML444),2017
9@2017,Kiboko2017,Optimal,2,2@2017,24,24@2017,116,8@09,8.99,62,19.8,293,173,60,(CML395/CML444)//CKDHL152554,CKDHL152554,(CML395/CML444),2017
9@2017,Kiboko2017,Optimal,1,1@2017,19,19@2017,91,9@09,10.64,57,16,282.5,153,56,(CML395/CML444)//CKDHL152557,CKDHL152557,(CML395/CML444),2017
9@2017,Kiboko2017,Optimal,2,2@2017,30,30@2017,148,9@09,8.24,60,14.1,270,163,59,(CML395/CML444)//CKDHL152557,CKDHL152557,(CML395/CML444),2017
9@2017,Kakamega2017,Optimal,1,1@2017,7,7@2017,31,9@09,8.81,71,21.1,271,148.5,71,(CML395/CML444)//CKDHL152557,CKDHL152557,(CML395/CML444),2017
9@2017,Kakamega2017,Optimal,2,2@2017,27,27@2017,135,9@09,5.86,70,33.2,292,166,71,(CML395/CML444)//CKDHL152557,CKDHL152557,(CML395/CML444),2017
9@2017,Kiboko2017,Optimal,1,1@2017,20,20@2017,98,10@09,6.89,58,12.9,273.5,146.5,58,(CML395/CML444)//CKDHL152561,CKDHL152561,(CML395/CML444),2017
9@2017,Kakamega2017,Optimal,1,1@2017,18,18@2017,87,10@09,7.14,76,29.6,262.5,138.5,74,(CML395/CML444)//CKDHL152561,CKDHL152561,(CML395/CML444),2017
9@2017,Kakamega2017,Optimal,2,2@2017,37,37@2017,183,10@09,10.2,70,20.5,267.5,145.5,70,(CML395/CML444)//CKDHL152561,CKDHL152561,(CML395/CML444),2017
9@2017,Kiboko2017,Optimal,2,2@2017,22,22@2017,108,10@09,7.14,58,13,274.5,148.5,58,(CML395/CML444)//CKDHL152561,CKDHL152561,(CML395/CML444),2017
9@2017,Kiboko2017,Optimal,2,2@2017,25,25@2017,122,11@09,8.99,56,15.4,280,161,56,(CML395/CML444)//CKDHL152563,CKDHL152563,(CML395/CML444),2017
9@2017,Kakamega2017,Optimal,1,1@2017,12,12@2017,60,11@09,11.26,71,21.1,280,156.5,71,(CML395/CML444)//CKDHL152563,CKDHL152563,(CML395/CML444),2017
9@2017,Kiboko2017,Optimal,1,1@2017,6,6@2017,28,11@09,7.29,58,16.4,298,170,58,(CML395/CML444)//CKDHL152563,CKDHL152563,(CML395/CML444),2017
9@2017,Kakamega2017,Optimal,2,2@2017,30,30@2017,146,11@09,9.3,72,20.9,269.5,149.5,72,(CML395/CML444)//CKDHL152563,CKDHL152563,(CML395/CML444),2017
9@2017,Kakamega2017,Optimal,1,1@2017,4,4@2017,16,12@09,2.81,73,21.7,252.5,131,73,(CML395/CML444)//CKDHL152568,CKDHL152568,(CML395/CML444),2017
9@2017,Kiboko2017,Optimal,2,2@2017,28,28@2017,140,12@09,7.66,55,15,268.5,149.5,56,(CML395/CML444)//CKDHL152568,CKDHL152568,(CML395/CML444),2017
9@2017,Kakamega2017,Optimal,2,2@2017,36,36@2017,177,12@09,8.75,71,23.2,267.5,140.5,71,(CML395/CML444)//CKDHL152568,CKDHL152568,(CML395/CML444),2017
9@2017,Kiboko2017,Optimal,1,1@2017,8,8@2017,36,12@09,8.3,58,15.5,274,143.5,57,(CML395/CML444)//CKDHL152568,CKDHL152568,(CML395/CML444),2017
9@2017,Kiboko2017,Optimal,1,1@2017,17,17@2017,85,13@09,7.69,59,13.8,279.5,146.5,60,(CML395/CML444)//CKDHL152577,CKDHL152577,(CML395/CML444),2017
9@2017,Kakamega2017,Optimal,1,1@2017,12,12@2017,56,13@09,2.31,76,21.7,274,163,76,(CML395/CML444)//CKDHL152577,CKDHL152577,(CML395/CML444),2017
9@2017,Kiboko2017,Optimal,2,2@2017,24,24@2017,117,13@09,10.23,58,17.8,289.5,151,58,(CML395/CML444)//CKDHL152577,CKDHL152577,(CML395/CML444),2017
9@2017,Kakamega2017,Optimal,2,2@2017,28,28@2017,136,13@09,10.06,75,28.1,292.5,161.5,75,(CML395/CML444)//CKDHL152577,CKDHL152577,(CML395/CML444),2017
9@2017,Kiboko2017,Optimal,1,1@2017,3,3@2017,12,14@09,6.47,59,12.9,268,162,57,(CML395/CML444)//CKDHL152578,CKDHL152578,(CML395/CML444),2017
9@2017,Kiboko2017,Optimal,2,2@2017,25,25@2017,121,14@09,8.6,57,16.6,276.5,164,56,(CML395/CML444)//CKDHL152578,CKDHL152578,(CML395/CML444),2017
9@2017,Kakamega2017,Optimal,2,2@2017,38,38@2017,187,14@09,6.47,70,14.2,261.5,132,69,(CML395/CML444)//CKDHL152578,CKDHL152578,(CML395/CML444),2017
9@2017,Kakamega2017,Optimal,1,1@2017,3,3@2017,13,14@09,2.21,72,18.1,260.5,144,71,(CML395/CML444)//CKDHL152578,CKDHL152578,(CML395/CML444),2017
9@2017,Kiboko2017,Optimal,2,2@2017,22,22@2017,106,15@09,8.47,59,14.3,292,142,60,(CML395/CML444)//CKDHL152581,CKDHL152581,(CML395/CML444),2017
9@2017,Kakamega2017,Optimal,1,1@2017,11,11@2017,51,15@09,9.05,77,21.6,289.5,177.5,77,(CML395/CML444)//CKDHL152581,CKDHL152581,(CML395/CML444),2017
9@2017,Kakamega2017,Optimal,2,2@2017,30,30@2017,149,15@09,9.21,72,22,291,157.5,72,(CML395/CML444)//CKDHL152581,CKDHL152581,(CML395/CML444),2017
9@2017,Kiboko2017,Optimal,1,1@2017,13,13@2017,65,15@09,6.22,59,14,285,153,60,(CML395/CML444)//CKDHL152581,CKDHL152581,(CML395/CML444),2017
9@2017,Kakamega2017,Optimal,1,1@2017,9,9@2017,43,16@09,6.55,76,23.8,258,144,76,(CML395/CML444)//CKDHL152582,CKDHL152582,(CML395/CML444),2017
9@2017,Kiboko2017,Optimal,1,1@2017,20,20@2017,99,16@09,4.12,59,16.2,257,131,60,(CML395/CML444)//CKDHL152582,CKDHL152582,(CML395/CML444),2017
9@2017,Kakamega2017,Optimal,2,2@2017,31,31@2017,155,16@09,8.88,72,19.9,273.5,158,72,(CML395/CML444)//CKDHL152582,CKDHL152582,(CML395/CML444),2017
9@2017,Kiboko2017,Optimal,2,2@2017,30,30@2017,146,16@09,6.93,56,15.9,271,151,57,(CML395/CML444)//CKDHL152582,CKDHL152582,(CML395/CML444),2017
9@2017,Kiboko2017,Optimal,2,2@2017,40,40@2017,200,17@09,8.35,59,17.4,285.5,156,59,(CML395/CML444)//CKDHL152584,CKDHL152584,(CML395/CML444),2017
9@2017,Kiboko2017,Optimal,1,1@2017,4,4@2017,20,17@09,6.04,59,14.3,270,147,58,(CML395/CML444)//CKDHL152584,CKDHL152584,(CML395/CML444),2017
9@2017,Kakamega2017,Optimal,1,1@2017,4,4@2017,20,17@09,8.09,74,23.7,270,139,73,(CML395/CML444)//CKDHL152584,CKDHL152584,(CML395/CML444),2017
9@2017,Kakamega2017,Optimal,2,2@2017,24,24@2017,119,17@09,8.96,75,24.4,286,158,75,(CML395/CML444)//CKDHL152584,CKDHL152584,(CML395/CML444),2017
9@2017,Kiboko2017,Optimal,1,1@2017,1,1@2017,2,18@09,7.3,60,14.7,295,164.5,60,(CML395/CML444)//CKDHL152587,CKDHL152587,(CML395/CML444),2017
9@2017,Kakamega2017,Optimal,1,1@2017,9,9@2017,44,18@09,7.63,76,22.6,276,158.5,76,(CML395/CML444)//CKDHL152587,CKDHL152587,(CML395/CML444),2017
9@2017,Kakamega2017,Optimal,2,2@2017,39,39@2017,191,18@09,8.51,72,22,266.5,142.5,73,(CML395/CML444)//CKDHL152587,CKDHL152587,(CML395/CML444),2017
9@2017,Kiboko2017,Optimal,2,2@2017,40,40@2017,197,18@09,9.47,60,20.1,306.5,168.5,60,(CML395/CML444)//CKDHL152587,CKDHL152587,(CML395/CML444),2017
9@2017,Kakamega2017,Optimal,2,2@2017,27,27@2017,131,19@09,10.12,71,28.8,303.5,166,73,(CML395/CML444)//CKDHL152591,CKDHL152591,(CML395/CML444),2017
9@2017,Kiboko2017,Optimal,1,1@2017,3,3@2017,11,19@09,9.15,58,15.5,261.5,149.5,58,(CML395/CML444)//CKDHL152591,CKDHL152591,(CML395/CML444),2017
9@2017,Kakamega2017,Optimal,1,1@2017,5,5@2017,25,19@09,10.62,71,22.2,268,146.5,71,(CML395/CML444)//CKDHL152591,CKDHL152591,(CML395/CML444),2017
9@2017,Kiboko2017,Optimal,2,2@2017,34,34@2017,170,19@09,5.91,58,15.3,261.5,151.5,58,(CML395/CML444)//CKDHL152591,CKDHL152591,(CML395/CML444),2017
9@2017,Kiboko2017,Optimal,2,2@2017,37,37@2017,182,20@09,5.55,59,13.3,264.5,149,58,(CML395/CML444)//CKDHL152595,CKDHL152595,(CML395/CML444),2017
9@2017,Kakamega2017,Optimal,2,2@2017,22,22@2017,107,20@09,9.05,72,21.5,251.5,127.5,72,(CML395/CML444)//CKDHL152595,CKDHL152595,(CML395/CML444),2017
9@2017,Kiboko2017,Optimal,1,1@2017,5,5@2017,24,20@09,5.34,57,13.4,254,144.5,56,(CML395/CML444)//CKDHL152595,CKDHL152595,(CML395/CML444),2017
9@2017,Kakamega2017,Optimal,1,1@2017,7,7@2017,33,20@09,9.94,71,21.1,233,123.5,71,(CML395/CML444)//CKDHL152595,CKDHL152595,(CML395/CML444),2017
9@2017,Kakamega2017,Optimal,1,1@2017,18,18@2017,86,21@09,4.65,71,29,263.5,147,72,(CML395/CML444)//CKDHL152597,CKDHL152597,(CML395/CML444),2017
9@2017,Kakamega2017,Optimal,2,2@2017,38,38@2017,189,21@09,8.31,70,19.3,270.5,142,70,(CML395/CML444)//CKDHL152597,CKDHL152597,(CML395/CML444),2017
9@2017,Kiboko2017,Optimal,1,1@2017,4,4@2017,18,21@09,4.2,58,12.7,284.5,163,58,(CML395/CML444)//CKDHL152597,CKDHL152597,(CML395/CML444),2017
9@2017,Kiboko2017,Optimal,2,2@2017,28,28@2017,138,21@09,7.77,56,14.4,296,175,59,(CML395/CML444)//CKDHL152597,CKDHL152597,(CML395/CML444),2017
9@2017,Kakamega2017,Optimal,1,1@2017,3,3@2017,14,22@09,7.51,72,20.1,265.5,141,73,(CML395/CML444)//CKDHL152600,CKDHL152600,(CML395/CML444),2017
9@2017,Kiboko2017,Optimal,2,2@2017,23,23@2017,115,22@09,8.35,56,18,259.5,148,56,(CML395/CML444)//CKDHL152600,CKDHL152600,(CML395/CML444),2017
9@2017,Kakamega2017,Optimal,2,2@2017,33,33@2017,165,22@09,4.02,73,21.7,252.5,138.5,75,(CML395/CML444)//CKDHL152600,CKDHL152600,(CML395/CML444),2017
9@2017,Kiboko2017,Optimal,1,1@2017,9,9@2017,44,22@09,6.21,57,15.3,267,141,59,(CML395/CML444)//CKDHL152600,CKDHL152600,(CML395/CML444),2017
9@2017,Kiboko2017,Optimal,2,2@2017,21,21@2017,104,23@09,7.29,59,17.4,262,143.5,59,(CML395/CML444)//CKDHL152601,CKDHL152601,(CML395/CML444),2017
9@2017,Kiboko2017,Optimal,1,1@2017,16,16@2017,80,23@09,8.11,58,12.9,273.5,142,58,(CML395/CML444)//CKDHL152601,CKDHL152601,(CML395/CML444),2017
9@2017,Kakamega2017,Optimal,1,1@2017,10,10@2017,50,23@09,6.39,76,19.9,256,136.5,76,(CML395/CML444)//CKDHL152601,CKDHL152601,(CML395/CML444),2017
9@2017,Kakamega2017,Optimal,2,2@2017,32,32@2017,156,23@09,7.59,71,19.4,277.5,141.5,72,(CML395/CML444)//CKDHL152601,CKDHL152601,(CML395/CML444),2017
9@2017,Kiboko2017,Optimal,1,1@2017,10,10@2017,48,24@09,9.45,60,18.1,277.5,170,60,(CML395/CML444)//CKDHL152606,CKDHL152606,(CML395/CML444),2017
9@2017,Kiboko2017,Optimal,2,2@2017,21,21@2017,103,24@09,7.05,60,14.8,279.5,153,60,(CML395/CML444)//CKDHL152606,CKDHL152606,(CML395/CML444),2017
9@2017,Kakamega2017,Optimal,2,2@2017,29,29@2017,145,24@09,9.11,72,23.3,268,144.5,72,(CML395/CML444)//CKDHL152606,CKDHL152606,(CML395/CML444),2017
9@2017,Kakamega2017,Optimal,1,1@2017,13,13@2017,64,24@09,7.75,75,23.4,270.5,161.5,78,(CML395/CML444)//CKDHL152606,CKDHL152606,(CML395/CML444),2017
9@2017,Kiboko2017,Optimal,2,2@2017,25,25@2017,125,25@09,9.49,59,17.7,280.5,162.5,59,(CML395/CML444)//CKDHL152610,CKDHL152610,(CML395/CML444),2017
9@2017,Kakamega2017,Optimal,1,1@2017,20,20@2017,99,25@09,8.62,71,24.2,270.5,155.5,71,(CML395/CML444)//CKDHL152610,CKDHL152610,(CML395/CML444),2017
9@2017,Kiboko2017,Optimal,1,1@2017,16,16@2017,78,25@09,8.52,59,14.9,274.5,165,59,(CML395/CML444)//CKDHL152610,CKDHL152610,(CML395/CML444),2017
9@2017,Kakamega2017,Optimal,2,2@2017,39,39@2017,194,25@09,9.61,75,21.5,271,148,75,(CML395/CML444)//CKDHL152610,CKDHL152610,(CML395/CML444),2017
9@2017,Kiboko2017,Optimal,1,1@2017,14,14@2017,68,26@09,6.27,61,16.7,278.5,160,60,(CML395/CML444)//CKDHL152611,CKDHL152611,(CML395/CML444),2017
9@2017,Kakamega2017,Optimal,2,2@2017,25,25@2017,125,26@09,9.36,75,24,271,152,75,(CML395/CML444)//CKDHL152611,CKDHL152611,(CML395/CML444),2017
9@2017,Kakamega2017,Optimal,1,1@2017,15,15@2017,71,26@09,8.43,74,20.1,286,149.5,75,(CML395/CML444)//CKDHL152611,CKDHL152611,(CML395/CML444),2017
9@2017,Kiboko2017,Optimal,2,2@2017,29,29@2017,144,26@09,6.77,60,16.9,274,155,59,(CML395/CML444)//CKDHL152611,CKDHL152611,(CML395/CML444),2017
9@2017,Kiboko2017,Optimal,2,2@2017,36,36@2017,179,27@09,4.23,62,14.5,255,144,60,(CML395/CML444)//CKDHL152615,CKDHL152615,(CML395/CML444),2017
9@2017,Kiboko2017,Optimal,1,1@2017,14,14@2017,67,27@09,6.28,59,14.7,257.5,137.5,58,(CML395/CML444)//CKDHL152615,CKDHL152615,(CML395/CML444),2017
9@2017,Kakamega2017,Optimal,1,1@2017,17,17@2017,82,27@09,7.33,75,24.8,264,146.5,72,(CML395/CML444)//CKDHL152615,CKDHL152615,(CML395/CML444),2017
9@2017,Kakamega2017,Optimal,2,2@2017,40,40@2017,200,27@09,10.6,75,24.2,266.5,145.5,73,(CML395/CML444)//CKDHL152615,CKDHL152615,(CML395/CML444),2017
9@2017,Kakamega2017,Optimal,1,1@2017,16,16@2017,80,28@09,8.66,73,21.5,284.5,161,71,(CML395/CML444)//CKDHL152616,CKDHL152616,(CML395/CML444),2017
9@2017,Kiboko2017,Optimal,1,1@2017,11,11@2017,52,28@09,9.72,57,17.6,284,166.5,55,(CML395/CML444)//CKDHL152616,CKDHL152616,(CML395/CML444),2017
9@2017,Kakamega2017,Optimal,2,2@2017,29,29@2017,142,28@09,7.91,75,22.9,259,149,71,(CML395/CML444)//CKDHL152616,CKDHL152616,(CML395/CML444),2017
9@2017,Kiboko2017,Optimal,2,2@2017,32,32@2017,158,28@09,7.58,58,16.2,273,153,57,(CML395/CML444)//CKDHL152616,CKDHL152616,(CML395/CML444),2017
9@2017,Kakamega2017,Optimal,2,2@2017,27,27@2017,132,29@09,9.18,75,28.3,296,163.5,78,(CML395/CML444)//CKDHL152617,CKDHL152617,(CML395/CML444),2017
9@2017,Kiboko2017,Optimal,1,1@2017,9,9@2017,45,29@09,9.92,61,15.2,280,148,61,(CML395/CML444)//CKDHL152617,CKDHL152617,(CML395/CML444),2017
9@2017,Kakamega2017,Optimal,1,1@2017,2,2@2017,8,29@09,7.15,75,20.2,275,147.5,76,(CML395/CML444)//CKDHL152617,CKDHL152617,(CML395/CML444),2017
9@2017,Kiboko2017,Optimal,2,2@2017,23,23@2017,113,29@09,9.99,60,17.3,292.5,146.5,61,(CML395/CML444)//CKDHL152617,CKDHL152617,(CML395/CML444),2017
9@2017,Kiboko2017,Optimal,2,2@2017,26,26@2017,130,30@09,8.16,59,16.9,296.5,167.5,57,(CML395/CML444)//CKDHL152620,CKDHL152620,(CML395/CML444),2017
9@2017,Kiboko2017,Optimal,1,1@2017,13,13@2017,64,30@09,5.93,61,15,285,157,60,(CML395/CML444)//CKDHL152620,CKDHL152620,(CML395/CML444),2017
9@2017,Kakamega2017,Optimal,2,2@2017,36,36@2017,178,30@09,6.59,76,29.6,245.5,136.5,76,(CML395/CML444)//CKDHL152620,CKDHL152620,(CML395/CML444),2017
9@2017,Kakamega2017,Optimal,1,1@2017,13,13@2017,63,30@09,6.01,77,23,279.5,160,76,(CML395/CML444)//CKDHL152620,CKDHL152620,(CML395/CML444),2017
9@2017,Kakamega2017,Optimal,2,2@2017,36,36@2017,176,31@09,6.75,74,21.9,260,142.5,73,(CML395/CML444)//CKDHL152638,CKDHL152638,(CML395/CML444),2017
9@2017,Kiboko2017,Optimal,1,1@2017,18,18@2017,89,31@09,8.59,59,15.9,284.5,162,59,(CML395/CML444)//CKDHL152638,CKDHL152638,(CML395/CML444),2017
9@2017,Kiboko2017,Optimal,2,2@2017,38,38@2017,187,31@09,7.66,59,14.7,282.5,158,58,(CML395/CML444)//CKDHL152638,CKDHL152638,(CML395/CML444),2017
9@2017,Kakamega2017,Optimal,1,1@2017,16,16@2017,77,31@09,11.49,74,21.9,280.5,152,72,(CML395/CML444)//CKDHL152638,CKDHL152638,(CML395/CML444),2017
9@2017,Kiboko2017,Optimal,2,2@2017,35,35@2017,174,32@09,7.51,58,13.9,263.5,161.5,58,(CML395/CML444)//CKDHL152643,CKDHL152643,(CML395/CML444),2017
9@2017,Kakamega2017,Optimal,1,1@2017,17,17@2017,84,32@09,7.08,72,26.6,252.5,134.5,72,(CML395/CML444)//CKDHL152643,CKDHL152643,(CML395/CML444),2017
9@2017,Kiboko2017,Optimal,1,1@2017,20,20@2017,96,32@09,5.95,59,14,254,147.5,58,(CML395/CML444)//CKDHL152643,CKDHL152643,(CML395/CML444),2017
9@2017,Kakamega2017,Optimal,2,2@2017,29,29@2017,144,32@09,8.78,74,21.5,272,142.5,72,(CML395/CML444)//CKDHL152643,CKDHL152643,(CML395/CML444),2017
9@2017,Kakamega2017,Optimal,1,1@2017,8,8@2017,40,33@09,9.36,73,20,277.5,156.5,73,(CML395/CML444)//CKDHL152653,CKDHL152653,(CML395/CML444),2017
9@2017,Kiboko2017,Optimal,2,2@2017,25,25@2017,124,33@09,9.78,58,19.7,282.5,158.5,58,(CML395/CML444)//CKDHL152653,CKDHL152653,(CML395/CML444),2017
9@2017,Kakamega2017,Optimal,2,2@2017,32,32@2017,159,33@09,11,75,26.1,287,154.5,73,(CML395/CML444)//CKDHL152653,CKDHL152653,(CML395/CML444),2017
9@2017,Kiboko2017,Optimal,1,1@2017,6,6@2017,26,33@09,9.14,58,13.8,282,157,58,(CML395/CML444)//CKDHL152653,CKDHL152653,(CML395/CML444),2017
9@2017,Kakamega2017,Optimal,1,1@2017,1,1@2017,1,34@09,9.88,72,25.5,271.5,152,70,(CML395/CML444)//CKDHL152658,CKDHL152658,(CML395/CML444),2017
9@2017,Kiboko2017,Optimal,2,2@2017,23,23@2017,114,34@09,9.3,61,18.9,286,150.5,59,(CML395/CML444)//CKDHL152658,CKDHL152658,(CML395/CML444),2017
9@2017,Kakamega2017,Optimal,2,2@2017,28,28@2017,138,34@09,10.1,76,29.7,282,135,78,(CML395/CML444)//CKDHL152658,CKDHL152658,(CML395/CML444),2017
9@2017,Kiboko2017,Optimal,1,1@2017,11,11@2017,54,34@09,7.82,58,14.2,293,157,57,(CML395/CML444)//CKDHL152658,CKDHL152658,(CML395/CML444),2017
9@2017,Kakamega2017,Optimal,1,1@2017,8,8@2017,37,35@09,5.53,72,22.7,268,150.5,73,(CML395/CML444)//CKDHL152675,CKDHL152675,(CML395/CML444),2017
9@2017,Kiboko2017,Optimal,2,2@2017,28,28@2017,137,35@09,5.2,55,14,255.5,138,56,(CML395/CML444)//CKDHL152675,CKDHL152675,(CML395/CML444),2017
9@2017,Kiboko2017,Optimal,1,1@2017,16,16@2017,77,35@09,4.53,55,11.3,242.5,123.5,55,(CML395/CML444)//CKDHL152675,CKDHL152675,(CML395/CML444),2017
9@2017,Kakamega2017,Optimal,2,2@2017,36,36@2017,180,35@09,7.78,69,22.3,258.5,142.5,71,(CML395/CML444)//CKDHL152675,CKDHL152675,(CML395/CML444),2017
9@2017,Kiboko2017,Optimal,2,2@2017,33,33@2017,164,36@09,9.09,58,16.3,294,157.5,56,(CML395/CML444)//CKDHL152679,CKDHL152679,(CML395/CML444),2017
9@2017,Kakamega2017,Optimal,1,1@2017,16,16@2017,79,36@09,7.61,74,18.8,268.5,150.5,75,(CML395/CML444)//CKDHL152679,CKDHL152679,(CML395/CML444),2017
9@2017,Kakamega2017,Optimal,2,2@2017,27,27@2017,133,36@09,8.59,75,23.6,303.5,164,78,(CML395/CML444)//CKDHL152679,CKDHL152679,(CML395/CML444),2017
9@2017,Kiboko2017,Optimal,1,1@2017,15,15@2017,72,36@09,8.06,60,15.4,285,152.5,58,(CML395/CML444)//CKDHL152679,CKDHL152679,(CML395/CML444),2017
9@2017,Kakamega2017,Optimal,1,1@2017,14,14@2017,67,37@09,7.64,78,28.3,260,153,78,(CML395/CML444)//CKDHL152680,CKDHL152680,(CML395/CML444),2017
9@2017,Kiboko2017,Optimal,2,2@2017,26,26@2017,128,37@09,7.91,60,20.8,271,151.5,59,(CML395/CML444)//CKDHL152680,CKDHL152680,(CML395/CML444),2017
9@2017,Kiboko2017,Optimal,1,1@2017,7,7@2017,34,37@09,9.6,59,17.7,275.5,152,58,(CML395/CML444)//CKDHL152680,CKDHL152680,(CML395/CML444),2017
9@2017,Kakamega2017,Optimal,2,2@2017,21,21@2017,104,37@09,8.27,76,27.1,267,149.5,76,(CML395/CML444)//CKDHL152680,CKDHL152680,(CML395/CML444),2017
9@2017,Kakamega2017,Optimal,2,2@2017,34,34@2017,168,38@09,11.23,71,19,245.5,136.5,69,(CML395/CML444)//CKDHL152687,CKDHL152687,(CML395/CML444),2017
9@2017,Kiboko2017,Optimal,1,1@2017,16,16@2017,76,38@09,7.59,56,14.6,252,131.5,54,(CML395/CML444)//CKDHL152687,CKDHL152687,(CML395/CML444),2017
9@2017,Kiboko2017,Optimal,2,2@2017,35,35@2017,172,38@09,4.77,57,16.1,242,135.5,56,(CML395/CML444)//CKDHL152687,CKDHL152687,(CML395/CML444),2017
9@2017,Kakamega2017,Optimal,1,1@2017,6,6@2017,26,38@09,2.91,75,22.4,277,155.5,74,(CML395/CML444)//CKDHL152687,CKDHL152687,(CML395/CML444),2017
9@2017,Kiboko2017,Optimal,2,2@2017,23,23@2017,112,39@09,6.51,58,15,272,152,58,(CML395/CML444)//CKDHL152702,CKDHL152702,(CML395/CML444),2017
9@2017,Kiboko2017,Optimal,1,1@2017,5,5@2017,21,39@09,2.77,58,12.6,248.5,147,58,(CML395/CML444)//CKDHL152702,CKDHL152702,(CML395/CML444),2017
9@2017,Kakamega2017,Optimal,2,2@2017,40,40@2017,196,39@09,5.61,75,19.4,258,150,75,(CML395/CML444)//CKDHL152702,CKDHL152702,(CML395/CML444),2017
9@2017,Kakamega2017,Optimal,1,1@2017,19,19@2017,91,39@09,6.29,76,21.9,264.5,143,77,(CML395/CML444)//CKDHL152702,CKDHL152702,(CML395/CML444),2017
9@2017,Kiboko2017,Optimal,1,1@2017,15,15@2017,71,40@09,4.49,57,14.3,262,131,57,(CML395/CML444)//CKDHL152725,CKDHL152725,(CML395/CML444),2017
9@2017,Kiboko2017,Optimal,2,2@2017,38,38@2017,186,40@09,5.1,57,15.6,273,142.5,58,(CML395/CML444)//CKDHL152725,CKDHL152725,(CML395/CML444),2017
9@2017,Kakamega2017,Optimal,2,2@2017,26,26@2017,130,40@09,5.33,73,28.6,287,156.5,75,(CML395/CML444)//CKDHL152725,CKDHL152725,(CML395/CML444),2017
9@2017,Kakamega2017,Optimal,1,1@2017,19,19@2017,95,40@09,5.48,75,27.6,262.5,153.5,74,(CML395/CML444)//CKDHL152725,CKDHL152725,(CML395/CML444),2017
9@2017,Kakamega2017,Optimal,2,2@2017,24,24@2017,120,41@09,10.46,72,19.6,280,162.5,72,(CML395/CML444)//CKDHL152726,CKDHL152726,(CML395/CML444),2017
9@2017,Kakamega2017,Optimal,1,1@2017,11,11@2017,55,41@09,3.56,76,29.3,261,156.5,76,(CML395/CML444)//CKDHL152726,CKDHL152726,(CML395/CML444),2017
9@2017,Kiboko2017,Optimal,2,2@2017,22,22@2017,109,41@09,8.97,60,20,285.5,175,60,(CML395/CML444)//CKDHL152726,CKDHL152726,(CML395/CML444),2017
9@2017,Kiboko2017,Optimal,1,1@2017,2,2@2017,8,41@09,7.88,59,15,290,176.5,59,(CML395/CML444)//CKDHL152726,CKDHL152726,(CML395/CML444),2017
9@2017,Kiboko2017,Optimal,1,1@2017,18,18@2017,87,42@09,7.49,59,15.1,294,166.5,59,(CML395/CML444)//CKDHL152733,CKDHL152733,(CML395/CML444),2017
9@2017,Kakamega2017,Optimal,2,2@2017,32,32@2017,158,42@09,4.93,71,22.3,289,155.5,70,(CML395/CML444)//CKDHL152733,CKDHL152733,(CML395/CML444),2017
9@2017,Kiboko2017,Optimal,2,2@2017,40,40@2017,196,42@09,8.79,60,17.3,298,177,60,(CML395/CML444)//CKDHL152733,CKDHL152733,(CML395/CML444),2017
9@2017,Kakamega2017,Optimal,1,1@2017,13,13@2017,65,42@09,10.93,75,22.4,286.5,169,75,(CML395/CML444)//CKDHL152733,CKDHL152733,(CML395/CML444),2017
9@2017,Kiboko2017,Optimal,2,2@2017,40,40@2017,199,43@09,9.87,57,19.4,292,164,56,(CML395/CML444)//CKDHL152742,CKDHL152742,(CML395/CML444),2017
9@2017,Kiboko2017,Optimal,1,1@2017,3,3@2017,15,43@09,6.41,57,14.8,274,161.5,57,(CML395/CML444)//CKDHL152742,CKDHL152742,(CML395/CML444),2017
9@2017,Kakamega2017,Optimal,2,2@2017,22,22@2017,106,43@09,9.67,72,29.6,257,153.5,72,(CML395/CML444)//CKDHL152742,CKDHL152742,(CML395/CML444),2017
9@2017,Kakamega2017,Optimal,1,1@2017,8,8@2017,36,43@09,10.59,72,19.9,271.5,151,73,(CML395/CML444)//CKDHL152742,CKDHL152742,(CML395/CML444),2017
9@2017,Kakamega2017,Optimal,2,2@2017,34,34@2017,170,44@09,8.58,72,20.2,266,140,70,(CML395/CML444)//CKDHL152751,CKDHL152751,(CML395/CML444),2017
9@2017,Kiboko2017,Optimal,1,1@2017,8,8@2017,38,44@09,10.02,59,14.3,281,155.5,58,(CML395/CML444)//CKDHL152751,CKDHL152751,(CML395/CML444),2017
9@2017,Kakamega2017,Optimal,1,1@2017,2,2@2017,7,44@09,6.72,75,21.1,269,151,75,(CML395/CML444)//CKDHL152751,CKDHL152751,(CML395/CML444),2017
9@2017,Kiboko2017,Optimal,2,2@2017,23,23@2017,111,44@09,9.44,57,18.2,263.5,150,56,(CML395/CML444)//CKDHL152751,CKDHL152751,(CML395/CML444),2017
9@2017,Kakamega2017,Optimal,2,2@2017,27,27@2017,134,45@09,7.11,75,25.5,306.5,189.5,77,(CML395/CML444)//CKDHL152757,CKDHL152757,(CML395/CML444),2017
9@2017,Kiboko2017,Optimal,2,2@2017,32,32@2017,156,45@09,3.77,59,16.6,287,174.5,59,(CML395/CML444)//CKDHL152757,CKDHL152757,(CML395/CML444),2017
9@2017,Kiboko2017,Optimal,1,1@2017,1,1@2017,5,45@09,6.73,59,14.3,283.5,181.5,58,(CML395/CML444)//CKDHL152757,CKDHL152757,(CML395/CML444),2017
9@2017,Kakamega2017,Optimal,1,1@2017,15,15@2017,74,45@09,6.74,75,23.2,279.5,172,78,(CML395/CML444)//CKDHL152757,CKDHL152757,(CML395/CML444),2017
9@2017,Kiboko2017,Optimal,2,2@2017,36,36@2017,177,46@09,5.44,59,13.7,262,133,60,(CML395/CML444)//CKDHL152768,CKDHL152768,(CML395/CML444),2017
9@2017,Kakamega2017,Optimal,1,1@2017,10,10@2017,49,46@09,8.47,72,31.8,277.5,158.5,73,(CML395/CML444)//CKDHL152768,CKDHL152768,(CML395/CML444),2017
9@2017,Kakamega2017,Optimal,2,2@2017,35,35@2017,172,46@09,7.59,72,24.2,256.5,146,72,(CML395/CML444)//CKDHL152768,CKDHL152768,(CML395/CML444),2017
9@2017,Kiboko2017,Optimal,1,1@2017,7,7@2017,33,46@09,9.24,59,16.1,272.5,147,60,(CML395/CML444)//CKDHL152768,CKDHL152768,(CML395/CML444),2017
9@2017,Kakamega2017,Optimal,2,2@2017,34,34@2017,169,47@09,4.02,76,21.6,281,154,76,(CML395/CML444)//CKDHL152769,CKDHL152769,(CML395/CML444),2017
9@2017,Kiboko2017,Optimal,1,1@2017,14,14@2017,70,47@09,8.14,58,16.3,273.5,140,58,(CML395/CML444)//CKDHL152769,CKDHL152769,(CML395/CML444),2017
9@2017,Kiboko2017,Optimal,2,2@2017,33,33@2017,161,47@09,5.89,60,13.2,283,161,60,(CML395/CML444)//CKDHL152769,CKDHL152769,(CML395/CML444),2017
9@2017,Kakamega2017,Optimal,1,1@2017,2,2@2017,6,47@09,12.43,76,21,264,143.5,75,(CML395/CML444)//CKDHL152769,CKDHL152769,(CML395/CML444),2017
9@2017,Kakamega2017,Optimal,1,1@2017,20,20@2017,97,48@09,4.19,73,22.3,271.5,147,72,(CML395/CML444)//CKDHL152772,CKDHL152772,(CML395/CML444),2017
9@2017,Kiboko2017,Optimal,1,1@2017,6,6@2017,30,48@09,8.33,58,16.3,273,143.5,58,(CML395/CML444)//CKDHL152772,CKDHL152772,(CML395/CML444),2017
9@2017,Kakamega2017,Optimal,2,2@2017,34,34@2017,166,48@09,4.01,73,24.1,271,149,71,(CML395/CML444)//CKDHL152772,CKDHL152772,(CML395/CML444),2017
9@2017,Kiboko2017,Optimal,2,2@2017,33,33@2017,165,48@09,6.71,59,16.2,277.5,149,58,(CML395/CML444)//CKDHL152772,CKDHL152772,(CML395/CML444),2017
9@2017,Kiboko2017,Optimal,1,1@2017,9,9@2017,41,49@09,10.18,60,15.3,292,160.5,60,(CML395/CML444)//CKDHL152776,CKDHL152776,(CML395/CML444),2017
9@2017,Kakamega2017,Optimal,1,1@2017,3,3@2017,11,49@09,7.42,75,23.3,253,129,76,(CML395/CML444)//CKDHL152776,CKDHL152776,(CML395/CML444),2017
9@2017,Kiboko2017,Optimal,2,2@2017,31,31@2017,152,49@09,7.27,62,14.8,284.5,160,64,(CML395/CML444)//CKDHL152776,CKDHL152776,(CML395/CML444),2017
9@2017,Kakamega2017,Optimal,2,2@2017,33,33@2017,163,49@09,3.54,73,18.9,267,148,74,(CML395/CML444)//CKDHL152776,CKDHL152776,(CML395/CML444),2017
9@2017,Kakamega2017,Optimal,1,1@2017,5,5@2017,21,50@09,6.47,71,23.6,253,132,69,(CML395/CML444)//CKDHL152782,CKDHL152782,(CML395/CML444),2017
9@2017,Kiboko2017,Optimal,1,1@2017,2,2@2017,7,50@09,5.51,57,14.8,273,144.5,57,(CML395/CML444)//CKDHL152782,CKDHL152782,(CML395/CML444),2017
9@2017,Kakamega2017,Optimal,2,2@2017,33,33@2017,161,50@09,10.43,71,22,262,139,70,(CML395/CML444)//CKDHL152782,CKDHL152782,(CML395/CML444),2017
9@2017,Kiboko2017,Optimal,2,2@2017,31,31@2017,151,50@09,4.8,56,13.2,248.5,125.5,56,(CML395/CML444)//CKDHL152782,CKDHL152782,(CML395/CML444),2017
9@2017,Kakamega2017,Optimal,1,1@2017,20,20@2017,100,51@09,5.75,76,20.3,253,139.5,77,(CML395/CML444)//CKDHL152793,CKDHL152793,(CML395/CML444),2017
9@2017,Kiboko2017,Optimal,1,1@2017,2,2@2017,6,51@09,6.38,59,16.3,282.5,164.5,58,(CML395/CML444)//CKDHL152793,CKDHL152793,(CML395/CML444),2017
9@2017,Kiboko2017,Optimal,2,2@2017,31,31@2017,154,51@09,5.67,60,15.3,275.5,153,59,(CML395/CML444)//CKDHL152793,CKDHL152793,(CML395/CML444),2017
9@2017,Kakamega2017,Optimal,2,2@2017,31,31@2017,153,51@09,7.33,72,30,270.5,160,72,(CML395/CML444)//CKDHL152793,CKDHL152793,(CML395/CML444),2017
9@2017,Kiboko2017,Optimal,2,2@2017,28,28@2017,136,52@09,7.87,56,13.9,255.5,128,57,(CML395/CML444)//CKDHL152797,CKDHL152797,(CML395/CML444),2017
9@2017,Kiboko2017,Optimal,1,1@2017,9,9@2017,42,52@09,8.61,57,16.5,269,146,57,(CML395/CML444)//CKDHL152797,CKDHL152797,(CML395/CML444),2017
9@2017,Kakamega2017,Optimal,2,2@2017,30,30@2017,148,52@09,9.79,71,19.5,275,149,71,(CML395/CML444)//CKDHL152797,CKDHL152797,(CML395/CML444),2017
9@2017,Kakamega2017,Optimal,1,1@2017,10,10@2017,48,52@09,6.74,75,29,265,142.5,73,(CML395/CML444)//CKDHL152797,CKDHL152797,(CML395/CML444),2017
9@2017,Kakamega2017,Optimal,1,1@2017,9,9@2017,41,53@09,9.39,76,19.8,273,155.5,72,(CML395/CML444)//CKDHL152801,CKDHL152801,(CML395/CML444),2017
9@2017,Kakamega2017,Optimal,2,2@2017,28,28@2017,139,53@09,9.59,75,19.8,272,151.5,77,(CML395/CML444)//CKDHL152801,CKDHL152801,(CML395/CML444),2017
9@2017,Kiboko2017,Optimal,1,1@2017,16,16@2017,79,53@09,6.87,60,15.3,268.5,147.5,59,(CML395/CML444)//CKDHL152801,CKDHL152801,(CML395/CML444),2017
9@2017,Kiboko2017,Optimal,2,2@2017,21,21@2017,101,53@09,6.26,59,15.8,264.5,151,58,(CML395/CML444)//CKDHL152801,CKDHL152801,(CML395/CML444),2017
9@2017,Kiboko2017,Optimal,1,1@2017,18,18@2017,88,54@09,6.09,59,15.5,289,166,59,(CML395/CML444)//CKDHL152814,CKDHL152814,(CML395/CML444),2017
9@2017,Kakamega2017,Optimal,1,1@2017,6,6@2017,29,54@09,5.15,76,20.3,271,146.5,76,(CML395/CML444)//CKDHL152814,CKDHL152814,(CML395/CML444),2017
9@2017,Kiboko2017,Optimal,2,2@2017,35,35@2017,171,54@09,6.17,59,15.5,276,139.5,59,(CML395/CML444)//CKDHL152814,CKDHL152814,(CML395/CML444),2017
9@2017,Kakamega2017,Optimal,2,2@2017,38,38@2017,188,54@09,6.96,74,24.9,260.5,140,73,(CML395/CML444)//CKDHL152814,CKDHL152814,(CML395/CML444),2017
9@2017,Kakamega2017,Optimal,2,2@2017,23,23@2017,115,55@09,10.51,75,27,275,156.5,75,(CML395/CML444)//CKDHL152815,CKDHL152815,(CML395/CML444),2017
9@2017,Kakamega2017,Optimal,1,1@2017,14,14@2017,68,55@09,12.84,73,22.1,281.5,153.5,72,(CML395/CML444)//CKDHL152815,CKDHL152815,(CML395/CML444),2017
9@2017,Kiboko2017,Optimal,2,2@2017,26,26@2017,126,55@09,7.93,62,20.6,290,165.5,60,(CML395/CML444)//CKDHL152815,CKDHL152815,(CML395/CML444),2017
9@2017,Kiboko2017,Optimal,1,1@2017,19,19@2017,93,55@09,6.33,60,14.4,277.5,157,59,(CML395/CML444)//CKDHL152815,CKDHL152815,(CML395/CML444),2017
9@2017,Kakamega2017,Optimal,1,1@2017,8,8@2017,38,56@09,9.86,74,20.6,268.5,154,72,(CML395/CML444)//CKDHL152817,CKDHL152817,(CML395/CML444),2017
9@2017,Kiboko2017,Optimal,1,1@2017,13,13@2017,63,56@09,6.39,59,15.5,278,153,59,(CML395/CML444)//CKDHL152817,CKDHL152817,(CML395/CML444),2017
9@2017,Kakamega2017,Optimal,2,2@2017,38,38@2017,186,56@09,8.97,73,23.2,259.5,138.5,73,(CML395/CML444)//CKDHL152817,CKDHL152817,(CML395/CML444),2017
9@2017,Kiboko2017,Optimal,2,2@2017,37,37@2017,185,56@09,7.32,58,17.3,282,154,58,(CML395/CML444)//CKDHL152817,CKDHL152817,(CML395/CML444),2017
9@2017,Kakamega2017,Optimal,2,2@2017,35,35@2017,171,57@09,8.61,72,18.2,270.5,152,72,(CML395/CML444)//CKDHL152821,CKDHL152821,(CML395/CML444),2017
9@2017,Kiboko2017,Optimal,1,1@2017,3,3@2017,13,57@09,6.79,60,13.5,280,162,60,(CML395/CML444)//CKDHL152821,CKDHL152821,(CML395/CML444),2017
9@2017,Kakamega2017,Optimal,1,1@2017,7,7@2017,34,57@09,8.44,75,21.1,264.5,147,76,(CML395/CML444)//CKDHL152821,CKDHL152821,(CML395/CML444),2017
9@2017,Kiboko2017,Optimal,2,2@2017,39,39@2017,194,57@09,8.95,61,17.1,288,159.5,61,(CML395/CML444)//CKDHL152821,CKDHL152821,(CML395/CML444),2017
9@2017,Kakamega2017,Optimal,1,1@2017,2,2@2017,9,58@09,4.75,72,20.6,270.5,141,72,(CML395/CML444)//CKDHL152823,CKDHL152823,(CML395/CML444),2017
9@2017,Kiboko2017,Optimal,2,2@2017,39,39@2017,191,58@09,8.51,57,18.7,282,149,56,(CML395/CML444)//CKDHL152823,CKDHL152823,(CML395/CML444),2017
9@2017,Kiboko2017,Optimal,1,1@2017,17,17@2017,83,58@09,6.45,58,15.1,266.5,151.5,58,(CML395/CML444)//CKDHL152823,CKDHL152823,(CML395/CML444),2017
9@2017,Kakamega2017,Optimal,2,2@2017,26,26@2017,128,58@09,5.59,75,24.4,275,156.5,75,(CML395/CML444)//CKDHL152823,CKDHL152823,(CML395/CML444),2017
9@2017,Kakamega2017,Optimal,1,1@2017,20,20@2017,98,59@09,9,74,28.7,273,181,75,(CML395/CML444)//CKDHL152834,CKDHL152834,(CML395/CML444),2017
9@2017,Kiboko2017,Optimal,2,2@2017,38,38@2017,189,59@09,12.05,59,17.5,293,165.5,59,(CML395/CML444)//CKDHL152834,CKDHL152834,(CML395/CML444),2017
9@2017,Kakamega2017,Optimal,2,2@2017,35,35@2017,174,59@09,5.39,76,22.5,252.5,141.5,72,(CML395/CML444)//CKDHL152834,CKDHL152834,(CML395/CML444),2017
9@2017,Kiboko2017,Optimal,1,1@2017,14,14@2017,66,59@09,6.5,60,13.7,277.5,156.5,60,(CML395/CML444)//CKDHL152834,CKDHL152834,(CML395/CML444),2017
9@2017,Kiboko2017,Optimal,2,2@2017,38,38@2017,190,60@09,6.09,60,17.4,247,139.5,59,(CML395/CML444)//CKDHL152844,CKDHL152844,(CML395/CML444),2017
9@2017,Kakamega2017,Optimal,2,2@2017,33,33@2017,164,60@09,11.17,77,23.1,232.5,133,77,(CML395/CML444)//CKDHL152844,CKDHL152844,(CML395/CML444),2017
9@2017,Kiboko2017,Optimal,1,1@2017,14,14@2017,69,60@09,3.81,59,13.4,261,149.5,61,(CML395/CML444)//CKDHL152844,CKDHL152844,(CML395/CML444),2017
9@2017,Kakamega2017,Optimal,1,1@2017,19,19@2017,92,60@09,6.28,76,25.2,250,133,76,(CML395/CML444)//CKDHL152844,CKDHL152844,(CML395/CML444),2017
9@2017,Kakamega2017,Optimal,2,2@2017,23,23@2017,111,61@09,4.84,68,21.4,269.5,155,70,(CML395/CML444)//CKDHL152845,CKDHL152845,(CML395/CML444),2017
9@2017,Kiboko2017,Optimal,1,1@2017,10,10@2017,47,61@09,4.26,56,13.3,238.5,131,57,(CML395/CML444)//CKDHL152845,CKDHL152845,(CML395/CML444),2017
9@2017,Kiboko2017,Optimal,2,2@2017,27,27@2017,135,61@09,3.4,55,15.2,225.5,122,56,(CML395/CML444)//CKDHL152845,CKDHL152845,(CML395/CML444),2017
9@2017,Kakamega2017,Optimal,1,1@2017,4,4@2017,17,61@09,7.16,70,19.8,251,130,73,(CML395/CML444)//CKDHL152845,CKDHL152845,(CML395/CML444),2017
9@2017,Kiboko2017,Optimal,2,2@2017,36,36@2017,176,62@09,5.92,61,14.8,258,127,62,(CML395/CML444)//CKDHL152847,CKDHL152847,(CML395/CML444),2017
9@2017,Kakamega2017,Optimal,1,1@2017,1,1@2017,5,62@09,6.89,75,21.7,281,165,75,(CML395/CML444)//CKDHL152847,CKDHL152847,(CML395/CML444),2017
9@2017,Kakamega2017,Optimal,2,2@2017,29,29@2017,143,62@09,8.7,76,23.5,268.5,140.5,73,(CML395/CML444)//CKDHL152847,CKDHL152847,(CML395/CML444),2017
9@2017,Kiboko2017,Optimal,1,1@2017,11,11@2017,55,62@09,7.54,60,12.9,282.5,150.5,59,(CML395/CML444)//CKDHL152847,CKDHL152847,(CML395/CML444),2017
9@2017,Kiboko2017,Optimal,2,2@2017,40,40@2017,198,63@09,8.39,59,18.1,300.5,164.5,60,(CML395/CML444)//CKDHL152846,CKDHL152846,(CML395/CML444),2017
9@2017,Kiboko2017,Optimal,1,1@2017,7,7@2017,32,63@09,10.15,60,19,289.5,163.5,60,(CML395/CML444)//CKDHL152846,CKDHL152846,(CML395/CML444),2017
9@2017,Kakamega2017,Optimal,1,1@2017,6,6@2017,27,63@09,7.14,78,20.5,225,115,79,(CML395/CML444)//CKDHL152846,CKDHL152846,(CML395/CML444),2017
9@2017,Kakamega2017,Optimal,2,2@2017,26,26@2017,127,63@09,8.42,75,20.9,287.5,157,78,(CML395/CML444)//CKDHL152846,CKDHL152846,(CML395/CML444),2017
9@2017,Kakamega2017,Optimal,2,2@2017,30,30@2017,150,64@09,8.46,71,23.7,271.5,151.5,69,(CML395/CML444)//CKDHL152857,CKDHL152857,(CML395/CML444),2017
9@2017,Kiboko2017,Optimal,1,1@2017,10,10@2017,46,64@09,10.56,60,18.3,264.5,155,59,(CML395/CML444)//CKDHL152857,CKDHL152857,(CML395/CML444),2017
9@2017,Kakamega2017,Optimal,1,1@2017,18,18@2017,90,64@09,10.5,71,23.1,259.5,140,71,(CML395/CML444)//CKDHL152857,CKDHL152857,(CML395/CML444),2017
9@2017,Kiboko2017,Optimal,2,2@2017,27,27@2017,131,64@09,9.01,59,19.4,253.5,145,57,(CML395/CML444)//CKDHL152857,CKDHL152857,(CML395/CML444),2017
9@2017,Kiboko2017,Optimal,2,2@2017,24,24@2017,118,65@09,8.83,57,14.1,266,147,58,(CML395/CML444)//CKDHL152866,CKDHL152866,(CML395/CML444),2017
9@2017,Kiboko2017,Optimal,1,1@2017,2,2@2017,10,65@09,6.19,58,15.2,276,150,58,(CML395/CML444)//CKDHL152866,CKDHL152866,(CML395/CML444),2017
9@2017,Kakamega2017,Optimal,2,2@2017,21,21@2017,105,65@09,9.43,72,21.8,265.5,156.5,72,(CML395/CML444)//CKDHL152866,CKDHL152866,(CML395/CML444),2017
9@2017,Kakamega2017,Optimal,1,1@2017,18,18@2017,89,65@09,6.59,71,22.2,265,136.5,72,(CML395/CML444)//CKDHL152866,CKDHL152866,(CML395/CML444),2017
9@2017,Kakamega2017,Optimal,2,2@2017,37,37@2017,182,66@09,9.34,69,25,254,145,69,(CML395/CML444)//CKDHL152867,CKDHL152867,(CML395/CML444),2017
9@2017,Kiboko2017,Optimal,2,2@2017,22,22@2017,110,66@09,7.23,55,18.9,260.5,143.5,54,(CML395/CML444)//CKDHL152867,CKDHL152867,(CML395/CML444),2017
9@2017,Kakamega2017,Optimal,1,1@2017,2,2@2017,10,66@09,8.49,73,20.3,250,131.5,73,(CML395/CML444)//CKDHL152867,CKDHL152867,(CML395/CML444),2017
9@2017,Kiboko2017,Optimal,1,1@2017,18,18@2017,90,66@09,5.63,54,13.7,264.5,142,53,(CML395/CML444)//CKDHL152867,CKDHL152867,(CML395/CML444),2017
9@2017,Kakamega2017,Optimal,2,2@2017,23,23@2017,113,67@09,6.13,74,28,268,164.5,75,(CML395/CML444)//CKDHL152871,CKDHL152871,(CML395/CML444),2017
9@2017,Kiboko2017,Optimal,1,1@2017,6,6@2017,27,67@09,7.73,59,16.6,282.5,158.5,59,(CML395/CML444)//CKDHL152871,CKDHL152871,(CML395/CML444),2017
9@2017,Kakamega2017,Optimal,1,1@2017,12,12@2017,57,67@09,1.99,76,26.1,267.5,164,77,(CML395/CML444)//CKDHL152871,CKDHL152871,(CML395/CML444),2017
9@2017,Kiboko2017,Optimal,2,2@2017,22,22@2017,107,67@09,7.03,59,17.3,281.5,147,60,(CML395/CML444)//CKDHL152871,CKDHL152871,(CML395/CML444),2017
9@2017,Kiboko2017,Optimal,1,1@2017,12,12@2017,57,68@09,3.75,57,15.2,204.5,112,57,(CML395/CML444)//CKDHL152899,CKDHL152899,(CML395/CML444),2017
9@2017,Kakamega2017,Optimal,2,2@2017,26,26@2017,126,68@09,3.18,77,24,240.5,135.5,77,(CML395/CML444)//CKDHL152899,CKDHL152899,(CML395/CML444),2017
9@2017,Kiboko2017,Optimal,2,2@2017,33,33@2017,163,68@09,4.28,56,14.6,214,109,58,(CML395/CML444)//CKDHL152899,CKDHL152899,(CML395/CML444),2017
9@2017,Kakamega2017,Optimal,1,1@2017,17,17@2017,83,68@09,3.47,71,21.5,243.5,139,76,(CML395/CML444)//CKDHL152899,CKDHL152899,(CML395/CML444),2017
9@2017,Kakamega2017,Optimal,2,2@2017,35,35@2017,175,69@09,6.52,75,20.6,253,143,76,(CML395/CML444)//CKDHL152903,CKDHL152903,(CML395/CML444),2017
9@2017,Kiboko2017,Optimal,1,1@2017,13,13@2017,61,69@09,6.98,60,15,273.5,157.5,58,(CML395/CML444)//CKDHL152903,CKDHL152903,(CML395/CML444),2017
9@2017,Kiboko2017,Optimal,2,2@2017,39,39@2017,192,69@09,10.03,60,18.1,271,151.5,59,(CML395/CML444)//CKDHL152903,CKDHL152903,(CML395/CML444),2017
9@2017,Kakamega2017,Optimal,1,1@2017,13,13@2017,61,69@09,8.27,75,24.7,295,167.5,75,(CML395/CML444)//CKDHL152903,CKDHL152903,(CML395/CML444),2017
9@2017,Kakamega2017,Optimal,2,2@2017,30,30@2017,147,70@09,11.38,76,20.4,260,143.5,74,(CML395/CML444)//CKDHL152906,CKDHL152906,(CML395/CML444),2017
9@2017,Kakamega2017,Optimal,1,1@2017,14,14@2017,70,70@09,7,74,22.3,275.5,144.5,75,(CML395/CML444)//CKDHL152906,CKDHL152906,(CML395/CML444),2017
9@2017,Kiboko2017,Optimal,1,1@2017,19,19@2017,92,70@09,8.84,60,14.5,259,140,59,(CML395/CML444)//CKDHL152906,CKDHL152906,(CML395/CML444),2017
9@2017,Kiboko2017,Optimal,2,2@2017,39,39@2017,195,70@09,7.63,59,18,263.5,140,60,(CML395/CML444)//CKDHL152906,CKDHL152906,(CML395/CML444),2017
9@2017,Kakamega2017,Optimal,1,1@2017,11,11@2017,52,71@09,7.42,76,21.4,261.5,148,76,(CML395/CML444)//CKDHL152917,CKDHL152917,(CML395/CML444),2017
9@2017,Kakamega2017,Optimal,2,2@2017,25,25@2017,124,71@09,8.59,75,31,287,159,75,(CML395/CML444)//CKDHL152917,CKDHL152917,(CML395/CML444),2017
9@2017,Kiboko2017,Optimal,1,1@2017,15,15@2017,73,71@09,6.61,59,16.9,264.5,148.5,59,(CML395/CML444)//CKDHL152917,CKDHL152917,(CML395/CML444),2017
9@2017,Kiboko2017,Optimal,2,2@2017,27,27@2017,133,71@09,6.92,57,16.3,279.5,157.5,57,(CML395/CML444)//CKDHL152917,CKDHL152917,(CML395/CML444),2017
9@2017,Kakamega2017,Optimal,2,2@2017,31,31@2017,154,72@09,7.61,70,19.9,286,149.5,69,(CML395/CML444)//CKDHL152919,CKDHL152919,(CML395/CML444),2017
9@2017,Kiboko2017,Optimal,1,1@2017,7,7@2017,31,72@09,7.82,57,15.7,275.5,146,57,(CML395/CML444)//CKDHL152919,CKDHL152919,(CML395/CML444),2017
9@2017,Kiboko2017,Optimal,2,2@2017,30,30@2017,149,72@09,6.62,59,13.9,255,136,57,(CML395/CML444)//CKDHL152919,CKDHL152919,(CML395/CML444),2017
9@2017,Kakamega2017,Optimal,1,1@2017,4,4@2017,18,72@09,8.5,72,20,260.5,142,72,(CML395/CML444)//CKDHL152919,CKDHL152919,(CML395/CML444),2017
9@2017,Kiboko2017,Optimal,2,2@2017,26,26@2017,127,73@09,10.81,60,21.3,285,154,59,(CML395/CML444)//CKDHL152920,CKDHL152920,(CML395/CML444),2017
9@2017,Kakamega2017,Optimal,1,1@2017,3,3@2017,12,73@09,4.31,75,21.2,271.5,141.5,72,(CML395/CML444)//CKDHL152920,CKDHL152920,(CML395/CML444),2017
9@2017,Kiboko2017,Optimal,1,1@2017,5,5@2017,22,73@09,8.35,59,17.7,274.5,168.5,58,(CML395/CML444)//CKDHL152920,CKDHL152920,(CML395/CML444),2017
9@2017,Kakamega2017,Optimal,2,2@2017,23,23@2017,114,73@09,8.49,76,23.8,285,161,76,(CML395/CML444)//CKDHL152920,CKDHL152920,(CML395/CML444),2017
9@2017,Kiboko2017,Optimal,1,1@2017,6,6@2017,29,74@09,9.75,58,19.3,297.5,154.5,56,(CML395/CML444)//CKDHL152921,CKDHL152921,(CML395/CML444),2017
9@2017,Kakamega2017,Optimal,2,2@2017,32,32@2017,160,74@09,8.37,72,25.5,288.5,148,72,(CML395/CML444)//CKDHL152921,CKDHL152921,(CML395/CML444),2017
9@2017,Kiboko2017,Optimal,2,2@2017,27,27@2017,132,74@09,11.7,59,17.7,292,156.5,58,(CML395/CML444)//CKDHL152921,CKDHL152921,(CML395/CML444),2017
9@2017,Kakamega2017,Optimal,1,1@2017,13,13@2017,62,74@09,9.83,77,23.4,287.5,158.5,76,(CML395/CML444)//CKDHL152921,CKDHL152921,(CML395/CML444),2017
9@2017,Kakamega2017,Optimal,2,2@2017,23,23@2017,112,75@09,9.25,74,24.4,257,147,74,(CML395/CML444)//CKDHL152923,CKDHL152923,(CML395/CML444),2017
9@2017,Kakamega2017,Optimal,1,1@2017,6,6@2017,28,75@09,9.52,72,20.2,264,134.5,71,(CML395/CML444)//CKDHL152923,CKDHL152923,(CML395/CML444),2017
9@2017,Kiboko2017,Optimal,2,2@2017,31,31@2017,153,75@09,7.09,57,16.3,274.5,146.5,57,(CML395/CML444)//CKDHL152923,CKDHL152923,(CML395/CML444),2017
9@2017,Kiboko2017,Optimal,1,1@2017,15,15@2017,75,75@09,7.36,57,16.3,264,141.5,57,(CML395/CML444)//CKDHL152923,CKDHL152923,(CML395/CML444),2017
9@2017,Kiboko2017,Optimal,2,2@2017,34,34@2017,166,76@09,7.18,60,15.8,278.5,153,60,(CML395/CML444)//CKDHL152929,CKDHL152929,(CML395/CML444),2017
9@2017,Kiboko2017,Optimal,1,1@2017,8,8@2017,39,76@09,6.83,59,14.4,277,154.5,58,(CML395/CML444)//CKDHL152929,CKDHL152929,(CML395/CML444),2017
9@2017,Kakamega2017,Optimal,1,1@2017,1,1@2017,2,76@09,8.49,75,22.9,260,141.5,75,(CML395/CML444)//CKDHL152929,CKDHL152929,(CML395/CML444),2017
9@2017,Kakamega2017,Optimal,2,2@2017,22,22@2017,109,76@09,9.99,72,31.1,255.5,148,72,(CML395/CML444)//CKDHL152929,CKDHL152929,(CML395/CML444),2017
9@2017,Kiboko2017,Optimal,2,2@2017,38,38@2017,188,77@09,7.64,57,16.5,279,156.5,57,(CML395/CML444)//CKDHL152931,CKDHL152931,(CML395/CML444),2017
9@2017,Kakamega2017,Optimal,1,1@2017,3,3@2017,15,77@09,7.83,71,22.2,256,131,71,(CML395/CML444)//CKDHL152931,CKDHL152931,(CML395/CML444),2017
9@2017,Kakamega2017,Optimal,2,2@2017,28,28@2017,137,77@09,10.12,75,23.7,281.5,158,76,(CML395/CML444)//CKDHL152931,CKDHL152931,(CML395/CML444),2017
9@2017,Kiboko2017,Optimal,1,1@2017,4,4@2017,16,77@09,6.04,58,12.3,269.5,154,58,(CML395/CML444)//CKDHL152931,CKDHL152931,(CML395/CML444),2017
9@2017,Kiboko2017,Optimal,1,1@2017,13,13@2017,62,78@09,5.45,60,14.3,269,149.5,59,(CML395/CML444)//CKDHL152934,CKDHL152934,(CML395/CML444),2017
9@2017,Kiboko2017,Optimal,2,2@2017,30,30@2017,150,78@09,6.57,59,13.8,264.5,151,57,(CML395/CML444)//CKDHL152934,CKDHL152934,(CML395/CML444),2017
9@2017,Kakamega2017,Optimal,1,1@2017,5,5@2017,22,78@09,6.38,74,19.8,265.5,140,69,(CML395/CML444)//CKDHL152934,CKDHL152934,(CML395/CML444),2017
9@2017,Kakamega2017,Optimal,2,2@2017,24,24@2017,116,78@09,8.69,72,28.1,261,159.5,70,(CML395/CML444)//CKDHL152934,CKDHL152934,(CML395/CML444),2017
9@2017,Kiboko2017,Optimal,2,2@2017,32,32@2017,159,79@09,6.65,59,15.6,283.5,154.5,59,(CML395/CML444)//CKDHL152936,CKDHL152936,(CML395/CML444),2017
9@2017,Kakamega2017,Optimal,2,2@2017,25,25@2017,121,79@09,9.11,72,27,284.5,147.5,70,(CML395/CML444)//CKDHL152936,CKDHL152936,(CML395/CML444),2017
9@2017,Kakamega2017,Optimal,1,1@2017,6,6@2017,30,79@09,5.5,72,19.1,256,143,71,(CML395/CML444)//CKDHL152936,CKDHL152936,(CML395/CML444),2017
9@2017,Kiboko2017,Optimal,1,1@2017,4,4@2017,17,79@09,5.98,59,13.9,271.5,151.5,58,(CML395/CML444)//CKDHL152936,CKDHL152936,(CML395/CML444),2017
9@2017,Kakamega2017,Optimal,1,1@2017,17,17@2017,81,80@09,5.51,73,29.8,281,155.5,75,(CML395/CML444)//CKDHL152939,CKDHL152939,(CML395/CML444),2017
9@2017,Kiboko2017,Optimal,2,2@2017,24,24@2017,119,80@09,9.36,58,17.5,294.5,172,56,(CML395/CML444)//CKDHL152939,CKDHL152939,(CML395/CML444),2017
9@2017,Kiboko2017,Optimal,1,1@2017,10,10@2017,49,80@09,9.93,59,18.5,289,162,57,(CML395/CML444)//CKDHL152939,CKDHL152939,(CML395/CML444),2017
9@2017,Kakamega2017,Optimal,2,2@2017,39,39@2017,192,80@09,7.78,74,30.8,271.5,145.5,73,(CML395/CML444)//CKDHL152939,CKDHL152939,(CML395/CML444),2017
9@2017,Kiboko2017,Optimal,1,1@2017,19,19@2017,95,81@09,4.13,57,11.8,251.5,144,56,(CML395/CML444)//CKDHL152940,CKDHL152940,(CML395/CML444),2017
9@2017,Kiboko2017,Optimal,2,2@2017,27,27@2017,134,81@09,6.63,56,11.9,276.5,154,56,(CML395/CML444)//CKDHL152940,CKDHL152940,(CML395/CML444),2017
9@2017,Kakamega2017,Optimal,2,2@2017,33,33@2017,162,81@09,9.98,73,20,257,140.5,76,(CML395/CML444)//CKDHL152940,CKDHL152940,(CML395/CML444),2017
9@2017,Kakamega2017,Optimal,1,1@2017,15,15@2017,73,81@09,8.7,75,19.3,257,149,78,(CML395/CML444)//CKDHL152940,CKDHL152940,(CML395/CML444),2017
9@2017,Kakamega2017,Optimal,2,2@2017,31,31@2017,152,82@09,8.65,76,28.3,269,131,73,(CML395/CML444)//CKDHL152943,CKDHL152943,(CML395/CML444),2017
9@2017,Kakamega2017,Optimal,1,1@2017,1,1@2017,4,82@09,7.84,75,25.5,285,151,75,(CML395/CML444)//CKDHL152943,CKDHL152943,(CML395/CML444),2017
9@2017,Kiboko2017,Optimal,1,1@2017,8,8@2017,37,82@09,7.57,59,16.3,269,132.5,60,(CML395/CML444)//CKDHL152943,CKDHL152943,(CML395/CML444),2017
9@2017,Kiboko2017,Optimal,2,2@2017,36,36@2017,178,82@09,6.24,61,13.8,259.5,124.5,62,(CML395/CML444)//CKDHL152943,CKDHL152943,(CML395/CML444),2017
9@2017,Kakamega2017,Optimal,1,1@2017,10,10@2017,47,83@09,7.73,73,22.4,260.5,144,72,(CML395/CML444)//CKDHL152960,CKDHL152960,(CML395/CML444),2017
9@2017,Kakamega2017,Optimal,2,2@2017,37,37@2017,184,83@09,8.16,72,25.2,273.5,151.5,71,(CML395/CML444)//CKDHL152960,CKDHL152960,(CML395/CML444),2017
9@2017,Kiboko2017,Optimal,1,1@2017,15,15@2017,74,83@09,6.29,58,14.3,270,152.5,58,(CML395/CML444)//CKDHL152960,CKDHL152960,(CML395/CML444),2017
9@2017,Kiboko2017,Optimal,2,2@2017,36,36@2017,180,83@09,6.19,59,14.8,264.5,147.5,58,(CML395/CML444)//CKDHL152960,CKDHL152960,(CML395/CML444),2017
9@2017,Kiboko2017,Optimal,1,1@2017,12,12@2017,56,84@09,8.03,57,13.4,277,145.5,56,(CML395/CML444)//CKDHL152961,CKDHL152961,(CML395/CML444),2017
9@2017,Kiboko2017,Optimal,2,2@2017,37,37@2017,184,84@09,6.49,59,13.4,278.5,148.5,60,(CML395/CML444)//CKDHL152961,CKDHL152961,(CML395/CML444),2017
9@2017,Kakamega2017,Optimal,1,1@2017,8,8@2017,39,84@09,6.64,76,19.6,279.5,160.5,76,(CML395/CML444)//CKDHL152961,CKDHL152961,(CML395/CML444),2017
9@2017,Kakamega2017,Optimal,2,2@2017,22,22@2017,110,84@09,5.08,75,20.9,232,124,75,(CML395/CML444)//CKDHL152961,CKDHL152961,(CML395/CML444),2017
9@2017,Kiboko2017,Optimal,1,1@2017,3,3@2017,14,85@09,4.94,57,13.1,283.5,150.5,56,(CML395/CML444)//CKDHL152962,CKDHL152962,(CML395/CML444),2017
9@2017,Kakamega2017,Optimal,2,2@2017,24,24@2017,118,85@09,7.83,71,23.5,291.5,170.5,70,(CML395/CML444)//CKDHL152962,CKDHL152962,(CML395/CML444),2017
9@2017,Kiboko2017,Optimal,2,2@2017,39,39@2017,193,85@09,8.12,61,16.2,276.5,144,60,(CML395/CML444)//CKDHL152962,CKDHL152962,(CML395/CML444),2017
9@2017,Kakamega2017,Optimal,1,1@2017,11,11@2017,54,85@09,8.98,73,20.1,273,163,72,(CML395/CML444)//CKDHL152962,CKDHL152962,(CML395/CML444),2017
9@2017,Kiboko2017,Optimal,2,2@2017,29,29@2017,141,86@09,5.14,59,13.6,251,137.5,58,(CML395/CML444)//CKDHL152966,CKDHL152966,(CML395/CML444),2017
9@2017,Kiboko2017,Optimal,1,1@2017,12,12@2017,59,86@09,3.91,58,15.3,242.5,121,58,(CML395/CML444)//CKDHL152966,CKDHL152966,(CML395/CML444),2017
9@2017,Kakamega2017,Optimal,2,2@2017,39,39@2017,193,86@09,5.52,74,18.9,265,151,75,(CML395/CML444)//CKDHL152966,CKDHL152966,(CML395/CML444),2017
9@2017,Kakamega2017,Optimal,1,1@2017,7,7@2017,32,86@09,3.19,75,20.4,293.5,181,76,(CML395/CML444)//CKDHL152966,CKDHL152966,(CML395/CML444),2017
9@2017,Kiboko2017,Optimal,2,2@2017,31,31@2017,155,87@09,9.95,59,15.6,270.5,170.5,58,(CML395/CML444)//CKDHL152969,CKDHL152969,(CML395/CML444),2017
9@2017,Kiboko2017,Optimal,1,1@2017,1,1@2017,4,87@09,6.07,59,15.8,278,169,58,(CML395/CML444)//CKDHL152969,CKDHL152969,(CML395/CML444),2017
9@2017,Kakamega2017,Optimal,2,2@2017,40,40@2017,197,87@09,8.23,75,23.8,265.5,152,75,(CML395/CML444)//CKDHL152969,CKDHL152969,(CML395/CML444),2017
9@2017,Kakamega2017,Optimal,1,1@2017,19,19@2017,94,87@09,8.66,72,24.7,262,150,72,(CML395/CML444)//CKDHL152969,CKDHL152969,(CML395/CML444),2017
9@2017,Kakamega2017,Optimal,2,2@2017,34,34@2017,167,88@09,9.37,69,23.9,258,152.5,71,(CML395/CML444)//CKDHL152975,CKDHL152975,(CML395/CML444),2017
9@2017,Kakamega2017,Optimal,1,1@2017,5,5@2017,24,88@09,10.12,71,21,250,133.5,71,(CML395/CML444)//CKDHL152975,CKDHL152975,(CML395/CML444),2017
9@2017,Kiboko2017,Optimal,1,1@2017,7,7@2017,35,88@09,8.29,59,16.2,262.5,144.5,58,(CML395/CML444)//CKDHL152975,CKDHL152975,(CML395/CML444),2017
9@2017,Kiboko2017,Optimal,2,2@2017,37,37@2017,183,88@09,7.27,59,15.7,272,147,57,(CML395/CML444)//CKDHL152975,CKDHL152975,(CML395/CML444),2017
9@2017,Kiboko2017,Optimal,1,1@2017,12,12@2017,60,89@09,6.85,60,14.2,272,144.5,59,(CML395/CML444)//CKDHL152976,CKDHL152976,(CML395/CML444),2017
9@2017,Kakamega2017,Optimal,2,2@2017,37,37@2017,185,89@09,9.48,75,21.2,265,145,74,(CML395/CML444)//CKDHL152976,CKDHL152976,(CML395/CML444),2017
9@2017,Kakamega2017,Optimal,1,1@2017,15,15@2017,75,89@09,9.87,78,23.1,282.5,158.5,78,(CML395/CML444)//CKDHL152976,CKDHL152976,(CML395/CML444),2017
9@2017,Kiboko2017,Optimal,2,2@2017,32,32@2017,157,89@09,8.81,59,16.6,289.5,160.5,59,(CML395/CML444)//CKDHL152976,CKDHL152976,(CML395/CML444),2017
9@2017,Kakamega2017,Optimal,2,2@2017,37,37@2017,181,90@09,8.26,73,23.4,293,173.5,73,(CML395/CML444)//CKDHL152985,CKDHL152985,(CML395/CML444),2017
9@2017,Kiboko2017,Optimal,1,1@2017,17,17@2017,81,90@09,5.95,59,14,276,142,59,(CML395/CML444)//CKDHL152985,CKDHL152985,(CML395/CML444),2017
9@2017,Kiboko2017,Optimal,2,2@2017,32,32@2017,160,90@09,7.04,59,16.5,276,149,59,(CML395/CML444)//CKDHL152985,CKDHL152985,(CML395/CML444),2017
9@2017,Kakamega2017,Optimal,1,1@2017,20,20@2017,96,90@09,8.05,72,24.4,268.5,147.5,72,(CML395/CML444)//CKDHL152985,CKDHL152985,(CML395/CML444),2017
9@2017,Kiboko2017,Optimal,2,2@2017,24,24@2017,120,91@09,8.64,58,14.3,282,155.5,57,(CML395/CML444)//CKDHL152989,CKDHL152989,(CML395/CML444),2017
9@2017,Kakamega2017,Optimal,2,2@2017,39,39@2017,195,91@09,7.48,73,25.6,268.5,152.5,73,(CML395/CML444)//CKDHL152989,CKDHL152989,(CML395/CML444),2017
9@2017,Kiboko2017,Optimal,1,1@2017,10,10@2017,50,91@09,7.54,57,17.3,287,162,55,(CML395/CML444)//CKDHL152989,CKDHL152989,(CML395/CML444),2017
9@2017,Kakamega2017,Optimal,1,1@2017,4,4@2017,19,91@09,8.58,70,19.6,269.5,145.5,72,(CML395/CML444)//CKDHL152989,CKDHL152989,(CML395/CML444),2017
9@2017,Kakamega2017,Optimal,2,2@2017,38,38@2017,190,92@09,6.37,75,21.5,255.5,141.5,75,(CML395/CML444)//CKDHL152991,CKDHL152991,(CML395/CML444),2017
9@2017,Kakamega2017,Optimal,1,1@2017,14,14@2017,69,92@09,9.02,73,23.8,268.5,154,75,(CML395/CML444)//CKDHL152991,CKDHL152991,(CML395/CML444),2017
9@2017,Kiboko2017,Optimal,1,1@2017,17,17@2017,82,92@09,5.77,58,13.8,264,137.5,58,(CML395/CML444)//CKDHL152991,CKDHL152991,(CML395/CML444),2017
9@2017,Kiboko2017,Optimal,2,2@2017,25,25@2017,123,92@09,7.82,59,16,273,160.5,59,(CML395/CML444)//CKDHL152991,CKDHL152991,(CML395/CML444),2017
9@2017,Kakamega2017,Optimal,2,2@2017,25,25@2017,123,93@09,6.68,73,27.7,276,141,73,(CML395/CML444)//CKDHL153001,CKDHL153001,(CML395/CML444),2017
9@2017,Kakamega2017,Optimal,1,1@2017,9,9@2017,45,93@09,8.17,71,20.6,271.5,145,72,(CML395/CML444)//CKDHL153001,CKDHL153001,(CML395/CML444),2017
9@2017,Kiboko2017,Optimal,2,2@2017,29,29@2017,145,93@09,7.35,58,12.9,269.5,143,57,(CML395/CML444)//CKDHL153001,CKDHL153001,(CML395/CML444),2017
9@2017,Kiboko2017,Optimal,1,1@2017,4,4@2017,19,93@09,6.31,58,12.4,281.5,151,58,(CML395/CML444)//CKDHL153001,CKDHL153001,(CML395/CML444),2017
9@2017,Kiboko2017,Optimal,1,1@2017,5,5@2017,25,94@09,4.74,58,12.2,243,135.5,57,(CML395/CML444)//CKDHL153004,CKDHL153004,(CML395/CML444),2017
9@2017,Kakamega2017,Optimal,2,2@2017,21,21@2017,101,94@09,9.08,73,30.8,258,138.5,73,(CML395/CML444)//CKDHL153004,CKDHL153004,(CML395/CML444),2017
9@2017,Kakamega2017,Optimal,1,1@2017,9,9@2017,42,94@09,13.16,71,21.1,261.5,138,70,(CML395/CML444)//CKDHL153004,CKDHL153004,(CML395/CML444),2017
9@2017,Kiboko2017,Optimal,2,2@2017,21,21@2017,102,94@09,5.94,57,12.4,249.5,131,58,(CML395/CML444)//CKDHL153004,CKDHL153004,(CML395/CML444),2017
9@2017,Kakamega2017,Optimal,2,2@2017,21,21@2017,102,95@09,8.6,72,22.1,278.5,154,72,(CML395/CML444)//CKDHL153005,CKDHL153005,(CML395/CML444),2017
9@2017,Kiboko2017,Optimal,2,2@2017,34,34@2017,169,95@09,8.33,58,14.3,260,138,57,(CML395/CML444)//CKDHL153005,CKDHL153005,(CML395/CML444),2017
9@2017,Kiboko2017,Optimal,1,1@2017,19,19@2017,94,95@09,6.65,56,13.5,251.5,139.5,56,(CML395/CML444)//CKDHL153005,CKDHL153005,(CML395/CML444),2017
9@2017,Kakamega2017,Optimal,1,1@2017,10,10@2017,46,95@09,9.45,71,20.3,266,140,70,(CML395/CML444)//CKDHL153005,CKDHL153005,(CML395/CML444),2017
9@2017,Kiboko2017,Optimal,2,2@2017,33,33@2017,162,96@09,6.29,59,12.3,298,181.5,62,H517,H517,,2017
9@2017,Kakamega2017,Optimal,2,2@2017,40,40@2017,198,96@09,7.22,75,22.3,278,162,76,H517,H517,,2017
9@2017,Kiboko2017,Optimal,1,1@2017,11,11@2017,51,96@09,8.27,60,14.1,307,191,62,H517,H517,,2017
9@2017,Kakamega2017,Optimal,1,1@2017,12,12@2017,58,96@09,6.89,76,17.1,284.5,163.5,78,H517,H517,,2017
9@2017,Kakamega2017,Optimal,2,2@2017,25,25@2017,122,97@09,8.13,74,27,283.5,134.5,75,Pioneer 30G19,Pioneer 30G19,,2017
9@2017,Kakamega2017,Optimal,1,1@2017,17,17@2017,85,97@09,8.15,69,22.9,264.5,143,72,Pioneer 30G19,Pioneer 30G19,,2017
9@2017,Kiboko2017,Optimal,1,1@2017,8,8@2017,40,97@09,6.45,56,12.4,280,123.5,60,Pioneer 30G19,Pioneer 30G19,,2017
9@2017,Kiboko2017,Optimal,2,2@2017,37,37@2017,181,97@09,4.86,56,14.1,265.5,111.5,60,Pioneer 30G19,Pioneer 30G19,,2017
9@2017,Kiboko2017,Optimal,2,2@2017,26,26@2017,129,98@09,9.29,60,19,289,151,60,WH505,WH505,,2017
9@2017,Kakamega2017,Optimal,1,1@2017,1,1@2017,3,98@09,9.32,75,23.2,278,157,75,WH505,WH505,,2017
9@2017,Kakamega2017,Optimal,2,2@2017,21,21@2017,103,98@09,9.61,75,22.6,253.5,136.5,75,WH505,WH505,,2017
9@2017,Kiboko2017,Optimal,1,1@2017,20,20@2017,97,98@09,5.12,60,12.4,280.5,143,60,WH505,WH505,,2017
9@2017,Kakamega2017,Optimal,1,1@2017,19,19@2017,93,99@09,4.61,71,24.8,257.8,144,73,DK 8031,DK 8031,,2017
9@2017,Kiboko2017,Optimal,1,1@2017,9,9@2017,43,99@09,4.42,56,12.8,259,127.5,59,DK 8031,DK 8031,,2017
9@2017,Kiboko2017,Optimal,2,2@2017,29,29@2017,143,99@09,3.02,56,12.7,265.5,133,59,DK 8031,DK 8031,,2017
9@2017,Kakamega2017,Optimal,2,2@2017,32,32@2017,157,99@09,7.96,70,27.2,259.5,128,73,DK 8031,DK 8031,,2017
9@2017,Kakamega2017,Optimal,2,2@2017,35,35@2017,173,100@09,6.46,69,23.7,221,115.5,71,PAN 4M19,PAN 4M19,,2017
9@2017,Kiboko2017,Optimal,1,1@2017,17,17@2017,84,100@09,3.45,55,11.1,237.5,108,55,PAN 4M19,PAN 4M19,,2017
9@2017,Kiboko2017,Optimal,2,2@2017,21,21@2017,105,100@09,4.33,53,13,235,121,55,PAN 4M19,PAN 4M19,,2017
9@2017,Kakamega2017,Optimal,1,1@2017,12,12@2017,59,100@09,4.75,67,21.6,253.5,145,68,PAN 4M19,PAN 4M19,,2017
10@2017,Kakamega2017,Optimal,2,2@2017,16,16@2017,93,1@10,6.37,71,20.5,269,133.5,70,(CML395/CML444)//CKDHL153009,CKDHL153009,(CML395/CML444),2017
10@2017,Kakamega2017,Optimal,1,1@2017,9,9@2017,50,1@10,6.91,68,16.9,264.5,162.5,69,(CML395/CML444)//CKDHL153009,CKDHL153009,(CML395/CML444),2017
10@2017,Kiboko2017,Optimal,1,1@2017,2,2@2017,8,1@10,6.04,57,12,255.5,131,57,(CML395/CML444)//CKDHL153009,CKDHL153009,(CML395/CML444),2017
10@2017,Kiboko2017,Optimal,2,2@2017,13,13@2017,76,1@10,4.61,55,12.4,250.5,122.5,55,(CML395/CML444)//CKDHL153009,CKDHL153009,(CML395/CML444),2017
10@2017,Kakamega2017,Optimal,1,1@2017,1,1@2017,1,2@10,5.13,75,20.3,269,143,74,(CML395/CML444)//CKDHL153012,CKDHL153012,(CML395/CML444),2017
10@2017,Kakamega2017,Optimal,2,2@2017,16,16@2017,91,2@10,6.08,75,18.3,270.5,141,76,(CML395/CML444)//CKDHL153012,CKDHL153012,(CML395/CML444),2017
10@2017,Kiboko2017,Optimal,1,1@2017,1,1@2017,4,2@10,3.14,60,12.7,257.5,143.5,62,(CML395/CML444)//CKDHL153012,CKDHL153012,(CML395/CML444),2017
10@2017,Kiboko2017,Optimal,2,2@2017,11,11@2017,66,2@10,3.78,57,13.7,261,139,59,(CML395/CML444)//CKDHL153012,CKDHL153012,(CML395/CML444),2017
10@2017,Kiboko2017,Optimal,2,2@2017,15,15@2017,87,3@10,4.79,56,13.7,248,136.5,57,(CML395/CML444)//CKDHL153016,CKDHL153016,(CML395/CML444),2017
10@2017,Kakamega2017,Optimal,1,1@2017,5,5@2017,26,3@10,4.79,77,17.8,246.5,138.5,77,(CML395/CML444)//CKDHL153016,CKDHL153016,(CML395/CML444),2017
10@2017,Kakamega2017,Optimal,2,2@2017,13,13@2017,77,3@10,4.64,73,20.3,272,140,73,(CML395/CML444)//CKDHL153016,CKDHL153016,(CML395/CML444),2017
10@2017,Kiboko2017,Optimal,1,1@2017,6,6@2017,31,3@10,4.43,56,14.2,234.5,130,58,(CML395/CML444)//CKDHL153016,CKDHL153016,(CML395/CML444),2017
10@2017,Kakamega2017,Optimal,1,1@2017,9,9@2017,53,4@10,6.48,69,19.8,262,153.5,70,(CML395/CML444)//CKDHL153017,CKDHL153017,(CML395/CML444),2017
10@2017,Kiboko2017,Optimal,2,2@2017,12,12@2017,69,4@10,5.64,56,13.7,258,141.5,57,(CML395/CML444)//CKDHL153017,CKDHL153017,(CML395/CML444),2017
10@2017,Kakamega2017,Optimal,2,2@2017,13,13@2017,78,4@10,7.76,72,18.5,271,138.5,71,(CML395/CML444)//CKDHL153017,CKDHL153017,(CML395/CML444),2017
10@2017,Kiboko2017,Optimal,1,1@2017,5,5@2017,25,4@10,5.25,55,13.6,245.5,135,55,(CML395/CML444)//CKDHL153017,CKDHL153017,(CML395/CML444),2017
10@2017,Kakamega2017,Optimal,2,2@2017,20,20@2017,117,5@10,5.15,74,21.6,277.5,152.5,75,(CML395/CML444)//CKDHL153046,CKDHL153046,(CML395/CML444),2017
10@2017,Kiboko2017,Optimal,2,2@2017,17,17@2017,98,5@10,6.61,57,14.3,269.5,132.5,57,(CML395/CML444)//CKDHL153046,CKDHL153046,(CML395/CML444),2017
10@2017,Kakamega2017,Optimal,1,1@2017,4,4@2017,23,5@10,7.39,71,20.7,278.5,170,72,(CML395/CML444)//CKDHL153046,CKDHL153046,(CML395/CML444),2017
10@2017,Kiboko2017,Optimal,1,1@2017,9,9@2017,49,5@10,5.5,58,15.4,254,127.5,59,(CML395/CML444)//CKDHL153046,CKDHL153046,(CML395/CML444),2017
10@2017,Kakamega2017,Optimal,2,2@2017,17,17@2017,99,6@10,8.35,73,20.6,279,152,72,(CML395/CML444)//CKDHL153054,CKDHL153054,(CML395/CML444),2017
10@2017,Kiboko2017,Optimal,2,2@2017,19,19@2017,110,6@10,5.43,56,13.4,252,127,57,(CML395/CML444)//CKDHL153054,CKDHL153054,(CML395/CML444),2017
10@2017,Kakamega2017,Optimal,1,1@2017,3,3@2017,18,6@10,9.27,74,20.6,267,151.5,75,(CML395/CML444)//CKDHL153054,CKDHL153054,(CML395/CML444),2017
10@2017,Kiboko2017,Optimal,1,1@2017,6,6@2017,33,6@10,6.01,58,14.8,263,139,58,(CML395/CML444)//CKDHL153054,CKDHL153054,(CML395/CML444),2017
10@2017,Kiboko2017,Optimal,1,1@2017,2,2@2017,9,7@10,7.04,55,13.4,246.5,140,55,(CML395/CML444)//CKDHL153055,CKDHL153055,(CML395/CML444),2017
10@2017,Kakamega2017,Optimal,1,1@2017,3,3@2017,16,7@10,4.46,74,26.6,275.5,156,75,(CML395/CML444)//CKDHL153055,CKDHL153055,(CML395/CML444),2017
10@2017,Kiboko2017,Optimal,2,2@2017,11,11@2017,63,7@10,6.84,56,14.2,244.5,141,56,(CML395/CML444)//CKDHL153055,CKDHL153055,(CML395/CML444),2017
10@2017,Kakamega2017,Optimal,2,2@2017,12,12@2017,72,7@10,8.45,73,22.9,268,143,71,(CML395/CML444)//CKDHL153055,CKDHL153055,(CML395/CML444),2017
10@2017,Kakamega2017,Optimal,1,1@2017,7,7@2017,40,8@10,8.53,69,18.7,256.5,130.5,69,(CML395/CML444)//CKDHL153056,CKDHL153056,(CML395/CML444),2017
10@2017,Kiboko2017,Optimal,1,1@2017,5,5@2017,28,8@10,5.2,58,14,255.5,128.5,58,(CML395/CML444)//CKDHL153056,CKDHL153056,(CML395/CML444),2017
10@2017,Kiboko2017,Optimal,2,2@2017,18,18@2017,105,8@10,8.59,55,17.8,272,137.5,54,(CML395/CML444)//CKDHL153056,CKDHL153056,(CML395/CML444),2017
10@2017,Kakamega2017,Optimal,2,2@2017,14,14@2017,79,8@10,7.68,70,20.2,269.5,140,68,(CML395/CML444)//CKDHL153056,CKDHL153056,(CML395/CML444),2017
10@2017,Kakamega2017,Optimal,1,1@2017,1,1@2017,3,9@10,6.06,70,19.4,261,129.5,72,(CML395/CML444)//CKDHL153064,CKDHL153064,(CML395/CML444),2017
10@2017,Kiboko2017,Optimal,1,1@2017,2,2@2017,11,9@10,4,58,14.9,249.5,133.5,57,(CML395/CML444)//CKDHL153064,CKDHL153064,(CML395/CML444),2017
10@2017,Kakamega2017,Optimal,2,2@2017,19,19@2017,113,9@10,6.15,70,24.4,275.5,140.5,71,(CML395/CML444)//CKDHL153064,CKDHL153064,(CML395/CML444),2017
10@2017,Kiboko2017,Optimal,2,2@2017,16,16@2017,95,9@10,5.76,58,13.6,267,148,58,(CML395/CML444)//CKDHL153064,CKDHL153064,(CML395/CML444),2017
10@2017,Kakamega2017,Optimal,1,1@2017,5,5@2017,28,10@10,7.62,70,16.1,277,148.5,71,(CML395/CML444)//CKDHL153068,CKDHL153068,(CML395/CML444),2017
10@2017,Kiboko2017,Optimal,1,1@2017,3,3@2017,17,10@10,5.14,60,12.6,252.5,139.5,60,(CML395/CML444)//CKDHL153068,CKDHL153068,(CML395/CML444),2017
10@2017,Kiboko2017,Optimal,2,2@2017,12,12@2017,72,10@10,5.42,56,13.2,260.5,138,56,(CML395/CML444)//CKDHL153068,CKDHL153068,(CML395/CML444),2017
10@2017,Kakamega2017,Optimal,2,2@2017,12,12@2017,71,10@10,4.71,74,18,266.5,142,72,(CML395/CML444)//CKDHL153068,CKDHL153068,(CML395/CML444),2017
10@2017,Kakamega2017,Optimal,1,1@2017,1,1@2017,6,11@10,2.76,74,18,286.7,146.7,74,(CML395/CML444)//CKDHL153071,CKDHL153071,(CML395/CML444),2017
10@2017,Kiboko2017,Optimal,2,2@2017,19,19@2017,114,11@10,4.27,58,12.8,253,133.5,59,(CML395/CML444)//CKDHL153071,CKDHL153071,(CML395/CML444),2017
10@2017,Kakamega2017,Optimal,2,2@2017,12,12@2017,67,11@10,6.46,70,16.4,281,151.5,71,(CML395/CML444)//CKDHL153071,CKDHL153071,(CML395/CML444),2017
10@2017,Kiboko2017,Optimal,1,1@2017,9,9@2017,50,11@10,5.73,56,14.5,243.5,135.5,57,(CML395/CML444)//CKDHL153071,CKDHL153071,(CML395/CML444),2017
10@2017,Kakamega2017,Optimal,1,1@2017,9,9@2017,52,12@10,6.16,72,18.6,263.5,164.5,74,(CML395/CML444)//CKDHL153077,CKDHL153077,(CML395/CML444),2017
10@2017,Kiboko2017,Optimal,1,1@2017,3,3@2017,15,12@10,6.56,56,14.2,266,154.5,57,(CML395/CML444)//CKDHL153077,CKDHL153077,(CML395/CML444),2017
10@2017,Kiboko2017,Optimal,2,2@2017,17,17@2017,97,12@10,4.18,57,13.6,261.5,149.5,60,(CML395/CML444)//CKDHL153077,CKDHL153077,(CML395/CML444),2017
10@2017,Kakamega2017,Optimal,2,2@2017,13,13@2017,73,12@10,9.16,71,18.1,275,148,73,(CML395/CML444)//CKDHL153077,CKDHL153077,(CML395/CML444),2017
10@2017,Kakamega2017,Optimal,2,2@2017,16,16@2017,96,13@10,5.75,69,18.8,268.5,125.5,68,(CML395/CML444)//CKDHL153080,CKDHL153080,(CML395/CML444),2017
10@2017,Kakamega2017,Optimal,1,1@2017,2,2@2017,10,13@10,6.42,67,20.1,281.5,163,69,(CML395/CML444)//CKDHL153080,CKDHL153080,(CML395/CML444),2017
10@2017,Kiboko2017,Optimal,1,1@2017,10,10@2017,59,13@10,5.37,56,13.4,246.5,124,56,(CML395/CML444)//CKDHL153080,CKDHL153080,(CML395/CML444),2017
10@2017,Kiboko2017,Optimal,2,2@2017,11,11@2017,61,13@10,7.61,55,15,265.5,142,56,(CML395/CML444)//CKDHL153080,CKDHL153080,(CML395/CML444),2017
10@2017,Kiboko2017,Optimal,1,1@2017,2,2@2017,10,14@10,5.81,56,14.1,253.5,128,55,(CML395/CML444)//CKDHL153083,CKDHL153083,(CML395/CML444),2017
10@2017,Kakamega2017,Optimal,1,1@2017,2,2@2017,11,14@10,6.76,72,19,284,169.5,71,(CML395/CML444)//CKDHL153083,CKDHL153083,(CML395/CML444),2017
10@2017,Kakamega2017,Optimal,2,2@2017,13,13@2017,76,14@10,9.04,71,17.9,270,129,71,(CML395/CML444)//CKDHL153083,CKDHL153083,(CML395/CML444),2017
10@2017,Kiboko2017,Optimal,2,2@2017,13,13@2017,73,14@10,5.09,57,13.5,264.5,133,58,(CML395/CML444)//CKDHL153083,CKDHL153083,(CML395/CML444),2017
10@2017,Kakamega2017,Optimal,1,1@2017,1,1@2017,2,15@10,8.39,71,18.1,256.5,131,68,(CML395/CML444)//CKDHL153085,CKDHL153085,(CML395/CML444),2017
10@2017,Kiboko2017,Optimal,2,2@2017,20,20@2017,115,15@10,5.47,57,13.3,244.5,139.5,57,(CML395/CML444)//CKDHL153085,CKDHL153085,(CML395/CML444),2017
10@2017,Kiboko2017,Optimal,1,1@2017,6,6@2017,35,15@10,6.43,54,14.4,248.5,134.5,55,(CML395/CML444)//CKDHL153085,CKDHL153085,(CML395/CML444),2017
10@2017,Kakamega2017,Optimal,2,2@2017,17,17@2017,97,15@10,8.68,70,18.5,275,147,70,(CML395/CML444)//CKDHL153085,CKDHL153085,(CML395/CML444),2017
10@2017,Kakamega2017,Optimal,1,1@2017,2,2@2017,7,16@10,10.07,70,16.9,278,150,71,(CML395/CML444)//CKDHL153088,CKDHL153088,(CML395/CML444),2017
10@2017,Kiboko2017,Optimal,1,1@2017,4,4@2017,20,16@10,6.32,57,15.5,259,140,58,(CML395/CML444)//CKDHL153088,CKDHL153088,(CML395/CML444),2017
10@2017,Kakamega2017,Optimal,2,2@2017,12,12@2017,69,16@10,8.13,71,22.9,278.5,148.5,71,(CML395/CML444)//CKDHL153088,CKDHL153088,(CML395/CML444),2017
10@2017,Kiboko2017,Optimal,2,2@2017,13,13@2017,77,16@10,5.64,58,13.6,264,146.5,58,(CML395/CML444)//CKDHL153088,CKDHL153088,(CML395/CML444),2017
10@2017,Kiboko2017,Optimal,1,1@2017,2,2@2017,7,17@10,5.65,57,13.5,261,157.5,57,(CML395/CML444)//CKDHL153098,CKDHL153098,(CML395/CML444),2017
10@2017,Kiboko2017,Optimal,2,2@2017,19,19@2017,109,17@10,3.38,56,13,275.5,155,56,(CML395/CML444)//CKDHL153098,CKDHL153098,(CML395/CML444),2017
10@2017,Kakamega2017,Optimal,1,1@2017,6,6@2017,31,17@10,5.49,70,21.1,264,148,71,(CML395/CML444)//CKDHL153098,CKDHL153098,(CML395/CML444),2017
10@2017,Kakamega2017,Optimal,2,2@2017,17,17@2017,101,17@10,5.35,69,18,262,139.5,69,(CML395/CML444)//CKDHL153098,CKDHL153098,(CML395/CML444),2017
10@2017,Kakamega2017,Optimal,2,2@2017,20,20@2017,116,18@10,5.23,71,20.4,270,131,72,(CML395/CML444)//CKDHL153103,CKDHL153103,(CML395/CML444),2017
10@2017,Kiboko2017,Optimal,1,1@2017,1,1@2017,5,18@10,5.93,55,13.6,261.5,140,55,(CML395/CML444)//CKDHL153103,CKDHL153103,(CML395/CML444),2017
10@2017,Kiboko2017,Optimal,2,2@2017,19,19@2017,111,18@10,5.65,56,13.1,270,148.5,57,(CML395/CML444)//CKDHL153103,CKDHL153103,(CML395/CML444),2017
10@2017,Kakamega2017,Optimal,1,1@2017,10,10@2017,58,18@10,4.39,69,16.1,275,148,68,(CML395/CML444)//CKDHL153103,CKDHL153103,(CML395/CML444),2017
10@2017,Kakamega2017,Optimal,1,1@2017,1,1@2017,4,19@10,6.01,71,20.4,253.5,130,75,(CML395/CML444)//CKDHL153106,CKDHL153106,(CML395/CML444),2017
10@2017,Kiboko2017,Optimal,2,2@2017,19,19@2017,113,19@10,4.64,55,13.3,244.5,131,57,(CML395/CML444)//CKDHL153106,CKDHL153106,(CML395/CML444),2017
10@2017,Kakamega2017,Optimal,2,2@2017,15,15@2017,85,19@10,5.61,71,19,268,156.5,73,(CML395/CML444)//CKDHL153106,CKDHL153106,(CML395/CML444),2017
10@2017,Kiboko2017,Optimal,1,1@2017,6,6@2017,36,19@10,3.73,58,14.2,258.5,142,60,(CML395/CML444)//CKDHL153106,CKDHL153106,(CML395/CML444),2017
10@2017,Kiboko2017,Optimal,1,1@2017,8,8@2017,44,20@10,4.36,60,14.5,253.5,139.5,61,(CML395/CML444)//CKDHL153109,CKDHL153109,(CML395/CML444),2017
10@2017,Kakamega2017,Optimal,1,1@2017,4,4@2017,20,20@10,6.83,74,20.3,268.5,161,75,(CML395/CML444)//CKDHL153109,CKDHL153109,(CML395/CML444),2017
10@2017,Kakamega2017,Optimal,2,2@2017,19,19@2017,111,20@10,8.88,72,20.1,282.5,141.5,72,(CML395/CML444)//CKDHL153109,CKDHL153109,(CML395/CML444),2017
10@2017,Kiboko2017,Optimal,2,2@2017,12,12@2017,71,20@10,3.86,58,15,255,143,60,(CML395/CML444)//CKDHL153109,CKDHL153109,(CML395/CML444),2017
10@2017,Kiboko2017,Optimal,1,1@2017,1,1@2017,1,21@10,7.53,57,15.3,257.5,125.5,57,(CML395/CML444)//CKDHL153122,CKDHL153122,(CML395/CML444),2017
10@2017,Kakamega2017,Optimal,1,1@2017,5,5@2017,30,21@10,5.78,72,20.7,262.5,137.5,72,(CML395/CML444)//CKDHL153122,CKDHL153122,(CML395/CML444),2017
10@2017,Kiboko2017,Optimal,2,2@2017,18,18@2017,106,21@10,6.45,56,15.2,280,146,56,(CML395/CML444)//CKDHL153122,CKDHL153122,(CML395/CML444),2017
10@2017,Kakamega2017,Optimal,2,2@2017,17,17@2017,98,21@10,8.35,70,17,287.5,143.5,70,(CML395/CML444)//CKDHL153122,CKDHL153122,(CML395/CML444),2017
10@2017,Kiboko2017,Optimal,1,1@2017,8,8@2017,45,22@10,6.01,58,13.6,270.5,139,59,(CML395/CML444)//CKDHL153124,CKDHL153124,(CML395/CML444),2017
10@2017,Kakamega2017,Optimal,1,1@2017,10,10@2017,57,22@10,6.98,74,20.7,267,150,74,(CML395/CML444)//CKDHL153124,CKDHL153124,(CML395/CML444),2017
10@2017,Kakamega2017,Optimal,2,2@2017,12,12@2017,70,22@10,7.83,75,17.5,264.5,126.5,74,(CML395/CML444)//CKDHL153124,CKDHL153124,(CML395/CML444),2017
10@2017,Kiboko2017,Optimal,2,2@2017,19,19@2017,112,22@10,4.11,57,13.3,265.5,141,58,(CML395/CML444)//CKDHL153124,CKDHL153124,(CML395/CML444),2017
10@2017,Kakamega2017,Optimal,2,2@2017,19,19@2017,109,23@10,7.5,72,21,264.5,128.5,71,(CML395/CML444)//CKDHL153129,CKDHL153129,(CML395/CML444),2017
10@2017,Kakamega2017,Optimal,1,1@2017,7,7@2017,39,23@10,7.66,71,18.7,273.5,147.5,72,(CML395/CML444)//CKDHL153129,CKDHL153129,(CML395/CML444),2017
10@2017,Kiboko2017,Optimal,1,1@2017,8,8@2017,46,23@10,5.8,58,14.7,253,133.5,58,(CML395/CML444)//CKDHL153129,CKDHL153129,(CML395/CML444),2017
10@2017,Kiboko2017,Optimal,2,2@2017,17,17@2017,102,23@10,5.64,59,15.3,274.5,142,59,(CML395/CML444)//CKDHL153129,CKDHL153129,(CML395/CML444),2017
10@2017,Kiboko2017,Optimal,1,1@2017,4,4@2017,19,24@10,8.21,56,15.4,247,135.5,56,(CML395/CML444)//CKDHL153130,CKDHL153130,(CML395/CML444),2017
10@2017,Kiboko2017,Optimal,2,2@2017,15,15@2017,85,24@10,5.26,56,13.4,257.5,134.5,57,(CML395/CML444)//CKDHL153130,CKDHL153130,(CML395/CML444),2017
10@2017,Kakamega2017,Optimal,2,2@2017,15,15@2017,89,24@10,5.61,71,19.1,268,153,71,(CML395/CML444)//CKDHL153130,CKDHL153130,(CML395/CML444),2017
10@2017,Kakamega2017,Optimal,1,1@2017,1,1@2017,5,24@10,8.37,69,18.5,264,133.5,69,(CML395/CML444)//CKDHL153130,CKDHL153130,(CML395/CML444),2017
10@2017,Kakamega2017,Optimal,1,1@2017,10,10@2017,56,25@10,8.1,71,18,266.5,164.5,70,(CML395/CML444)//CKDHL153131,CKDHL153131,(CML395/CML444),2017
10@2017,Kiboko2017,Optimal,2,2@2017,18,18@2017,107,25@10,6.41,57,18.3,257,132.5,58,(CML395/CML444)//CKDHL153131,CKDHL153131,(CML395/CML444),2017
10@2017,Kiboko2017,Optimal,1,1@2017,7,7@2017,41,25@10,6.8,58,13.2,260,135.5,58,(CML395/CML444)//CKDHL153131,CKDHL153131,(CML395/CML444),2017
10@2017,Kakamega2017,Optimal,2,2@2017,18,18@2017,107,25@10,7.29,73,18.8,257.5,141,72,(CML395/CML444)//CKDHL153131,CKDHL153131,(CML395/CML444),2017
10@2017,Kiboko2017,Optimal,2,2@2017,13,13@2017,78,26@10,4.61,58,13.4,251,134.5,58,(CML395/CML444)//CKDHL153142,CKDHL153142,(CML395/CML444),2017
10@2017,Kakamega2017,Optimal,2,2@2017,11,11@2017,65,26@10,5.84,69,20.1,273.5,142,71,(CML395/CML444)//CKDHL153142,CKDHL153142,(CML395/CML444),2017
10@2017,Kakamega2017,Optimal,1,1@2017,6,6@2017,33,26@10,4.11,72,17.1,248,136.5,73,(CML395/CML444)//CKDHL153142,CKDHL153142,(CML395/CML444),2017
10@2017,Kiboko2017,Optimal,1,1@2017,7,7@2017,39,26@10,5.12,55,14.4,242.5,132,56,(CML395/CML444)//CKDHL153142,CKDHL153142,(CML395/CML444),2017
10@2017,Kakamega2017,Optimal,1,1@2017,3,3@2017,17,27@10,6.12,70,17.2,274,158.5,68,(CML395/CML444)//CKDHL153145,CKDHL153145,(CML395/CML444),2017
10@2017,Kiboko2017,Optimal,2,2@2017,12,12@2017,68,27@10,5.18,55,13.8,250,131,56,(CML395/CML444)//CKDHL153145,CKDHL153145,(CML395/CML444),2017
10@2017,Kakamega2017,Optimal,2,2@2017,19,19@2017,110,27@10,5.69,70,24.9,264,141.5,69,(CML395/CML444)//CKDHL153145,CKDHL153145,(CML395/CML444),2017
10@2017,Kiboko2017,Optimal,1,1@2017,4,4@2017,21,27@10,6.62,56,14.1,240.5,129,56,(CML395/CML444)//CKDHL153145,CKDHL153145,(CML395/CML444),2017
10@2017,Kiboko2017,Optimal,2,2@2017,14,14@2017,79,28@10,7.31,58,15.5,262,142,58,(CML395/CML444)//CKDHL153146,CKDHL153146,(CML395/CML444),2017
10@2017,Kakamega2017,Optimal,1,1@2017,5,5@2017,25,28@10,9.24,72,21.6,271.5,140,72,(CML395/CML444)//CKDHL153146,CKDHL153146,(CML395/CML444),2017
10@2017,Kakamega2017,Optimal,2,2@2017,20,20@2017,119,28@10,6.53,75,17.1,272.5,166.5,75,(CML395/CML444)//CKDHL153146,CKDHL153146,(CML395/CML444),2017
10@2017,Kiboko2017,Optimal,1,1@2017,10,10@2017,58,28@10,6.4,58,14.8,265.5,151.5,56,(CML395/CML444)//CKDHL153146,CKDHL153146,(CML395/CML444),2017
10@2017,Kakamega2017,Optimal,2,2@2017,14,14@2017,80,29@10,7.02,71,27.2,266,135,72,(CML395/CML444)//CKDHL153149,CKDHL153149,(CML395/CML444),2017
10@2017,Kakamega2017,Optimal,1,1@2017,10,10@2017,59,29@10,8.04,72,18.4,276.5,148,72,(CML395/CML444)//CKDHL153149,CKDHL153149,(CML395/CML444),2017
10@2017,Kiboko2017,Optimal,1,1@2017,10,10@2017,57,29@10,5.36,59,16.3,266.5,141.5,59,(CML395/CML444)//CKDHL153149,CKDHL153149,(CML395/CML444),2017
10@2017,Kiboko2017,Optimal,2,2@2017,13,13@2017,75,29@10,7.01,58,13.5,263.5,131.5,58,(CML395/CML444)//CKDHL153149,CKDHL153149,(CML395/CML444),2017
10@2017,Kakamega2017,Optimal,1,1@2017,4,4@2017,22,30@10,6.39,64,18.1,270,163,63,(CML395/CML444)//CKDHL153150,CKDHL153150,(CML395/CML444),2017
10@2017,Kiboko2017,Optimal,2,2@2017,11,11@2017,65,30@10,3.24,55,13.7,225,109,56,(CML395/CML444)//CKDHL153150,CKDHL153150,(CML395/CML444),2017
10@2017,Kiboko2017,Optimal,1,1@2017,1,1@2017,2,30@10,5.42,53,13.6,235,118,53,(CML395/CML444)//CKDHL153150,CKDHL153150,(CML395/CML444),2017
10@2017,Kakamega2017,Optimal,2,2@2017,13,13@2017,74,30@10,3.21,66,19.2,276,143.5,67,(CML395/CML444)//CKDHL153150,CKDHL153150,(CML395/CML444),2017
10@2017,Kakamega2017,Optimal,1,1@2017,9,9@2017,54,31@10,6.7,74,21.1,267,161,73,(CML395/CML444)//CKDHL153152,CKDHL153152,(CML395/CML444),2017
10@2017,Kiboko2017,Optimal,1,1@2017,9,9@2017,51,31@10,7.31,56,14.3,258.5,135,58,(CML395/CML444)//CKDHL153152,CKDHL153152,(CML395/CML444),2017
10@2017,Kiboko2017,Optimal,2,2@2017,20,20@2017,118,31@10,5.23,57,13.5,259.5,130,57,(CML395/CML444)//CKDHL153152,CKDHL153152,(CML395/CML444),2017
10@2017,Kakamega2017,Optimal,2,2@2017,18,18@2017,104,31@10,4.95,73,21.3,266.5,139,72,(CML395/CML444)//CKDHL153152,CKDHL153152,(CML395/CML444),2017
10@2017,Kakamega2017,Optimal,1,1@2017,8,8@2017,43,32@10,6.39,67,18.9,272.5,133,68,(CML395/CML444)//CKDHL153158,CKDHL153158,(CML395/CML444),2017
10@2017,Kiboko2017,Optimal,1,1@2017,5,5@2017,29,32@10,6.22,56,13.9,248.5,135.5,56,(CML395/CML444)//CKDHL153158,CKDHL153158,(CML395/CML444),2017
10@2017,Kakamega2017,Optimal,2,2@2017,20,20@2017,115,32@10,6.91,69,16.9,257,130,69,(CML395/CML444)//CKDHL153158,CKDHL153158,(CML395/CML444),2017
10@2017,Kiboko2017,Optimal,2,2@2017,12,12@2017,67,32@10,6.03,56,12.1,251.5,131.5,56,(CML395/CML444)//CKDHL153158,CKDHL153158,(CML395/CML444),2017
10@2017,Kiboko2017,Optimal,2,2@2017,14,14@2017,80,33@10,4.78,58,12.3,262,133.5,58,(CML395/CML444)//CKDHL153163,CKDHL153163,(CML395/CML444),2017
10@2017,Kakamega2017,Optimal,1,1@2017,10,10@2017,55,33@10,7.75,71,20.7,265.5,167,70,(CML395/CML444)//CKDHL153163,CKDHL153163,(CML395/CML444),2017
10@2017,Kakamega2017,Optimal,2,2@2017,15,15@2017,88,33@10,6.36,71,19.3,267,153.5,68,(CML395/CML444)//CKDHL153163,CKDHL153163,(CML395/CML444),2017
10@2017,Kiboko2017,Optimal,1,1@2017,9,9@2017,52,33@10,5.92,56,14.5,260.5,147.5,57,(CML395/CML444)//CKDHL153163,CKDHL153163,(CML395/CML444),2017
10@2017,Kiboko2017,Optimal,1,1@2017,8,8@2017,43,34@10,6.93,55,14.4,257.5,148,55,(CML395/CML444)//CKDHL153166,CKDHL153166,(CML395/CML444),2017
10@2017,Kiboko2017,Optimal,2,2@2017,17,17@2017,101,34@10,5,56,15,255,135,56,(CML395/CML444)//CKDHL153166,CKDHL153166,(CML395/CML444),2017
10@2017,Kakamega2017,Optimal,2,2@2017,14,14@2017,81,34@10,6.49,71,17.6,272.5,150.5,70,(CML395/CML444)//CKDHL153166,CKDHL153166,(CML395/CML444),2017
10@2017,Kakamega2017,Optimal,1,1@2017,6,6@2017,35,34@10,6.7,70,20.9,281.5,152.5,71,(CML395/CML444)//CKDHL153166,CKDHL153166,(CML395/CML444),2017
10@2017,Kakamega2017,Optimal,2,2@2017,13,13@2017,75,35@10,5.95,71,17.2,275,146.5,71,(CML395/CML444)//CKDHL153167,CKDHL153167,(CML395/CML444),2017
10@2017,Kiboko2017,Optimal,2,2@2017,15,15@2017,88,35@10,7.06,56,15.6,261,131,57,(CML395/CML444)//CKDHL153167,CKDHL153167,(CML395/CML444),2017
10@2017,Kakamega2017,Optimal,1,1@2017,2,2@2017,9,35@10,6.16,70,19.2,283,168.5,71,(CML395/CML444)//CKDHL153167,CKDHL153167,(CML395/CML444),2017
10@2017,Kiboko2017,Optimal,1,1@2017,8,8@2017,47,35@10,5.06,58,12.9,255,136,58,(CML395/CML444)//CKDHL153167,CKDHL153167,(CML395/CML444),2017
10@2017,Kiboko2017,Optimal,1,1@2017,1,1@2017,3,36@10,7.76,56,13.3,251,128.5,57,(CML395/CML444)//CKDHL153173,CKDHL153173,(CML395/CML444),2017
10@2017,Kiboko2017,Optimal,2,2@2017,15,15@2017,89,36@10,4.86,56,15.5,256,122.5,58,(CML395/CML444)//CKDHL153173,CKDHL153173,(CML395/CML444),2017
10@2017,Kakamega2017,Optimal,1,1@2017,8,8@2017,47,36@10,4.96,67,20.5,264.5,136.5,68,(CML395/CML444)//CKDHL153173,CKDHL153173,(CML395/CML444),2017
10@2017,Kakamega2017,Optimal,2,2@2017,17,17@2017,100,36@10,4.34,69,18.7,274,136,72,(CML395/CML444)//CKDHL153173,CKDHL153173,(CML395/CML444),2017
10@2017,Kakamega2017,Optimal,2,2@2017,11,11@2017,66,37@10,6.56,69,26.1,279,148.5,70,(CML395/CML444)//CKDHL153181,CKDHL153181,(CML395/CML444),2017
10@2017,Kakamega2017,Optimal,1,1@2017,8,8@2017,44,37@10,6.13,71,19.9,285.5,152,72,(CML395/CML444)//CKDHL153181,CKDHL153181,(CML395/CML444),2017
10@2017,Kiboko2017,Optimal,2,2@2017,16,16@2017,96,37@10,5.69,58,15.4,292,172,58,(CML395/CML444)//CKDHL153181,CKDHL153181,(CML395/CML444),2017
10@2017,Kiboko2017,Optimal,1,1@2017,3,3@2017,16,37@10,7.24,56,13.8,271,146.5,56,(CML395/CML444)//CKDHL153181,CKDHL153181,(CML395/CML444),2017
10@2017,Kakamega2017,Optimal,2,2@2017,20,20@2017,120,38@10,4.43,76,19.4,276,173.5,76,(CML395/CML444)//CKDHL153182,CKDHL153182,(CML395/CML444),2017
10@2017,Kakamega2017,Optimal,1,1@2017,5,5@2017,27,38@10,6.06,72,20,248.5,138.5,71,(CML395/CML444)//CKDHL153182,CKDHL153182,(CML395/CML444),2017
10@2017,Kiboko2017,Optimal,2,2@2017,15,15@2017,86,38@10,5.3,57,16.4,239,126.5,57,(CML395/CML444)//CKDHL153182,CKDHL153182,(CML395/CML444),2017
10@2017,Kiboko2017,Optimal,1,1@2017,4,4@2017,23,38@10,5.01,58,13.8,231.5,122,60,(CML395/CML444)//CKDHL153182,CKDHL153182,(CML395/CML444),2017
10@2017,Kakamega2017,Optimal,2,2@2017,15,15@2017,86,39@10,6.34,69,21.3,264,160.5,70,(CML395/CML444)//CKDHL153185,CKDHL153185,(CML395/CML444),2017
10@2017,Kiboko2017,Optimal,2,2@2017,20,20@2017,120,39@10,4.36,56,13.3,268.5,136.5,56,(CML395/CML444)//CKDHL153185,CKDHL153185,(CML395/CML444),2017
10@2017,Kiboko2017,Optimal,1,1@2017,3,3@2017,13,39@10,6.9,55,14.5,277.5,157.5,56,(CML395/CML444)//CKDHL153185,CKDHL153185,(CML395/CML444),2017
10@2017,Kakamega2017,Optimal,1,1@2017,4,4@2017,21,39@10,6.44,67,16.9,266,164,67,(CML395/CML444)//CKDHL153185,CKDHL153185,(CML395/CML444),2017
10@2017,Kiboko2017,Optimal,2,2@2017,11,11@2017,64,40@10,5.31,54,14.4,255,128,55,(CML395/CML444)//CKDHL153190,CKDHL153190,(CML395/CML444),2017
10@2017,Kakamega2017,Optimal,1,1@2017,5,5@2017,29,40@10,6.19,67,20.9,267,135,68,(CML395/CML444)//CKDHL153190,CKDHL153190,(CML395/CML444),2017
10@2017,Kakamega2017,Optimal,2,2@2017,19,19@2017,112,40@10,4.71,69,22.9,270.5,143,75,(CML395/CML444)//CKDHL153190,CKDHL153190,(CML395/CML444),2017
10@2017,Kiboko2017,Optimal,1,1@2017,7,7@2017,38,40@10,5.12,55,13.8,251,129.5,56,(CML395/CML444)//CKDHL153190,CKDHL153190,(CML395/CML444),2017
10@2017,Kakamega2017,Optimal,1,1@2017,8,8@2017,46,41@10,4.81,70,21.3,251,139,71,(CML395/CML444)//CKDHL153192,CKDHL153192,(CML395/CML444),2017
10@2017,Kakamega2017,Optimal,2,2@2017,15,15@2017,87,41@10,8.32,71,19.8,263.5,161.5,72,(CML395/CML444)//CKDHL153192,CKDHL153192,(CML395/CML444),2017
10@2017,Kiboko2017,Optimal,2,2@2017,17,17@2017,99,41@10,3.69,56,13.8,268,149.5,59,(CML395/CML444)//CKDHL153192,CKDHL153192,(CML395/CML444),2017
10@2017,Kiboko2017,Optimal,1,1@2017,4,4@2017,22,41@10,5.25,58,14.9,244.5,129.5,58,(CML395/CML444)//CKDHL153192,CKDHL153192,(CML395/CML444),2017
10@2017,Kiboko2017,Optimal,2,2@2017,20,20@2017,117,42@10,5.17,58,13.5,266,142.5,58,(CML395/CML444)//CKDHL153193,CKDHL153193,(CML395/CML444),2017
10@2017,Kiboko2017,Optimal,1,1@2017,5,5@2017,26,42@10,4.91,58,14.1,246.5,142,59,(CML395/CML444)//CKDHL153193,CKDHL153193,(CML395/CML444),2017
10@2017,Kakamega2017,Optimal,1,1@2017,6,6@2017,32,42@10,8.54,70,18.2,271,145,71,(CML395/CML444)//CKDHL153193,CKDHL153193,(CML395/CML444),2017
10@2017,Kakamega2017,Optimal,2,2@2017,20,20@2017,118,42@10,9.73,75,17.6,274,159.5,72,(CML395/CML444)//CKDHL153193,CKDHL153193,(CML395/CML444),2017
10@2017,Kakamega2017,Optimal,2,2@2017,15,15@2017,90,43@10,9.12,67,24.9,269,137,68,(CML395/CML444)//CKDHL153194,CKDHL153194,(CML395/CML444),2017
10@2017,Kiboko2017,Optimal,1,1@2017,10,10@2017,56,43@10,8.03,56,14.9,257,133.5,56,(CML395/CML444)//CKDHL153194,CKDHL153194,(CML395/CML444),2017
10@2017,Kakamega2017,Optimal,1,1@2017,7,7@2017,41,43@10,8.79,67,20.7,276,142.5,67,(CML395/CML444)//CKDHL153194,CKDHL153194,(CML395/CML444),2017
10@2017,Kiboko2017,Optimal,2,2@2017,11,11@2017,62,43@10,7.04,54,15.5,257,126.5,54,(CML395/CML444)//CKDHL153194,CKDHL153194,(CML395/CML444),2017
10@2017,Kakamega2017,Optimal,2,2@2017,16,16@2017,94,44@10,5.78,68,17.5,262.5,146.5,68,(CML395/CML444)//CKDHL153195,CKDHL153195,(CML395/CML444),2017
10@2017,Kiboko2017,Optimal,1,1@2017,7,7@2017,37,44@10,3.52,54,12.4,238.5,131,55,(CML395/CML444)//CKDHL153195,CKDHL153195,(CML395/CML444),2017
10@2017,Kakamega2017,Optimal,1,1@2017,7,7@2017,38,44@10,4.67,72,17.3,268.5,133.5,72,(CML395/CML444)//CKDHL153195,CKDHL153195,(CML395/CML444),2017
10@2017,Kiboko2017,Optimal,2,2@2017,16,16@2017,91,44@10,4,55,11.8,241,127,55,(CML395/CML444)//CKDHL153195,CKDHL153195,(CML395/CML444),2017
10@2017,Kakamega2017,Optimal,1,1@2017,3,3@2017,13,45@10,5.58,73,18.5,268,158,74,(CML395/CML444)//CKDHL153196,CKDHL153196,(CML395/CML444),2017
10@2017,Kiboko2017,Optimal,1,1@2017,9,9@2017,54,45@10,6.07,55,13.2,265.5,128.5,56,(CML395/CML444)//CKDHL153196,CKDHL153196,(CML395/CML444),2017
10@2017,Kakamega2017,Optimal,2,2@2017,11,11@2017,62,45@10,5.13,71,25.1,280,135,72,(CML395/CML444)//CKDHL153196,CKDHL153196,(CML395/CML444),2017
10@2017,Kiboko2017,Optimal,2,2@2017,16,16@2017,92,45@10,5.9,57,13.6,259,136,55,(CML395/CML444)//CKDHL153196,CKDHL153196,(CML395/CML444),2017
10@2017,Kiboko2017,Optimal,1,1@2017,4,4@2017,24,46@10,5.54,57,13.4,240,131,57,(CML395/CML444)//CKDHL153197,CKDHL153197,(CML395/CML444),2017
10@2017,Kiboko2017,Optimal,2,2@2017,13,13@2017,74,46@10,4.31,57,13.8,252.5,132,58,(CML395/CML444)//CKDHL153197,CKDHL153197,(CML395/CML444),2017
10@2017,Kakamega2017,Optimal,1,1@2017,6,6@2017,34,46@10,5.29,70,17.5,261,129,70,(CML395/CML444)//CKDHL153197,CKDHL153197,(CML395/CML444),2017
10@2017,Kakamega2017,Optimal,2,2@2017,11,11@2017,64,46@10,3.3,70,19.7,267,141,72,(CML395/CML444)//CKDHL153197,CKDHL153197,(CML395/CML444),2017
10@2017,Kiboko2017,Optimal,2,2@2017,14,14@2017,82,47@10,4.75,55,13,247,124.5,55,(CML395/CML444)//CKDHL153199,CKDHL153199,(CML395/CML444),2017
10@2017,Kiboko2017,Optimal,1,1@2017,8,8@2017,48,47@10,4.88,55,12.1,236,127,55,(CML395/CML444)//CKDHL153199,CKDHL153199,(CML395/CML444),2017
10@2017,Kakamega2017,Optimal,2,2@2017,16,16@2017,92,47@10,8.32,68,29.2,271,139,68,(CML395/CML444)//CKDHL153199,CKDHL153199,(CML395/CML444),2017
10@2017,Kakamega2017,Optimal,1,1@2017,7,7@2017,42,47@10,7.19,69,19,259,141,70,(CML395/CML444)//CKDHL153199,CKDHL153199,(CML395/CML444),2017
10@2017,Kakamega2017,Optimal,1,1@2017,7,7@2017,37,48@10,5.53,68,20.2,264,148,68,(CML395/CML444)//CKDHL153207,CKDHL153207,(CML395/CML444),2017
10@2017,Kakamega2017,Optimal,2,2@2017,18,18@2017,106,48@10,6.78,75,17.9,269,137,72,(CML395/CML444)//CKDHL153207,CKDHL153207,(CML395/CML444),2017
10@2017,Kiboko2017,Optimal,1,1@2017,10,10@2017,60,48@10,5.97,56,13.4,255.5,143,56,(CML395/CML444)//CKDHL153207,CKDHL153207,(CML395/CML444),2017
10@2017,Kiboko2017,Optimal,2,2@2017,14,14@2017,84,48@10,4.11,58,12.1,246.5,137.5,58,(CML395/CML444)//CKDHL153207,CKDHL153207,(CML395/CML444),2017
10@2017,Kakamega2017,Optimal,2,2@2017,17,17@2017,102,49@10,8.86,69,18.2,283.5,150,70,(CML395/CML444)//CKDHL153213,CKDHL153213,(CML395/CML444),2017
10@2017,Kakamega2017,Optimal,1,1@2017,2,2@2017,12,49@10,6.52,74,18,262.5,161.5,75,(CML395/CML444)//CKDHL153213,CKDHL153213,(CML395/CML444),2017
10@2017,Kiboko2017,Optimal,2,2@2017,18,18@2017,103,49@10,5.93,59,14.8,275,143.5,57,(CML395/CML444)//CKDHL153213,CKDHL153213,(CML395/CML444),2017
10@2017,Kiboko2017,Optimal,1,1@2017,6,6@2017,34,49@10,5.71,57,13.4,256,136,56,(CML395/CML444)//CKDHL153213,CKDHL153213,(CML395/CML444),2017
10@2017,Kiboko2017,Optimal,2,2@2017,14,14@2017,81,50@10,3.48,57,11.3,247.5,135.5,57,(CML395/CML444)//CKDHL153219,CKDHL153219,(CML395/CML444),2017
10@2017,Kiboko2017,Optimal,1,1@2017,10,10@2017,55,50@10,5.19,58,15,254,147,59,(CML395/CML444)//CKDHL153219,CKDHL153219,(CML395/CML444),2017
10@2017,Kakamega2017,Optimal,2,2@2017,16,16@2017,95,50@10,5.06,71,18.6,277,132,73,(CML395/CML444)//CKDHL153219,CKDHL153219,(CML395/CML444),2017
10@2017,Kakamega2017,Optimal,1,1@2017,3,3@2017,14,50@10,4.99,71,18.3,265.5,159.5,70,(CML395/CML444)//CKDHL153219,CKDHL153219,(CML395/CML444),2017
10@2017,Kiboko2017,Optimal,2,2@2017,20,20@2017,119,51@10,4.72,60,11.4,274,152,60,(CML395/CML444)//CKDHL153222,CKDHL153222,(CML395/CML444),2017
10@2017,Kakamega2017,Optimal,2,2@2017,18,18@2017,105,51@10,6.69,73,19.3,288,155,75,(CML395/CML444)//CKDHL153222,CKDHL153222,(CML395/CML444),2017
10@2017,Kakamega2017,Optimal,1,1@2017,8,8@2017,45,51@10,5.7,74,19.5,274.5,154,76,(CML395/CML444)//CKDHL153222,CKDHL153222,(CML395/CML444),2017
10@2017,Kiboko2017,Optimal,1,1@2017,2,2@2017,12,51@10,7.82,58,14.2,290,166,59,(CML395/CML444)//CKDHL153222,CKDHL153222,(CML395/CML444),2017
10@2017,Kiboko2017,Optimal,1,1@2017,7,7@2017,40,52@10,7.31,56,17.1,273,151,58,(CML395/CML444)//CKDHL153228,CKDHL153228,(CML395/CML444),2017
10@2017,Kiboko2017,Optimal,2,2@2017,12,12@2017,70,52@10,5.7,58,12.8,269,133,59,(CML395/CML444)//CKDHL153228,CKDHL153228,(CML395/CML444),2017
10@2017,Kakamega2017,Optimal,1,1@2017,2,2@2017,8,52@10,11.4,74,20.7,271.5,168,75,(CML395/CML444)//CKDHL153228,CKDHL153228,(CML395/CML444),2017
10@2017,Kakamega2017,Optimal,2,2@2017,12,12@2017,68,52@10,4.54,72,18.1,275.5,146.5,73,(CML395/CML444)//CKDHL153228,CKDHL153228,(CML395/CML444),2017
10@2017,Kakamega2017,Optimal,2,2@2017,18,18@2017,108,53@10,5.53,72,17.8,260.5,131.5,75,(CML395/CML444)//CKDHL153231,CKDHL153231,(CML395/CML444),2017
10@2017,Kiboko2017,Optimal,2,2@2017,16,16@2017,94,53@10,3.79,58,13.5,265.5,150,58,(CML395/CML444)//CKDHL153231,CKDHL153231,(CML395/CML444),2017
10@2017,Kiboko2017,Optimal,1,1@2017,3,3@2017,14,53@10,5.89,55,12.4,270.5,147.5,56,(CML395/CML444)//CKDHL153231,CKDHL153231,(CML395/CML444),2017
10@2017,Kakamega2017,Optimal,1,1@2017,9,9@2017,51,53@10,6.06,72,18.6,261.5,161.5,72,(CML395/CML444)//CKDHL153231,CKDHL153231,(CML395/CML444),2017
10@2017,Kiboko2017,Optimal,1,1@2017,5,5@2017,27,54@10,6.5,58,17.8,248,128.5,60,(CML395/CML444)//CKDHL153234,CKDHL153234,(CML395/CML444),2017
10@2017,Kakamega2017,Optimal,1,1@2017,6,6@2017,36,54@10,7.57,73,18.1,285,161.5,73,(CML395/CML444)//CKDHL153234,CKDHL153234,(CML395/CML444),2017
10@2017,Kakamega2017,Optimal,2,2@2017,11,11@2017,61,54@10,5.84,72,19,272.5,143,73,(CML395/CML444)//CKDHL153234,CKDHL153234,(CML395/CML444),2017
10@2017,Kiboko2017,Optimal,2,2@2017,17,17@2017,100,54@10,7.87,57,14.6,283,147,59,(CML395/CML444)//CKDHL153234,CKDHL153234,(CML395/CML444),2017
10@2017,Kiboko2017,Optimal,2,2@2017,14,14@2017,83,55@10,5.17,54,13.1,270,127,55,(CML395/CML444)//CKDHL153239,CKDHL153239,(CML395/CML444),2017
10@2017,Kiboko2017,Optimal,1,1@2017,6,6@2017,32,55@10,6.25,56,13,262.5,137,58,(CML395/CML444)//CKDHL153239,CKDHL153239,(CML395/CML444),2017
10@2017,Kakamega2017,Optimal,1,1@2017,8,8@2017,48,55@10,8.43,69,20.5,265.5,166,72,(CML395/CML444)//CKDHL153239,CKDHL153239,(CML395/CML444),2017
10@2017,Kakamega2017,Optimal,2,2@2017,11,11@2017,63,55@10,8.32,67,25.3,279.5,135,69,(CML395/CML444)//CKDHL153239,CKDHL153239,(CML395/CML444),2017
10@2017,Kakamega2017,Optimal,2,2@2017,14,14@2017,84,56@10,10.09,75,18.6,266,160,76,H517,H517,,2017
10@2017,Kakamega2017,Optimal,1,1@2017,3,3@2017,15,56@10,7.49,74,19.6,264.5,158,75,H517,H517,,2017
10@2017,Kiboko2017,Optimal,1,1@2017,5,5@2017,30,56@10,6.51,61,13.7,280.5,156,63,H517,H517,,2017
10@2017,Kiboko2017,Optimal,2,2@2017,20,20@2017,116,56@10,4.85,60,13.6,278,164,61,H517,H517,,2017
10@2017,Kiboko2017,Optimal,1,1@2017,9,9@2017,53,57@10,5.72,56,13.8,267.5,125.5,59,Pioneer 30G19,Pioneer 30G19,,2017
10@2017,Kakamega2017,Optimal,2,2@2017,19,19@2017,114,57@10,8.65,72,18.2,278,133.5,73,Pioneer 30G19,Pioneer 30G19,,2017
10@2017,Kiboko2017,Optimal,2,2@2017,18,18@2017,104,57@10,5.66,56,16.7,289.5,145.5,60,Pioneer 30G19,Pioneer 30G19,,2017
10@2017,Kakamega2017,Optimal,1,1@2017,4,4@2017,19,57@10,10.68,68,20.6,270,153,70,Pioneer 30G19,Pioneer 30G19,,2017
10@2017,Kakamega2017,Optimal,2,2@2017,14,14@2017,83,58@10,11.36,73,16.5,266.5,150.5,73,WH505,WH505,,2017
10@2017,Kiboko2017,Optimal,2,2@2017,18,18@2017,108,58@10,8.86,60,15,293.5,152,61,WH505,WH505,,2017
10@2017,Kakamega2017,Optimal,1,1@2017,10,10@2017,60,58@10,10.64,74,18.4,298.5,155,74,WH505,WH505,,2017
10@2017,Kiboko2017,Optimal,1,1@2017,1,1@2017,6,58@10,8.67,60,15.2,295.5,160.5,60,WH505,WH505,,2017
10@2017,Kiboko2017,Optimal,2,2@2017,15,15@2017,90,59@10,3.89,55,13.8,268,131,58,DK 8031,DK 8031,,2017
10@2017,Kakamega2017,Optimal,2,2@2017,14,14@2017,82,59@10,4.03,74,16.4,267.5,156,71,DK 8031,DK 8031,,2017
10@2017,Kiboko2017,Optimal,1,1@2017,7,7@2017,42,59@10,4.51,54,12.6,257,138,57,DK 8031,DK 8031,,2017
10@2017,Kakamega2017,Optimal,1,1@2017,4,4@2017,24,59@10,5.23,66,17.2,271,130,66,DK 8031,DK 8031,,2017
10@2017,Kiboko2017,Optimal,1,1@2017,3,3@2017,18,60@10,6.79,53,11.6,249.5,129.5,54,PAN 4M19,PAN 4M19,,2017
10@2017,Kiboko2017,Optimal,2,2@2017,16,16@2017,93,60@10,3.95,53,11.8,243.5,128.5,55,PAN 4M19,PAN 4M19,,2017
10@2017,Kakamega2017,Optimal,2,2@2017,18,18@2017,103,60@10,5.06,68,17.9,247,124.4,70,PAN 4M19,PAN 4M19,,2017
10@2017,Kakamega2017,Optimal,1,1@2017,9,9@2017,49,60@10,3.95,66,16.4,268,157.5,68,PAN 4M19,PAN 4M19,,2017
11@2017,Kakamega2017,Optimal,2,2@2017,10,10@2017,48,1@11,9.12,70,19.8,275.5,127,70,(CML395/CML444)//CKDHL153251,CKDHL153251,(CML395/CML444),2017
11@2017,Kiboko2017,Optimal,1,1@2017,1,1@2017,1,1@11,7.29,56,20,223.5,115,56,(CML395/CML444)//CKDHL153251,CKDHL153251,(CML395/CML444),2017
11@2017,Kiboko2017,Optimal,2,2@2017,17,17@2017,83,1@11,6.96,56,15.7,263,134,56,(CML395/CML444)//CKDHL153251,CKDHL153251,(CML395/CML444),2017
11@2017,Kakamega2017,Optimal,1,1@2017,3,3@2017,12,1@11,6.34,70,20.3,293.5,135.5,72,(CML395/CML444)//CKDHL153251,CKDHL153251,(CML395/CML444),2017
11@2017,Kakamega2017,Optimal,1,1@2017,8,8@2017,39,2@11,6.48,71,20.9,278,142,70,(CML395/CML444)//CKDHL153252,CKDHL153252,(CML395/CML444),2017
11@2017,Kiboko2017,Optimal,1,1@2017,2,2@2017,8,2@11,3.85,56,15.1,250.2,139,56,(CML395/CML444)//CKDHL153252,CKDHL153252,(CML395/CML444),2017
11@2017,Kiboko2017,Optimal,2,2@2017,11,11@2017,51,2@11,6.73,58,14.8,247,131,57,(CML395/CML444)//CKDHL153252,CKDHL153252,(CML395/CML444),2017
11@2017,Kakamega2017,Optimal,2,2@2017,10,10@2017,50,2@11,5.52,72,20.3,268.5,138,71,(CML395/CML444)//CKDHL153252,CKDHL153252,(CML395/CML444),2017
11@2017,Kakamega2017,Optimal,1,1@2017,8,8@2017,36,3@11,5.29,71,18.8,277,138.5,72,(CML395/CML444)//CKDHL153256,CKDHL153256,(CML395/CML444),2017
11@2017,Kakamega2017,Optimal,2,2@2017,15,15@2017,71,3@11,5.28,70,22.7,279,131.5,68,(CML395/CML444)//CKDHL153256,CKDHL153256,(CML395/CML444),2017
11@2017,Kiboko2017,Optimal,1,1@2017,8,8@2017,39,3@11,7.76,56,17.5,270.7,148.5,56,(CML395/CML444)//CKDHL153256,CKDHL153256,(CML395/CML444),2017
11@2017,Kiboko2017,Optimal,2,2@2017,15,15@2017,71,3@11,7.88,59,16.7,250.5,142,57,(CML395/CML444)//CKDHL153256,CKDHL153256,(CML395/CML444),2017
11@2017,Kakamega2017,Optimal,1,1@2017,9,9@2017,44,4@11,6.37,73,20.4,260.5,129.5,71,(CML395/CML444)//CKDHL153257,CKDHL153257,(CML395/CML444),2017
11@2017,Kiboko2017,Optimal,1,1@2017,4,4@2017,16,4@11,6.76,56,16.5,251,143,56,(CML395/CML444)//CKDHL153257,CKDHL153257,(CML395/CML444),2017
11@2017,Kakamega2017,Optimal,2,2@2017,12,12@2017,60,4@11,6.13,73,20.1,268,145,73,(CML395/CML444)//CKDHL153257,CKDHL153257,(CML395/CML444),2017
11@2017,Kiboko2017,Optimal,2,2@2017,14,14@2017,68,4@11,6.84,59,17.2,258.5,147.5,59,(CML395/CML444)//CKDHL153257,CKDHL153257,(CML395/CML444),2017
11@2017,Kiboko2017,Optimal,2,2@2017,13,13@2017,64,5@11,8.7,58,15.4,243,141.5,57,(CML395/CML444)//CKDHL153259,CKDHL153259,(CML395/CML444),2017
11@2017,Kiboko2017,Optimal,1,1@2017,7,7@2017,33,5@11,8.77,56,19.1,261.7,158.5,55,(CML395/CML444)//CKDHL153259,CKDHL153259,(CML395/CML444),2017
11@2017,Kakamega2017,Optimal,1,1@2017,9,9@2017,43,5@11,7.95,73,18.5,255.5,143.5,72,(CML395/CML444)//CKDHL153259,CKDHL153259,(CML395/CML444),2017
11@2017,Kakamega2017,Optimal,2,2@2017,12,12@2017,59,5@11,9.68,75,19.2,281,157.5,73,(CML395/CML444)//CKDHL153259,CKDHL153259,(CML395/CML444),2017
11@2017,Kiboko2017,Optimal,2,2@2017,14,14@2017,67,6@11,6.07,58,15.8,270.5,148.5,58,(CML395/CML444)//CKDHL153260,CKDHL153260,(CML395/CML444),2017
11@2017,Kakamega2017,Optimal,2,2@2017,17,17@2017,82,6@11,5.69,75,22,241.5,115.5,75,(CML395/CML444)//CKDHL153260,CKDHL153260,(CML395/CML444),2017
11@2017,Kiboko2017,Optimal,1,1@2017,7,7@2017,31,6@11,9.85,58,18,286.5,162,57,(CML395/CML444)//CKDHL153260,CKDHL153260,(CML395/CML444),2017
11@2017,Kakamega2017,Optimal,1,1@2017,5,5@2017,21,6@11,7.11,72,20.9,287.5,148.5,70,(CML395/CML444)//CKDHL153260,CKDHL153260,(CML395/CML444),2017
11@2017,Kiboko2017,Optimal,1,1@2017,2,2@2017,7,7@11,7.43,56,13.8,263.5,153,56,(CML395/CML444)//CKDHL153261,CKDHL153261,(CML395/CML444),2017
11@2017,Kakamega2017,Optimal,2,2@2017,16,16@2017,79,7@11,6.84,73,22.5,241,105,73,(CML395/CML444)//CKDHL153261,CKDHL153261,(CML395/CML444),2017
11@2017,Kakamega2017,Optimal,1,1@2017,1,1@2017,5,7@11,7.48,71,18.4,262.5,130,70,(CML395/CML444)//CKDHL153261,CKDHL153261,(CML395/CML444),2017
11@2017,Kiboko2017,Optimal,2,2@2017,15,15@2017,73,7@11,5.48,60,14.7,265.5,146.5,60,(CML395/CML444)//CKDHL153261,CKDHL153261,(CML395/CML444),2017
11@2017,Kiboko2017,Optimal,1,1@2017,5,5@2017,24,8@11,6.9,56,16.4,252.5,134.5,56,(CML395/CML444)//CKDHL153263,CKDHL153263,(CML395/CML444),2017
11@2017,Kakamega2017,Optimal,1,1@2017,2,2@2017,6,8@11,7.21,67,19.3,266,128.5,67,(CML395/CML444)//CKDHL153263,CKDHL153263,(CML395/CML444),2017
11@2017,Kakamega2017,Optimal,2,2@2017,15,15@2017,72,8@11,4.95,71,24.6,258.5,130,71,(CML395/CML444)//CKDHL153263,CKDHL153263,(CML395/CML444),2017
11@2017,Kiboko2017,Optimal,2,2@2017,13,13@2017,62,8@11,6.05,56,16.9,212.5,122,56,(CML395/CML444)//CKDHL153263,CKDHL153263,(CML395/CML444),2017
11@2017,Kiboko2017,Optimal,1,1@2017,1,1@2017,2,9@11,6.95,57,16.2,239,134,56,(CML395/CML444)//CKDHL153265,CKDHL153265,(CML395/CML444),2017
11@2017,Kakamega2017,Optimal,2,2@2017,18,18@2017,90,9@11,6.51,73,20,244,114,73,(CML395/CML444)//CKDHL153265,CKDHL153265,(CML395/CML444),2017
11@2017,Kiboko2017,Optimal,2,2@2017,16,16@2017,78,9@11,4.45,58,16.4,257.5,140,58,(CML395/CML444)//CKDHL153265,CKDHL153265,(CML395/CML444),2017
11@2017,Kakamega2017,Optimal,1,1@2017,4,4@2017,17,9@11,5.95,71,20,295,146,69,(CML395/CML444)//CKDHL153265,CKDHL153265,(CML395/CML444),2017
11@2017,Kakamega2017,Optimal,1,1@2017,4,4@2017,20,10@11,4.97,69,19.9,247,138.5,67,(CML395/CML444)//CKDHL153269,CKDHL153269,(CML395/CML444),2017
11@2017,Kakamega2017,Optimal,2,2@2017,10,10@2017,49,10@11,6.4,67,18.2,240,122.5,69,(CML395/CML444)//CKDHL153269,CKDHL153269,(CML395/CML444),2017
11@2017,Kiboko2017,Optimal,2,2@2017,14,14@2017,69,10@11,3.84,56,16.6,234.5,133.5,56,(CML395/CML444)//CKDHL153269,CKDHL153269,(CML395/CML444),2017
11@2017,Kiboko2017,Optimal,1,1@2017,3,3@2017,14,10@11,5.31,55,14.9,240,144,54,(CML395/CML444)//CKDHL153269,CKDHL153269,(CML395/CML444),2017
11@2017,Kiboko2017,Optimal,1,1@2017,5,5@2017,23,11@11,5.92,59,18,268,143,59,(CML395/CML444)//CKDHL153271,CKDHL153271,(CML395/CML444),2017
11@2017,Kiboko2017,Optimal,2,2@2017,11,11@2017,54,11@11,7.61,57,16.7,280,149.5,58,(CML395/CML444)//CKDHL153271,CKDHL153271,(CML395/CML444),2017
11@2017,Kakamega2017,Optimal,2,2@2017,12,12@2017,58,11@11,7.18,73,20.1,282.5,150.5,76,(CML395/CML444)//CKDHL153271,CKDHL153271,(CML395/CML444),2017
11@2017,Kakamega2017,Optimal,1,1@2017,2,2@2017,7,11@11,6.31,74,21.5,274.5,135,75,(CML395/CML444)//CKDHL153271,CKDHL153271,(CML395/CML444),2017
11@2017,Kakamega2017,Optimal,2,2@2017,11,11@2017,51,12@11,6.06,67,19.4,277.5,145,69,(CML395/CML444)//CKDHL153275,CKDHL153275,(CML395/CML444),2017
11@2017,Kiboko2017,Optimal,2,2@2017,10,10@2017,47,12@11,5.51,59,15.2,265,156.5,59,(CML395/CML444)//CKDHL153275,CKDHL153275,(CML395/CML444),2017
11@2017,Kakamega2017,Optimal,1,1@2017,7,7@2017,34,12@11,6.71,73,22.2,282,148,71,(CML395/CML444)//CKDHL153275,CKDHL153275,(CML395/CML444),2017
11@2017,Kiboko2017,Optimal,1,1@2017,1,1@2017,3,12@11,6.69,59,15.7,249.5,150,58,(CML395/CML444)//CKDHL153275,CKDHL153275,(CML395/CML444),2017
11@2017,Kiboko2017,Optimal,2,2@2017,17,17@2017,85,13@11,6.09,56,16.4,233,139.5,56,(CML395/CML444)//CKDHL153277,CKDHL153277,(CML395/CML444),2017
11@2017,Kakamega2017,Optimal,2,2@2017,18,18@2017,89,13@11,4.59,75,20.5,237,125,75,(CML395/CML444)//CKDHL153277,CKDHL153277,(CML395/CML444),2017
11@2017,Kiboko2017,Optimal,1,1@2017,8,8@2017,36,13@11,7.54,57,19,250.5,146,57,(CML395/CML444)//CKDHL153277,CKDHL153277,(CML395/CML444),2017
11@2017,Kakamega2017,Optimal,1,1@2017,1,1@2017,4,13@11,8.27,70,18.2,263.5,136,70,(CML395/CML444)//CKDHL153277,CKDHL153277,(CML395/CML444),2017
11@2017,Kiboko2017,Optimal,1,1@2017,8,8@2017,38,14@11,6.04,56,17.4,269.5,148.5,57,(CML395/CML444)//CKDHL153279,CKDHL153279,(CML395/CML444),2017
11@2017,Kakamega2017,Optimal,2,2@2017,17,17@2017,85,14@11,6.96,75,20,270.5,125.5,75,(CML395/CML444)//CKDHL153279,CKDHL153279,(CML395/CML444),2017
11@2017,Kakamega2017,Optimal,1,1@2017,6,6@2017,29,14@11,7.04,72,19.6,271,130,71,(CML395/CML444)//CKDHL153279,CKDHL153279,(CML395/CML444),2017
11@2017,Kiboko2017,Optimal,2,2@2017,16,16@2017,79,14@11,7.56,57,16.7,253,144,57,(CML395/CML444)//CKDHL153279,CKDHL153279,(CML395/CML444),2017
11@2017,Kakamega2017,Optimal,1,1@2017,3,3@2017,11,15@11,8.44,71,22.1,263.5,136,72,(CML395/CML444)//CKDHL153281,CKDHL153281,(CML395/CML444),2017
11@2017,Kakamega2017,Optimal,2,2@2017,12,12@2017,57,15@11,7.47,72,18.2,280.5,150.5,72,(CML395/CML444)//CKDHL153281,CKDHL153281,(CML395/CML444),2017
11@2017,Kiboko2017,Optimal,1,1@2017,3,3@2017,13,15@11,6.77,56,16,269,148,57,(CML395/CML444)//CKDHL153281,CKDHL153281,(CML395/CML444),2017
11@2017,Kiboko2017,Optimal,2,2@2017,17,17@2017,82,15@11,7.4,56,16,259.5,144.5,57,(CML395/CML444)//CKDHL153281,CKDHL153281,(CML395/CML444),2017
11@2017,Kakamega2017,Optimal,2,2@2017,14,14@2017,66,16@11,5.93,73,18.1,268.5,143.5,73,(CML395/CML444)//CKDHL153283,CKDHL153283,(CML395/CML444),2017
11@2017,Kiboko2017,Optimal,1,1@2017,5,5@2017,21,16@11,7.47,58,19.4,267.5,148,56,(CML395/CML444)//CKDHL153283,CKDHL153283,(CML395/CML444),2017
11@2017,Kakamega2017,Optimal,1,1@2017,6,6@2017,26,16@11,7.7,72,22.1,269.5,137,72,(CML395/CML444)//CKDHL153283,CKDHL153283,(CML395/CML444),2017
11@2017,Kiboko2017,Optimal,2,2@2017,12,12@2017,56,16@11,5.83,59,15.8,236.5,129.5,60,(CML395/CML444)//CKDHL153283,CKDHL153283,(CML395/CML444),2017
11@2017,Kiboko2017,Optimal,2,2@2017,16,16@2017,77,17@11,6.4,57,16.5,262.5,147.5,56,(CML395/CML444)//CKDHL153284,CKDHL153284,(CML395/CML444),2017
11@2017,Kakamega2017,Optimal,2,2@2017,11,11@2017,55,17@11,5.01,73,22.3,284.5,143.5,73,(CML395/CML444)//CKDHL153284,CKDHL153284,(CML395/CML444),2017
11@2017,Kiboko2017,Optimal,1,1@2017,5,5@2017,25,17@11,7.65,58,18.1,255.5,143.5,56,(CML395/CML444)//CKDHL153284,CKDHL153284,(CML395/CML444),2017
11@2017,Kakamega2017,Optimal,1,1@2017,4,4@2017,19,17@11,6.74,72,20.7,284.5,145,71,(CML395/CML444)//CKDHL153284,CKDHL153284,(CML395/CML444),2017
11@2017,Kiboko2017,Optimal,2,2@2017,16,16@2017,80,18@11,4.08,55,17.2,257.5,137,56,(CML395/CML444)//CKDHL153285,CKDHL153285,(CML395/CML444),2017
11@2017,Kakamega2017,Optimal,2,2@2017,10,10@2017,46,18@11,6.29,73,18.3,262,132,74,(CML395/CML444)//CKDHL153285,CKDHL153285,(CML395/CML444),2017
11@2017,Kiboko2017,Optimal,1,1@2017,4,4@2017,18,18@11,7.21,56,15.1,266,144,56,(CML395/CML444)//CKDHL153285,CKDHL153285,(CML395/CML444),2017
11@2017,Kakamega2017,Optimal,1,1@2017,7,7@2017,33,18@11,5.94,74,19.3,268.5,140,74,(CML395/CML444)//CKDHL153285,CKDHL153285,(CML395/CML444),2017
11@2017,Kiboko2017,Optimal,2,2@2017,18,18@2017,88,19@11,6.08,56,15.4,254,148,56,(CML395/CML444)//CKDHL153286,CKDHL153286,(CML395/CML444),2017
11@2017,Kakamega2017,Optimal,2,2@2017,14,14@2017,70,19@11,7.53,71,19.6,271.5,139,69,(CML395/CML444)//CKDHL153286,CKDHL153286,(CML395/CML444),2017
11@2017,Kiboko2017,Optimal,1,1@2017,8,8@2017,40,19@11,6.65,57,16.2,270,158,57,(CML395/CML444)//CKDHL153286,CKDHL153286,(CML395/CML444),2017
11@2017,Kakamega2017,Optimal,1,1@2017,9,9@2017,41,19@11,6.27,71,19.9,249.5,132.5,71,(CML395/CML444)//CKDHL153286,CKDHL153286,(CML395/CML444),2017
11@2017,Kiboko2017,Optimal,2,2@2017,11,11@2017,52,20@11,7.01,57,15.1,242,146,56,(CML395/CML444)//CKDHL153288,CKDHL153288,(CML395/CML444),2017
11@2017,Kakamega2017,Optimal,2,2@2017,13,13@2017,62,20@11,7.12,74,19.3,271.5,137.5,74,(CML395/CML444)//CKDHL153288,CKDHL153288,(CML395/CML444),2017
11@2017,Kakamega2017,Optimal,1,1@2017,7,7@2017,32,20@11,8.11,71,17.3,283.5,139,70,(CML395/CML444)//CKDHL153288,CKDHL153288,(CML395/CML444),2017
11@2017,Kiboko2017,Optimal,1,1@2017,8,8@2017,37,20@11,7.43,59,16.9,262.5,145.5,60,(CML395/CML444)//CKDHL153288,CKDHL153288,(CML395/CML444),2017
11@2017,Kiboko2017,Optimal,1,1@2017,6,6@2017,26,21@11,5.99,59,18.1,243.5,141,58,(CML395/CML444)//CKDHL153291,CKDHL153291,(CML395/CML444),2017
11@2017,Kiboko2017,Optimal,2,2@2017,14,14@2017,70,21@11,5.4,59,18.1,247,138.5,56,(CML395/CML444)//CKDHL153291,CKDHL153291,(CML395/CML444),2017
11@2017,Kakamega2017,Optimal,1,1@2017,9,9@2017,45,21@11,3.13,79,23.4,279,138,75,(CML395/CML444)//CKDHL153291,CKDHL153291,(CML395/CML444),2017
11@2017,Kakamega2017,Optimal,2,2@2017,16,16@2017,76,21@11,5.16,76,19.6,249,124.5,75,(CML395/CML444)//CKDHL153291,CKDHL153291,(CML395/CML444),2017
11@2017,Kiboko2017,Optimal,1,1@2017,3,3@2017,11,22@11,6.26,56,15.1,244,147.5,56,(CML395/CML444)//CKDHL153292,CKDHL153292,(CML395/CML444),2017
11@2017,Kiboko2017,Optimal,2,2@2017,12,12@2017,60,22@11,8.01,58,17.4,213,118.5,57,(CML395/CML444)//CKDHL153292,CKDHL153292,(CML395/CML444),2017
11@2017,Kakamega2017,Optimal,1,1@2017,6,6@2017,30,22@11,6.46,72,27,257.5,139,71,(CML395/CML444)//CKDHL153292,CKDHL153292,(CML395/CML444),2017
11@2017,Kakamega2017,Optimal,2,2@2017,13,13@2017,61,22@11,6.59,71,19.7,264.5,134,69,(CML395/CML444)//CKDHL153292,CKDHL153292,(CML395/CML444),2017
11@2017,Kakamega2017,Optimal,1,1@2017,4,4@2017,16,23@11,4.68,67,19,261.5,124.5,69,(CML395/CML444)//CKDHL153293,CKDHL153293,(CML395/CML444),2017
11@2017,Kiboko2017,Optimal,2,2@2017,14,14@2017,66,23@11,6.84,54,15.9,248,124,54,(CML395/CML444)//CKDHL153293,CKDHL153293,(CML395/CML444),2017
11@2017,Kakamega2017,Optimal,2,2@2017,17,17@2017,84,23@11,3.6,75,20.7,245,119.5,75,(CML395/CML444)//CKDHL153293,CKDHL153293,(CML395/CML444),2017
11@2017,Kiboko2017,Optimal,1,1@2017,2,2@2017,6,23@11,6.41,54,14.3,260,139,54,(CML395/CML444)//CKDHL153293,CKDHL153293,(CML395/CML444),2017
11@2017,Kiboko2017,Optimal,2,2@2017,12,12@2017,57,24@11,7.12,57,14.1,246.5,119,56,(CML395/CML444)//CKDHL153297,CKDHL153297,(CML395/CML444),2017
11@2017,Kiboko2017,Optimal,1,1@2017,7,7@2017,34,24@11,6.85,57,14.7,253,136.5,56,(CML395/CML444)//CKDHL153297,CKDHL153297,(CML395/CML444),2017
11@2017,Kakamega2017,Optimal,2,2@2017,11,11@2017,54,24@11,5.8,71,24.1,272,135,70,(CML395/CML444)//CKDHL153297,CKDHL153297,(CML395/CML444),2017
11@2017,Kakamega2017,Optimal,1,1@2017,1,1@2017,2,24@11,6.15,72,18.5,261.5,126,71,(CML395/CML444)//CKDHL153297,CKDHL153297,(CML395/CML444),2017
11@2017,Kiboko2017,Optimal,1,1@2017,3,3@2017,15,25@11,6.2,59,14.1,259.5,144,56,(CML395/CML444)//CKDHL153298,CKDHL153298,(CML395/CML444),2017
11@2017,Kiboko2017,Optimal,2,2@2017,18,18@2017,89,25@11,5.77,58,15,258,149.5,56,(CML395/CML444)//CKDHL153298,CKDHL153298,(CML395/CML444),2017
11@2017,Kakamega2017,Optimal,2,2@2017,16,16@2017,77,25@11,7.4,72,18.5,262,130,71,(CML395/CML444)//CKDHL153298,CKDHL153298,(CML395/CML444),2017
11@2017,Kakamega2017,Optimal,1,1@2017,7,7@2017,31,25@11,7.24,71,22.5,275,140.5,68,(CML395/CML444)//CKDHL153298,CKDHL153298,(CML395/CML444),2017
11@2017,Kakamega2017,Optimal,2,2@2017,15,15@2017,73,26@11,6,73,24.4,248.5,118.5,73,(CML395/CML444)//CKDHL153301,CKDHL153301,(CML395/CML444),2017
11@2017,Kakamega2017,Optimal,1,1@2017,3,3@2017,15,26@11,8.04,71,19.3,279,138,70,(CML395/CML444)//CKDHL153301,CKDHL153301,(CML395/CML444),2017
11@2017,Kiboko2017,Optimal,2,2@2017,13,13@2017,61,26@11,6.24,59,19.3,206.5,105,59,(CML395/CML444)//CKDHL153301,CKDHL153301,(CML395/CML444),2017
11@2017,Kiboko2017,Optimal,1,1@2017,1,1@2017,4,26@11,7,56,18.1,252.5,141,56,(CML395/CML444)//CKDHL153301,CKDHL153301,(CML395/CML444),2017
11@2017,Kakamega2017,Optimal,1,1@2017,6,6@2017,28,27@11,6.68,74,18.9,261,132,74,(CML395/CML444)//CKDHL153303,CKDHL153303,(CML395/CML444),2017
11@2017,Kiboko2017,Optimal,2,2@2017,12,12@2017,58,27@11,8.27,58,15.3,227,123.5,58,(CML395/CML444)//CKDHL153303,CKDHL153303,(CML395/CML444),2017
11@2017,Kakamega2017,Optimal,2,2@2017,10,10@2017,47,27@11,4.92,75,18.4,264,145,75,(CML395/CML444)//CKDHL153303,CKDHL153303,(CML395/CML444),2017
11@2017,Kiboko2017,Optimal,1,1@2017,2,2@2017,9,27@11,5.51,58,14.7,247.5,126.5,58,(CML395/CML444)//CKDHL153303,CKDHL153303,(CML395/CML444),2017
11@2017,Kakamega2017,Optimal,1,1@2017,2,2@2017,8,28@11,6.58,71,17.5,258,130.5,68,(CML395/CML444)//CKDHL153305,CKDHL153305,(CML395/CML444),2017
11@2017,Kiboko2017,Optimal,1,1@2017,7,7@2017,32,28@11,5.7,56,17.3,253.5,151.5,54,(CML395/CML444)//CKDHL153305,CKDHL153305,(CML395/CML444),2017
11@2017,Kiboko2017,Optimal,2,2@2017,18,18@2017,86,28@11,6.86,55,16.3,246,141.5,53,(CML395/CML444)//CKDHL153305,CKDHL153305,(CML395/CML444),2017
11@2017,Kakamega2017,Optimal,2,2@2017,14,14@2017,68,28@11,6.62,71,25.4,250.5,130.3,69,(CML395/CML444)//CKDHL153305,CKDHL153305,(CML395/CML444),2017
11@2017,Kakamega2017,Optimal,1,1@2017,5,5@2017,22,29@11,7.72,69,26.1,273,131.5,69,(CML395/CML444)//CKDHL153306,CKDHL153306,(CML395/CML444),2017
11@2017,Kakamega2017,Optimal,2,2@2017,18,18@2017,87,29@11,5.66,73,20.7,251.5,118,73,(CML395/CML444)//CKDHL153306,CKDHL153306,(CML395/CML444),2017
11@2017,Kiboko2017,Optimal,2,2@2017,18,18@2017,90,29@11,7.53,56,19.9,266,146,56,(CML395/CML444)//CKDHL153306,CKDHL153306,(CML395/CML444),2017
11@2017,Kiboko2017,Optimal,1,1@2017,6,6@2017,29,29@11,7.98,57,19.8,267.5,140.5,56,(CML395/CML444)//CKDHL153306,CKDHL153306,(CML395/CML444),2017
11@2017,Kiboko2017,Optimal,1,1@2017,1,1@2017,5,30@11,7.21,55,14.7,269.7,143.5,56,(CML395/CML444)//CKDHL153307,CKDHL153307,(CML395/CML444),2017
11@2017,Kiboko2017,Optimal,2,2@2017,10,10@2017,48,30@11,6.1,57,14.3,277,150.5,57,(CML395/CML444)//CKDHL153307,CKDHL153307,(CML395/CML444),2017
11@2017,Kakamega2017,Optimal,1,1@2017,1,1@2017,3,30@11,7.95,70,17.2,260.5,124,70,(CML395/CML444)//CKDHL153307,CKDHL153307,(CML395/CML444),2017
11@2017,Kakamega2017,Optimal,2,2@2017,17,17@2017,83,30@11,5.9,73,19.1,259,132,73,(CML395/CML444)//CKDHL153307,CKDHL153307,(CML395/CML444),2017
11@2017,Kakamega2017,Optimal,2,2@2017,12,12@2017,56,31@11,10.17,72,33.5,285,150.2,71,(CML395/CML444)//CKDHL153313,CKDHL153313,(CML395/CML444),2017
11@2017,Kiboko2017,Optimal,2,2@2017,17,17@2017,81,31@11,7.65,58,15.7,270.5,161,56,(CML395/CML444)//CKDHL153313,CKDHL153313,(CML395/CML444),2017
11@2017,Kiboko2017,Optimal,1,1@2017,9,9@2017,42,31@11,6.5,57,17,260.5,148.5,57,(CML395/CML444)//CKDHL153313,CKDHL153313,(CML395/CML444),2017
11@2017,Kakamega2017,Optimal,1,1@2017,4,4@2017,18,31@11,8.53,70,20.9,289.5,147.5,69,(CML395/CML444)//CKDHL153313,CKDHL153313,(CML395/CML444),2017
11@2017,Kakamega2017,Optimal,1,1@2017,6,6@2017,27,32@11,8.98,102,18.1,258.5,137,73,(CML395/CML444)//CKDHL153315,CKDHL153315,(CML395/CML444),2017
11@2017,Kiboko2017,Optimal,1,1@2017,4,4@2017,19,32@11,5.9,59,16.7,246,147,58,(CML395/CML444)//CKDHL153315,CKDHL153315,(CML395/CML444),2017
11@2017,Kakamega2017,Optimal,2,2@2017,15,15@2017,74,32@11,7.09,75,18.7,237,117,75,(CML395/CML444)//CKDHL153315,CKDHL153315,(CML395/CML444),2017
11@2017,Kiboko2017,Optimal,2,2@2017,15,15@2017,74,32@11,5.55,59,18.6,241.5,136.5,59,(CML395/CML444)//CKDHL153315,CKDHL153315,(CML395/CML444),2017
11@2017,Kakamega2017,Optimal,2,2@2017,18,18@2017,86,33@11,6.39,75,19.2,259,131.5,76,(CML395/CML444)//CKDHL153316,CKDHL153316,(CML395/CML444),2017
11@2017,Kakamega2017,Optimal,1,1@2017,3,3@2017,13,33@11,8.61,69,21.6,279,155.5,70,(CML395/CML444)//CKDHL153316,CKDHL153316,(CML395/CML444),2017
11@2017,Kiboko2017,Optimal,2,2@2017,17,17@2017,84,33@11,8.25,57,15.2,273,146,58,(CML395/CML444)//CKDHL153316,CKDHL153316,(CML395/CML444),2017
11@2017,Kiboko2017,Optimal,1,1@2017,6,6@2017,27,33@11,7.69,56,14.9,259,142.5,56,(CML395/CML444)//CKDHL153316,CKDHL153316,(CML395/CML444),2017
11@2017,Kakamega2017,Optimal,2,2@2017,18,18@2017,88,34@11,3.96,75,18.7,260,137.5,76,(CML395/CML444)//CKDHL153317,CKDHL153317,(CML395/CML444),2017
11@2017,Kiboko2017,Optimal,2,2@2017,13,13@2017,63,34@11,7.19,58,16.6,236,132.5,60,(CML395/CML444)//CKDHL153317,CKDHL153317,(CML395/CML444),2017
11@2017,Kiboko2017,Optimal,1,1@2017,2,2@2017,10,34@11,5.2,56,14.3,259,142.5,58,(CML395/CML444)//CKDHL153317,CKDHL153317,(CML395/CML444),2017
11@2017,Kakamega2017,Optimal,1,1@2017,8,8@2017,38,34@11,5.97,72,20.9,283,151.5,73,(CML395/CML444)//CKDHL153317,CKDHL153317,(CML395/CML444),2017
11@2017,Kakamega2017,Optimal,2,2@2017,13,13@2017,64,35@11,6.05,72,22.7,282.5,137.5,73,(CML395/CML444)//CKDHL153319,CKDHL153319,(CML395/CML444),2017
11@2017,Kiboko2017,Optimal,1,1@2017,9,9@2017,45,35@11,6.71,56,14,272,146.5,56,(CML395/CML444)//CKDHL153319,CKDHL153319,(CML395/CML444),2017
11@2017,Kakamega2017,Optimal,1,1@2017,8,8@2017,37,35@11,4.7,72,21.7,272.5,140,71,(CML395/CML444)//CKDHL153319,CKDHL153319,(CML395/CML444),2017
11@2017,Kiboko2017,Optimal,2,2@2017,10,10@2017,50,35@11,6.35,57,14.3,255.5,143.5,58,(CML395/CML444)//CKDHL153319,CKDHL153319,(CML395/CML444),2017
11@2017,Kakamega2017,Optimal,1,1@2017,1,1@2017,1,36@11,5.54,74,18.5,255,134.5,75,(CML395/CML444)//CKDHL153320,CKDHL153320,(CML395/CML444),2017
11@2017,Kiboko2017,Optimal,1,1@2017,5,5@2017,22,36@11,7.28,56,17.1,266,158.5,56,(CML395/CML444)//CKDHL153320,CKDHL153320,(CML395/CML444),2017
11@2017,Kiboko2017,Optimal,2,2@2017,18,18@2017,87,36@11,7.3,56,16.2,249,142,56,(CML395/CML444)//CKDHL153320,CKDHL153320,(CML395/CML444),2017
11@2017,Kakamega2017,Optimal,2,2@2017,14,14@2017,67,36@11,7.19,71,20,254,142,71,(CML395/CML444)//CKDHL153320,CKDHL153320,(CML395/CML444),2017
11@2017,Kiboko2017,Optimal,1,1@2017,9,9@2017,43,37@11,5.36,57,14.9,248,150.5,56,(CML395/CML444)//CKDHL153322,CKDHL153322,(CML395/CML444),2017
11@2017,Kakamega2017,Optimal,1,1@2017,5,5@2017,25,37@11,7.91,69,19.9,246.5,136,67,(CML395/CML444)//CKDHL153322,CKDHL153322,(CML395/CML444),2017
11@2017,Kiboko2017,Optimal,2,2@2017,10,10@2017,49,37@11,5.59,56,13.1,246,144.5,54,(CML395/CML444)//CKDHL153322,CKDHL153322,(CML395/CML444),2017
11@2017,Kakamega2017,Optimal,2,2@2017,11,11@2017,53,37@11,5.3,71,19.9,259.5,137.5,70,(CML395/CML444)//CKDHL153322,CKDHL153322,(CML395/CML444),2017
11@2017,Kakamega2017,Optimal,2,2@2017,15,15@2017,75,38@11,6.01,72,20.6,257,121,72,(CML395/CML444)//CKDHL153323,CKDHL153323,(CML395/CML444),2017
11@2017,Kiboko2017,Optimal,2,2@2017,15,15@2017,72,38@11,6.99,56,15.3,267.5,152,56,(CML395/CML444)//CKDHL153323,CKDHL153323,(CML395/CML444),2017
11@2017,Kiboko2017,Optimal,1,1@2017,3,3@2017,12,38@11,5.49,55,12.9,249,131,54,(CML395/CML444)//CKDHL153323,CKDHL153323,(CML395/CML444),2017
11@2017,Kakamega2017,Optimal,1,1@2017,8,8@2017,40,38@11,6.66,71,20.4,292,139.5,71,(CML395/CML444)//CKDHL153323,CKDHL153323,(CML395/CML444),2017
11@2017,Kakamega2017,Optimal,1,1@2017,3,3@2017,14,39@11,7.23,71,20.9,302,165,73,(CML395/CML444)//CKDHL153324,CKDHL153324,(CML395/CML444),2017
11@2017,Kakamega2017,Optimal,2,2@2017,13,13@2017,65,39@11,9.69,72,20,261.5,140.5,71,(CML395/CML444)//CKDHL153324,CKDHL153324,(CML395/CML444),2017
11@2017,Kiboko2017,Optimal,2,2@2017,10,10@2017,46,39@11,8.08,57,17.2,272,159,56,(CML395/CML444)//CKDHL153324,CKDHL153324,(CML395/CML444),2017
11@2017,Kiboko2017,Optimal,1,1@2017,6,6@2017,28,39@11,8.16,56,18,263.5,152,56,(CML395/CML444)//CKDHL153324,CKDHL153324,(CML395/CML444),2017
11@2017,Kakamega2017,Optimal,1,1@2017,5,5@2017,23,40@11,7.63,74,20.5,268,137,74,(CML395/CML444)//CKDHL153328,CKDHL153328,(CML395/CML444),2017
11@2017,Kiboko2017,Optimal,2,2@2017,12,12@2017,59,40@11,3.91,58,15.1,224,119,60,(CML395/CML444)//CKDHL153328,CKDHL153328,(CML395/CML444),2017
11@2017,Kiboko2017,Optimal,1,1@2017,4,4@2017,17,40@11,4.51,58,13.6,258,143.5,60,(CML395/CML444)//CKDHL153328,CKDHL153328,(CML395/CML444),2017
11@2017,Kakamega2017,Optimal,2,2@2017,16,16@2017,80,40@11,5.38,75,20.3,221,106.5,76,(CML395/CML444)//CKDHL153328,CKDHL153328,(CML395/CML444),2017
11@2017,Kiboko2017,Optimal,1,1@2017,7,7@2017,35,41@11,7.5,61,17,299.5,178.5,62,H517,H517,,2017
11@2017,Kiboko2017,Optimal,2,2@2017,15,15@2017,75,41@11,4.25,60,14.9,283,164,62,H517,H517,,2017
11@2017,Kakamega2017,Optimal,2,2@2017,14,14@2017,69,41@11,8.59,76,21.6,295.5,163.5,78,H517,H517,,2017
11@2017,Kakamega2017,Optimal,1,1@2017,9,9@2017,42,41@11,7.61,75,19.9,288.5,175.5,79,H517,H517,,2017
11@2017,Kakamega2017,Optimal,2,2@2017,16,16@2017,78,42@11,6.39,69,22.7,240,101,75,Pioneer 30G19,Pioneer 30G19,,2017
11@2017,Kiboko2017,Optimal,1,1@2017,4,4@2017,20,42@11,6.29,56,17,292,137,59,Pioneer 30G19,Pioneer 30G19,,2017
11@2017,Kakamega2017,Optimal,1,1@2017,5,5@2017,24,42@11,10.69,68,22.6,282.5,132.5,70,Pioneer 30G19,Pioneer 30G19,,2017
11@2017,Kiboko2017,Optimal,2,2@2017,11,11@2017,53,42@11,4.91,57,15.9,280.5,136.5,60,Pioneer 30G19,Pioneer 30G19,,2017
11@2017,Kakamega2017,Optimal,2,2@2017,13,13@2017,63,43@11,9.44,76,22.9,299,167,76,WH505,WH505,,2017
11@2017,Kiboko2017,Optimal,2,2@2017,11,11@2017,55,43@11,7.04,59,14.4,278,148,59,WH505,WH505,,2017
11@2017,Kiboko2017,Optimal,1,1@2017,9,9@2017,41,43@11,8.77,59,16.8,294.5,153,59,WH505,WH505,,2017
11@2017,Kakamega2017,Optimal,1,1@2017,7,7@2017,35,43@11,9.57,74,21.3,301,172,73,WH505,WH505,,2017
11@2017,Kakamega2017,Optimal,1,1@2017,2,2@2017,10,44@11,5.23,69,19.5,260,121.5,70,DK 8031,DK 8031,,2017
11@2017,Kiboko2017,Optimal,2,2@2017,13,13@2017,65,44@11,3.48,58,12,260,137,60,DK 8031,DK 8031,,2017
11@2017,Kiboko2017,Optimal,1,1@2017,9,9@2017,44,44@11,3.41,56,16.4,275,145.5,59,DK 8031,DK 8031,,2017
11@2017,Kakamega2017,Optimal,2,2@2017,17,17@2017,81,44@11,5.27,72,21,239.5,108,76,DK 8031,DK 8031,,2017
11@2017,Kiboko2017,Optimal,2,2@2017,16,16@2017,76,45@11,5.35,54,13.7,232.5,120,55,PAN 4M19,PAN 4M19,,2017
11@2017,Kakamega2017,Optimal,2,2@2017,11,11@2017,52,45@11,5.16,71,24.1,243.5,121,70,PAN 4M19,PAN 4M19,,2017
11@2017,Kakamega2017,Optimal,1,1@2017,2,2@2017,9,45@11,5.89,67,17.7,233.5,112.5,69,PAN 4M19,PAN 4M19,,2017
11@2017,Kiboko2017,Optimal,1,1@2017,6,6@2017,30,45@11,7.29,53,12.8,250.5,133.5,54,PAN 4M19,PAN 4M19,,2017
12@2017,Kiboko2017,Optimal,1,1@2017,5,5@2017,28,1@12,6,54,16.9,247.5,133.5,55,(CML395/CML444)//CKDHL153560,CKDHL153560,(CML395/CML444),2017
12@2017,Kakamega2017,Optimal,1,1@2017,5,5@2017,25,1@12,9.57,70,21.5,267.5,157.5,70,(CML395/CML444)//CKDHL153560,CKDHL153560,(CML395/CML444),2017
12@2017,Kiboko2017,Optimal,2,2@2017,14,14@2017,82,1@12,7.82,56,17.8,268.5,147,56,(CML395/CML444)//CKDHL153560,CKDHL153560,(CML395/CML444),2017
12@2017,Kakamega2017,Optimal,2,2@2017,17,17@2017,102,1@12,6.54,76,22.1,258.5,132.5,76,(CML395/CML444)//CKDHL153560,CKDHL153560,(CML395/CML444),2017
12@2017,Kiboko2017,Optimal,1,1@2017,7,7@2017,38,2@12,7.39,57,14.6,275.5,135,58,(CML395/CML444)//CKDHL153561,CKDHL153561,(CML395/CML444),2017
12@2017,Kiboko2017,Optimal,2,2@2017,17,17@2017,102,2@12,8.2,56,15,266.5,137,58,(CML395/CML444)//CKDHL153561,CKDHL153561,(CML395/CML444),2017
12@2017,Kakamega2017,Optimal,1,1@2017,3,3@2017,13,2@12,4.41,76,24.6,260,131.5,78,(CML395/CML444)//CKDHL153561,CKDHL153561,(CML395/CML444),2017
12@2017,Kakamega2017,Optimal,2,2@2017,14,14@2017,79,2@12,2.98,78,22.7,262,127.5,78,(CML395/CML444)//CKDHL153561,CKDHL153561,(CML395/CML444),2017
12@2017,Kiboko2017,Optimal,1,1@2017,6,6@2017,32,3@12,7.25,55,15.2,259.5,134.5,56,(CML395/CML444)//CKDHL153563,CKDHL153563,(CML395/CML444),2017
12@2017,Kakamega2017,Optimal,1,1@2017,7,7@2017,39,3@12,5.42,68,23.7,278,151,70,(CML395/CML444)//CKDHL153563,CKDHL153563,(CML395/CML444),2017
12@2017,Kakamega2017,Optimal,2,2@2017,11,11@2017,66,3@12,5.35,69,18.2,250.5,132.5,71,(CML395/CML444)//CKDHL153563,CKDHL153563,(CML395/CML444),2017
12@2017,Kiboko2017,Optimal,2,2@2017,15,15@2017,88,3@12,6.88,55,18,260.5,138.5,58,(CML395/CML444)//CKDHL153563,CKDHL153563,(CML395/CML444),2017
12@2017,Kakamega2017,Optimal,1,1@2017,3,3@2017,14,4@12,5.54,79,23.7,254,136.5,82,(CML395/CML444)//CKDHL153564,CKDHL153564,(CML395/CML444),2017
12@2017,Kiboko2017,Optimal,1,1@2017,2,2@2017,12,4@12,4.56,59,14.6,272.5,153,59,(CML395/CML444)//CKDHL153564,CKDHL153564,(CML395/CML444),2017
12@2017,Kakamega2017,Optimal,2,2@2017,12,12@2017,72,4@12,4.3,71,21,258.5,140,75,(CML395/CML444)//CKDHL153564,CKDHL153564,(CML395/CML444),2017
12@2017,Kiboko2017,Optimal,2,2@2017,13,13@2017,74,4@12,7.04,60,15,272.5,159,59,(CML395/CML444)//CKDHL153564,CKDHL153564,(CML395/CML444),2017
12@2017,Kiboko2017,Optimal,2,2@2017,14,14@2017,84,5@12,7.31,57,16.8,267,147.5,58,(CML395/CML444)//CKDHL153566,CKDHL153566,(CML395/CML444),2017
12@2017,Kakamega2017,Optimal,1,1@2017,6,6@2017,32,5@12,6.23,75,22.2,263,156,75,(CML395/CML444)//CKDHL153566,CKDHL153566,(CML395/CML444),2017
12@2017,Kiboko2017,Optimal,1,1@2017,3,3@2017,16,5@12,6.71,59,18,258,139,59,(CML395/CML444)//CKDHL153566,CKDHL153566,(CML395/CML444),2017
12@2017,Kakamega2017,Optimal,2,2@2017,17,17@2017,99,5@12,4.63,79,23.8,230.5,121.5,81,(CML395/CML444)//CKDHL153566,CKDHL153566,(CML395/CML444),2017
12@2017,Kakamega2017,Optimal,2,2@2017,15,15@2017,89,6@12,6.11,74,20.9,268,143.5,72,(CML395/CML444)//CKDHL153567,CKDHL153567,(CML395/CML444),2017
12@2017,Kiboko2017,Optimal,2,2@2017,17,17@2017,97,6@12,7.42,57,15.5,259,142.5,56,(CML395/CML444)//CKDHL153567,CKDHL153567,(CML395/CML444),2017
12@2017,Kiboko2017,Optimal,1,1@2017,3,3@2017,14,6@12,8.82,56,14.7,264.5,143.5,55,(CML395/CML444)//CKDHL153567,CKDHL153567,(CML395/CML444),2017
12@2017,Kakamega2017,Optimal,1,1@2017,2,2@2017,10,6@12,5.67,71,21.4,252,133.5,71,(CML395/CML444)//CKDHL153567,CKDHL153567,(CML395/CML444),2017
12@2017,Kakamega2017,Optimal,2,2@2017,17,17@2017,101,7@12,4.99,71,24.4,257,135.5,73,(CML395/CML444)//CKDHL153569,CKDHL153569,(CML395/CML444),2017
12@2017,Kiboko2017,Optimal,1,1@2017,3,3@2017,15,7@12,8.5,57,18.3,266,144.5,56,(CML395/CML444)//CKDHL153569,CKDHL153569,(CML395/CML444),2017
12@2017,Kiboko2017,Optimal,2,2@2017,15,15@2017,89,7@12,9.35,55,16.5,266,135.5,57,(CML395/CML444)//CKDHL153569,CKDHL153569,(CML395/CML444),2017
12@2017,Kakamega2017,Optimal,1,1@2017,4,4@2017,22,7@12,5.86,69,22.8,261.5,138.5,69,(CML395/CML444)//CKDHL153569,CKDHL153569,(CML395/CML444),2017
12@2017,Kakamega2017,Optimal,2,2@2017,16,16@2017,95,8@12,6.53,75,22,246.5,140.5,75,(CML395/CML444)//CKDHL153571,CKDHL153571,(CML395/CML444),2017
12@2017,Kakamega2017,Optimal,1,1@2017,8,8@2017,44,8@12,7.85,73,22.4,240.5,136.5,71,(CML395/CML444)//CKDHL153571,CKDHL153571,(CML395/CML444),2017
12@2017,Kiboko2017,Optimal,2,2@2017,15,15@2017,85,8@12,8.25,57,18.7,255,141.5,57,(CML395/CML444)//CKDHL153571,CKDHL153571,(CML395/CML444),2017
12@2017,Kiboko2017,Optimal,1,1@2017,7,7@2017,39,8@12,6.58,57,14.4,265.5,144.5,57,(CML395/CML444)//CKDHL153571,CKDHL153571,(CML395/CML444),2017
12@2017,Kiboko2017,Optimal,2,2@2017,15,15@2017,87,9@12,8.52,57,17.9,281.5,157.5,58,(CML395/CML444)//CKDHL153573,CKDHL153573,(CML395/CML444),2017
12@2017,Kakamega2017,Optimal,2,2@2017,14,14@2017,81,9@12,6.29,76,21.9,263.5,152.5,78,(CML395/CML444)//CKDHL153573,CKDHL153573,(CML395/CML444),2017
12@2017,Kiboko2017,Optimal,1,1@2017,1,1@2017,5,9@12,5.42,58,15.3,278,156,58,(CML395/CML444)//CKDHL153573,CKDHL153573,(CML395/CML444),2017
12@2017,Kakamega2017,Optimal,1,1@2017,9,9@2017,53,9@12,6.95,72,22.9,270,140.5,72,(CML395/CML444)//CKDHL153573,CKDHL153573,(CML395/CML444),2017
12@2017,Kakamega2017,Optimal,1,1@2017,7,7@2017,38,10@12,6.09,74,22,276,168,74,(CML395/CML444)//CKDHL153581,CKDHL153581,(CML395/CML444),2017
12@2017,Kiboko2017,Optimal,1,1@2017,5,5@2017,27,10@12,6.73,56,15,266,134,58,(CML395/CML444)//CKDHL153581,CKDHL153581,(CML395/CML444),2017
12@2017,Kakamega2017,Optimal,2,2@2017,13,13@2017,76,10@12,6.58,74,23.5,262,140.5,73,(CML395/CML444)//CKDHL153581,CKDHL153581,(CML395/CML444),2017
12@2017,Kiboko2017,Optimal,2,2@2017,10,10@2017,57,10@12,8.53,57,16.2,286,155.5,58,(CML395/CML444)//CKDHL153581,CKDHL153581,(CML395/CML444),2017
12@2017,Kakamega2017,Optimal,1,1@2017,2,2@2017,11,11@12,5.76,69,20.1,249.5,125.5,72,(CML395/CML444)//CKDHL153586,CKDHL153586,(CML395/CML444),2017
12@2017,Kakamega2017,Optimal,2,2@2017,12,12@2017,69,11@12,6.2,71,21.6,269.5,137,71,(CML395/CML444)//CKDHL153586,CKDHL153586,(CML395/CML444),2017
12@2017,Kiboko2017,Optimal,1,1@2017,1,1@2017,4,11@12,7.31,55,13.8,257,147,54,(CML395/CML444)//CKDHL153586,CKDHL153586,(CML395/CML444),2017
12@2017,Kiboko2017,Optimal,2,2@2017,17,17@2017,100,11@12,5.96,55,14.8,258.5,143.5,56,(CML395/CML444)//CKDHL153586,CKDHL153586,(CML395/CML444),2017
12@2017,Kiboko2017,Optimal,1,1@2017,7,7@2017,42,12@12,6.73,56,17.1,262,154.5,55,(CML395/CML444)//CKDHL153587,CKDHL153587,(CML395/CML444),2017
12@2017,Kakamega2017,Optimal,1,1@2017,8,8@2017,45,12@12,7.76,71,22.9,255.5,134,70,(CML395/CML444)//CKDHL153587,CKDHL153587,(CML395/CML444),2017
12@2017,Kiboko2017,Optimal,2,2@2017,13,13@2017,76,12@12,7.35,56,16,258,142.5,58,(CML395/CML444)//CKDHL153587,CKDHL153587,(CML395/CML444),2017
12@2017,Kakamega2017,Optimal,2,2@2017,18,18@2017,108,12@12,5.84,75,24.4,254,146,75,(CML395/CML444)//CKDHL153587,CKDHL153587,(CML395/CML444),2017
12@2017,Kiboko2017,Optimal,2,2@2017,18,18@2017,108,13@12,8.67,56,15.1,269,149,56,(CML395/CML444)//CKDHL153588,CKDHL153588,(CML395/CML444),2017
12@2017,Kakamega2017,Optimal,2,2@2017,14,14@2017,83,13@12,3.98,75,24.8,260,142.5,75,(CML395/CML444)//CKDHL153588,CKDHL153588,(CML395/CML444),2017
12@2017,Kakamega2017,Optimal,1,1@2017,6,6@2017,31,13@12,6.36,73,21.8,260,143,71,(CML395/CML444)//CKDHL153588,CKDHL153588,(CML395/CML444),2017
12@2017,Kiboko2017,Optimal,1,1@2017,2,2@2017,10,13@12,5.43,56,14.7,263,146.5,56,(CML395/CML444)//CKDHL153588,CKDHL153588,(CML395/CML444),2017
12@2017,Kakamega2017,Optimal,1,1@2017,4,4@2017,21,14@12,5.35,71,20.7,254,137.5,69,(CML395/CML444)//CKDHL153590,CKDHL153590,(CML395/CML444),2017
12@2017,Kakamega2017,Optimal,2,2@2017,18,18@2017,104,14@12,4.38,75,24.1,242,137,78,(CML395/CML444)//CKDHL153590,CKDHL153590,(CML395/CML444),2017
12@2017,Kiboko2017,Optimal,1,1@2017,8,8@2017,46,14@12,3.65,57,12,238.5,134.5,59,(CML395/CML444)//CKDHL153590,CKDHL153590,(CML395/CML444),2017
12@2017,Kiboko2017,Optimal,2,2@2017,11,11@2017,61,14@12,4.43,56,16,242,128.5,55,(CML395/CML444)//CKDHL153590,CKDHL153590,(CML395/CML444),2017
12@2017,Kiboko2017,Optimal,1,1@2017,6,6@2017,36,15@12,6.35,56,14.8,259.5,139.5,56,(CML395/CML444)//CKDHL153591,CKDHL153591,(CML395/CML444),2017
12@2017,Kiboko2017,Optimal,2,2@2017,11,11@2017,62,15@12,7.53,55,15.2,274.5,144.5,55,(CML395/CML444)//CKDHL153591,CKDHL153591,(CML395/CML444),2017
12@2017,Kakamega2017,Optimal,1,1@2017,4,4@2017,19,15@12,6.13,73,24.6,261,145.5,72,(CML395/CML444)//CKDHL153591,CKDHL153591,(CML395/CML444),2017
12@2017,Kakamega2017,Optimal,2,2@2017,12,12@2017,67,15@12,6.35,71,20.4,261,142,72,(CML395/CML444)//CKDHL153591,CKDHL153591,(CML395/CML444),2017
12@2017,Kakamega2017,Optimal,2,2@2017,13,13@2017,78,16@12,4.09,78,22.2,245,123,80,(CML395/CML444)//CKDHL153596,CKDHL153596,(CML395/CML444),2017
12@2017,Kakamega2017,Optimal,1,1@2017,3,3@2017,17,16@12,6.92,72,20.2,260,128,72,(CML395/CML444)//CKDHL153596,CKDHL153596,(CML395/CML444),2017
12@2017,Kiboko2017,Optimal,1,1@2017,2,2@2017,9,16@12,6.67,56,15.4,263,134.5,56,(CML395/CML444)//CKDHL153596,CKDHL153596,(CML395/CML444),2017
12@2017,Kiboko2017,Optimal,2,2@2017,13,13@2017,73,16@12,6.58,58,14.1,258,122,57,(CML395/CML444)//CKDHL153596,CKDHL153596,(CML395/CML444),2017
12@2017,Kakamega2017,Optimal,1,1@2017,1,1@2017,1,17@12,5.55,73,24.4,251.5,127,72,(CML395/CML444)//CKDHL153597,CKDHL153597,(CML395/CML444),2017
12@2017,Kiboko2017,Optimal,2,2@2017,16,16@2017,92,17@12,7.62,55,16.1,265.5,130,54,(CML395/CML444)//CKDHL153597,CKDHL153597,(CML395/CML444),2017
12@2017,Kiboko2017,Optimal,1,1@2017,3,3@2017,17,17@12,8.25,59,17.8,247,126,58,(CML395/CML444)//CKDHL153597,CKDHL153597,(CML395/CML444),2017
12@2017,Kakamega2017,Optimal,2,2@2017,17,17@2017,98,17@12,5.41,75,23,247,125,75,(CML395/CML444)//CKDHL153597,CKDHL153597,(CML395/CML444),2017
12@2017,Kiboko2017,Optimal,1,1@2017,4,4@2017,24,18@12,8.12,58,14.9,258.7,134,57,(CML395/CML444)//CKDHL153598,CKDHL153598,(CML395/CML444),2017
12@2017,Kakamega2017,Optimal,2,2@2017,14,14@2017,82,18@12,6.24,70,18.4,269.5,151.5,72,(CML395/CML444)//CKDHL153598,CKDHL153598,(CML395/CML444),2017
12@2017,Kakamega2017,Optimal,1,1@2017,1,1@2017,5,18@12,7.62,75,22.1,261.5,137,75,(CML395/CML444)//CKDHL153598,CKDHL153598,(CML395/CML444),2017
12@2017,Kiboko2017,Optimal,2,2@2017,11,11@2017,64,18@12,7.52,57,17.5,283,147,57,(CML395/CML444)//CKDHL153598,CKDHL153598,(CML395/CML444),2017
12@2017,Kiboko2017,Optimal,1,1@2017,5,5@2017,25,19@12,7.29,56,14.7,264.5,132.5,56,(CML395/CML444)//CKDHL153601,CKDHL153601,(CML395/CML444),2017
12@2017,Kakamega2017,Optimal,1,1@2017,5,5@2017,26,19@12,5.48,73,19.1,265,149,72,(CML395/CML444)//CKDHL153601,CKDHL153601,(CML395/CML444),2017
12@2017,Kiboko2017,Optimal,2,2@2017,16,16@2017,94,19@12,11.61,57,17,286.5,143.5,56,(CML395/CML444)//CKDHL153601,CKDHL153601,(CML395/CML444),2017
12@2017,Kakamega2017,Optimal,2,2@2017,11,11@2017,63,19@12,3.61,73,19.6,261,148.5,72,(CML395/CML444)//CKDHL153601,CKDHL153601,(CML395/CML444),2017
12@2017,Kakamega2017,Optimal,1,1@2017,8,8@2017,43,20@12,5.24,69,19.9,235.5,121,71,(CML395/CML444)//CKDHL153604,CKDHL153604,(CML395/CML444),2017
12@2017,Kiboko2017,Optimal,2,2@2017,17,17@2017,98,20@12,9.41,54,17.7,245,126,54,(CML395/CML444)//CKDHL153604,CKDHL153604,(CML395/CML444),2017
12@2017,Kakamega2017,Optimal,2,2@2017,10,10@2017,60,20@12,6.13,70,22.9,262,144,73,(CML395/CML444)//CKDHL153604,CKDHL153604,(CML395/CML444),2017
12@2017,Kiboko2017,Optimal,1,1@2017,1,1@2017,1,20@12,8.28,56,17.8,246.5,132,56,(CML395/CML444)//CKDHL153604,CKDHL153604,(CML395/CML444),2017
12@2017,Kakamega2017,Optimal,1,1@2017,3,3@2017,18,21@12,5.86,73,21,264,147.5,73,(CML395/CML444)//CKDHL153605,CKDHL153605,(CML395/CML444),2017
12@2017,Kiboko2017,Optimal,1,1@2017,6,6@2017,35,21@12,7.42,56,12.9,277.5,159.5,56,(CML395/CML444)//CKDHL153605,CKDHL153605,(CML395/CML444),2017
12@2017,Kiboko2017,Optimal,2,2@2017,15,15@2017,86,21@12,9.32,55,16.3,270,150.5,55,(CML395/CML444)//CKDHL153605,CKDHL153605,(CML395/CML444),2017
12@2017,Kakamega2017,Optimal,2,2@2017,14,14@2017,80,21@12,5.21,76,18.4,263,157.5,78,(CML395/CML444)//CKDHL153605,CKDHL153605,(CML395/CML444),2017
12@2017,Kakamega2017,Optimal,1,1@2017,4,4@2017,24,22@12,5.45,74,24.9,256.5,145,74,(CML395/CML444)//CKDHL153608,CKDHL153608,(CML395/CML444),2017
12@2017,Kiboko2017,Optimal,2,2@2017,14,14@2017,80,22@12,6.73,55,14,268.5,130.5,56,(CML395/CML444)//CKDHL153608,CKDHL153608,(CML395/CML444),2017
12@2017,Kiboko2017,Optimal,1,1@2017,1,1@2017,3,22@12,6.48,55,16.1,254,128,58,(CML395/CML444)//CKDHL153608,CKDHL153608,(CML395/CML444),2017
12@2017,Kakamega2017,Optimal,2,2@2017,11,11@2017,61,22@12,6.51,71,24.3,265,142.5,72,(CML395/CML444)//CKDHL153608,CKDHL153608,(CML395/CML444),2017
12@2017,Kiboko2017,Optimal,2,2@2017,18,18@2017,106,23@12,7.7,55,14.6,255,126,55,(CML395/CML444)//CKDHL153609,CKDHL153609,(CML395/CML444),2017
12@2017,Kakamega2017,Optimal,2,2@2017,15,15@2017,90,23@12,7.18,74,21.8,267.5,145,72,(CML395/CML444)//CKDHL153609,CKDHL153609,(CML395/CML444),2017
12@2017,Kakamega2017,Optimal,1,1@2017,9,9@2017,52,23@12,8.02,69,19.9,235.5,119,69,(CML395/CML444)//CKDHL153609,CKDHL153609,(CML395/CML444),2017
12@2017,Kiboko2017,Optimal,1,1@2017,1,1@2017,6,23@12,5.88,55,13.4,271,142.5,55,(CML395/CML444)//CKDHL153609,CKDHL153609,(CML395/CML444),2017
12@2017,Kakamega2017,Optimal,2,2@2017,13,13@2017,77,24@12,2.81,70,19.6,230,117.5,73,(CML395/CML444)//CKDHL153610,CKDHL153610,(CML395/CML444),2017
12@2017,Kakamega2017,Optimal,1,1@2017,6,6@2017,34,24@12,4.41,68,20,243,118.5,68,(CML395/CML444)//CKDHL153610,CKDHL153610,(CML395/CML444),2017
12@2017,Kiboko2017,Optimal,2,2@2017,12,12@2017,71,24@12,6.17,54,15.8,239.5,136.5,54,(CML395/CML444)//CKDHL153610,CKDHL153610,(CML395/CML444),2017
12@2017,Kiboko2017,Optimal,1,1@2017,9,9@2017,49,24@12,7.04,54,14,246,124.5,53,(CML395/CML444)//CKDHL153610,CKDHL153610,(CML395/CML444),2017
12@2017,Kakamega2017,Optimal,2,2@2017,15,15@2017,87,25@12,4.21,73,19.6,260,126.5,71,(CML395/CML444)//CKDHL153614,CKDHL153614,(CML395/CML444),2017
12@2017,Kiboko2017,Optimal,1,1@2017,4,4@2017,22,25@12,7.86,55,16.5,265.5,136,55,(CML395/CML444)//CKDHL153614,CKDHL153614,(CML395/CML444),2017
12@2017,Kiboko2017,Optimal,2,2@2017,12,12@2017,72,25@12,8.53,54,13.3,272.5,144,55,(CML395/CML444)//CKDHL153614,CKDHL153614,(CML395/CML444),2017
12@2017,Kakamega2017,Optimal,1,1@2017,7,7@2017,41,25@12,7.14,68,19.6,257,129.5,69,(CML395/CML444)//CKDHL153614,CKDHL153614,(CML395/CML444),2017
12@2017,Kakamega2017,Optimal,1,1@2017,5,5@2017,27,26@12,8.44,71,22.1,264,146.5,70,(CML395/CML444)//CKDHL153615,CKDHL153615,(CML395/CML444),2017
12@2017,Kiboko2017,Optimal,2,2@2017,10,10@2017,56,26@12,7.53,54,17.4,257.2,141.5,53,(CML395/CML444)//CKDHL153615,CKDHL153615,(CML395/CML444),2017
12@2017,Kiboko2017,Optimal,1,1@2017,2,2@2017,7,26@12,5.54,55,13.8,275.5,146,54,(CML395/CML444)//CKDHL153615,CKDHL153615,(CML395/CML444),2017
12@2017,Kakamega2017,Optimal,2,2@2017,16,16@2017,94,26@12,6.68,72,23.7,259,138,73,(CML395/CML444)//CKDHL153615,CKDHL153615,(CML395/CML444),2017
12@2017,Kiboko2017,Optimal,2,2@2017,13,13@2017,75,27@12,5.33,57,16.7,255,122.5,56,(CML395/CML444)//CKDHL153617,CKDHL153617,(CML395/CML444),2017
12@2017,Kakamega2017,Optimal,1,1@2017,2,2@2017,8,27@12,5.23,76,19.4,247.5,130.5,76,(CML395/CML444)//CKDHL153617,CKDHL153617,(CML395/CML444),2017
12@2017,Kiboko2017,Optimal,1,1@2017,7,7@2017,37,27@12,6.82,55,16.7,252,132,56,(CML395/CML444)//CKDHL153617,CKDHL153617,(CML395/CML444),2017
12@2017,Kakamega2017,Optimal,2,2@2017,18,18@2017,105,27@12,7.4,75,22.5,253.5,137,73,(CML395/CML444)//CKDHL153617,CKDHL153617,(CML395/CML444),2017
12@2017,Kakamega2017,Optimal,2,2@2017,10,10@2017,58,28@12,4.13,73,24.5,267,143.5,72,(CML395/CML444)//CKDHL153620,CKDHL153620,(CML395/CML444),2017
12@2017,Kakamega2017,Optimal,1,1@2017,4,4@2017,20,28@12,3.02,71,24,257,146.5,71,(CML395/CML444)//CKDHL153620,CKDHL153620,(CML395/CML444),2017
12@2017,Kiboko2017,Optimal,1,1@2017,4,4@2017,23,28@12,6.86,56,14.5,270,145,56,(CML395/CML444)//CKDHL153620,CKDHL153620,(CML395/CML444),2017
12@2017,Kiboko2017,Optimal,2,2@2017,16,16@2017,93,28@12,7.58,55,14,273,142,56,(CML395/CML444)//CKDHL153620,CKDHL153620,(CML395/CML444),2017
12@2017,Kiboko2017,Optimal,1,1@2017,8,8@2017,48,29@12,7.73,56,14.3,249.5,135,54,(CML395/CML444)//CKDHL153621,CKDHL153621,(CML395/CML444),2017
12@2017,Kiboko2017,Optimal,2,2@2017,12,12@2017,70,29@12,7.91,56,15.1,256,146,56,(CML395/CML444)//CKDHL153621,CKDHL153621,(CML395/CML444),2017
12@2017,Kakamega2017,Optimal,1,1@2017,8,8@2017,48,29@12,6.67,71,21.3,257.5,133,73,(CML395/CML444)//CKDHL153621,CKDHL153621,(CML395/CML444),2017
12@2017,Kakamega2017,Optimal,2,2@2017,16,16@2017,92,29@12,4.17,73,21.1,260.5,141,72,(CML395/CML444)//CKDHL153621,CKDHL153621,(CML395/CML444),2017
12@2017,Kiboko2017,Optimal,1,1@2017,7,7@2017,41,30@12,8.22,56,16.5,268.5,151,56,(CML395/CML444)//CKDHL153624,CKDHL153624,(CML395/CML444),2017
12@2017,Kakamega2017,Optimal,2,2@2017,15,15@2017,85,30@12,10.25,69,20.1,257.5,143.5,71,(CML395/CML444)//CKDHL153624,CKDHL153624,(CML395/CML444),2017
12@2017,Kakamega2017,Optimal,1,1@2017,3,3@2017,15,30@12,7.96,73,22.8,256.5,138,73,(CML395/CML444)//CKDHL153624,CKDHL153624,(CML395/CML444),2017
12@2017,Kiboko2017,Optimal,2,2@2017,11,11@2017,65,30@12,8.32,56,19,276.5,159,56,(CML395/CML444)//CKDHL153624,CKDHL153624,(CML395/CML444),2017
12@2017,Kakamega2017,Optimal,1,1@2017,2,2@2017,7,31@12,3.87,75,24.6,250,134.5,75,(CML395/CML444)//CKDHL153627,CKDHL153627,(CML395/CML444),2017
12@2017,Kiboko2017,Optimal,2,2@2017,10,10@2017,59,31@12,7.17,58,17.8,277,148.5,59,(CML395/CML444)//CKDHL153627,CKDHL153627,(CML395/CML444),2017
12@2017,Kiboko2017,Optimal,1,1@2017,5,5@2017,26,31@12,7.25,56,15.9,265,147.5,58,(CML395/CML444)//CKDHL153627,CKDHL153627,(CML395/CML444),2017
12@2017,Kakamega2017,Optimal,2,2@2017,18,18@2017,106,31@12,4.44,75,24.4,261,138.5,79,(CML395/CML444)//CKDHL153627,CKDHL153627,(CML395/CML444),2017
12@2017,Kiboko2017,Optimal,2,2@2017,12,12@2017,68,32@12,9.39,56,15.4,276.5,154,56,(CML395/CML444)//CKDHL153629,CKDHL153629,(CML395/CML444),2017
12@2017,Kakamega2017,Optimal,1,1@2017,1,1@2017,6,32@12,5.77,75,25,256,136,77,(CML395/CML444)//CKDHL153629,CKDHL153629,(CML395/CML444),2017
12@2017,Kiboko2017,Optimal,1,1@2017,9,9@2017,54,32@12,8.3,54,16.5,259.5,141.5,54,(CML395/CML444)//CKDHL153629,CKDHL153629,(CML395/CML444),2017
12@2017,Kakamega2017,Optimal,2,2@2017,17,17@2017,97,32@12,5.45,75,19.9,253,141,75,(CML395/CML444)//CKDHL153629,CKDHL153629,(CML395/CML444),2017
12@2017,Kakamega2017,Optimal,1,1@2017,8,8@2017,46,33@12,7,72,23.8,255.5,136,72,(CML395/CML444)//CKDHL153633,CKDHL153633,(CML395/CML444),2017
12@2017,Kakamega2017,Optimal,2,2@2017,16,16@2017,93,33@12,5.32,75,22.7,244.5,126,72,(CML395/CML444)//CKDHL153633,CKDHL153633,(CML395/CML444),2017
12@2017,Kiboko2017,Optimal,2,2@2017,18,18@2017,105,33@12,4.45,55,14,245.5,124,56,(CML395/CML444)//CKDHL153633,CKDHL153633,(CML395/CML444),2017
12@2017,Kiboko2017,Optimal,1,1@2017,1,1@2017,2,33@12,5.42,56,16.1,252.5,135,58,(CML395/CML444)//CKDHL153633,CKDHL153633,(CML395/CML444),2017
12@2017,Kiboko2017,Optimal,1,1@2017,6,6@2017,34,34@12,7.69,58,12.8,263.5,146.5,56,(CML395/CML444)//CKDHL153646,CKDHL153646,(CML395/CML444),2017
12@2017,Kiboko2017,Optimal,2,2@2017,10,10@2017,58,34@12,8.54,56,15.5,281.5,153.5,56,(CML395/CML444)//CKDHL153646,CKDHL153646,(CML395/CML444),2017
12@2017,Kakamega2017,Optimal,1,1@2017,5,5@2017,30,34@12,9.48,72,20.9,269,151.5,71,(CML395/CML444)//CKDHL153646,CKDHL153646,(CML395/CML444),2017
12@2017,Kakamega2017,Optimal,2,2@2017,11,11@2017,62,34@12,9.16,71,21.9,266,165,72,(CML395/CML444)//CKDHL153646,CKDHL153646,(CML395/CML444),2017
12@2017,Kakamega2017,Optimal,1,1@2017,1,1@2017,3,35@12,5.56,76,22.6,231.5,126,79,(CML395/CML444)//CKDHL153647,CKDHL153647,(CML395/CML444),2017
12@2017,Kakamega2017,Optimal,2,2@2017,15,15@2017,88,35@12,5.12,75,23.6,253.5,134.5,76,(CML395/CML444)//CKDHL153647,CKDHL153647,(CML395/CML444),2017
12@2017,Kiboko2017,Optimal,2,2@2017,17,17@2017,99,35@12,4.86,57,15.2,242,133,59,(CML395/CML444)//CKDHL153647,CKDHL153647,(CML395/CML444),2017
12@2017,Kiboko2017,Optimal,1,1@2017,2,2@2017,11,35@12,6.59,55,16.4,253,136,58,(CML395/CML444)//CKDHL153647,CKDHL153647,(CML395/CML444),2017
12@2017,Kiboko2017,Optimal,2,2@2017,18,18@2017,107,36@12,5.72,55,13.2,259.5,140,56,(CML395/CML444)//CKDHL153648,CKDHL153648,(CML395/CML444),2017
12@2017,Kiboko2017,Optimal,1,1@2017,4,4@2017,20,36@12,8.23,53,14.4,250.5,142.5,53,(CML395/CML444)//CKDHL153648,CKDHL153648,(CML395/CML444),2017
12@2017,Kakamega2017,Optimal,1,1@2017,1,1@2017,2,36@12,5.39,74,19.2,233.5,129.5,73,(CML395/CML444)//CKDHL153648,CKDHL153648,(CML395/CML444),2017
12@2017,Kakamega2017,Optimal,2,2@2017,18,18@2017,103,36@12,4.89,73,22.9,249.5,134.5,75,(CML395/CML444)//CKDHL153648,CKDHL153648,(CML395/CML444),2017
12@2017,Kakamega2017,Optimal,1,1@2017,7,7@2017,40,37@12,3.64,71,21.1,250,115.5,74,(CML395/CML444)//CKDHL153650,CKDHL153650,(CML395/CML444),2017
12@2017,Kiboko2017,Optimal,2,2@2017,13,13@2017,77,37@12,7.32,56,14.1,274.5,142,57,(CML395/CML444)//CKDHL153650,CKDHL153650,(CML395/CML444),2017
12@2017,Kakamega2017,Optimal,2,2@2017,13,13@2017,73,37@12,2.35,75,21.2,247.5,125,82,(CML395/CML444)//CKDHL153650,CKDHL153650,(CML395/CML444),2017
12@2017,Kiboko2017,Optimal,1,1@2017,4,4@2017,21,37@12,10.9,56,15.9,273.5,137.5,56,(CML395/CML444)//CKDHL153650,CKDHL153650,(CML395/CML444),2017
12@2017,Kiboko2017,Optimal,2,2@2017,14,14@2017,81,38@12,5.98,57,16.9,268,132.5,58,(CML395/CML444)//CKDHL153651,CKDHL153651,(CML395/CML444),2017
12@2017,Kiboko2017,Optimal,1,1@2017,9,9@2017,52,38@12,9.2,55,16.6,276.5,144.5,55,(CML395/CML444)//CKDHL153651,CKDHL153651,(CML395/CML444),2017
12@2017,Kakamega2017,Optimal,2,2@2017,12,12@2017,68,38@12,7.86,70,21.1,258,151,72,(CML395/CML444)//CKDHL153651,CKDHL153651,(CML395/CML444),2017
12@2017,Kakamega2017,Optimal,1,1@2017,4,4@2017,23,38@12,7.88,70,20.2,270,149,70,(CML395/CML444)//CKDHL153651,CKDHL153651,(CML395/CML444),2017
12@2017,Kiboko2017,Optimal,2,2@2017,15,15@2017,90,39@12,8.62,55,17.7,267,144,56,(CML395/CML444)//CKDHL153653,CKDHL153653,(CML395/CML444),2017
12@2017,Kakamega2017,Optimal,2,2@2017,12,12@2017,70,39@12,6.21,71,20.2,268,150,73,(CML395/CML444)//CKDHL153653,CKDHL153653,(CML395/CML444),2017
12@2017,Kakamega2017,Optimal,1,1@2017,9,9@2017,49,39@12,5.86,74,23.1,256,138,74,(CML395/CML444)//CKDHL153653,CKDHL153653,(CML395/CML444),2017
12@2017,Kiboko2017,Optimal,1,1@2017,8,8@2017,44,39@12,7.42,56,15.2,269.5,150.5,56,(CML395/CML444)//CKDHL153653,CKDHL153653,(CML395/CML444),2017
12@2017,Kiboko2017,Optimal,2,2@2017,17,17@2017,101,40@12,7.15,55,12.6,268.5,144,56,(CML395/CML444)//CKDHL153656,CKDHL153656,(CML395/CML444),2017
12@2017,Kakamega2017,Optimal,2,2@2017,14,14@2017,84,40@12,3.38,74,21.6,263.5,134,74,(CML395/CML444)//CKDHL153656,CKDHL153656,(CML395/CML444),2017
12@2017,Kakamega2017,Optimal,1,1@2017,2,2@2017,12,40@12,4.26,75,21.3,258.5,147.5,77,(CML395/CML444)//CKDHL153656,CKDHL153656,(CML395/CML444),2017
12@2017,Kiboko2017,Optimal,1,1@2017,6,6@2017,33,40@12,5.79,56,14.8,256.5,143,56,(CML395/CML444)//CKDHL153656,CKDHL153656,(CML395/CML444),2017
12@2017,Kakamega2017,Optimal,1,1@2017,1,1@2017,4,41@12,6.31,69,25,231.5,113.5,71,(CML395/CML444)//CKDHL153658,CKDHL153658,(CML395/CML444),2017
12@2017,Kakamega2017,Optimal,2,2@2017,11,11@2017,64,41@12,7.65,69,22.6,261.5,139,69,(CML395/CML444)//CKDHL153658,CKDHL153658,(CML395/CML444),2017
12@2017,Kiboko2017,Optimal,2,2@2017,12,12@2017,69,41@12,7.41,56,15.6,268.5,146,56,(CML395/CML444)//CKDHL153658,CKDHL153658,(CML395/CML444),2017
12@2017,Kiboko2017,Optimal,1,1@2017,2,2@2017,8,41@12,6.89,55,15.1,271,145,55,(CML395/CML444)//CKDHL153658,CKDHL153658,(CML395/CML444),2017
12@2017,Kakamega2017,Optimal,1,1@2017,3,3@2017,16,42@12,7.36,71,23.7,257,136,71,(CML395/CML444)//CKDHL153661,CKDHL153661,(CML395/CML444),2017
12@2017,Kiboko2017,Optimal,1,1@2017,3,3@2017,13,42@12,5.39,58,15.3,256.5,144.5,59,(CML395/CML444)//CKDHL153661,CKDHL153661,(CML395/CML444),2017
12@2017,Kakamega2017,Optimal,2,2@2017,13,13@2017,74,42@12,3.93,78,20.2,259,131,78,(CML395/CML444)//CKDHL153661,CKDHL153661,(CML395/CML444),2017
12@2017,Kiboko2017,Optimal,2,2@2017,16,16@2017,96,42@12,7.48,55,15.8,258.5,129,57,(CML395/CML444)//CKDHL153661,CKDHL153661,(CML395/CML444),2017
12@2017,Kiboko2017,Optimal,2,2@2017,16,16@2017,91,43@12,10.94,56,16.2,284,154,54,(CML395/CML444)//CKDHL153663,CKDHL153663,(CML395/CML444),2017
12@2017,Kiboko2017,Optimal,1,1@2017,6,6@2017,31,43@12,7.12,55,15.8,260,132.5,53,(CML395/CML444)//CKDHL153663,CKDHL153663,(CML395/CML444),2017
12@2017,Kakamega2017,Optimal,2,2@2017,16,16@2017,91,43@12,5.25,72,19.8,264.5,146,75,(CML395/CML444)//CKDHL153663,CKDHL153663,(CML395/CML444),2017
12@2017,Kakamega2017,Optimal,1,1@2017,8,8@2017,47,43@12,6.84,70,17.7,252,138.5,71,(CML395/CML444)//CKDHL153663,CKDHL153663,(CML395/CML444),2017
12@2017,Kiboko2017,Optimal,1,1@2017,8,8@2017,45,44@12,7.39,56,13.6,264,145,54,(CML395/CML444)//CKDHL153666,CKDHL153666,(CML395/CML444),2017
12@2017,Kakamega2017,Optimal,2,2@2017,18,18@2017,107,44@12,5.38,72,24.6,257,142.5,70,(CML395/CML444)//CKDHL153666,CKDHL153666,(CML395/CML444),2017
12@2017,Kiboko2017,Optimal,2,2@2017,11,11@2017,66,44@12,9.62,57,14.1,289.5,154.5,56,(CML395/CML444)//CKDHL153666,CKDHL153666,(CML395/CML444),2017
12@2017,Kakamega2017,Optimal,1,1@2017,6,6@2017,35,44@12,9.33,73,21.5,261,143.5,71,(CML395/CML444)//CKDHL153666,CKDHL153666,(CML395/CML444),2017
12@2017,Kakamega2017,Optimal,2,2@2017,10,10@2017,59,45@12,5.78,73,22.6,254,137,79,(CML395/CML444)//CKDHL153668,CKDHL153668,(CML395/CML444),2017
12@2017,Kiboko2017,Optimal,2,2@2017,16,16@2017,95,45@12,6.88,56,17,251.5,130.5,59,(CML395/CML444)//CKDHL153668,CKDHL153668,(CML395/CML444),2017
12@2017,Kiboko2017,Optimal,1,1@2017,8,8@2017,43,45@12,5.92,57,14.9,253,131,59,(CML395/CML444)//CKDHL153668,CKDHL153668,(CML395/CML444),2017
12@2017,Kakamega2017,Optimal,1,1@2017,5,5@2017,29,45@12,6.08,73,23.6,249,134.5,74,(CML395/CML444)//CKDHL153668,CKDHL153668,(CML395/CML444),2017
12@2017,Kiboko2017,Optimal,1,1@2017,4,4@2017,19,46@12,7.62,56,17,263.5,146.5,56,(CML395/CML444)//CKDHL153671,CKDHL153671,(CML395/CML444),2017
12@2017,Kakamega2017,Optimal,2,2@2017,15,15@2017,86,46@12,7.2,74,21.9,271,159,72,(CML395/CML444)//CKDHL153671,CKDHL153671,(CML395/CML444),2017
12@2017,Kakamega2017,Optimal,1,1@2017,6,6@2017,36,46@12,6.72,74,19.7,253,147,72,(CML395/CML444)//CKDHL153671,CKDHL153671,(CML395/CML444),2017
12@2017,Kiboko2017,Optimal,2,2@2017,10,10@2017,60,46@12,8.37,56,16.7,264,145.5,57,(CML395/CML444)//CKDHL153671,CKDHL153671,(CML395/CML444),2017
12@2017,Kakamega2017,Optimal,1,1@2017,5,5@2017,28,47@12,7.24,75,25.2,266.5,152.5,75,(CML395/CML444)//CKDHL153673,CKDHL153673,(CML395/CML444),2017
12@2017,Kiboko2017,Optimal,1,1@2017,7,7@2017,40,47@12,6.29,58,14.1,276.5,155.5,59,(CML395/CML444)//CKDHL153673,CKDHL153673,(CML395/CML444),2017
12@2017,Kakamega2017,Optimal,2,2@2017,10,10@2017,56,47@12,5.82,76,19.3,268.5,153,76,(CML395/CML444)//CKDHL153673,CKDHL153673,(CML395/CML444),2017
12@2017,Kiboko2017,Optimal,2,2@2017,18,18@2017,103,47@12,7.42,57,14.5,275,153.5,57,(CML395/CML444)//CKDHL153673,CKDHL153673,(CML395/CML444),2017
12@2017,Kakamega2017,Optimal,2,2@2017,17,17@2017,100,48@12,5.15,75,24.8,250.5,137.5,75,(CML395/CML444)//CKDHL153674,CKDHL153674,(CML395/CML444),2017
12@2017,Kiboko2017,Optimal,2,2@2017,11,11@2017,63,48@12,5.38,57,16.4,276,135,57,(CML395/CML444)//CKDHL153674,CKDHL153674,(CML395/CML444),2017
12@2017,Kiboko2017,Optimal,1,1@2017,8,8@2017,47,48@12,6.84,57,15.4,260,137.5,57,(CML395/CML444)//CKDHL153674,CKDHL153674,(CML395/CML444),2017
12@2017,Kakamega2017,Optimal,1,1@2017,2,2@2017,9,48@12,6.56,74,20.6,247,133.5,75,(CML395/CML444)//CKDHL153674,CKDHL153674,(CML395/CML444),2017
12@2017,Kakamega2017,Optimal,2,2@2017,10,10@2017,55,49@12,8.29,73,18.6,274,163.5,79,H517,H517,,2017
12@2017,Kakamega2017,Optimal,1,1@2017,7,7@2017,37,49@12,6.31,79,23.2,277,170.5,79,H517,H517,,2017
12@2017,Kiboko2017,Optimal,2,2@2017,13,13@2017,78,49@12,5.88,60,13.5,291.5,171.5,62,H517,H517,,2017
12@2017,Kiboko2017,Optimal,1,1@2017,5,5@2017,29,49@12,5.71,61,15.9,288,170.5,62,H517,H517,,2017
12@2017,Kakamega2017,Optimal,2,2@2017,12,12@2017,71,50@12,8.29,71,24.7,248.5,120.5,73,Pioneer 30G19,Pioneer 30G19,,2017
12@2017,Kakamega2017,Optimal,1,1@2017,9,9@2017,54,50@12,8.78,70,23.5,256,138,72,Pioneer 30G19,Pioneer 30G19,,2017
12@2017,Kiboko2017,Optimal,2,2@2017,12,12@2017,67,50@12,6.45,57,14.7,287,139,60,Pioneer 30G19,Pioneer 30G19,,2017
12@2017,Kiboko2017,Optimal,1,1@2017,9,9@2017,51,50@12,10.39,56,18.6,294,131,58,Pioneer 30G19,Pioneer 30G19,,2017
12@2017,Kakamega2017,Optimal,2,2@2017,10,10@2017,57,51@12,8.21,75,22,280,168.5,75,WH505,WH505,,2017
12@2017,Kiboko2017,Optimal,2,2@2017,14,14@2017,79,51@12,8.85,60,15.5,283.5,146.5,60,WH505,WH505,,2017
12@2017,Kiboko2017,Optimal,1,1@2017,3,3@2017,18,51@12,8.51,60,18.5,284.5,156.5,60,WH505,WH505,,2017
12@2017,Kakamega2017,Optimal,1,1@2017,9,9@2017,50,51@12,6.94,75,24,265,146,74,WH505,WH505,,2017
12@2017,Kakamega2017,Optimal,1,1@2017,7,7@2017,42,52@12,3.85,73,25.3,255.5,122.5,75,DK 8031,DK 8031,,2017
12@2017,Kiboko2017,Optimal,1,1@2017,5,5@2017,30,52@12,3.78,55,12.3,250,134,59,DK 8031,DK 8031,,2017
12@2017,Kiboko2017,Optimal,2,2@2017,18,18@2017,104,52@12,4,56,11.9,265.5,136,59,DK 8031,DK 8031,,2017
12@2017,Kakamega2017,Optimal,2,2@2017,13,13@2017,75,52@12,2.08,71,20.5,250,128.5,76,DK 8031,DK 8031,,2017
12@2017,Kiboko2017,Optimal,1,1@2017,9,9@2017,53,53@12,6.28,53,14.2,257,137.5,54,PAN 4M19,PAN 4M19,,2017
12@2017,Kiboko2017,Optimal,2,2@2017,10,10@2017,55,53@12,6.31,54,12.2,243.5,125.5,54,PAN 4M19,PAN 4M19,,2017
12@2017,Kakamega2017,Optimal,2,2@2017,11,11@2017,65,53@12,4.3,68,22.8,239,130.5,68,PAN 4M19,PAN 4M19,,2017
12@2017,Kakamega2017,Optimal,1,1@2017,9,9@2017,51,53@12,7.91,68,19.5,266.5,138.5,69,PAN 4M19,PAN 4M19,,2017
12@2017,Kiboko2017,Optimal,2,2@2017,14,14@2017,83,54@12,7.69,54,16.2,257,136,54,DH04,DH04,,2017
12@2017,Kakamega2017,Optimal,1,1@2017,6,6@2017,33,54@12,6.32,68,20,262.5,131.5,71,DH04,DH04,,2017
12@2017,Kiboko2017,Optimal,1,1@2017,9,9@2017,50,54@12,6.59,54,16.4,257,133.5,54,DH04,DH04,,2017
12@2017,Kakamega2017,Optimal,2,2@2017,16,16@2017,96,54@12,2.81,75,21.1,230,118.5,79,DH04,DH04,,2017
13@2017,Kiboko2017,Optimal,2,2@2017,18,18@2017,103,1@13,6.55,55,15.2,223,122,55,(CML395/CML444)//CKDHL153675,CKDHL153675,(CML395/CML444),2017
13@2017,Kiboko2017,Optimal,1,1@2017,10,10@2017,59,1@13,7.81,53,17.2,218.5,110.5,53,(CML395/CML444)//CKDHL153675,CKDHL153675,(CML395/CML444),2017
13@2017,Kakamega2017,Optimal,1,1@2017,6,6@2017,33,1@13,5.15,68,15.7,226,114.5,68,(CML395/CML444)//CKDHL153675,CKDHL153675,(CML395/CML444),2017
13@2017,Kakamega2017,Optimal,2,2@2017,17,17@2017,98,1@13,5.43,68,19.8,228.5,111,68,(CML395/CML444)//CKDHL153675,CKDHL153675,(CML395/CML444),2017
13@2017,Kiboko2017,Optimal,1,1@2017,3,3@2017,17,2@13,6.61,55,13.3,249.5,141,55,(CML395/CML444)//CKDHL153676,CKDHL153676,(CML395/CML444),2017
13@2017,Kakamega2017,Optimal,1,1@2017,12,12@2017,67,2@13,5.89,75,19.5,259,132,80,(CML395/CML444)//CKDHL153676,CKDHL153676,(CML395/CML444),2017
13@2017,Kakamega2017,Optimal,2,2@2017,20,20@2017,119,2@13,6.78,75,21.1,242,124,75,(CML395/CML444)//CKDHL153676,CKDHL153676,(CML395/CML444),2017
13@2017,Kiboko2017,Optimal,2,2@2017,19,19@2017,109,2@13,6.84,56,14.6,275.5,139,56,(CML395/CML444)//CKDHL153676,CKDHL153676,(CML395/CML444),2017
13@2017,Kiboko2017,Optimal,1,1@2017,11,11@2017,62,3@13,8,54,16.9,237,127.5,53,(CML395/CML444)//CKDHL153678,CKDHL153678,(CML395/CML444),2017
13@2017,Kiboko2017,Optimal,2,2@2017,14,14@2017,81,3@13,8.75,56,17.4,253.5,142,56,(CML395/CML444)//CKDHL153678,CKDHL153678,(CML395/CML444),2017
13@2017,Kakamega2017,Optimal,2,2@2017,23,23@2017,133,3@13,5.46,75,30.3,237.5,118,72,(CML395/CML444)//CKDHL153678,CKDHL153678,(CML395/CML444),2017
13@2017,Kakamega2017,Optimal,1,1@2017,1,1@2017,2,3@13,5.47,73,19.9,246.5,129.5,71,(CML395/CML444)//CKDHL153678,CKDHL153678,(CML395/CML444),2017
13@2017,Kiboko2017,Optimal,2,2@2017,14,14@2017,80,4@13,9.52,53,17.1,260,133,53,(CML395/CML444)//CKDHL153680,CKDHL153680,(CML395/CML444),2017
13@2017,Kakamega2017,Optimal,2,2@2017,14,14@2017,80,4@13,5.24,70,30.6,237.5,111.5,71,(CML395/CML444)//CKDHL153680,CKDHL153680,(CML395/CML444),2017
13@2017,Kiboko2017,Optimal,1,1@2017,4,4@2017,21,4@13,6.22,53,12.9,232,123,55,(CML395/CML444)//CKDHL153680,CKDHL153680,(CML395/CML444),2017
13@2017,Kakamega2017,Optimal,1,1@2017,10,10@2017,59,4@13,5.47,70,17.7,257,141.5,71,(CML395/CML444)//CKDHL153680,CKDHL153680,(CML395/CML444),2017
13@2017,Kiboko2017,Optimal,1,1@2017,6,6@2017,31,5@13,8.28,54,14.8,256.5,147.5,55,(CML395/CML444)//CKDHL153687,CKDHL153687,(CML395/CML444),2017
13@2017,Kakamega2017,Optimal,2,2@2017,26,26@2017,153,5@13,7.54,75,23.9,242.5,116.5,73,(CML395/CML444)//CKDHL153687,CKDHL153687,(CML395/CML444),2017
13@2017,Kakamega2017,Optimal,1,1@2017,7,7@2017,40,5@13,7.71,73,21.6,235.5,123,72,(CML395/CML444)//CKDHL153687,CKDHL153687,(CML395/CML444),2017
13@2017,Kiboko2017,Optimal,2,2@2017,26,26@2017,156,5@13,8.59,56,17.1,218.5,106,56,(CML395/CML444)//CKDHL153687,CKDHL153687,(CML395/CML444),2017
13@2017,Kakamega2017,Optimal,2,2@2017,15,15@2017,89,6@13,5.27,68,16.5,237,110.5,68,(CML395/CML444)//CKDHL153691,CKDHL153691,(CML395/CML444),2017
13@2017,Kakamega2017,Optimal,1,1@2017,9,9@2017,50,6@13,5.06,68,17.1,234,115.5,68,(CML395/CML444)//CKDHL153691,CKDHL153691,(CML395/CML444),2017
13@2017,Kiboko2017,Optimal,1,1@2017,8,8@2017,44,6@13,8.26,53,15,238,128.5,53,(CML395/CML444)//CKDHL153691,CKDHL153691,(CML395/CML444),2017
13@2017,Kiboko2017,Optimal,2,2@2017,22,22@2017,128,6@13,7.9,54,16.5,248,126.5,53,(CML395/CML444)//CKDHL153691,CKDHL153691,(CML395/CML444),2017
13@2017,Kakamega2017,Optimal,1,1@2017,12,12@2017,68,7@13,6.05,73,19.3,222.5,105,73,(CML395/CML444)//CKDHL153692,CKDHL153692,(CML395/CML444),2017
13@2017,Kakamega2017,Optimal,2,2@2017,23,23@2017,136,7@13,4.58,75,24,230,114.5,74,(CML395/CML444)//CKDHL153692,CKDHL153692,(CML395/CML444),2017
13@2017,Kiboko2017,Optimal,1,1@2017,2,2@2017,9,7@13,6.61,56,16.9,188,104,55,(CML395/CML444)//CKDHL153692,CKDHL153692,(CML395/CML444),2017
13@2017,Kiboko2017,Optimal,2,2@2017,20,20@2017,119,7@13,10.98,57,16.6,237,127,56,(CML395/CML444)//CKDHL153692,CKDHL153692,(CML395/CML444),2017
13@2017,Kakamega2017,Optimal,2,2@2017,19,19@2017,112,8@13,8.73,73,19.2,262.5,132,73,(CML395/CML444)//CKDHL153693,CKDHL153693,(CML395/CML444),2017
13@2017,Kakamega2017,Optimal,1,1@2017,5,5@2017,27,8@13,7.11,73,18.7,245.5,122,73,(CML395/CML444)//CKDHL153693,CKDHL153693,(CML395/CML444),2017
13@2017,Kiboko2017,Optimal,1,1@2017,12,12@2017,70,8@13,7.46,56,15.7,252,140.5,56,(CML395/CML444)//CKDHL153693,CKDHL153693,(CML395/CML444),2017
13@2017,Kiboko2017,Optimal,2,2@2017,22,22@2017,129,8@13,7.06,57,16.6,242,140.5,58,(CML395/CML444)//CKDHL153693,CKDHL153693,(CML395/CML444),2017
13@2017,Kakamega2017,Optimal,1,1@2017,1,1@2017,5,9@13,4.76,68,19,215,106.5,70,(CML395/CML444)//CKDHL153699,CKDHL153699,(CML395/CML444),2017
13@2017,Kiboko2017,Optimal,1,1@2017,8,8@2017,43,9@13,9.02,54,17.3,239,131.5,55,(CML395/CML444)//CKDHL153699,CKDHL153699,(CML395/CML444),2017
13@2017,Kakamega2017,Optimal,2,2@2017,18,18@2017,107,9@13,6.35,68,20.9,234,117.5,70,(CML395/CML444)//CKDHL153699,CKDHL153699,(CML395/CML444),2017
13@2017,Kiboko2017,Optimal,2,2@2017,19,19@2017,114,9@13,6.76,55,14.9,239,130,56,(CML395/CML444)//CKDHL153699,CKDHL153699,(CML395/CML444),2017
13@2017,Kiboko2017,Optimal,2,2@2017,14,14@2017,79,10@13,7.14,56,18.4,261,149.5,57,(CML395/CML444)//CKDHL153715,CKDHL153715,(CML395/CML444),2017
13@2017,Kakamega2017,Optimal,2,2@2017,18,18@2017,106,10@13,4.61,74,20.5,243.5,128,72,(CML395/CML444)//CKDHL153715,CKDHL153715,(CML395/CML444),2017
13@2017,Kiboko2017,Optimal,1,1@2017,4,4@2017,24,10@13,6.24,55,14.9,230,126.5,55,(CML395/CML444)//CKDHL153715,CKDHL153715,(CML395/CML444),2017
13@2017,Kakamega2017,Optimal,1,1@2017,3,3@2017,15,10@13,4.28,71,16.6,246,133,71,(CML395/CML444)//CKDHL153715,CKDHL153715,(CML395/CML444),2017
13@2017,Kakamega2017,Optimal,2,2@2017,18,18@2017,105,11@13,5.54,69,19.7,253.5,131,71,(CML395/CML444)//CKDHL153716,CKDHL153716,(CML395/CML444),2017
13@2017,Kiboko2017,Optimal,1,1@2017,13,13@2017,74,11@13,5.87,56,14.7,250.5,119,58,(CML395/CML444)//CKDHL153716,CKDHL153716,(CML395/CML444),2017
13@2017,Kakamega2017,Optimal,1,1@2017,5,5@2017,26,11@13,6.27,68,17.8,228,105,68,(CML395/CML444)//CKDHL153716,CKDHL153716,(CML395/CML444),2017
13@2017,Kiboko2017,Optimal,2,2@2017,16,16@2017,92,11@13,8.01,54,15.1,240,116.5,54,(CML395/CML444)//CKDHL153716,CKDHL153716,(CML395/CML444),2017
13@2017,Kakamega2017,Optimal,1,1@2017,1,1@2017,6,12@13,5.7,67,19.5,231,109.5,66,(CML395/CML444)//CKDHL153717,CKDHL153717,(CML395/CML444),2017
13@2017,Kiboko2017,Optimal,2,2@2017,17,17@2017,99,12@13,6.66,53,14.5,240.5,121.5,54,(CML395/CML444)//CKDHL153717,CKDHL153717,(CML395/CML444),2017
13@2017,Kakamega2017,Optimal,2,2@2017,15,15@2017,86,12@13,6.65,68,20,233,112,68,(CML395/CML444)//CKDHL153717,CKDHL153717,(CML395/CML444),2017
13@2017,Kiboko2017,Optimal,1,1@2017,11,11@2017,63,12@13,6.06,53,16.7,240.5,120,53,(CML395/CML444)//CKDHL153717,CKDHL153717,(CML395/CML444),2017
13@2017,Kiboko2017,Optimal,1,1@2017,9,9@2017,49,13@13,8.1,52,16.7,243.5,125,52,(CML395/CML444)//CKDHL153718,CKDHL153718,(CML395/CML444),2017
13@2017,Kakamega2017,Optimal,1,1@2017,8,8@2017,46,13@13,7.43,70,17.3,246,130,69,(CML395/CML444)//CKDHL153718,CKDHL153718,(CML395/CML444),2017
13@2017,Kakamega2017,Optimal,2,2@2017,16,16@2017,94,13@13,6.41,68,21.7,241,125,69,(CML395/CML444)//CKDHL153718,CKDHL153718,(CML395/CML444),2017
13@2017,Kiboko2017,Optimal,2,2@2017,24,24@2017,142,13@13,6.84,54,14.6,256,130.5,53,(CML395/CML444)//CKDHL153718,CKDHL153718,(CML395/CML444),2017
13@2017,Kakamega2017,Optimal,1,1@2017,9,9@2017,49,14@13,9.07,73,19.7,247,123.5,73,(CML395/CML444)//CKDHL153721,CKDHL153721,(CML395/CML444),2017
13@2017,Kiboko2017,Optimal,2,2@2017,19,19@2017,112,14@13,10.03,56,18,272.5,142.5,56,(CML395/CML444)//CKDHL153721,CKDHL153721,(CML395/CML444),2017
13@2017,Kakamega2017,Optimal,2,2@2017,25,25@2017,149,14@13,6.71,75,21.2,255,132,75,(CML395/CML444)//CKDHL153721,CKDHL153721,(CML395/CML444),2017
13@2017,Kiboko2017,Optimal,1,1@2017,5,5@2017,26,14@13,8.12,56,15.3,265,144,57,(CML395/CML444)//CKDHL153721,CKDHL153721,(CML395/CML444),2017
13@2017,Kakamega2017,Optimal,1,1@2017,3,3@2017,18,15@13,3.17,69,18.3,228,107.5,70,(CML395/CML444)//CKDHL153729,CKDHL153729,(CML395/CML444),2017
13@2017,Kiboko2017,Optimal,2,2@2017,26,26@2017,153,15@13,9.1,55,16.3,246.5,123,56,(CML395/CML444)//CKDHL153729,CKDHL153729,(CML395/CML444),2017
13@2017,Kakamega2017,Optimal,2,2@2017,15,15@2017,88,15@13,5.98,69,19.1,244.5,114.5,71,(CML395/CML444)//CKDHL153729,CKDHL153729,(CML395/CML444),2017
13@2017,Kiboko2017,Optimal,1,1@2017,3,3@2017,16,15@13,6.46,54,14.2,237.5,120,54,(CML395/CML444)//CKDHL153729,CKDHL153729,(CML395/CML444),2017
13@2017,Kiboko2017,Optimal,1,1@2017,10,10@2017,57,16@13,6.09,53,16.6,238.5,109.5,53,(CML395/CML444)//CKDHL153731,CKDHL153731,(CML395/CML444),2017
13@2017,Kakamega2017,Optimal,1,1@2017,5,5@2017,25,16@13,5.47,68,17.1,207,100.5,68,(CML395/CML444)//CKDHL153731,CKDHL153731,(CML395/CML444),2017
13@2017,Kiboko2017,Optimal,2,2@2017,15,15@2017,90,16@13,6.48,52,15,244.5,125.5,54,(CML395/CML444)//CKDHL153731,CKDHL153731,(CML395/CML444),2017
13@2017,Kakamega2017,Optimal,2,2@2017,23,23@2017,138,16@13,6.15,68,24.7,223,105,70,(CML395/CML444)//CKDHL153731,CKDHL153731,(CML395/CML444),2017
13@2017,Kakamega2017,Optimal,1,1@2017,2,2@2017,8,17@13,5.59,73,14.9,249,115.5,72,(CML395/CML444)//CKDHL153733,CKDHL153733,(CML395/CML444),2017
13@2017,Kiboko2017,Optimal,2,2@2017,17,17@2017,101,17@13,6.9,57,20.6,253,133,57,(CML395/CML444)//CKDHL153733,CKDHL153733,(CML395/CML444),2017
13@2017,Kiboko2017,Optimal,1,1@2017,8,8@2017,45,17@13,6.68,56,13.9,251.5,132,57,(CML395/CML444)//CKDHL153733,CKDHL153733,(CML395/CML444),2017
13@2017,Kakamega2017,Optimal,2,2@2017,23,23@2017,134,17@13,5.17,75,20.1,225.5,111,75,(CML395/CML444)//CKDHL153733,CKDHL153733,(CML395/CML444),2017
13@2017,Kakamega2017,Optimal,1,1@2017,2,2@2017,9,18@13,4.41,67,14,231.5,100,67,(CML395/CML444)//CKDHL153737,CKDHL153737,(CML395/CML444),2017
13@2017,Kiboko2017,Optimal,2,2@2017,25,25@2017,150,18@13,7.93,53,16.7,246,129.5,54,(CML395/CML444)//CKDHL153737,CKDHL153737,(CML395/CML444),2017
13@2017,Kiboko2017,Optimal,1,1@2017,6,6@2017,32,18@13,7.01,52,14.3,272.5,137.5,53,(CML395/CML444)//CKDHL153737,CKDHL153737,(CML395/CML444),2017
13@2017,Kakamega2017,Optimal,2,2@2017,18,18@2017,103,18@13,4.91,68,15.8,253.5,126.5,68,(CML395/CML444)//CKDHL153737,CKDHL153737,(CML395/CML444),2017
13@2017,Kakamega2017,Optimal,2,2@2017,19,19@2017,109,19@13,7.5,71,19.1,260,135,72,(CML395/CML444)//CKDHL153742,CKDHL153742,(CML395/CML444),2017
13@2017,Kiboko2017,Optimal,1,1@2017,6,6@2017,34,19@13,5.51,55,13.5,270.5,132,56,(CML395/CML444)//CKDHL153742,CKDHL153742,(CML395/CML444),2017
13@2017,Kiboko2017,Optimal,2,2@2017,23,23@2017,135,19@13,6.06,58,15.9,219,107.5,59,(CML395/CML444)//CKDHL153742,CKDHL153742,(CML395/CML444),2017
13@2017,Kakamega2017,Optimal,1,1@2017,13,13@2017,77,19@13,7.83,71,16.2,248,118.5,71,(CML395/CML444)//CKDHL153742,CKDHL153742,(CML395/CML444),2017
13@2017,Kakamega2017,Optimal,2,2@2017,17,17@2017,99,20@13,5.96,74,19.4,253.5,132,72,(CML395/CML444)//CKDHL153743,CKDHL153743,(CML395/CML444),2017
13@2017,Kiboko2017,Optimal,2,2@2017,15,15@2017,89,20@13,9.24,55,18.2,257.5,144,55,(CML395/CML444)//CKDHL153743,CKDHL153743,(CML395/CML444),2017
13@2017,Kakamega2017,Optimal,1,1@2017,2,2@2017,11,20@13,4.66,73,16.7,232.5,130,73,(CML395/CML444)//CKDHL153743,CKDHL153743,(CML395/CML444),2017
13@2017,Kiboko2017,Optimal,1,1@2017,2,2@2017,8,20@13,7.67,55,13.7,225,126,55,(CML395/CML444)//CKDHL153743,CKDHL153743,(CML395/CML444),2017
13@2017,Kakamega2017,Optimal,1,1@2017,3,3@2017,17,21@13,3.04,70,16,250,129,70,(CML395/CML444)//CKDHL153745,CKDHL153745,(CML395/CML444),2017
13@2017,Kiboko2017,Optimal,2,2@2017,22,22@2017,127,21@13,7.39,58,16.5,248.5,138.5,56,(CML395/CML444)//CKDHL153745,CKDHL153745,(CML395/CML444),2017
13@2017,Kiboko2017,Optimal,1,1@2017,5,5@2017,28,21@13,7.54,57,15.7,262.5,138.5,56,(CML395/CML444)//CKDHL153745,CKDHL153745,(CML395/CML444),2017
13@2017,Kakamega2017,Optimal,2,2@2017,26,26@2017,151,21@13,4.93,75,17.6,240.5,103,75,(CML395/CML444)//CKDHL153745,CKDHL153745,(CML395/CML444),2017
13@2017,Kakamega2017,Optimal,1,1@2017,1,1@2017,1,22@13,5.93,71,16.9,212.5,111.5,72,(CML395/CML444)//CKDHL153751,CKDHL153751,(CML395/CML444),2017
13@2017,Kakamega2017,Optimal,2,2@2017,14,14@2017,81,22@13,6.64,71,19.2,262.5,139,71,(CML395/CML444)//CKDHL153751,CKDHL153751,(CML395/CML444),2017
13@2017,Kiboko2017,Optimal,1,1@2017,9,9@2017,51,22@13,8.36,54,19.1,256,137.5,55,(CML395/CML444)//CKDHL153751,CKDHL153751,(CML395/CML444),2017
13@2017,Kiboko2017,Optimal,2,2@2017,23,23@2017,138,22@13,9.15,56,16.6,248.5,137,57,(CML395/CML444)//CKDHL153751,CKDHL153751,(CML395/CML444),2017
13@2017,Kiboko2017,Optimal,1,1@2017,5,5@2017,29,23@13,5.2,55,16.2,241.5,123.5,55,(CML395/CML444)//CKDHL153753,CKDHL153753,(CML395/CML444),2017
13@2017,Kiboko2017,Optimal,2,2@2017,18,18@2017,104,23@13,7.23,54,16.2,224,109.5,54,(CML395/CML444)//CKDHL153753,CKDHL153753,(CML395/CML444),2017
13@2017,Kakamega2017,Optimal,1,1@2017,4,4@2017,20,23@13,5.79,67,17.3,232.5,105,66,(CML395/CML444)//CKDHL153753,CKDHL153753,(CML395/CML444),2017
13@2017,Kakamega2017,Optimal,2,2@2017,26,26@2017,152,23@13,6.76,68,18.4,243,119.5,68,(CML395/CML444)//CKDHL153753,CKDHL153753,(CML395/CML444),2017
13@2017,Kiboko2017,Optimal,1,1@2017,13,13@2017,76,24@13,7.49,53,16,237.5,118,52,(CML395/CML444)//CKDHL153755,CKDHL153755,(CML395/CML444),2017
13@2017,Kakamega2017,Optimal,1,1@2017,4,4@2017,19,24@13,3.57,66,18.1,224,110,66,(CML395/CML444)//CKDHL153755,CKDHL153755,(CML395/CML444),2017
13@2017,Kiboko2017,Optimal,2,2@2017,25,25@2017,147,24@13,6.76,53,14.9,224,106.5,53,(CML395/CML444)//CKDHL153755,CKDHL153755,(CML395/CML444),2017
13@2017,Kakamega2017,Optimal,2,2@2017,21,21@2017,125,24@13,5.89,66,18.6,241,124,67,(CML395/CML444)//CKDHL153755,CKDHL153755,(CML395/CML444),2017
13@2017,Kakamega2017,Optimal,2,2@2017,15,15@2017,90,25@13,4.69,69,18.7,237.5,126.5,71,(CML395/CML444)//CKDHL153756,CKDHL153756,(CML395/CML444),2017
13@2017,Kiboko2017,Optimal,2,2@2017,25,25@2017,146,25@13,8.67,53,16.6,233.5,121.5,54,(CML395/CML444)//CKDHL153756,CKDHL153756,(CML395/CML444),2017
13@2017,Kakamega2017,Optimal,1,1@2017,11,11@2017,62,25@13,7.42,70,19,248.5,120,69,(CML395/CML444)//CKDHL153756,CKDHL153756,(CML395/CML444),2017
13@2017,Kiboko2017,Optimal,1,1@2017,8,8@2017,47,25@13,7.58,53,15,245,136.5,54,(CML395/CML444)//CKDHL153756,CKDHL153756,(CML395/CML444),2017
13@2017,Kakamega2017,Optimal,2,2@2017,22,22@2017,132,26@13,6.42,75,28.7,240,122,72,(CML395/CML444)//CKDHL153763,CKDHL153763,(CML395/CML444),2017
13@2017,Kiboko2017,Optimal,2,2@2017,24,24@2017,139,26@13,7.89,58,15.8,252,145,57,(CML395/CML444)//CKDHL153763,CKDHL153763,(CML395/CML444),2017
13@2017,Kiboko2017,Optimal,1,1@2017,4,4@2017,23,26@13,7.82,55,13.5,240.5,139.5,54,(CML395/CML444)//CKDHL153763,CKDHL153763,(CML395/CML444),2017
13@2017,Kakamega2017,Optimal,1,1@2017,10,10@2017,56,26@13,6.2,75,20.5,266,153.5,75,(CML395/CML444)//CKDHL153763,CKDHL153763,(CML395/CML444),2017
13@2017,Kiboko2017,Optimal,1,1@2017,7,7@2017,40,27@13,6.56,52,14,253,128,52,(CML395/CML444)//CKDHL153764,CKDHL153764,(CML395/CML444),2017
13@2017,Kiboko2017,Optimal,2,2@2017,17,17@2017,98,27@13,8.12,51,14.5,259.5,130,52,(CML395/CML444)//CKDHL153764,CKDHL153764,(CML395/CML444),2017
13@2017,Kakamega2017,Optimal,1,1@2017,13,13@2017,73,27@13,4.01,68,17.3,260,125.5,68,(CML395/CML444)//CKDHL153764,CKDHL153764,(CML395/CML444),2017
13@2017,Kakamega2017,Optimal,2,2@2017,25,25@2017,147,27@13,4.17,68,18.8,237,116,70,(CML395/CML444)//CKDHL153764,CKDHL153764,(CML395/CML444),2017
13@2017,Kiboko2017,Optimal,2,2@2017,17,17@2017,100,28@13,7.36,54,16.8,247,118.5,55,(CML395/CML444)//CKDHL153767,CKDHL153767,(CML395/CML444),2017
13@2017,Kiboko2017,Optimal,1,1@2017,4,4@2017,22,28@13,7.21,54,16.1,246.5,120.5,53,(CML395/CML444)//CKDHL153767,CKDHL153767,(CML395/CML444),2017
13@2017,Kakamega2017,Optimal,2,2@2017,16,16@2017,93,28@13,6.33,68,16.1,247,123,69,(CML395/CML444)//CKDHL153767,CKDHL153767,(CML395/CML444),2017
13@2017,Kakamega2017,Optimal,1,1@2017,6,6@2017,35,28@13,5.41,68,17.6,250.5,114.5,68,(CML395/CML444)//CKDHL153767,CKDHL153767,(CML395/CML444),2017
13@2017,Kakamega2017,Optimal,2,2@2017,26,26@2017,156,29@13,8.24,73,20.7,224,120,72,(CML395/CML444)//CKDHL153770,CKDHL153770,(CML395/CML444),2017
13@2017,Kiboko2017,Optimal,1,1@2017,13,13@2017,78,29@13,8.96,56,16.9,291,161,57,(CML395/CML444)//CKDHL153770,CKDHL153770,(CML395/CML444),2017
13@2017,Kakamega2017,Optimal,1,1@2017,5,5@2017,28,29@13,7.74,73,17.8,246,115.5,73,(CML395/CML444)//CKDHL153770,CKDHL153770,(CML395/CML444),2017
13@2017,Kiboko2017,Optimal,2,2@2017,14,14@2017,84,29@13,9.9,55,17.3,278,154,56,(CML395/CML444)//CKDHL153770,CKDHL153770,(CML395/CML444),2017
13@2017,Kiboko2017,Optimal,2,2@2017,18,18@2017,105,30@13,9.15,55,16.6,254,135.5,56,(CML395/CML444)//CKDHL153772,CKDHL153772,(CML395/CML444),2017
13@2017,Kakamega2017,Optimal,2,2@2017,26,26@2017,154,30@13,8.13,71,22.7,211,98.5,73,(CML395/CML444)//CKDHL153772,CKDHL153772,(CML395/CML444),2017
13@2017,Kakamega2017,Optimal,1,1@2017,10,10@2017,58,30@13,5.86,70,17.6,260.5,135,70,(CML395/CML444)//CKDHL153772,CKDHL153772,(CML395/CML444),2017
13@2017,Kiboko2017,Optimal,1,1@2017,11,11@2017,65,30@13,9.69,54,17.7,269,140,56,(CML395/CML444)//CKDHL153772,CKDHL153772,(CML395/CML444),2017
13@2017,Kakamega2017,Optimal,2,2@2017,26,26@2017,155,31@13,6.16,75,18.7,245.5,127,75,(CML395/CML444)//CKDHL153775,CKDHL153775,(CML395/CML444),2017
13@2017,Kakamega2017,Optimal,1,1@2017,7,7@2017,41,31@13,6.26,70,16.8,239,119,72,(CML395/CML444)//CKDHL153775,CKDHL153775,(CML395/CML444),2017
13@2017,Kiboko2017,Optimal,1,1@2017,1,1@2017,5,31@13,6.78,54,16.7,223,115,57,(CML395/CML444)//CKDHL153775,CKDHL153775,(CML395/CML444),2017
13@2017,Kiboko2017,Optimal,2,2@2017,21,21@2017,123,31@13,8.59,55,17.1,237,122.5,56,(CML395/CML444)//CKDHL153775,CKDHL153775,(CML395/CML444),2017
13@2017,Kiboko2017,Optimal,1,1@2017,3,3@2017,13,32@13,6.81,54,17.6,223,113.5,55,(CML395/CML444)//CKDHL153780,CKDHL153780,(CML395/CML444),2017
13@2017,Kakamega2017,Optimal,1,1@2017,12,12@2017,71,32@13,9.98,70,16.9,242,117,70,(CML395/CML444)//CKDHL153780,CKDHL153780,(CML395/CML444),2017
13@2017,Kakamega2017,Optimal,2,2@2017,18,18@2017,108,32@13,6.76,69,19.2,269.5,146.5,71,(CML395/CML444)//CKDHL153780,CKDHL153780,(CML395/CML444),2017
13@2017,Kiboko2017,Optimal,2,2@2017,26,26@2017,151,32@13,8.63,55,17,264.5,133.5,56,(CML395/CML444)//CKDHL153780,CKDHL153780,(CML395/CML444),2017
13@2017,Kiboko2017,Optimal,1,1@2017,3,3@2017,14,33@13,4.75,53,16.2,215.5,118,53,(CML395/CML444)//CKDHL153782,CKDHL153782,(CML395/CML444),2017
13@2017,Kiboko2017,Optimal,2,2@2017,21,21@2017,121,33@13,6.84,53,15,231,117,53,(CML395/CML444)//CKDHL153782,CKDHL153782,(CML395/CML444),2017
13@2017,Kakamega2017,Optimal,1,1@2017,10,10@2017,55,33@13,6.21,69,19.3,245,120,69,(CML395/CML444)//CKDHL153782,CKDHL153782,(CML395/CML444),2017
13@2017,Kakamega2017,Optimal,2,2@2017,16,16@2017,96,33@13,4.85,69,20.2,232,101,70,(CML395/CML444)//CKDHL153782,CKDHL153782,(CML395/CML444),2017
13@2017,Kiboko2017,Optimal,1,1@2017,2,2@2017,11,34@13,7.89,55,15.8,219.5,119.5,55,(CML395/CML444)//CKDHL153783,CKDHL153783,(CML395/CML444),2017
13@2017,Kakamega2017,Optimal,2,2@2017,22,22@2017,131,34@13,7.85,73,18.2,255,113,75,(CML395/CML444)//CKDHL153783,CKDHL153783,(CML395/CML444),2017
13@2017,Kiboko2017,Optimal,2,2@2017,17,17@2017,102,34@13,6.06,57,15.9,246,131,57,(CML395/CML444)//CKDHL153783,CKDHL153783,(CML395/CML444),2017
13@2017,Kakamega2017,Optimal,1,1@2017,6,6@2017,31,34@13,9.66,73,16.7,241,114,74,(CML395/CML444)//CKDHL153783,CKDHL153783,(CML395/CML444),2017
13@2017,Kiboko2017,Optimal,1,1@2017,9,9@2017,53,35@13,9.08,53,18.9,248,123,53,(CML395/CML444)//CKDHL153784,CKDHL153784,(CML395/CML444),2017
13@2017,Kakamega2017,Optimal,2,2@2017,22,22@2017,128,35@13,4.75,69,18.4,243.5,127.5,71,(CML395/CML444)//CKDHL153784,CKDHL153784,(CML395/CML444),2017
13@2017,Kiboko2017,Optimal,2,2@2017,17,17@2017,97,35@13,8.75,53,16.3,249,115.5,53,(CML395/CML444)//CKDHL153784,CKDHL153784,(CML395/CML444),2017
13@2017,Kakamega2017,Optimal,1,1@2017,4,4@2017,24,35@13,9.51,68,16.9,222.5,106,68,(CML395/CML444)//CKDHL153784,CKDHL153784,(CML395/CML444),2017
13@2017,Kiboko2017,Optimal,1,1@2017,7,7@2017,39,36@13,7.83,56,14.3,250,142.5,55,(CML395/CML444)//CKDHL153785,CKDHL153785,(CML395/CML444),2017
13@2017,Kakamega2017,Optimal,1,1@2017,10,10@2017,60,36@13,6.71,73,16.5,252.5,132,71,(CML395/CML444)//CKDHL153785,CKDHL153785,(CML395/CML444),2017
13@2017,Kakamega2017,Optimal,2,2@2017,17,17@2017,100,36@13,7.19,71,22,243.5,126.5,70,(CML395/CML444)//CKDHL153785,CKDHL153785,(CML395/CML444),2017
13@2017,Kiboko2017,Optimal,2,2@2017,22,22@2017,130,36@13,8.75,56,16.3,260,142.5,55,(CML395/CML444)//CKDHL153785,CKDHL153785,(CML395/CML444),2017
13@2017,Kakamega2017,Optimal,2,2@2017,20,20@2017,116,37@13,5.47,70,18.4,222,104.5,68,(CML395/CML444)//CKDHL153788,CKDHL153788,(CML395/CML444),2017
13@2017,Kakamega2017,Optimal,1,1@2017,6,6@2017,36,37@13,7.03,71,17.7,262.5,122.5,70,(CML395/CML444)//CKDHL153788,CKDHL153788,(CML395/CML444),2017
13@2017,Kiboko2017,Optimal,1,1@2017,1,1@2017,3,37@13,6.14,55,16,225,130.5,55,(CML395/CML444)//CKDHL153788,CKDHL153788,(CML395/CML444),2017
13@2017,Kiboko2017,Optimal,2,2@2017,20,20@2017,115,37@13,7.39,54,16.2,255.5,121,55,(CML395/CML444)//CKDHL153788,CKDHL153788,(CML395/CML444),2017
13@2017,Kakamega2017,Optimal,2,2@2017,25,25@2017,146,38@13,6.57,71,27.1,248,114,75,(CML395/CML444)//CKDHL153793,CKDHL153793,(CML395/CML444),2017
13@2017,Kakamega2017,Optimal,1,1@2017,4,4@2017,22,38@13,8.45,68,18.7,238.5,124.5,68,(CML395/CML444)//CKDHL153793,CKDHL153793,(CML395/CML444),2017
13@2017,Kiboko2017,Optimal,1,1@2017,2,2@2017,7,38@13,7.96,53,15.3,225,114.5,54,(CML395/CML444)//CKDHL153793,CKDHL153793,(CML395/CML444),2017
13@2017,Kiboko2017,Optimal,2,2@2017,15,15@2017,86,38@13,7.64,53,16.1,259,127.5,54,(CML395/CML444)//CKDHL153793,CKDHL153793,(CML395/CML444),2017
13@2017,Kiboko2017,Optimal,1,1@2017,13,13@2017,75,39@13,8.72,55,17.6,256,123,55,(CML395/CML444)//CKDHL153802,CKDHL153802,(CML395/CML444),2017
13@2017,Kiboko2017,Optimal,2,2@2017,23,23@2017,134,39@13,6.9,56,20.6,228,117,56,(CML395/CML444)//CKDHL153802,CKDHL153802,(CML395/CML444),2017
13@2017,Kakamega2017,Optimal,1,1@2017,5,5@2017,30,39@13,7.85,74,23.9,235,131,72,(CML395/CML444)//CKDHL153802,CKDHL153802,(CML395/CML444),2017
13@2017,Kakamega2017,Optimal,2,2@2017,24,24@2017,139,39@13,5.2,75,19.2,225.5,110.5,72,(CML395/CML444)//CKDHL153802,CKDHL153802,(CML395/CML444),2017
13@2017,Kiboko2017,Optimal,1,1@2017,1,1@2017,2,40@13,6.73,53,14.6,222.5,116,53,(CML395/CML444)//CKDHL153811,CKDHL153811,(CML395/CML444),2017
13@2017,Kakamega2017,Optimal,2,2@2017,21,21@2017,121,40@13,5.34,68,17.8,248,120,70,(CML395/CML444)//CKDHL153811,CKDHL153811,(CML395/CML444),2017
13@2017,Kakamega2017,Optimal,1,1@2017,9,9@2017,53,40@13,5.75,72,15.4,238.5,123,72,(CML395/CML444)//CKDHL153811,CKDHL153811,(CML395/CML444),2017
13@2017,Kiboko2017,Optimal,2,2@2017,19,19@2017,113,40@13,8.67,55,16.6,246.5,124,55,(CML395/CML444)//CKDHL153811,CKDHL153811,(CML395/CML444),2017
13@2017,Kiboko2017,Optimal,1,1@2017,12,12@2017,69,41@13,8.45,57,16.4,266,143.5,57,(CML395/CML444)//CKDHL153812,CKDHL153812,(CML395/CML444),2017
13@2017,Kakamega2017,Optimal,2,2@2017,19,19@2017,111,41@13,8.3,74,23.5,251,136.5,73,(CML395/CML444)//CKDHL153812,CKDHL153812,(CML395/CML444),2017
13@2017,Kiboko2017,Optimal,2,2@2017,21,21@2017,124,41@13,7.33,58,16.6,259.5,155,58,(CML395/CML444)//CKDHL153812,CKDHL153812,(CML395/CML444),2017
13@2017,Kakamega2017,Optimal,1,1@2017,9,9@2017,54,41@13,7.3,75,14.8,256.5,134.5,72,(CML395/CML444)//CKDHL153812,CKDHL153812,(CML395/CML444),2017
13@2017,Kakamega2017,Optimal,2,2@2017,16,16@2017,92,42@13,3.44,73,18.8,243,121.5,72,(CML395/CML444)//CKDHL153821,CKDHL153821,(CML395/CML444),2017
13@2017,Kiboko2017,Optimal,1,1@2017,2,2@2017,12,42@13,4.11,55,15.4,231.5,129.5,56,(CML395/CML444)//CKDHL153821,CKDHL153821,(CML395/CML444),2017
13@2017,Kiboko2017,Optimal,2,2@2017,19,19@2017,111,42@13,9.13,55,16.1,254.5,137.5,55,(CML395/CML444)//CKDHL153821,CKDHL153821,(CML395/CML444),2017
13@2017,Kakamega2017,Optimal,1,1@2017,8,8@2017,44,42@13,5.49,71,17.4,237,126,71,(CML395/CML444)//CKDHL153821,CKDHL153821,(CML395/CML444),2017
13@2017,Kakamega2017,Optimal,1,1@2017,3,3@2017,14,43@13,5.51,70,17.8,242.5,124.5,69,(CML395/CML444)//CKDHL153824,CKDHL153824,(CML395/CML444),2017
13@2017,Kiboko2017,Optimal,1,1@2017,13,13@2017,77,43@13,9.23,55,17.6,265.5,141.5,56,(CML395/CML444)//CKDHL153824,CKDHL153824,(CML395/CML444),2017
13@2017,Kiboko2017,Optimal,2,2@2017,24,24@2017,143,43@13,9.37,55,14.1,267,146.5,55,(CML395/CML444)//CKDHL153824,CKDHL153824,(CML395/CML444),2017
13@2017,Kakamega2017,Optimal,2,2@2017,14,14@2017,84,43@13,7.01,71,18.2,258.5,139,71,(CML395/CML444)//CKDHL153824,CKDHL153824,(CML395/CML444),2017
13@2017,Kiboko2017,Optimal,1,1@2017,7,7@2017,37,44@13,6.89,56,12.6,263,145,56,(CML395/CML444)//CKDHL153825,CKDHL153825,(CML395/CML444),2017
13@2017,Kakamega2017,Optimal,1,1@2017,11,11@2017,66,44@13,5.92,73,19,256,124.5,73,(CML395/CML444)//CKDHL153825,CKDHL153825,(CML395/CML444),2017
13@2017,Kakamega2017,Optimal,2,2@2017,24,24@2017,143,44@13,5.68,72,25.7,266,142,73,(CML395/CML444)//CKDHL153825,CKDHL153825,(CML395/CML444),2017
13@2017,Kiboko2017,Optimal,2,2@2017,23,23@2017,136,44@13,6.55,55,15.2,216.5,111.5,58,(CML395/CML444)//CKDHL153825,CKDHL153825,(CML395/CML444),2017
13@2017,Kiboko2017,Optimal,1,1@2017,10,10@2017,58,45@13,9.51,56,17.7,254,132,55,(CML395/CML444)//CKDHL153828,CKDHL153828,(CML395/CML444),2017
13@2017,Kakamega2017,Optimal,1,1@2017,11,11@2017,63,45@13,5.63,73,24.3,225,112.5,71,(CML395/CML444)//CKDHL153828,CKDHL153828,(CML395/CML444),2017
13@2017,Kiboko2017,Optimal,2,2@2017,16,16@2017,96,45@13,7.06,55,16.6,259.5,128,55,(CML395/CML444)//CKDHL153828,CKDHL153828,(CML395/CML444),2017
13@2017,Kakamega2017,Optimal,2,2@2017,21,21@2017,124,45@13,6.8,74,17.4,250,123.5,73,(CML395/CML444)//CKDHL153828,CKDHL153828,(CML395/CML444),2017
13@2017,Kakamega2017,Optimal,1,1@2017,12,12@2017,70,46@13,6.16,73,18.9,242.5,121.5,73,(CML395/CML444)//CKDHL153829,CKDHL153829,(CML395/CML444),2017
13@2017,Kiboko2017,Optimal,1,1@2017,9,9@2017,54,46@13,7.95,55,17.1,251.5,121,56,(CML395/CML444)//CKDHL153829,CKDHL153829,(CML395/CML444),2017
13@2017,Kiboko2017,Optimal,2,2@2017,21,21@2017,125,46@13,8.01,54,15.1,250,117.5,56,(CML395/CML444)//CKDHL153829,CKDHL153829,(CML395/CML444),2017
13@2017,Kakamega2017,Optimal,2,2@2017,15,15@2017,85,46@13,7.41,71,17,262,132,71,(CML395/CML444)//CKDHL153829,CKDHL153829,(CML395/CML444),2017
13@2017,Kiboko2017,Optimal,2,2@2017,23,23@2017,137,47@13,7.23,59,16.2,241.5,132.5,57,(CML395/CML444)//CKDHL153831,CKDHL153831,(CML395/CML444),2017
13@2017,Kakamega2017,Optimal,2,2@2017,23,23@2017,137,47@13,5.86,75,18.7,229,111,74,(CML395/CML444)//CKDHL153831,CKDHL153831,(CML395/CML444),2017
13@2017,Kiboko2017,Optimal,1,1@2017,11,11@2017,61,47@13,7.85,55,15.9,255,129,55,(CML395/CML444)//CKDHL153831,CKDHL153831,(CML395/CML444),2017
13@2017,Kakamega2017,Optimal,1,1@2017,9,9@2017,52,47@13,5.37,72,20.4,248,118.5,72,(CML395/CML444)//CKDHL153831,CKDHL153831,(CML395/CML444),2017
13@2017,Kakamega2017,Optimal,2,2@2017,20,20@2017,118,48@13,8.44,72,17.8,251,123.5,71,(CML395/CML444)//CKDHL153839,CKDHL153839,(CML395/CML444),2017
13@2017,Kakamega2017,Optimal,1,1@2017,12,12@2017,69,48@13,7.67,71,17.9,229.5,114,71,(CML395/CML444)//CKDHL153839,CKDHL153839,(CML395/CML444),2017
13@2017,Kiboko2017,Optimal,1,1@2017,12,12@2017,71,48@13,9.43,56,15.8,261.5,145,55,(CML395/CML444)//CKDHL153839,CKDHL153839,(CML395/CML444),2017
13@2017,Kiboko2017,Optimal,2,2@2017,25,25@2017,149,48@13,7.74,55,17.1,243,132.5,54,(CML395/CML444)//CKDHL153839,CKDHL153839,(CML395/CML444),2017
13@2017,Kakamega2017,Optimal,1,1@2017,11,11@2017,65,49@13,4.45,70,22.2,232,114.5,70,(CML395/CML444)//CKDHL153840,CKDHL153840,(CML395/CML444),2017
13@2017,Kakamega2017,Optimal,2,2@2017,25,25@2017,145,49@13,4.75,71,15.4,243,107.5,70,(CML395/CML444)//CKDHL153840,CKDHL153840,(CML395/CML444),2017
13@2017,Kiboko2017,Optimal,2,2@2017,20,20@2017,120,49@13,9.1,56,16.3,255,140.5,55,(CML395/CML444)//CKDHL153840,CKDHL153840,(CML395/CML444),2017
13@2017,Kiboko2017,Optimal,1,1@2017,9,9@2017,52,49@13,9.31,55,15.4,256.5,135.5,55,(CML395/CML444)//CKDHL153840,CKDHL153840,(CML395/CML444),2017
13@2017,Kakamega2017,Optimal,2,2@2017,15,15@2017,87,50@13,7.34,71,17.3,254.5,133,72,(CML395/CML444)//CKDHL153841,CKDHL153841,(CML395/CML444),2017
13@2017,Kiboko2017,Optimal,2,2@2017,24,24@2017,140,50@13,7.15,55,17.1,246,127,55,(CML395/CML444)//CKDHL153841,CKDHL153841,(CML395/CML444),2017
13@2017,Kakamega2017,Optimal,1,1@2017,8,8@2017,47,50@13,6.98,69,18.6,240,125,69,(CML395/CML444)//CKDHL153841,CKDHL153841,(CML395/CML444),2017
13@2017,Kiboko2017,Optimal,1,1@2017,12,12@2017,72,50@13,7.76,55,16.3,263,142.5,55,(CML395/CML444)//CKDHL153841,CKDHL153841,(CML395/CML444),2017
13@2017,Kiboko2017,Optimal,2,2@2017,16,16@2017,91,51@13,7.33,54,16.6,242,132.5,55,(CML395/CML444)//CKDHL153842,CKDHL153842,(CML395/CML444),2017
13@2017,Kakamega2017,Optimal,1,1@2017,7,7@2017,39,51@13,7.41,71,18.2,237.5,113,70,(CML395/CML444)//CKDHL153842,CKDHL153842,(CML395/CML444),2017
13@2017,Kakamega2017,Optimal,2,2@2017,21,21@2017,126,51@13,7.64,73,16.8,232,110.5,71,(CML395/CML444)//CKDHL153842,CKDHL153842,(CML395/CML444),2017
13@2017,Kiboko2017,Optimal,1,1@2017,7,7@2017,41,51@13,7.56,55,16.1,225,136,55,(CML395/CML444)//CKDHL153842,CKDHL153842,(CML395/CML444),2017
13@2017,Kiboko2017,Optimal,1,1@2017,10,10@2017,55,52@13,9.12,55,18.6,249.5,133.5,55,(CML395/CML444)//CKDHL153843,CKDHL153843,(CML395/CML444),2017
13@2017,Kakamega2017,Optimal,2,2@2017,16,16@2017,91,52@13,6.91,71,19.1,252.5,117.5,71,(CML395/CML444)//CKDHL153843,CKDHL153843,(CML395/CML444),2017
13@2017,Kiboko2017,Optimal,2,2@2017,20,20@2017,116,52@13,7.74,55,17.1,249.5,129.5,56,(CML395/CML444)//CKDHL153843,CKDHL153843,(CML395/CML444),2017
13@2017,Kakamega2017,Optimal,1,1@2017,13,13@2017,75,52@13,4.8,71,19.1,257.5,112,71,(CML395/CML444)//CKDHL153843,CKDHL153843,(CML395/CML444),2017
13@2017,Kiboko2017,Optimal,1,1@2017,3,3@2017,15,53@13,8,55,16.3,222.5,128.5,54,(CML395/CML444)//CKDHL153847,CKDHL153847,(CML395/CML444),2017
13@2017,Kakamega2017,Optimal,1,1@2017,9,9@2017,51,53@13,7.2,75,18,248,133.5,73,(CML395/CML444)//CKDHL153847,CKDHL153847,(CML395/CML444),2017
13@2017,Kiboko2017,Optimal,2,2@2017,20,20@2017,117,53@13,7.93,57,16.7,258,143,55,(CML395/CML444)//CKDHL153847,CKDHL153847,(CML395/CML444),2017
13@2017,Kakamega2017,Optimal,2,2@2017,19,19@2017,113,53@13,7.67,74,17,252.5,131.5,71,(CML395/CML444)//CKDHL153847,CKDHL153847,(CML395/CML444),2017
13@2017,Kakamega2017,Optimal,2,2@2017,14,14@2017,79,54@13,8.82,73,21.4,258,128.5,72,(CML395/CML444)//CKDHL153848,CKDHL153848,(CML395/CML444),2017
13@2017,Kakamega2017,Optimal,1,1@2017,4,4@2017,21,54@13,7.53,70,16.9,236,118.5,70,(CML395/CML444)//CKDHL153848,CKDHL153848,(CML395/CML444),2017
13@2017,Kiboko2017,Optimal,2,2@2017,20,20@2017,118,54@13,8.63,56,17,263.5,135.5,56,(CML395/CML444)//CKDHL153848,CKDHL153848,(CML395/CML444),2017
13@2017,Kiboko2017,Optimal,1,1@2017,6,6@2017,36,54@13,7.7,56,15.5,273.5,144.5,55,(CML395/CML444)//CKDHL153848,CKDHL153848,(CML395/CML444),2017
13@2017,Kiboko2017,Optimal,2,2@2017,23,23@2017,133,55@13,7.36,54,16.8,223,114.5,54,(CML395/CML444)//CKDHL153850,CKDHL153850,(CML395/CML444),2017
13@2017,Kiboko2017,Optimal,1,1@2017,10,10@2017,60,55@13,8.15,53,16.1,249.5,129,55,(CML395/CML444)//CKDHL153850,CKDHL153850,(CML395/CML444),2017
13@2017,Kakamega2017,Optimal,1,1@2017,8,8@2017,43,55@13,6.36,68,19.8,238,117.5,69,(CML395/CML444)//CKDHL153850,CKDHL153850,(CML395/CML444),2017
13@2017,Kakamega2017,Optimal,2,2@2017,19,19@2017,114,55@13,7.09,68,15,236.5,128,70,(CML395/CML444)//CKDHL153850,CKDHL153850,(CML395/CML444),2017
13@2017,Kakamega2017,Optimal,1,1@2017,2,2@2017,12,56@13,5.75,66,16.7,229,125,67,(CML395/CML444)//CKDHL153854,CKDHL153854,(CML395/CML444),2017
13@2017,Kiboko2017,Optimal,1,1@2017,7,7@2017,38,56@13,6.74,53,14.9,247,111,55,(CML395/CML444)//CKDHL153854,CKDHL153854,(CML395/CML444),2017
13@2017,Kakamega2017,Optimal,2,2@2017,20,20@2017,115,56@13,3.1,68,21.5,246,108,71,(CML395/CML444)//CKDHL153854,CKDHL153854,(CML395/CML444),2017
13@2017,Kiboko2017,Optimal,2,2@2017,25,25@2017,148,56@13,7.39,53,16.2,244.5,107.5,55,(CML395/CML444)//CKDHL153854,CKDHL153854,(CML395/CML444),2017
13@2017,Kakamega2017,Optimal,2,2@2017,24,24@2017,141,57@13,6.71,76,23.1,235,113,76,(CML395/CML444)//CKDHL153856,CKDHL153856,(CML395/CML444),2017
13@2017,Kakamega2017,Optimal,1,1@2017,12,12@2017,72,57@13,5.53,76,17.7,248.5,124.5,75,(CML395/CML444)//CKDHL153856,CKDHL153856,(CML395/CML444),2017
13@2017,Kiboko2017,Optimal,2,2@2017,15,15@2017,85,57@13,8.45,59,18.5,263.5,144,59,(CML395/CML444)//CKDHL153856,CKDHL153856,(CML395/CML444),2017
13@2017,Kiboko2017,Optimal,1,1@2017,1,1@2017,4,57@13,7.36,56,15.6,224.5,123.5,56,(CML395/CML444)//CKDHL153856,CKDHL153856,(CML395/CML444),2017
13@2017,Kakamega2017,Optimal,1,1@2017,2,2@2017,7,58@13,7.73,74,19.9,248.5,130.5,73,(CML395/CML444)//CKDHL153868,CKDHL153868,(CML395/CML444),2017
13@2017,Kiboko2017,Optimal,2,2@2017,22,22@2017,132,58@13,6.66,56,14.5,230,124.5,56,(CML395/CML444)//CKDHL153868,CKDHL153868,(CML395/CML444),2017
13@2017,Kakamega2017,Optimal,2,2@2017,20,20@2017,117,58@13,6.64,75,18.9,256,134.5,72,(CML395/CML444)//CKDHL153868,CKDHL153868,(CML395/CML444),2017
13@2017,Kiboko2017,Optimal,1,1@2017,6,6@2017,33,58@13,7.14,57,15,254,140.5,57,(CML395/CML444)//CKDHL153868,CKDHL153868,(CML395/CML444),2017
13@2017,Kiboko2017,Optimal,2,2@2017,16,16@2017,95,59@13,7.9,55,16.5,257.5,135.5,55,(CML395/CML444)//CKDHL153870,CKDHL153870,(CML395/CML444),2017
13@2017,Kiboko2017,Optimal,1,1@2017,1,1@2017,1,59@13,7.63,54,15.6,222.5,115.5,54,(CML395/CML444)//CKDHL153870,CKDHL153870,(CML395/CML444),2017
13@2017,Kakamega2017,Optimal,1,1@2017,3,3@2017,16,59@13,4.09,68,17.8,232.5,107.5,68,(CML395/CML444)//CKDHL153870,CKDHL153870,(CML395/CML444),2017
13@2017,Kakamega2017,Optimal,2,2@2017,23,23@2017,135,59@13,5.9,68,18.8,233.5,115,69,(CML395/CML444)//CKDHL153870,CKDHL153870,(CML395/CML444),2017
13@2017,Kakamega2017,Optimal,1,1@2017,11,11@2017,64,60@13,5.05,73,17.7,234.5,116.5,73,(CML395/CML444)//CKDHL153872,CKDHL153872,(CML395/CML444),2017
13@2017,Kiboko2017,Optimal,2,2@2017,19,19@2017,110,60@13,9.37,54,14.1,240,125.5,55,(CML395/CML444)//CKDHL153872,CKDHL153872,(CML395/CML444),2017
13@2017,Kakamega2017,Optimal,2,2@2017,14,14@2017,82,60@13,5.69,69,17.3,234.5,114,69,(CML395/CML444)//CKDHL153872,CKDHL153872,(CML395/CML444),2017
13@2017,Kiboko2017,Optimal,1,1@2017,8,8@2017,46,60@13,7.1,56,14.2,225,132,52,(CML395/CML444)//CKDHL153872,CKDHL153872,(CML395/CML444),2017
13@2017,Kakamega2017,Optimal,1,1@2017,8,8@2017,45,61@13,6.94,71,17.5,238,119,71,(CML395/CML444)//CKDHL153876,CKDHL153876,(CML395/CML444),2017
13@2017,Kiboko2017,Optimal,2,2@2017,14,14@2017,83,61@13,8.26,56,16.9,275.5,145.5,56,(CML395/CML444)//CKDHL153876,CKDHL153876,(CML395/CML444),2017
13@2017,Kiboko2017,Optimal,1,1@2017,7,7@2017,42,61@13,6.49,57,16.7,260,133.5,57,(CML395/CML444)//CKDHL153876,CKDHL153876,(CML395/CML444),2017
13@2017,Kakamega2017,Optimal,2,2@2017,16,16@2017,95,61@13,6.17,69,19.1,254.5,119.5,71,(CML395/CML444)//CKDHL153876,CKDHL153876,(CML395/CML444),2017
13@2017,Kiboko2017,Optimal,2,2@2017,18,18@2017,108,62@13,7.81,56,19.1,242,127,55,(CML395/CML444)//CKDHL153877,CKDHL153877,(CML395/CML444),2017
13@2017,Kakamega2017,Optimal,2,2@2017,19,19@2017,110,62@13,6.41,74,20.5,262,136,72,(CML395/CML444)//CKDHL153877,CKDHL153877,(CML395/CML444),2017
13@2017,Kiboko2017,Optimal,1,1@2017,11,11@2017,64,62@13,8.55,56,17,266.5,144.5,55,(CML395/CML444)//CKDHL153877,CKDHL153877,(CML395/CML444),2017
13@2017,Kakamega2017,Optimal,1,1@2017,11,11@2017,61,62@13,7.65,70,17.2,255,144.5,70,(CML395/CML444)//CKDHL153877,CKDHL153877,(CML395/CML444),2017
13@2017,Kakamega2017,Optimal,1,1@2017,13,13@2017,78,63@13,7.54,68,14.6,258,126,68,(CML395/CML444)//CKDHL153878,CKDHL153878,(CML395/CML444),2017
13@2017,Kiboko2017,Optimal,2,2@2017,15,15@2017,87,63@13,9.99,54,17.9,258,140,54,(CML395/CML444)//CKDHL153878,CKDHL153878,(CML395/CML444),2017
13@2017,Kakamega2017,Optimal,2,2@2017,24,24@2017,142,63@13,7.79,69,25.6,253,122,70,(CML395/CML444)//CKDHL153878,CKDHL153878,(CML395/CML444),2017
13@2017,Kiboko2017,Optimal,1,1@2017,4,4@2017,19,63@13,6.61,54,16.5,230,133,54,(CML395/CML444)//CKDHL153878,CKDHL153878,(CML395/CML444),2017
13@2017,Kiboko2017,Optimal,1,1@2017,8,8@2017,48,64@13,9.6,56,18.3,277,145.5,56,(CML395/CML444)//CKDHL153881,CKDHL153881,(CML395/CML444),2017
13@2017,Kakamega2017,Optimal,1,1@2017,3,3@2017,13,64@13,4.47,70,18.9,252,136,70,(CML395/CML444)//CKDHL153881,CKDHL153881,(CML395/CML444),2017
13@2017,Kiboko2017,Optimal,2,2@2017,24,24@2017,144,64@13,9.13,55,16.1,283,147.5,57,(CML395/CML444)//CKDHL153881,CKDHL153881,(CML395/CML444),2017
13@2017,Kakamega2017,Optimal,2,2@2017,20,20@2017,120,64@13,7.7,73,17.8,247,130,71,(CML395/CML444)//CKDHL153881,CKDHL153881,(CML395/CML444),2017
13@2017,Kakamega2017,Optimal,2,2@2017,17,17@2017,102,65@13,4.51,71,18.6,255,117,73,(CML395/CML444)//CKDHL153882,CKDHL153882,(CML395/CML444),2017
13@2017,Kakamega2017,Optimal,1,1@2017,5,5@2017,29,65@13,8.14,71,20.7,254.5,129,70,(CML395/CML444)//CKDHL153882,CKDHL153882,(CML395/CML444),2017
13@2017,Kiboko2017,Optimal,1,1@2017,10,10@2017,56,65@13,9.17,56,17.4,242.5,123,57,(CML395/CML444)//CKDHL153882,CKDHL153882,(CML395/CML444),2017
13@2017,Kiboko2017,Optimal,2,2@2017,21,21@2017,122,65@13,6.15,57,15.5,263.5,133,57,(CML395/CML444)//CKDHL153882,CKDHL153882,(CML395/CML444),2017
13@2017,Kakamega2017,Optimal,2,2@2017,17,17@2017,97,66@13,7.03,69,29.6,254,126,70,(CML395/CML444)//CKDHL153885,CKDHL153885,(CML395/CML444),2017
13@2017,Kakamega2017,Optimal,1,1@2017,6,6@2017,32,66@13,7.15,73,18.8,244.5,123,73,(CML395/CML444)//CKDHL153885,CKDHL153885,(CML395/CML444),2017
13@2017,Kiboko2017,Optimal,2,2@2017,15,15@2017,88,66@13,7.64,54,15.8,264.5,132,54,(CML395/CML444)//CKDHL153885,CKDHL153885,(CML395/CML444),2017
13@2017,Kiboko2017,Optimal,1,1@2017,9,9@2017,50,66@13,10.07,55,17,265.5,121.5,56,(CML395/CML444)//CKDHL153885,CKDHL153885,(CML395/CML444),2017
13@2017,Kakamega2017,Optimal,2,2@2017,25,25@2017,150,67@13,8.39,79,21.6,255,125.5,76,(CML395/CML444)//CKDHL153886,CKDHL153886,(CML395/CML444),2017
13@2017,Kiboko2017,Optimal,2,2@2017,25,25@2017,145,67@13,10.03,57,18,269.5,147.5,58,(CML395/CML444)//CKDHL153886,CKDHL153886,(CML395/CML444),2017
13@2017,Kiboko2017,Optimal,1,1@2017,12,12@2017,68,67@13,9.47,58,17.6,294,163.5,57,(CML395/CML444)//CKDHL153886,CKDHL153886,(CML395/CML444),2017
13@2017,Kakamega2017,Optimal,1,1@2017,1,1@2017,3,67@13,5.03,76,16.9,255.5,144,76,(CML395/CML444)//CKDHL153886,CKDHL153886,(CML395/CML444),2017
13@2017,Kiboko2017,Optimal,2,2@2017,16,16@2017,93,68@13,8.23,55,15.3,260,141.5,55,(CML395/CML444)//CKDHL153890,CKDHL153890,(CML395/CML444),2017
13@2017,Kiboko2017,Optimal,1,1@2017,4,4@2017,20,68@13,8.38,55,16.5,250.5,141.5,55,(CML395/CML444)//CKDHL153890,CKDHL153890,(CML395/CML444),2017
13@2017,Kakamega2017,Optimal,1,1@2017,1,1@2017,4,68@13,5.61,71,19.3,239.5,140.5,72,(CML395/CML444)//CKDHL153890,CKDHL153890,(CML395/CML444),2017
13@2017,Kakamega2017,Optimal,2,2@2017,25,25@2017,148,68@13,6.58,75,19.1,232,112.5,73,(CML395/CML444)//CKDHL153890,CKDHL153890,(CML395/CML444),2017
13@2017,Kiboko2017,Optimal,2,2@2017,22,22@2017,131,69@13,8.12,55,14.5,249.5,123,56,(CML395/CML444)//CKDHL153892,CKDHL153892,(CML395/CML444),2017
13@2017,Kakamega2017,Optimal,2,2@2017,22,22@2017,130,69@13,6.75,71,17,220,95.5,73,(CML395/CML444)//CKDHL153892,CKDHL153892,(CML395/CML444),2017
13@2017,Kiboko2017,Optimal,1,1@2017,5,5@2017,27,69@13,7.21,56,13.5,255,122.5,56,(CML395/CML444)//CKDHL153892,CKDHL153892,(CML395/CML444),2017
13@2017,Kakamega2017,Optimal,1,1@2017,13,13@2017,76,69@13,7.2,70,19.1,246.5,115.5,71,(CML395/CML444)//CKDHL153892,CKDHL153892,(CML395/CML444),2017
13@2017,Kiboko2017,Optimal,1,1@2017,2,2@2017,10,70@13,6.65,55,14.3,220,119,58,(CML395/CML444)//CKDHL153899,CKDHL153899,(CML395/CML444),2017
13@2017,Kakamega2017,Optimal,2,2@2017,22,22@2017,129,70@13,6.6,78,20.4,217,105,79,(CML395/CML444)//CKDHL153899,CKDHL153899,(CML395/CML444),2017
13@2017,Kiboko2017,Optimal,2,2@2017,26,26@2017,152,70@13,10.98,57,16.6,257.5,143,58,(CML395/CML444)//CKDHL153899,CKDHL153899,(CML395/CML444),2017
13@2017,Kakamega2017,Optimal,1,1@2017,10,10@2017,57,70@13,5.66,75,16.8,260,145.5,79,(CML395/CML444)//CKDHL153899,CKDHL153899,(CML395/CML444),2017
13@2017,Kiboko2017,Optimal,1,1@2017,12,12@2017,67,71@13,5.69,52,15.4,240,116.5,53,(CML395/CML444)//CKDHL153900,CKDHL153900,(CML395/CML444),2017
13@2017,Kakamega2017,Optimal,2,2@2017,22,22@2017,127,71@13,5.04,66,16.5,213.5,106.5,67,(CML395/CML444)//CKDHL153900,CKDHL153900,(CML395/CML444),2017
13@2017,Kakamega2017,Optimal,1,1@2017,7,7@2017,38,71@13,4.32,68,14.1,222,109.5,69,(CML395/CML444)//CKDHL153900,CKDHL153900,(CML395/CML444),2017
13@2017,Kiboko2017,Optimal,2,2@2017,26,26@2017,155,71@13,6.15,52,15.5,202,86.5,53,(CML395/CML444)//CKDHL153900,CKDHL153900,(CML395/CML444),2017
13@2017,Kiboko2017,Optimal,2,2@2017,14,14@2017,82,72@13,8.88,56,17.4,268,155.5,56,(CML395/CML444)//CKDHL153901,CKDHL153901,(CML395/CML444),2017
13@2017,Kakamega2017,Optimal,2,2@2017,24,24@2017,140,72@13,6.74,75,20.2,243,116.9,75,(CML395/CML444)//CKDHL153901,CKDHL153901,(CML395/CML444),2017
13@2017,Kiboko2017,Optimal,1,1@2017,5,5@2017,30,72@13,7.97,58,17.7,253,155,57,(CML395/CML444)//CKDHL153901,CKDHL153901,(CML395/CML444),2017
13@2017,Kakamega2017,Optimal,1,1@2017,4,4@2017,23,72@13,6.46,74,16.4,229.5,113.5,73,(CML395/CML444)//CKDHL153901,CKDHL153901,(CML395/CML444),2017
13@2017,Kiboko2017,Optimal,1,1@2017,5,5@2017,25,73@13,8.05,61,18.5,305.5,177,63,H517,H517,,2017
13@2017,Kiboko2017,Optimal,2,2@2017,24,24@2017,141,73@13,7.81,60,19.1,283,162.5,63,H517,H517,,2017
13@2017,Kakamega2017,Optimal,2,2@2017,24,24@2017,144,73@13,7.9,80,18.1,236,110,79,H517,H517,,2017
13@2017,Kakamega2017,Optimal,1,1@2017,13,13@2017,74,73@13,5.78,79,15.4,261,148.5,81,H517,H517,,2017
13@2017,Kakamega2017,Optimal,1,1@2017,8,8@2017,48,74@13,6.97,73,21.3,231,106,75,Pioneer 30G19,Pioneer 30G19,,2017
13@2017,Kakamega2017,Optimal,2,2@2017,14,14@2017,83,74@13,7.3,71,19.7,256,113.5,73,Pioneer 30G19,Pioneer 30G19,,2017
13@2017,Kiboko2017,Optimal,2,2@2017,16,16@2017,94,74@13,7.39,54,16.5,280,126,57,Pioneer 30G19,Pioneer 30G19,,2017
13@2017,Kiboko2017,Optimal,1,1@2017,6,6@2017,35,74@13,6.1,54,12.7,279,125,58,Pioneer 30G19,Pioneer 30G19,,2017
13@2017,Kakamega2017,Optimal,2,2@2017,21,21@2017,123,75@13,6.16,78,27.1,230,112.5,77,WH505,WH505,,2017
13@2017,Kiboko2017,Optimal,2,2@2017,21,21@2017,126,75@13,8.23,59,15.3,283.5,148.5,60,WH505,WH505,,2017
13@2017,Kiboko2017,Optimal,1,1@2017,13,13@2017,73,75@13,9.46,58,18.1,289,149,59,WH505,WH505,,2017
13@2017,Kakamega2017,Optimal,1,1@2017,7,7@2017,42,75@13,4.55,76,18.7,265,136,74,WH505,WH505,,2017
13@2017,Kakamega2017,Optimal,1,1@2017,6,6@2017,34,76@13,5.33,72,16.2,237,123,72,DK 8031,DK 8031,,2017
13@2017,Kiboko2017,Optimal,2,2@2017,18,18@2017,107,76@13,7.15,54,17.1,260.5,125.5,58,DK 8031,DK 8031,,2017
13@2017,Kiboko2017,Optimal,1,1@2017,1,1@2017,6,76@13,5.42,55,14.1,243.5,118.5,58,DK 8031,DK 8031,,2017
13@2017,Kakamega2017,Optimal,2,2@2017,21,21@2017,122,76@13,3.44,70,16.8,224.5,106,76,DK 8031,DK 8031,,2017
13@2017,Kakamega2017,Optimal,1,1@2017,2,2@2017,10,77@13,4.11,66,25.2,227.5,111.5,67,PAN 4M19,PAN 4M19,,2017
13@2017,Kakamega2017,Optimal,2,2@2017,18,18@2017,104,77@13,4.49,68,16.2,229.5,119,69,PAN 4M19,PAN 4M19,,2017
13@2017,Kiboko2017,Optimal,1,1@2017,3,3@2017,18,77@13,5.22,51,12.8,237.5,111,54,PAN 4M19,PAN 4M19,,2017
13@2017,Kiboko2017,Optimal,2,2@2017,18,18@2017,106,77@13,7.89,53,15.8,237.5,114,55,PAN 4M19,PAN 4M19,,2017
13@2017,Kiboko2017,Optimal,1,1@2017,11,11@2017,66,78@13,5.35,54,13.4,264,124.5,56,DH04,DH04,,2017
13@2017,Kiboko2017,Optimal,2,2@2017,26,26@2017,154,78@13,6.84,55,15,241,115.5,57,DH04,DH04,,2017
13@2017,Kakamega2017,Optimal,2,2@2017,17,17@2017,101,78@13,4.58,71,20.6,252.5,112,71,DH04,DH04,,2017
13@2017,Kakamega2017,Optimal,1,1@2017,7,7@2017,37,78@13,3.34,71,17.7,245.5,121,72,DH04,DH04,,2017
14@2017,Kiboko2017,Optimal,1,1@2017,14,14@2017,55,1@14,4.36,49,13.7,273,136,49,(CML395/CML444)//CKDHL153905,CKDHL153905,(CML395/CML444),2017
14@2017,Kakamega2017,Optimal,1,1@2017,13,13@2017,50,1@14,7.76,71,24.4,250,145,74,(CML395/CML444)//CKDHL153905,CKDHL153905,(CML395/CML444),2017
14@2017,Kiboko2017,Optimal,2,2@2017,29,29@2017,115,1@14,4.16,49,13.2,269.5,137,50,(CML395/CML444)//CKDHL153905,CKDHL153905,(CML395/CML444),2017
14@2017,Kakamega2017,Optimal,2,2@2017,21,21@2017,82,1@14,7.59,71,24.6,271,157,72,(CML395/CML444)//CKDHL153905,CKDHL153905,(CML395/CML444),2017
14@2017,Kiboko2017,Optimal,2,2@2017,33,33@2017,132,2@14,4.6,50,13.6,263,150.5,50,(CML395/CML444)//CKDHL153907,CKDHL153907,(CML395/CML444),2017
14@2017,Kakamega2017,Optimal,2,2@2017,29,29@2017,114,2@14,10.41,70,19.8,246.5,124.5,70,(CML395/CML444)//CKDHL153907,CKDHL153907,(CML395/CML444),2017
14@2017,Kakamega2017,Optimal,1,1@2017,13,13@2017,51,2@14,8.23,72,24.5,252.5,151,74,(CML395/CML444)//CKDHL153907,CKDHL153907,(CML395/CML444),2017
14@2017,Kiboko2017,Optimal,1,1@2017,1,1@2017,2,2@14,6.35,48,12.7,273,159,48,(CML395/CML444)//CKDHL153907,CKDHL153907,(CML395/CML444),2017
14@2017,Kiboko2017,Optimal,2,2@2017,33,33@2017,129,3@14,5.17,51,14,271.5,148.5,51,(CML395/CML444)//CKDHL153908,CKDHL153908,(CML395/CML444),2017
14@2017,Kakamega2017,Optimal,2,2@2017,20,20@2017,79,3@14,9.92,72,22.7,278,158.5,73,(CML395/CML444)//CKDHL153908,CKDHL153908,(CML395/CML444),2017
14@2017,Kakamega2017,Optimal,1,1@2017,9,9@2017,35,3@14,9.54,71,23.5,257.5,136.5,71,(CML395/CML444)//CKDHL153908,CKDHL153908,(CML395/CML444),2017
14@2017,Kiboko2017,Optimal,1,1@2017,16,16@2017,62,3@14,6.8,49,14.3,287,155,50,(CML395/CML444)//CKDHL153908,CKDHL153908,(CML395/CML444),2017
14@2017,Kiboko2017,Optimal,1,1@2017,1,1@2017,3,4@14,7.08,48,13.3,283,150,48,(CML395/CML444)//CKDHL153913,CKDHL153913,(CML395/CML444),2017
14@2017,Kakamega2017,Optimal,2,2@2017,33,33@2017,132,4@14,8.34,73,23.5,247.5,121.5,72,(CML395/CML444)//CKDHL153913,CKDHL153913,(CML395/CML444),2017
14@2017,Kakamega2017,Optimal,1,1@2017,8,8@2017,31,4@14,9.99,72,24,263.5,152,74,(CML395/CML444)//CKDHL153913,CKDHL153913,(CML395/CML444),2017
14@2017,Kiboko2017,Optimal,2,2@2017,18,18@2017,71,4@14,6.99,50,14,297.5,162.5,49,(CML395/CML444)//CKDHL153913,CKDHL153913,(CML395/CML444),2017
14@2017,Kiboko2017,Optimal,1,1@2017,13,13@2017,50,5@14,5.59,50,15.5,269.5,153,55,(CML395/CML444)//CKDHL153910,CKDHL153910,(CML395/CML444),2017
14@2017,Kiboko2017,Optimal,2,2@2017,21,21@2017,81,5@14,4.78,50,16.4,278,151,53,(CML395/CML444)//CKDHL153910,CKDHL153910,(CML395/CML444),2017
14@2017,Kakamega2017,Optimal,2,2@2017,30,30@2017,117,5@14,10.04,71,24.6,254.5,126,71,(CML395/CML444)//CKDHL153910,CKDHL153910,(CML395/CML444),2017
14@2017,Kakamega2017,Optimal,1,1@2017,17,17@2017,67,5@14,6.28,74,23,291,151,76,(CML395/CML444)//CKDHL153910,CKDHL153910,(CML395/CML444),2017
14@2017,Kakamega2017,Optimal,2,2@2017,29,29@2017,115,6@14,8.44,74,20.4,260,129,74,(CML395/CML444)//CKDHL153917,CKDHL153917,(CML395/CML444),2017
14@2017,Kiboko2017,Optimal,2,2@2017,24,24@2017,94,6@14,4.65,51,14.7,278,159.5,50,(CML395/CML444)//CKDHL153917,CKDHL153917,(CML395/CML444),2017
14@2017,Kiboko2017,Optimal,1,1@2017,7,7@2017,26,6@14,4.87,49,13.8,291.5,168,51,(CML395/CML444)//CKDHL153917,CKDHL153917,(CML395/CML444),2017
14@2017,Kakamega2017,Optimal,1,1@2017,16,16@2017,64,6@14,7.81,72,20.8,287.5,155,75,(CML395/CML444)//CKDHL153917,CKDHL153917,(CML395/CML444),2017
14@2017,Kiboko2017,Optimal,1,1@2017,15,15@2017,59,7@14,5.32,51,14.8,288.5,163.5,53,(CML395/CML444)//CKDHL153918,CKDHL153918,(CML395/CML444),2017
14@2017,Kakamega2017,Optimal,2,2@2017,32,32@2017,128,7@14,9.26,75,21.4,259,131,71,(CML395/CML444)//CKDHL153918,CKDHL153918,(CML395/CML444),2017
14@2017,Kiboko2017,Optimal,2,2@2017,20,20@2017,79,7@14,6.67,49,15.2,275,150,51,(CML395/CML444)//CKDHL153918,CKDHL153918,(CML395/CML444),2017
14@2017,Kakamega2017,Optimal,1,1@2017,2,2@2017,6,7@14,8.82,74,20.3,285.5,142.5,75,(CML395/CML444)//CKDHL153918,CKDHL153918,(CML395/CML444),2017
14@2017,Kiboko2017,Optimal,2,2@2017,26,26@2017,103,8@14,4.85,52,14.1,291,155.5,54,(CML395/CML444)//CKDHL153931,CKDHL153931,(CML395/CML444),2017
14@2017,Kakamega2017,Optimal,2,2@2017,24,24@2017,93,8@14,8.29,74,23.5,274.5,143,76,(CML395/CML444)//CKDHL153931,CKDHL153931,(CML395/CML444),2017
14@2017,Kiboko2017,Optimal,1,1@2017,1,1@2017,4,8@14,5.99,50,15.7,310.5,174,54,(CML395/CML444)//CKDHL153931,CKDHL153931,(CML395/CML444),2017
14@2017,Kakamega2017,Optimal,1,1@2017,2,2@2017,5,8@14,9.91,74,24,280,159,78,(CML395/CML444)//CKDHL153931,CKDHL153931,(CML395/CML444),2017
14@2017,Kiboko2017,Optimal,1,1@2017,10,10@2017,38,9@14,5.78,50,14.2,275,151,52,(CML395/CML444)//CKDHL153934,CKDHL153934,(CML395/CML444),2017
14@2017,Kakamega2017,Optimal,1,1@2017,14,14@2017,54,9@14,9.13,72,26.5,277,158,74,(CML395/CML444)//CKDHL153934,CKDHL153934,(CML395/CML444),2017
14@2017,Kakamega2017,Optimal,2,2@2017,26,26@2017,101,9@14,7.52,71,25.6,268.5,145.5,72,(CML395/CML444)//CKDHL153934,CKDHL153934,(CML395/CML444),2017
14@2017,Kiboko2017,Optimal,2,2@2017,26,26@2017,104,9@14,5.25,50,14.1,274,142,51,(CML395/CML444)//CKDHL153934,CKDHL153934,(CML395/CML444),2017
14@2017,Kakamega2017,Optimal,2,2@2017,25,25@2017,99,10@14,8.27,68,22.2,258.5,118,71,(CML395/CML444)//CKDHL153935,CKDHL153935,(CML395/CML444),2017
14@2017,Kiboko2017,Optimal,1,1@2017,4,4@2017,13,10@14,7.94,49,14.2,260,129.5,50,(CML395/CML444)//CKDHL153935,CKDHL153935,(CML395/CML444),2017
14@2017,Kiboko2017,Optimal,2,2@2017,31,31@2017,123,10@14,5.35,48,15.2,258.5,124,50,(CML395/CML444)//CKDHL153935,CKDHL153935,(CML395/CML444),2017
14@2017,Kakamega2017,Optimal,1,1@2017,1,1@2017,3,10@14,6.65,72,22.4,268.5,153.5,76,(CML395/CML444)//CKDHL153935,CKDHL153935,(CML395/CML444),2017
14@2017,Kakamega2017,Optimal,2,2@2017,25,25@2017,100,11@14,7.74,76,27.3,308.5,164,76,(CML395/CML444)//CKDHL153939,CKDHL153939,(CML395/CML444),2017
14@2017,Kiboko2017,Optimal,1,1@2017,7,7@2017,27,11@14,6.5,22,16,284.5,162.5,49,(CML395/CML444)//CKDHL153939,CKDHL153939,(CML395/CML444),2017
14@2017,Kiboko2017,Optimal,2,2@2017,19,19@2017,73,11@14,5.97,52,14.8,269,144,52,(CML395/CML444)//CKDHL153939,CKDHL153939,(CML395/CML444),2017
14@2017,Kakamega2017,Optimal,1,1@2017,17,17@2017,68,11@14,9.26,72,22.2,295.5,161.5,72,(CML395/CML444)//CKDHL153939,CKDHL153939,(CML395/CML444),2017
14@2017,Kiboko2017,Optimal,2,2@2017,18,18@2017,70,12@14,7.33,49,15.7,281,143.5,51,(CML395/CML444)//CKDHL153941,CKDHL153941,(CML395/CML444),2017
14@2017,Kiboko2017,Optimal,1,1@2017,16,16@2017,63,12@14,5.62,49,16.7,274,149.5,49,(CML395/CML444)//CKDHL153941,CKDHL153941,(CML395/CML444),2017
14@2017,Kakamega2017,Optimal,1,1@2017,10,10@2017,37,12@14,10.2,70,23.4,254,133,71,(CML395/CML444)//CKDHL153941,CKDHL153941,(CML395/CML444),2017
14@2017,Kakamega2017,Optimal,2,2@2017,21,21@2017,81,12@14,7.31,72,22.4,260.5,137,73,(CML395/CML444)//CKDHL153941,CKDHL153941,(CML395/CML444),2017
14@2017,Kiboko2017,Optimal,2,2@2017,24,24@2017,96,13@14,6.54,49,13.9,272,139,52,(CML395/CML444)//CKDHL153958,CKDHL153958,(CML395/CML444),2017
14@2017,Kiboko2017,Optimal,1,1@2017,2,2@2017,5,13@14,5.48,49,13.7,272.5,140.5,53,(CML395/CML444)//CKDHL153958,CKDHL153958,(CML395/CML444),2017
14@2017,Kakamega2017,Optimal,1,1@2017,12,12@2017,48,13@14,7.02,72,26.7,254.5,133,75,(CML395/CML444)//CKDHL153958,CKDHL153958,(CML395/CML444),2017
14@2017,Kakamega2017,Optimal,2,2@2017,34,34@2017,134,13@14,9.99,72,20.2,291,164,74,(CML395/CML444)//CKDHL153958,CKDHL153958,(CML395/CML444),2017
14@2017,Kiboko2017,Optimal,1,1@2017,8,8@2017,30,14@14,5.75,47,13,285.5,153,47,(CML395/CML444)//CKDHL153960,CKDHL153960,(CML395/CML444),2017
14@2017,Kakamega2017,Optimal,2,2@2017,33,33@2017,129,14@14,5.26,69,18.3,237.5,124.5,69,(CML395/CML444)//CKDHL153960,CKDHL153960,(CML395/CML444),2017
14@2017,Kakamega2017,Optimal,1,1@2017,12,12@2017,45,14@14,4.96,69,22,243,124,69,(CML395/CML444)//CKDHL153960,CKDHL153960,(CML395/CML444),2017
14@2017,Kiboko2017,Optimal,2,2@2017,31,31@2017,124,14@14,5.77,47,13.5,260.5,133.5,47,(CML395/CML444)//CKDHL153960,CKDHL153960,(CML395/CML444),2017
14@2017,Kiboko2017,Optimal,1,1@2017,17,17@2017,67,15@14,4.04,51,13.2,269.5,164.5,53,(CML395/CML444)//CKDHL153961,CKDHL153961,(CML395/CML444),2017
14@2017,Kakamega2017,Optimal,2,2@2017,18,18@2017,71,15@14,4.48,72,24.4,238,124.5,73,(CML395/CML444)//CKDHL153961,CKDHL153961,(CML395/CML444),2017
14@2017,Kiboko2017,Optimal,2,2@2017,20,20@2017,78,15@14,3.88,51,13.6,264.5,153,55,(CML395/CML444)//CKDHL153961,CKDHL153961,(CML395/CML444),2017
14@2017,Kakamega2017,Optimal,1,1@2017,15,15@2017,57,15@14,5.63,74,22.5,247,128,74,(CML395/CML444)//CKDHL153961,CKDHL153961,(CML395/CML444),2017
14@2017,Kiboko2017,Optimal,1,1@2017,11,11@2017,43,16@14,5.98,50,14.7,285,175.5,50,(CML395/CML444)//CKDHL153962,CKDHL153962,(CML395/CML444),2017
14@2017,Kakamega2017,Optimal,2,2@2017,21,21@2017,83,16@14,7.89,72,21,258.5,156,71,(CML395/CML444)//CKDHL153962,CKDHL153962,(CML395/CML444),2017
14@2017,Kiboko2017,Optimal,2,2@2017,30,30@2017,120,16@14,4.41,48,13.9,267.5,160.5,50,(CML395/CML444)//CKDHL153962,CKDHL153962,(CML395/CML444),2017
14@2017,Kakamega2017,Optimal,1,1@2017,4,4@2017,15,16@14,8.43,75,20.5,244,135,75,(CML395/CML444)//CKDHL153962,CKDHL153962,(CML395/CML444),2017
14@2017,Kiboko2017,Optimal,2,2@2017,31,31@2017,122,17@14,5.51,48,15.4,267,140.5,50,(CML395/CML444)//CKDHL153964,CKDHL153964,(CML395/CML444),2017
14@2017,Kakamega2017,Optimal,2,2@2017,19,19@2017,74,17@14,8.97,70,29,249,125,73,(CML395/CML444)//CKDHL153964,CKDHL153964,(CML395/CML444),2017
14@2017,Kakamega2017,Optimal,1,1@2017,8,8@2017,29,17@14,15.06,70,23.9,256.5,136,71,(CML395/CML444)//CKDHL153964,CKDHL153964,(CML395/CML444),2017
14@2017,Kiboko2017,Optimal,1,1@2017,5,5@2017,19,17@14,4.51,49,16.7,279.5,151.5,52,(CML395/CML444)//CKDHL153964,CKDHL153964,(CML395/CML444),2017
14@2017,Kakamega2017,Optimal,2,2@2017,22,22@2017,87,18@14,8.78,73,22.1,261.5,141.5,73,(CML395/CML444)//CKDHL153968,CKDHL153968,(CML395/CML444),2017
14@2017,Kiboko2017,Optimal,2,2@2017,27,27@2017,106,18@14,4.58,50,13.9,279.5,145.5,52,(CML395/CML444)//CKDHL153968,CKDHL153968,(CML395/CML444),2017
14@2017,Kiboko2017,Optimal,1,1@2017,17,17@2017,66,18@14,5.72,49,13.1,284,146,49,(CML395/CML444)//CKDHL153968,CKDHL153968,(CML395/CML444),2017
14@2017,Kakamega2017,Optimal,1,1@2017,2,2@2017,7,18@14,8.2,74,21.7,282.5,143,75,(CML395/CML444)//CKDHL153968,CKDHL153968,(CML395/CML444),2017
14@2017,Kakamega2017,Optimal,1,1@2017,7,7@2017,27,19@14,8.59,71,21.2,242.5,123.5,71,(CML395/CML444)//CKDHL153971,CKDHL153971,(CML395/CML444),2017
14@2017,Kiboko2017,Optimal,2,2@2017,31,31@2017,121,19@14,5.08,50,13.6,271,141,52,(CML395/CML444)//CKDHL153971,CKDHL153971,(CML395/CML444),2017
14@2017,Kakamega2017,Optimal,2,2@2017,31,31@2017,123,19@14,10.28,70,18.9,252,124.5,71,(CML395/CML444)//CKDHL153971,CKDHL153971,(CML395/CML444),2017
14@2017,Kiboko2017,Optimal,1,1@2017,8,8@2017,31,19@14,5.23,49,13.6,270.5,140.5,51,(CML395/CML444)//CKDHL153971,CKDHL153971,(CML395/CML444),2017
14@2017,Kiboko2017,Optimal,1,1@2017,4,4@2017,14,20@14,3.85,50,16.1,288,159,52,(CML395/CML444)//CKDHL153978,CKDHL153978,(CML395/CML444),2017
14@2017,Kiboko2017,Optimal,2,2@2017,20,20@2017,77,20@14,4.8,49,15.1,277.5,148,51,(CML395/CML444)//CKDHL153978,CKDHL153978,(CML395/CML444),2017
14@2017,Kakamega2017,Optimal,1,1@2017,4,4@2017,13,20@14,10.48,71,23.1,275.5,134.5,76,(CML395/CML444)//CKDHL153978,CKDHL153978,(CML395/CML444),2017
14@2017,Kakamega2017,Optimal,2,2@2017,34,34@2017,133,20@14,8.82,70,21.5,263,146,74,(CML395/CML444)//CKDHL153978,CKDHL153978,(CML395/CML444),2017
14@2017,Kiboko2017,Optimal,2,2@2017,26,26@2017,101,21@14,3.93,50,14.5,248.5,127.5,52,(CML395/CML444)//CKDHL153979,CKDHL153979,(CML395/CML444),2017
14@2017,Kiboko2017,Optimal,1,1@2017,10,10@2017,39,21@14,4.49,48,14.5,267,142.5,50,(CML395/CML444)//CKDHL153979,CKDHL153979,(CML395/CML444),2017
14@2017,Kakamega2017,Optimal,2,2@2017,20,20@2017,77,21@14,7.38,70,22.3,239.5,131.5,72,(CML395/CML444)//CKDHL153979,CKDHL153979,(CML395/CML444),2017
14@2017,Kakamega2017,Optimal,1,1@2017,16,16@2017,62,21@14,6.52,71,23.5,281,145,73,(CML395/CML444)//CKDHL153979,CKDHL153979,(CML395/CML444),2017
14@2017,Kakamega2017,Optimal,2,2@2017,27,27@2017,106,22@14,8.51,70,23.4,246,129.5,73,(CML395/CML444)//CKDHL153983,CKDHL153983,(CML395/CML444),2017
14@2017,Kiboko2017,Optimal,1,1@2017,6,6@2017,23,22@14,6.93,22,15.8,271.5,142.5,50,(CML395/CML444)//CKDHL153983,CKDHL153983,(CML395/CML444),2017
14@2017,Kakamega2017,Optimal,1,1@2017,7,7@2017,26,22@14,6.55,71,23.1,266,135,72,(CML395/CML444)//CKDHL153983,CKDHL153983,(CML395/CML444),2017
14@2017,Kiboko2017,Optimal,2,2@2017,19,19@2017,74,22@14,6.26,51,14.7,288,154.5,52,(CML395/CML444)//CKDHL153983,CKDHL153983,(CML395/CML444),2017
14@2017,Kiboko2017,Optimal,2,2@2017,22,22@2017,88,23@14,4.87,50,12.2,281,150.5,51,(CML395/CML444)//CKDHL153984,CKDHL153984,(CML395/CML444),2017
14@2017,Kakamega2017,Optimal,2,2@2017,27,27@2017,108,23@14,7.93,72,24.8,260.5,137,72,(CML395/CML444)//CKDHL153984,CKDHL153984,(CML395/CML444),2017
14@2017,Kiboko2017,Optimal,1,1@2017,10,10@2017,40,23@14,5.94,50,14.8,300.5,174.5,51,(CML395/CML444)//CKDHL153984,CKDHL153984,(CML395/CML444),2017
14@2017,Kakamega2017,Optimal,1,1@2017,3,3@2017,11,23@14,9.21,70,20.8,289.5,146,71,(CML395/CML444)//CKDHL153984,CKDHL153984,(CML395/CML444),2017
14@2017,Kiboko2017,Optimal,1,1@2017,14,14@2017,54,24@14,4.27,49,13.8,287,153,52,(CML395/CML444)//CKDHL153989,CKDHL153989,(CML395/CML444),2017
14@2017,Kakamega2017,Optimal,2,2@2017,31,31@2017,121,24@14,5.29,70,21,268,125.5,74,(CML395/CML444)//CKDHL153989,CKDHL153989,(CML395/CML444),2017
14@2017,Kiboko2017,Optimal,2,2@2017,24,24@2017,93,24@14,5.35,48,13.4,284,155,51,(CML395/CML444)//CKDHL153989,CKDHL153989,(CML395/CML444),2017
14@2017,Kakamega2017,Optimal,1,1@2017,6,6@2017,22,24@14,6.92,69,23.4,257.5,122.5,69,(CML395/CML444)//CKDHL153989,CKDHL153989,(CML395/CML444),2017
14@2017,Kakamega2017,Optimal,1,1@2017,1,1@2017,1,25@14,6.41,75,23.9,268,154,80,(CML395/CML444)//CKDHL153993,CKDHL153993,(CML395/CML444),2017
14@2017,Kakamega2017,Optimal,2,2@2017,34,34@2017,136,25@14,9.6,74,20.4,279.5,151.5,75,(CML395/CML444)//CKDHL153993,CKDHL153993,(CML395/CML444),2017
14@2017,Kiboko2017,Optimal,2,2@2017,27,27@2017,108,25@14,5.97,53,14.8,283.5,158,55,(CML395/CML444)//CKDHL153993,CKDHL153993,(CML395/CML444),2017
14@2017,Kiboko2017,Optimal,1,1@2017,16,16@2017,61,25@14,5.63,50,14.8,291.5,167.5,53,(CML395/CML444)//CKDHL153993,CKDHL153993,(CML395/CML444),2017
14@2017,Kiboko2017,Optimal,2,2@2017,22,22@2017,87,26@14,6.01,51,13.8,265,141,51,(CML395/CML444)//CKDHL154010,CKDHL154010,(CML395/CML444),2017
14@2017,Kakamega2017,Optimal,1,1@2017,13,13@2017,52,26@14,7.25,71,22.4,273.5,158,74,(CML395/CML444)//CKDHL154010,CKDHL154010,(CML395/CML444),2017
14@2017,Kiboko2017,Optimal,1,1@2017,3,3@2017,12,26@14,10.1,50,15.8,282.5,154.5,49,(CML395/CML444)//CKDHL154010,CKDHL154010,(CML395/CML444),2017
14@2017,Kakamega2017,Optimal,2,2@2017,20,20@2017,80,26@14,7.12,72,20.7,261.5,148.5,74,(CML395/CML444)//CKDHL154010,CKDHL154010,(CML395/CML444),2017
14@2017,Kiboko2017,Optimal,2,2@2017,25,25@2017,97,27@14,5.92,52,16.3,257.5,132,55,(CML395/CML444)//CKDHL154017,CKDHL154017,(CML395/CML444),2017
14@2017,Kakamega2017,Optimal,1,1@2017,9,9@2017,36,27@14,8.94,72,21.5,253.5,150.5,75,(CML395/CML444)//CKDHL154017,CKDHL154017,(CML395/CML444),2017
14@2017,Kakamega2017,Optimal,2,2@2017,23,23@2017,91,27@14,10.13,72,24.4,261.5,149,74,(CML395/CML444)//CKDHL154017,CKDHL154017,(CML395/CML444),2017
14@2017,Kiboko2017,Optimal,1,1@2017,13,13@2017,49,27@14,5.66,50,16.1,248.5,146.5,54,(CML395/CML444)//CKDHL154017,CKDHL154017,(CML395/CML444),2017
14@2017,Kiboko2017,Optimal,1,1@2017,11,11@2017,44,28@14,3.53,50,13.9,295,167,55,(CML395/CML444)//CKDHL154023,CKDHL154023,(CML395/CML444),2017
14@2017,Kakamega2017,Optimal,1,1@2017,11,11@2017,41,28@14,7.42,72,21.6,255,143,75,(CML395/CML444)//CKDHL154023,CKDHL154023,(CML395/CML444),2017
14@2017,Kiboko2017,Optimal,2,2@2017,28,28@2017,112,28@14,6.31,50,15.2,284.5,154,53,(CML395/CML444)//CKDHL154023,CKDHL154023,(CML395/CML444),2017
14@2017,Kakamega2017,Optimal,2,2@2017,33,33@2017,131,28@14,8.61,71,22.7,256,134.5,75,(CML395/CML444)//CKDHL154023,CKDHL154023,(CML395/CML444),2017
14@2017,Kakamega2017,Optimal,1,1@2017,16,16@2017,63,29@14,8.06,72,23.6,282.5,154.5,73,(CML395/CML444)//CKDHL154024,CKDHL154024,(CML395/CML444),2017
14@2017,Kiboko2017,Optimal,1,1@2017,13,13@2017,51,29@14,5.13,50,15.7,269,148,50,(CML395/CML444)//CKDHL154024,CKDHL154024,(CML395/CML444),2017
14@2017,Kakamega2017,Optimal,2,2@2017,24,24@2017,96,29@14,6.68,71,24.1,248,131,73,(CML395/CML444)//CKDHL154024,CKDHL154024,(CML395/CML444),2017
14@2017,Kiboko2017,Optimal,2,2@2017,34,34@2017,136,29@14,4.95,53,13.4,275,154.5,55,(CML395/CML444)//CKDHL154024,CKDHL154024,(CML395/CML444),2017
14@2017,Kakamega2017,Optimal,2,2@2017,33,33@2017,130,30@14,7.41,67,21.5,254.5,131.5,69,(CML395/CML444)//CKDHL154025,CKDHL154025,(CML395/CML444),2017
14@2017,Kiboko2017,Optimal,2,2@2017,33,33@2017,131,30@14,6.26,48,15.8,259.5,141.5,49,(CML395/CML444)//CKDHL154025,CKDHL154025,(CML395/CML444),2017
14@2017,Kiboko2017,Optimal,1,1@2017,9,9@2017,36,30@14,7.99,47,13,263,142,49,(CML395/CML444)//CKDHL154025,CKDHL154025,(CML395/CML444),2017
14@2017,Kakamega2017,Optimal,1,1@2017,4,4@2017,16,30@14,9.38,67,21.6,265.5,136,69,(CML395/CML444)//CKDHL154025,CKDHL154025,(CML395/CML444),2017
14@2017,Kakamega2017,Optimal,2,2@2017,30,30@2017,120,31@14,11.52,70,21.5,258.5,128.5,70,(CML395/CML444)//CKDHL154026,CKDHL154026,(CML395/CML444),2017
14@2017,Kiboko2017,Optimal,2,2@2017,32,32@2017,128,31@14,4.61,50,16,264,139,51,(CML395/CML444)//CKDHL154026,CKDHL154026,(CML395/CML444),2017
14@2017,Kakamega2017,Optimal,1,1@2017,16,16@2017,61,31@14,9.82,68,23.5,272.5,145,69,(CML395/CML444)//CKDHL154026,CKDHL154026,(CML395/CML444),2017
14@2017,Kiboko2017,Optimal,1,1@2017,3,3@2017,9,31@14,4.81,47,13.8,276.5,147,48,(CML395/CML444)//CKDHL154026,CKDHL154026,(CML395/CML444),2017
14@2017,Kiboko2017,Optimal,1,1@2017,7,7@2017,25,32@14,4.56,50,13.8,295.5,164.5,53,(CML395/CML444)//CKDHL154028,CKDHL154028,(CML395/CML444),2017
14@2017,Kiboko2017,Optimal,2,2@2017,30,30@2017,117,32@14,9.56,50,15.2,274.5,154,50,(CML395/CML444)//CKDHL154028,CKDHL154028,(CML395/CML444),2017
14@2017,Kakamega2017,Optimal,2,2@2017,22,22@2017,85,32@14,8.41,71,22.7,249.5,124.5,72,(CML395/CML444)//CKDHL154028,CKDHL154028,(CML395/CML444),2017
14@2017,Kakamega2017,Optimal,1,1@2017,17,17@2017,65,32@14,9,72,20.8,274,156.5,74,(CML395/CML444)//CKDHL154028,CKDHL154028,(CML395/CML444),2017
14@2017,Kiboko2017,Optimal,1,1@2017,8,8@2017,32,33@14,4.53,49,15.3,287.5,154,52,(CML395/CML444)//CKDHL154037,CKDHL154037,(CML395/CML444),2017
14@2017,Kiboko2017,Optimal,2,2@2017,22,22@2017,85,33@14,5.96,49,15,268,136,51,(CML395/CML444)//CKDHL154037,CKDHL154037,(CML395/CML444),2017
14@2017,Kakamega2017,Optimal,1,1@2017,3,3@2017,9,33@14,10.14,70,20.5,287.5,146.5,71,(CML395/CML444)//CKDHL154037,CKDHL154037,(CML395/CML444),2017
14@2017,Kakamega2017,Optimal,2,2@2017,34,34@2017,135,33@14,9.98,70,20.6,272,152,71,(CML395/CML444)//CKDHL154037,CKDHL154037,(CML395/CML444),2017
14@2017,Kiboko2017,Optimal,1,1@2017,2,2@2017,8,34@14,5.48,48,14.1,294,165.5,49,(CML395/CML444)//CKDHL154041,CKDHL154041,(CML395/CML444),2017
14@2017,Kakamega2017,Optimal,2,2@2017,29,29@2017,113,34@14,9.17,70,21.8,242.5,130,70,(CML395/CML444)//CKDHL154041,CKDHL154041,(CML395/CML444),2017
14@2017,Kiboko2017,Optimal,2,2@2017,28,28@2017,110,34@14,4.01,48,14.6,278,143.5,50,(CML395/CML444)//CKDHL154041,CKDHL154041,(CML395/CML444),2017
14@2017,Kakamega2017,Optimal,1,1@2017,15,15@2017,60,34@14,5.06,72,22.4,273.5,147,76,(CML395/CML444)//CKDHL154041,CKDHL154041,(CML395/CML444),2017
14@2017,Kakamega2017,Optimal,1,1@2017,11,11@2017,43,35@14,8.42,72,21.5,264.5,141.5,75,(CML395/CML444)//CKDHL154043,CKDHL154043,(CML395/CML444),2017
14@2017,Kiboko2017,Optimal,1,1@2017,5,5@2017,20,35@14,5.89,49,14.7,298.5,168.5,51,(CML395/CML444)//CKDHL154043,CKDHL154043,(CML395/CML444),2017
14@2017,Kakamega2017,Optimal,2,2@2017,24,24@2017,94,35@14,9.18,70,22.1,270.5,147,70,(CML395/CML444)//CKDHL154043,CKDHL154043,(CML395/CML444),2017
14@2017,Kiboko2017,Optimal,2,2@2017,28,28@2017,109,35@14,4.62,48,13.8,276,142.5,49,(CML395/CML444)//CKDHL154043,CKDHL154043,(CML395/CML444),2017
14@2017,Kakamega2017,Optimal,2,2@2017,23,23@2017,89,36@14,7.93,70,22.8,247,135,70,(CML395/CML444)//CKDHL154045,CKDHL154045,(CML395/CML444),2017
14@2017,Kiboko2017,Optimal,2,2@2017,20,20@2017,80,36@14,5,49,16.4,277.5,146,50,(CML395/CML444)//CKDHL154045,CKDHL154045,(CML395/CML444),2017
14@2017,Kakamega2017,Optimal,1,1@2017,12,12@2017,46,36@14,10.96,74,23.3,253,128.5,75,(CML395/CML444)//CKDHL154045,CKDHL154045,(CML395/CML444),2017
14@2017,Kiboko2017,Optimal,1,1@2017,3,3@2017,11,36@14,6.71,48,14,267,147,49,(CML395/CML444)//CKDHL154045,CKDHL154045,(CML395/CML444),2017
14@2017,Kiboko2017,Optimal,1,1@2017,14,14@2017,56,37@14,5.91,49,14.5,275.5,155.5,50,(CML395/CML444)//CKDHL154046,CKDHL154046,(CML395/CML444),2017
14@2017,Kakamega2017,Optimal,2,2@2017,27,27@2017,107,37@14,9.03,71,23.7,258,135,73,(CML395/CML444)//CKDHL154046,CKDHL154046,(CML395/CML444),2017
14@2017,Kakamega2017,Optimal,1,1@2017,14,14@2017,53,37@14,9.72,74,21.1,260,151.5,75,(CML395/CML444)//CKDHL154046,CKDHL154046,(CML395/CML444),2017
14@2017,Kiboko2017,Optimal,2,2@2017,30,30@2017,118,37@14,5.78,50,14.3,288.5,162,50,(CML395/CML444)//CKDHL154046,CKDHL154046,(CML395/CML444),2017
14@2017,Kiboko2017,Optimal,2,2@2017,29,29@2017,113,38@14,3.34,47,14.3,255.5,134.5,48,(CML395/CML444)//CKDHL154050,CKDHL154050,(CML395/CML444),2017
14@2017,Kiboko2017,Optimal,1,1@2017,1,1@2017,1,38@14,5.92,47,15.1,244,131.5,49,(CML395/CML444)//CKDHL154050,CKDHL154050,(CML395/CML444),2017
14@2017,Kakamega2017,Optimal,2,2@2017,28,28@2017,112,38@14,7.7,67,20,262.5,139.5,66,(CML395/CML444)//CKDHL154050,CKDHL154050,(CML395/CML444),2017
14@2017,Kakamega2017,Optimal,1,1@2017,4,4@2017,14,38@14,9.63,69,23.6,257,121.5,68,(CML395/CML444)//CKDHL154050,CKDHL154050,(CML395/CML444),2017
14@2017,Kiboko2017,Optimal,2,2@2017,24,24@2017,95,39@14,3.47,49,13.3,270.5,157,52,(CML395/CML444)//CKDHL154051,CKDHL154051,(CML395/CML444),2017
14@2017,Kakamega2017,Optimal,2,2@2017,30,30@2017,119,39@14,9.17,70,22,241.5,118.5,73,(CML395/CML444)//CKDHL154051,CKDHL154051,(CML395/CML444),2017
14@2017,Kiboko2017,Optimal,1,1@2017,17,17@2017,68,39@14,4.66,49,15.5,260.5,144,50,(CML395/CML444)//CKDHL154051,CKDHL154051,(CML395/CML444),2017
14@2017,Kakamega2017,Optimal,1,1@2017,1,1@2017,4,39@14,8.84,69,21.4,268.5,142.5,71,(CML395/CML444)//CKDHL154051,CKDHL154051,(CML395/CML444),2017
14@2017,Kakamega2017,Optimal,1,1@2017,5,5@2017,20,40@14,9.33,74,20.8,274.5,142,74,(CML395/CML444)//CKDHL154056,CKDHL154056,(CML395/CML444),2017
14@2017,Kakamega2017,Optimal,2,2@2017,23,23@2017,90,40@14,8.86,75,21.2,262,144,74,(CML395/CML444)//CKDHL154056,CKDHL154056,(CML395/CML444),2017
14@2017,Kiboko2017,Optimal,1,1@2017,9,9@2017,35,40@14,7.4,22,14.5,280.5,141.5,49,(CML395/CML444)//CKDHL154056,CKDHL154056,(CML395/CML444),2017
14@2017,Kiboko2017,Optimal,2,2@2017,34,34@2017,133,40@14,5.31,52,12.6,286.5,158,53,(CML395/CML444)//CKDHL154056,CKDHL154056,(CML395/CML444),2017
14@2017,Kiboko2017,Optimal,2,2@2017,26,26@2017,102,41@14,4.85,50,15.7,251,138.5,52,(CML395/CML444)//CKDHL154061,CKDHL154061,(CML395/CML444),2017
14@2017,Kakamega2017,Optimal,2,2@2017,22,22@2017,88,41@14,6.49,72,23.4,260.5,144.5,74,(CML395/CML444)//CKDHL154061,CKDHL154061,(CML395/CML444),2017
14@2017,Kakamega2017,Optimal,1,1@2017,11,11@2017,42,41@14,7.44,70,22.7,258.5,135.5,70,(CML395/CML444)//CKDHL154061,CKDHL154061,(CML395/CML444),2017
14@2017,Kiboko2017,Optimal,1,1@2017,10,10@2017,37,41@14,5.48,50,13.7,241,131.5,50,(CML395/CML444)//CKDHL154061,CKDHL154061,(CML395/CML444),2017
14@2017,Kiboko2017,Optimal,1,1@2017,13,13@2017,52,42@14,6.28,51,15.2,275.5,153.5,53,(CML395/CML444)//CKDHL154067,CKDHL154067,(CML395/CML444),2017
14@2017,Kakamega2017,Optimal,2,2@2017,22,22@2017,86,42@14,8.17,72,21.8,244,121.5,72,(CML395/CML444)//CKDHL154067,CKDHL154067,(CML395/CML444),2017
14@2017,Kiboko2017,Optimal,2,2@2017,29,29@2017,116,42@14,8.74,49,14.7,268.5,142.5,50,(CML395/CML444)//CKDHL154067,CKDHL154067,(CML395/CML444),2017
14@2017,Kakamega2017,Optimal,1,1@2017,7,7@2017,25,42@14,8.94,74,21.7,266,138,74,(CML395/CML444)//CKDHL154067,CKDHL154067,(CML395/CML444),2017
14@2017,Kiboko2017,Optimal,2,2@2017,23,23@2017,91,43@14,5.75,52,16.3,251.5,126.5,54,(CML395/CML444)//CKDHL154068,CKDHL154068,(CML395/CML444),2017
14@2017,Kakamega2017,Optimal,1,1@2017,3,3@2017,12,43@14,4.51,75,22.6,263.5,134,81,(CML395/CML444)//CKDHL154068,CKDHL154068,(CML395/CML444),2017
14@2017,Kakamega2017,Optimal,2,2@2017,32,32@2017,125,43@14,8.17,74,23.8,242.5,129.5,75,(CML395/CML444)//CKDHL154068,CKDHL154068,(CML395/CML444),2017
14@2017,Kiboko2017,Optimal,1,1@2017,6,6@2017,21,43@14,3.67,50,14.6,277.5,159.5,53,(CML395/CML444)//CKDHL154068,CKDHL154068,(CML395/CML444),2017
14@2017,Kiboko2017,Optimal,1,1@2017,5,5@2017,18,44@14,3.84,49,15.1,278.5,155.5,52,(CML395/CML444)//CKDHL154069,CKDHL154069,(CML395/CML444),2017
14@2017,Kakamega2017,Optimal,2,2@2017,19,19@2017,73,44@14,7.79,69,31.3,248,128,70,(CML395/CML444)//CKDHL154069,CKDHL154069,(CML395/CML444),2017
14@2017,Kakamega2017,Optimal,1,1@2017,15,15@2017,58,44@14,9.46,69,21.9,276,151,72,(CML395/CML444)//CKDHL154069,CKDHL154069,(CML395/CML444),2017
14@2017,Kiboko2017,Optimal,2,2@2017,18,18@2017,69,44@14,4.79,50,14.7,267.5,149.5,52,(CML395/CML444)//CKDHL154069,CKDHL154069,(CML395/CML444),2017
14@2017,Kiboko2017,Optimal,2,2@2017,30,30@2017,119,45@14,5.14,50,16.8,268,148,50,(CML395/CML444)//CKDHL154071,CKDHL154071,(CML395/CML444),2017
14@2017,Kakamega2017,Optimal,2,2@2017,28,28@2017,111,45@14,8.31,70,22.9,261.5,139.5,71,(CML395/CML444)//CKDHL154071,CKDHL154071,(CML395/CML444),2017
14@2017,Kakamega2017,Optimal,1,1@2017,12,12@2017,47,45@14,8.55,71,23.9,256.5,127,75,(CML395/CML444)//CKDHL154071,CKDHL154071,(CML395/CML444),2017
14@2017,Kiboko2017,Optimal,1,1@2017,7,7@2017,28,45@14,5.05,49,15.1,277,159.5,51,(CML395/CML444)//CKDHL154071,CKDHL154071,(CML395/CML444),2017
14@2017,Kiboko2017,Optimal,1,1@2017,15,15@2017,58,46@14,5.1,49,16.2,278.5,150,51,(CML395/CML444)//CKDHL154075,CKDHL154075,(CML395/CML444),2017
14@2017,Kakamega2017,Optimal,2,2@2017,19,19@2017,75,46@14,7.64,70,25.4,251,134.5,74,(CML395/CML444)//CKDHL154075,CKDHL154075,(CML395/CML444),2017
14@2017,Kiboko2017,Optimal,2,2@2017,34,34@2017,135,46@14,5.37,50,14.5,259.5,138.5,52,(CML395/CML444)//CKDHL154075,CKDHL154075,(CML395/CML444),2017
14@2017,Kakamega2017,Optimal,1,1@2017,17,17@2017,66,46@14,7.95,71,21.8,267,153.5,73,(CML395/CML444)//CKDHL154075,CKDHL154075,(CML395/CML444),2017
14@2017,Kiboko2017,Optimal,2,2@2017,23,23@2017,89,47@14,5,51,14.5,266.5,136,54,(CML395/CML444)//CKDHL154078,CKDHL154078,(CML395/CML444),2017
14@2017,Kiboko2017,Optimal,1,1@2017,3,3@2017,10,47@14,6.25,50,14,293,163.5,54,(CML395/CML444)//CKDHL154078,CKDHL154078,(CML395/CML444),2017
14@2017,Kakamega2017,Optimal,2,2@2017,18,18@2017,70,47@14,8.02,72,24,282,149,74,(CML395/CML444)//CKDHL154078,CKDHL154078,(CML395/CML444),2017
14@2017,Kakamega2017,Optimal,1,1@2017,5,5@2017,17,47@14,7.49,75,25.9,279.5,143,76,(CML395/CML444)//CKDHL154078,CKDHL154078,(CML395/CML444),2017
14@2017,Kakamega2017,Optimal,1,1@2017,7,7@2017,28,48@14,6.67,70,24.2,233.5,132.5,71,(CML395/CML444)//CKDHL154084,CKDHL154084,(CML395/CML444),2017
14@2017,Kakamega2017,Optimal,2,2@2017,21,21@2017,84,48@14,7.95,72,21,253.5,134,70,(CML395/CML444)//CKDHL154084,CKDHL154084,(CML395/CML444),2017
14@2017,Kiboko2017,Optimal,2,2@2017,28,28@2017,111,48@14,5.69,47,13.9,274,145,50,(CML395/CML444)//CKDHL154084,CKDHL154084,(CML395/CML444),2017
14@2017,Kiboko2017,Optimal,1,1@2017,11,11@2017,41,48@14,5.44,50,13.3,275,146.5,51,(CML395/CML444)//CKDHL154084,CKDHL154084,(CML395/CML444),2017
14@2017,Kakamega2017,Optimal,2,2@2017,29,29@2017,116,49@14,10.57,72,20.8,261,136.5,74,(CML395/CML444)//CKDHL154091,CKDHL154091,(CML395/CML444),2017
14@2017,Kiboko2017,Optimal,2,2@2017,25,25@2017,99,49@14,5.26,50,14.4,269,145,52,(CML395/CML444)//CKDHL154091,CKDHL154091,(CML395/CML444),2017
14@2017,Kakamega2017,Optimal,1,1@2017,13,13@2017,49,49@14,7.23,72,25.9,254,147,75,(CML395/CML444)//CKDHL154091,CKDHL154091,(CML395/CML444),2017
14@2017,Kiboko2017,Optimal,1,1@2017,12,12@2017,46,49@14,4.42,50,14.8,273,151,52,(CML395/CML444)//CKDHL154091,CKDHL154091,(CML395/CML444),2017
14@2017,Kakamega2017,Optimal,1,1@2017,5,5@2017,19,50@14,7.9,70,21.7,270.5,156.5,71,(CML395/CML444)//CKDHL154098,CKDHL154098,(CML395/CML444),2017
14@2017,Kakamega2017,Optimal,2,2@2017,20,20@2017,78,50@14,6.9,70,21.9,271.5,154.5,72,(CML395/CML444)//CKDHL154098,CKDHL154098,(CML395/CML444),2017
14@2017,Kiboko2017,Optimal,2,2@2017,21,21@2017,84,50@14,4.94,49,14.6,290,157,51,(CML395/CML444)//CKDHL154098,CKDHL154098,(CML395/CML444),2017
14@2017,Kiboko2017,Optimal,1,1@2017,8,8@2017,29,50@14,4.69,51,15.1,289,168,52,(CML395/CML444)//CKDHL154098,CKDHL154098,(CML395/CML444),2017
14@2017,Kakamega2017,Optimal,1,1@2017,1,1@2017,2,51@14,7.43,72,23.6,290.5,151,76,(CML395/CML444)//CKDHL154100,CKDHL154100,(CML395/CML444),2017
14@2017,Kakamega2017,Optimal,2,2@2017,25,25@2017,98,51@14,9.45,70,25.6,247.5,120.5,71,(CML395/CML444)//CKDHL154100,CKDHL154100,(CML395/CML444),2017
14@2017,Kiboko2017,Optimal,2,2@2017,32,32@2017,125,51@14,6.02,50,16,256.5,127.5,53,(CML395/CML444)//CKDHL154100,CKDHL154100,(CML395/CML444),2017
14@2017,Kiboko2017,Optimal,1,1@2017,12,12@2017,48,51@14,4.95,50,14,274,141,51,(CML395/CML444)//CKDHL154100,CKDHL154100,(CML395/CML444),2017
14@2017,Kakamega2017,Optimal,2,2@2017,18,18@2017,72,52@14,5.75,70,22.5,253.5,120,72,(CML395/CML444)//CKDHL154105,CKDHL154105,(CML395/CML444),2017
14@2017,Kakamega2017,Optimal,1,1@2017,8,8@2017,30,52@14,7.83,70,22.4,253,132.5,72,(CML395/CML444)//CKDHL154105,CKDHL154105,(CML395/CML444),2017
14@2017,Kiboko2017,Optimal,2,2@2017,25,25@2017,100,52@14,5.09,50,14.4,281.5,149.5,52,(CML395/CML444)//CKDHL154105,CKDHL154105,(CML395/CML444),2017
14@2017,Kiboko2017,Optimal,1,1@2017,5,5@2017,17,52@14,6.52,48,12.7,281.5,151.5,50,(CML395/CML444)//CKDHL154105,CKDHL154105,(CML395/CML444),2017
14@2017,Kiboko2017,Optimal,2,2@2017,25,25@2017,98,53@14,5.24,50,14.8,259,135,53,(CML395/CML444)//CKDHL154121,CKDHL154121,(CML395/CML444),2017
14@2017,Kakamega2017,Optimal,2,2@2017,28,28@2017,110,53@14,5.51,71,23,259,134,72,(CML395/CML444)//CKDHL154121,CKDHL154121,(CML395/CML444),2017
14@2017,Kakamega2017,Optimal,1,1@2017,15,15@2017,59,53@14,8.32,71,22.8,293.5,151.5,72,(CML395/CML444)//CKDHL154121,CKDHL154121,(CML395/CML444),2017
14@2017,Kiboko2017,Optimal,1,1@2017,15,15@2017,57,53@14,4.49,49,16.2,279,148.5,52,(CML395/CML444)//CKDHL154121,CKDHL154121,(CML395/CML444),2017
14@2017,Kiboko2017,Optimal,1,1@2017,12,12@2017,45,54@14,3.91,48,12.3,290.5,150.5,51,(CML395/CML444)//CKDHL154127,CKDHL154127,(CML395/CML444),2017
14@2017,Kakamega2017,Optimal,2,2@2017,19,19@2017,76,54@14,7.75,69,23.2,260.5,130,70,(CML395/CML444)//CKDHL154127,CKDHL154127,(CML395/CML444),2017
14@2017,Kakamega2017,Optimal,1,1@2017,6,6@2017,21,54@14,6.31,67,20.2,281,138.5,67,(CML395/CML444)//CKDHL154127,CKDHL154127,(CML395/CML444),2017
14@2017,Kiboko2017,Optimal,2,2@2017,32,32@2017,126,54@14,5.9,50,13.4,263.5,132,51,(CML395/CML444)//CKDHL154127,CKDHL154127,(CML395/CML444),2017
14@2017,Kiboko2017,Optimal,1,1@2017,16,16@2017,64,55@14,6.48,50,14.8,299,165,51,(CML395/CML444)//CKDHL154135,CKDHL154135,(CML395/CML444),2017
14@2017,Kiboko2017,Optimal,2,2@2017,29,29@2017,114,55@14,4.1,50,14.5,275,146.5,50,(CML395/CML444)//CKDHL154135,CKDHL154135,(CML395/CML444),2017
14@2017,Kakamega2017,Optimal,1,1@2017,2,2@2017,8,55@14,7.05,71,22.4,273,146,72,(CML395/CML444)//CKDHL154135,CKDHL154135,(CML395/CML444),2017
14@2017,Kakamega2017,Optimal,2,2@2017,31,31@2017,124,55@14,5.22,72,17.6,245.5,128,74,(CML395/CML444)//CKDHL154135,CKDHL154135,(CML395/CML444),2017
14@2017,Kakamega2017,Optimal,1,1@2017,3,3@2017,10,56@14,6.75,71,21.3,269.5,146,72,(CML395/CML444)//CKDHL154137,CKDHL154137,(CML395/CML444),2017
14@2017,Kiboko2017,Optimal,1,1@2017,6,6@2017,24,56@14,5.29,50,15.7,269.5,149.5,50,(CML395/CML444)//CKDHL154137,CKDHL154137,(CML395/CML444),2017
14@2017,Kakamega2017,Optimal,2,2@2017,31,31@2017,122,56@14,6.76,70,24.3,254,124,70,(CML395/CML444)//CKDHL154137,CKDHL154137,(CML395/CML444),2017
14@2017,Kiboko2017,Optimal,2,2@2017,23,23@2017,90,56@14,5.63,50,11.7,285,145,51,(CML395/CML444)//CKDHL154137,CKDHL154137,(CML395/CML444),2017
14@2017,Kiboko2017,Optimal,1,1@2017,12,12@2017,47,57@14,2.81,50,13.2,281,149,51,(CML395/CML444)//CKDHL154139,CKDHL154139,(CML395/CML444),2017
14@2017,Kiboko2017,Optimal,2,2@2017,34,34@2017,134,57@14,4.62,49,14.8,271.5,138,50,(CML395/CML444)//CKDHL154139,CKDHL154139,(CML395/CML444),2017
14@2017,Kakamega2017,Optimal,2,2@2017,25,25@2017,97,57@14,6.42,69,22.5,226.5,117,70,(CML395/CML444)//CKDHL154139,CKDHL154139,(CML395/CML444),2017
14@2017,Kakamega2017,Optimal,1,1@2017,10,10@2017,38,57@14,9.91,71,20.2,269.5,130,74,(CML395/CML444)//CKDHL154139,CKDHL154139,(CML395/CML444),2017
14@2017,Kiboko2017,Optimal,1,1@2017,4,4@2017,15,58@14,6.04,49,13.8,279,154.5,50,(CML395/CML444)//CKDHL154145,CKDHL154145,(CML395/CML444),2017
14@2017,Kakamega2017,Optimal,1,1@2017,9,9@2017,33,58@14,10.1,72,23.3,263.5,158,75,(CML395/CML444)//CKDHL154145,CKDHL154145,(CML395/CML444),2017
14@2017,Kiboko2017,Optimal,2,2@2017,18,18@2017,72,58@14,6.64,49,14.5,271,143,50,(CML395/CML444)//CKDHL154145,CKDHL154145,(CML395/CML444),2017
14@2017,Kakamega2017,Optimal,2,2@2017,26,26@2017,102,58@14,11.46,71,20.7,274.5,149,74,(CML395/CML444)//CKDHL154145,CKDHL154145,(CML395/CML444),2017
14@2017,Kakamega2017,Optimal,1,1@2017,10,10@2017,40,59@14,7.6,72,26.3,257,140,75,(CML395/CML444)//CKDHL154147,CKDHL154147,(CML395/CML444),2017
14@2017,Kiboko2017,Optimal,2,2@2017,27,27@2017,107,59@14,4.05,52,16.7,272.5,146,55,(CML395/CML444)//CKDHL154147,CKDHL154147,(CML395/CML444),2017
14@2017,Kakamega2017,Optimal,2,2@2017,28,28@2017,109,59@14,8.09,72,25.7,253.5,129.5,75,(CML395/CML444)//CKDHL154147,CKDHL154147,(CML395/CML444),2017
14@2017,Kiboko2017,Optimal,1,1@2017,14,14@2017,53,59@14,4.22,50,17.6,275.5,143.5,55,(CML395/CML444)//CKDHL154147,CKDHL154147,(CML395/CML444),2017
14@2017,Kiboko2017,Optimal,2,2@2017,19,19@2017,76,60@14,5.84,49,14.2,282,161,52,(CML395/CML444)//CKDHL154150,CKDHL154150,(CML395/CML444),2017
14@2017,Kakamega2017,Optimal,1,1@2017,14,14@2017,55,60@14,6.47,74,20.5,270,166.5,75,(CML395/CML444)//CKDHL154150,CKDHL154150,(CML395/CML444),2017
14@2017,Kiboko2017,Optimal,1,1@2017,11,11@2017,42,60@14,3.78,50,13.9,276.5,147,52,(CML395/CML444)//CKDHL154150,CKDHL154150,(CML395/CML444),2017
14@2017,Kakamega2017,Optimal,2,2@2017,18,18@2017,69,60@14,7.42,72,22.7,267,146,72,(CML395/CML444)//CKDHL154150,CKDHL154150,(CML395/CML444),2017
14@2017,Kakamega2017,Optimal,1,1@2017,11,11@2017,44,61@14,6.35,71,19.4,243,141.5,74,(CML395/CML444)//CKDHL154151,CKDHL154151,(CML395/CML444),2017
14@2017,Kiboko2017,Optimal,2,2@2017,33,33@2017,130,61@14,3.76,50,15.1,251.5,151,50,(CML395/CML444)//CKDHL154151,CKDHL154151,(CML395/CML444),2017
14@2017,Kiboko2017,Optimal,1,1@2017,4,4@2017,16,61@14,5.27,49,15.2,274,158.5,50,(CML395/CML444)//CKDHL154151,CKDHL154151,(CML395/CML444),2017
14@2017,Kakamega2017,Optimal,2,2@2017,26,26@2017,103,61@14,6.02,71,21.8,255,137,73,(CML395/CML444)//CKDHL154151,CKDHL154151,(CML395/CML444),2017
14@2017,Kiboko2017,Optimal,1,1@2017,6,6@2017,22,62@14,4.39,49,15.4,250,135.5,52,(CML395/CML444)//CKDHL154156,CKDHL154156,(CML395/CML444),2017
14@2017,Kakamega2017,Optimal,1,1@2017,9,9@2017,34,62@14,7.47,70,25,230,122,74,(CML395/CML444)//CKDHL154156,CKDHL154156,(CML395/CML444),2017
14@2017,Kakamega2017,Optimal,2,2@2017,32,32@2017,126,62@14,7.3,70,23.9,243.5,124,75,(CML395/CML444)//CKDHL154156,CKDHL154156,(CML395/CML444),2017
14@2017,Kiboko2017,Optimal,2,2@2017,23,23@2017,92,62@14,4.43,49,15.2,264,135,52,(CML395/CML444)//CKDHL154156,CKDHL154156,(CML395/CML444),2017
14@2017,Kakamega2017,Optimal,1,1@2017,14,14@2017,56,63@14,6.96,73,27.3,259.5,139.5,74,(CML395/CML444)//CKDHL154158,CKDHL154158,(CML395/CML444),2017
14@2017,Kiboko2017,Optimal,1,1@2017,15,15@2017,60,63@14,6.19,49,13.7,267,153,50,(CML395/CML444)//CKDHL154158,CKDHL154158,(CML395/CML444),2017
14@2017,Kakamega2017,Optimal,2,2@2017,27,27@2017,105,63@14,8.18,70,25.2,256.5,127,72,(CML395/CML444)//CKDHL154158,CKDHL154158,(CML395/CML444),2017
14@2017,Kiboko2017,Optimal,2,2@2017,27,27@2017,105,63@14,5.97,50,15.2,279,139.5,50,(CML395/CML444)//CKDHL154158,CKDHL154158,(CML395/CML444),2017
14@2017,Kiboko2017,Optimal,1,1@2017,2,2@2017,7,64@14,5.76,54,14.5,308.5,188,58,H517,H517,,2017
14@2017,Kakamega2017,Optimal,1,1@2017,6,6@2017,23,64@14,6.26,76,21,291,171.5,79,H517,H517,,2017
14@2017,Kiboko2017,Optimal,2,2@2017,19,19@2017,75,64@14,4.21,56,13.4,302.5,185.5,59,H517,H517,,2017
14@2017,Kakamega2017,Optimal,2,2@2017,32,32@2017,127,64@14,7.3,74,25.3,261,131,76,H517,H517,,2017
14@2017,Kiboko2017,Optimal,1,1@2017,2,2@2017,6,65@14,4.64,49,13.8,290,137.5,54,Pioneer 30G19,Pioneer 30G19,,2017
14@2017,Kakamega2017,Optimal,1,1@2017,6,6@2017,24,65@14,7.55,69,23.2,276,137,75,Pioneer 30G19,Pioneer 30G19,,2017
14@2017,Kiboko2017,Optimal,2,2@2017,21,21@2017,82,65@14,5.51,49,15,285.5,133,54,Pioneer 30G19,Pioneer 30G19,,2017
14@2017,Kakamega2017,Optimal,2,2@2017,23,23@2017,92,65@14,7,72,25.5,258,137.5,74,Pioneer 30G19,Pioneer 30G19,,2017
14@2017,Kiboko2017,Optimal,2,2@2017,21,21@2017,83,66@14,6.84,54,17.2,297.5,165,54,WH505,WH505,,2017
14@2017,Kakamega2017,Optimal,2,2@2017,24,24@2017,95,66@14,9.2,76,23.9,268,135.5,76,WH505,WH505,,2017
14@2017,Kakamega2017,Optimal,1,1@2017,5,5@2017,18,66@14,5.76,78,22.6,277.5,148,80,WH505,WH505,,2017
14@2017,Kiboko2017,Optimal,1,1@2017,9,9@2017,33,66@14,6.73,53,15.1,305,172,54,WH505,WH505,,2017
14@2017,Kakamega2017,Optimal,2,2@2017,30,30@2017,118,67@14,6.17,70,22.2,251.5,125.5,70,DK 8031,DK 8031,,2017
14@2017,Kakamega2017,Optimal,1,1@2017,8,8@2017,32,67@14,5.93,70,22.2,266,152.5,75,DK 8031,DK 8031,,2017
14@2017,Kiboko2017,Optimal,2,2@2017,32,32@2017,127,67@14,2.9,52,13.9,267.5,135.5,55,DK 8031,DK 8031,,2017
14@2017,Kiboko2017,Optimal,1,1@2017,9,9@2017,34,67@14,1.74,50,12.2,260.5,122.5,53,DK 8031,DK 8031,,2017
14@2017,Kakamega2017,Optimal,2,2@2017,26,26@2017,104,68@14,5.8,69,19,248,126.5,69,PAN 4M19,PAN 4M19,,2017
14@2017,Kiboko2017,Optimal,2,2@2017,22,22@2017,86,68@14,3.59,49,13.2,258.5,128,52,PAN 4M19,PAN 4M19,,2017
14@2017,Kakamega2017,Optimal,1,1@2017,10,10@2017,39,68@14,5.03,67,22.2,258.5,145.5,69,PAN 4M19,PAN 4M19,,2017
14@2017,Kiboko2017,Optimal,1,1@2017,17,17@2017,65,68@14,4.63,47,11.9,266.5,137,49,PAN 4M19,PAN 4M19,,2017
1@2017,KibokoDT2017,Drought,2,2@2017,16,16@2017,96,1@01,3.843557474,60,15.6,184,105.5,63,(CML312/CML395)//CKDHL150540,CKDHL150540,(CML312/CML395),2017
1@2017,KibokoDT2017,Drought,1,1@2017,10,10@2017,55,1@01,4.55397805,61,20,184.5,106,62,(CML312/CML395)//CKDHL150540,CKDHL150540,(CML312/CML395),2017
1@2017,KibokoDT2017,Drought,1,1@2017,3,3@2017,14,2@01,4.044130507,61,18.3,211,112.5,61,(CML312/CML395)//CKDHL150541,CKDHL150541,(CML312/CML395),2017
1@2017,KibokoDT2017,Drought,2,2@2017,14,14@2017,84,2@01,3.172563458,63,17.3,205.5,107.5,64,(CML312/CML395)//CKDHL150541,CKDHL150541,(CML312/CML395),2017
1@2017,KibokoDT2017,Drought,2,2@2017,18,18@2017,104,3@01,4.886146199,60,16.7,213,120,61,(CML312/CML395)//CKDHL150545,CKDHL150545,(CML312/CML395),2017
1@2017,KibokoDT2017,Drought,1,1@2017,10,10@2017,59,3@01,4.099174242,64,17.6,195.5,110.5,65,(CML312/CML395)//CKDHL150545,CKDHL150545,(CML312/CML395),2017
1@2017,KibokoDT2017,Drought,2,2@2017,20,20@2017,116,4@01,3.425779488,60,15.6,210,118,63,(CML312/CML395)//CKDHL150547,CKDHL150547,(CML312/CML395),2017
1@2017,KibokoDT2017,Drought,1,1@2017,6,6@2017,36,4@01,4.764253036,59,15.2,221.5,128.5,61,(CML312/CML395)//CKDHL150547,CKDHL150547,(CML312/CML395),2017
1@2017,KibokoDT2017,Drought,2,2@2017,13,13@2017,75,5@01,4.006510688,60,14.8,210,112.5,63,(CML312/CML395)//CKDHL150690,CKDHL150690,(CML312/CML395),2017
1@2017,KibokoDT2017,Drought,1,1@2017,6,6@2017,32,5@01,4.918098295,61,15.8,206,117.5,63,(CML312/CML395)//CKDHL150690,CKDHL150690,(CML312/CML395),2017
1@2017,KibokoDT2017,Drought,2,2@2017,17,17@2017,97,6@01,3.167588732,62,15.8,198,109.5,63,(CML312/CML395)//CKDHL150559,CKDHL150559,(CML312/CML395),2017
1@2017,KibokoDT2017,Drought,1,1@2017,9,9@2017,50,6@01,4.838601678,62,15,190.5,110.5,63,(CML312/CML395)//CKDHL150559,CKDHL150559,(CML312/CML395),2017
1@2017,KibokoDT2017,Drought,1,1@2017,1,1@2017,6,7@01,4.836324689,65,17.2,196.5,107.5,65,(CML312/CML395)//CKDHL150572,CKDHL150572,(CML312/CML395),2017
1@2017,KibokoDT2017,Drought,2,2@2017,17,17@2017,99,7@01,4.144120025,63,19.5,201,116,64,(CML312/CML395)//CKDHL150572,CKDHL150572,(CML312/CML395),2017
1@2017,KibokoDT2017,Drought,2,2@2017,19,19@2017,109,8@01,3.083216389,62,17.5,202.5,108,65,(CML312/CML395)//CKDHL150573,CKDHL150573,(CML312/CML395),2017
1@2017,KibokoDT2017,Drought,1,1@2017,4,4@2017,21,8@01,3.195407598,66,18.8,203,105.5,68,(CML312/CML395)//CKDHL150573,CKDHL150573,(CML312/CML395),2017
1@2017,KibokoDT2017,Drought,1,1@2017,7,7@2017,41,9@01,4.918098295,59,15.8,215,103.5,60,(CML312/CML395)//CKDHL150577,CKDHL150577,(CML312/CML395),2017
1@2017,KibokoDT2017,Drought,2,2@2017,16,16@2017,95,9@01,3.952679698,60,15.5,201,114,61,(CML312/CML395)//CKDHL150577,CKDHL150577,(CML312/CML395),2017
1@2017,KibokoDT2017,Drought,2,2@2017,13,13@2017,74,10@01,2.976767152,58,15.3,203.5,110,63,(CML312/CML395)//CKDHL150591,CKDHL150591,(CML312/CML395),2017
1@2017,KibokoDT2017,Drought,1,1@2017,5,5@2017,25,10@01,3.33197744,58,18.9,202.5,102,61,(CML312/CML395)//CKDHL150591,CKDHL150591,(CML312/CML395),2017
1@2017,KibokoDT2017,Drought,1,1@2017,1,1@2017,5,11@01,4.580608921,62,12.7,201,105,64,(CML312/CML395)//CKDHL150592,CKDHL150592,(CML312/CML395),2017
1@2017,KibokoDT2017,Drought,2,2@2017,18,18@2017,106,11@01,3.557473603,62,19.7,198,112,64,(CML312/CML395)//CKDHL150592,CKDHL150592,(CML312/CML395),2017
1@2017,KibokoDT2017,Drought,1,1@2017,5,5@2017,30,12@01,3.956689179,61,16.3,200.5,113,60,(CML312/CML395)//CKDHL150593,CKDHL150593,(CML312/CML395),2017
1@2017,KibokoDT2017,Drought,2,2@2017,11,11@2017,64,12@01,4.861371568,62,14.6,213,124,62,(CML312/CML395)//CKDHL150593,CKDHL150593,(CML312/CML395),2017
1@2017,KibokoDT2017,Drought,1,1@2017,6,6@2017,31,13@01,4.439163353,62,18.1,192,101.5,63,(CML312/CML395)//CKDHL150595,CKDHL150595,(CML312/CML395),2017
1@2017,KibokoDT2017,Drought,2,2@2017,12,12@2017,70,13@01,3.669763812,60,16.7,207,107.5,61,(CML312/CML395)//CKDHL150595,CKDHL150595,(CML312/CML395),2017
1@2017,KibokoDT2017,Drought,1,1@2017,1,1@2017,3,14@01,4.396964806,60,16.2,201,107,60,(CML312/CML395)//CKDHL150599,CKDHL150599,(CML312/CML395),2017
1@2017,KibokoDT2017,Drought,2,2@2017,20,20@2017,117,14@01,3.347470865,61,13.3,198.5,111,63,(CML312/CML395)//CKDHL150599,CKDHL150599,(CML312/CML395),2017
1@2017,KibokoDT2017,Drought,1,1@2017,8,8@2017,43,15@01,4.552988054,63,16,182.5,103.5,63,(CML312/CML395)//CKDHL150614,CKDHL150614,(CML312/CML395),2017
1@2017,KibokoDT2017,Drought,2,2@2017,14,14@2017,81,15@01,4.230373359,61,20.5,210,121,61,(CML312/CML395)//CKDHL150614,CKDHL150614,(CML312/CML395),2017
1@2017,KibokoDT2017,Drought,2,2@2017,11,11@2017,65,16@01,4.663125024,59,17,206.5,113,60,(CML312/CML395)//CKDHL150617,CKDHL150617,(CML312/CML395),2017
1@2017,KibokoDT2017,Drought,1,1@2017,10,10@2017,58,16@01,4.084571812,60,18.3,197,102,61,(CML312/CML395)//CKDHL150617,CKDHL150617,(CML312/CML395),2017
1@2017,KibokoDT2017,Drought,2,2@2017,14,14@2017,82,17@01,5.923042451,62,22.3,214,129,63,(CML312/CML395)//CKDHL150621,CKDHL150621,(CML312/CML395),2017
1@2017,KibokoDT2017,Drought,1,1@2017,9,9@2017,53,17@01,5.042243696,63,14.4,193,99,64,(CML312/CML395)//CKDHL150621,CKDHL150621,(CML312/CML395),2017
1@2017,KibokoDT2017,Drought,1,1@2017,4,4@2017,24,18@01,5.17430906,58,15.7,201,102.5,60,(CML312/CML395)//CKDHL150622,CKDHL150622,(CML312/CML395),2017
1@2017,KibokoDT2017,Drought,2,2@2017,16,16@2017,93,18@01,3.499237134,60,17.8,205,108.5,61,(CML312/CML395)//CKDHL150622,CKDHL150622,(CML312/CML395),2017
1@2017,KibokoDT2017,Drought,2,2@2017,20,20@2017,120,19@01,3.471170769,60,15,223.5,121.5,61,(CML312/CML395)//CKDHL150624,CKDHL150624,(CML312/CML395),2017
1@2017,KibokoDT2017,Drought,1,1@2017,1,1@2017,4,19@01,3.567546804,60,14.2,214.5,114.5,62,(CML312/CML395)//CKDHL150624,CKDHL150624,(CML312/CML395),2017
1@2017,KibokoDT2017,Drought,1,1@2017,2,2@2017,8,20@01,4.762966042,60,18.8,181,99,62,(CML312/CML395)//CKDHL150626,CKDHL150626,(CML312/CML395),2017
1@2017,KibokoDT2017,Drought,2,2@2017,14,14@2017,80,20@01,5.7364531,61,15.1,197,117,62,(CML312/CML395)//CKDHL150626,CKDHL150626,(CML312/CML395),2017
1@2017,KibokoDT2017,Drought,1,1@2017,6,6@2017,33,21@01,3.928325815,58,16.9,205.5,105.5,61,(CML312/CML395)//CKDHL150629,CKDHL150629,(CML312/CML395),2017
1@2017,KibokoDT2017,Drought,2,2@2017,15,15@2017,89,21@01,2.479888547,61,15.8,208,114,63,(CML312/CML395)//CKDHL150629,CKDHL150629,(CML312/CML395),2017
1@2017,KibokoDT2017,Drought,1,1@2017,8,8@2017,46,22@01,4.148921502,60,16.6,199.5,107.5,61,(CML312/CML395)//CKDHL150633,CKDHL150633,(CML312/CML395),2017
1@2017,KibokoDT2017,Drought,2,2@2017,11,11@2017,63,22@01,5.676088141,62,17.8,224,122,63,(CML312/CML395)//CKDHL150633,CKDHL150633,(CML312/CML395),2017
1@2017,KibokoDT2017,Drought,1,1@2017,2,2@2017,11,23@01,3.660878604,62,13.5,202.5,107.5,63,(CML312/CML395)//CKDHL150634,CKDHL150634,(CML312/CML395),2017
1@2017,KibokoDT2017,Drought,2,2@2017,19,19@2017,114,23@01,3.727134035,62,16.8,209,107.5,64,(CML312/CML395)//CKDHL150634,CKDHL150634,(CML312/CML395),2017
1@2017,KibokoDT2017,Drought,1,1@2017,9,9@2017,51,24@01,4.007673933,59,16.1,189.5,98,61,(CML312/CML395)//CKDHL150636,CKDHL150636,(CML312/CML395),2017
1@2017,KibokoDT2017,Drought,2,2@2017,11,11@2017,62,24@01,4.489034363,58,12.8,192.5,96,61,(CML312/CML395)//CKDHL150636,CKDHL150636,(CML312/CML395),2017
1@2017,KibokoDT2017,Drought,1,1@2017,3,3@2017,13,25@01,5.358076924,59,20.7,205,102,60,(CML312/CML395)//CKDHL150641,CKDHL150641,(CML312/CML395),2017
1@2017,KibokoDT2017,Drought,2,2@2017,14,14@2017,79,25@01,4.623797463,61,17.7,213.5,109.5,61,(CML312/CML395)//CKDHL150641,CKDHL150641,(CML312/CML395),2017
1@2017,KibokoDT2017,Drought,2,2@2017,20,20@2017,119,26@01,3.309529298,60,15.9,193,110.5,61,(CML312/CML395)//CKDHL150642,CKDHL150642,(CML312/CML395),2017
1@2017,KibokoDT2017,Drought,1,1@2017,4,4@2017,19,26@01,4.317542439,65,18.1,199.5,114,65,(CML312/CML395)//CKDHL150642,CKDHL150642,(CML312/CML395),2017
1@2017,KibokoDT2017,Drought,2,2@2017,14,14@2017,83,27@01,4.287446584,63,17.9,220.5,129,63,(CML312/CML395)//CKDHL150650,CKDHL150650,(CML312/CML395),2017
1@2017,KibokoDT2017,Drought,1,1@2017,2,2@2017,10,27@01,3.335219674,62,16.3,213,120.5,62,(CML312/CML395)//CKDHL150650,CKDHL150650,(CML312/CML395),2017
1@2017,KibokoDT2017,Drought,2,2@2017,15,15@2017,86,28@01,3.44815338,62,19,212,117.5,64,(CML312/CML395)//CKDHL150663,CKDHL150663,(CML312/CML395),2017
1@2017,KibokoDT2017,Drought,1,1@2017,7,7@2017,37,28@01,4.58909813,62,16.1,226,127,63,(CML312/CML395)//CKDHL150663,CKDHL150663,(CML312/CML395),2017
1@2017,KibokoDT2017,Drought,2,2@2017,16,16@2017,92,29@01,4.215993679,61,14.4,190,111.5,62,(CML312/CML395)//CKDHL150665,CKDHL150665,(CML312/CML395),2017
1@2017,KibokoDT2017,Drought,1,1@2017,9,9@2017,49,29@01,3.183527655,64,20.6,194,109.5,66,(CML312/CML395)//CKDHL150665,CKDHL150665,(CML312/CML395),2017
1@2017,KibokoDT2017,Drought,2,2@2017,17,17@2017,98,30@01,4.181517095,60,15.1,213,112,62,(CML312/CML395)//CKDHL150669,CKDHL150669,(CML312/CML395),2017
1@2017,KibokoDT2017,Drought,1,1@2017,2,2@2017,12,30@01,4.757570568,59,13.8,221,109,61,(CML312/CML395)//CKDHL150669,CKDHL150669,(CML312/CML395),2017
1@2017,KibokoDT2017,Drought,1,1@2017,8,8@2017,48,31@01,3.924737083,63,15.2,206,107,64,(CML312/CML395)//CKDHL150670,CKDHL150670,(CML312/CML395),2017
1@2017,KibokoDT2017,Drought,2,2@2017,19,19@2017,112,31@01,3.95008096,61,16,216.5,123,62,(CML312/CML395)//CKDHL150670,CKDHL150670,(CML312/CML395),2017
1@2017,KibokoDT2017,Drought,2,2@2017,19,19@2017,113,32@01,4.401370285,61,16.9,195.5,105.5,62,(CML312/CML395)//CKDHL150674,CKDHL150674,(CML312/CML395),2017
1@2017,KibokoDT2017,Drought,1,1@2017,7,7@2017,42,32@01,4.793061897,63,15.8,192.5,110,64,(CML312/CML395)//CKDHL150674,CKDHL150674,(CML312/CML395),2017
1@2017,KibokoDT2017,Drought,2,2@2017,13,13@2017,73,33@01,3.428105976,59,19,217.5,115,62,(CML312/CML395)//CKDHL150686,CKDHL150686,(CML312/CML395),2017
1@2017,KibokoDT2017,Drought,1,1@2017,2,2@2017,7,33@01,2.855344237,63,16.4,198.5,102,64,(CML312/CML395)//CKDHL150686,CKDHL150686,(CML312/CML395),2017
1@2017,KibokoDT2017,Drought,2,2@2017,18,18@2017,103,34@01,1.90450332,63,19,190.5,104,66,(CML312/CML395)//CKDHL150688,CKDHL150688,(CML312/CML395),2017
1@2017,KibokoDT2017,Drought,1,1@2017,2,2@2017,9,34@01,3.293120127,61,13.6,192,113,64,(CML312/CML395)//CKDHL150688,CKDHL150688,(CML312/CML395),2017
1@2017,KibokoDT2017,Drought,2,2@2017,11,11@2017,61,35@01,4.226413378,62,16.7,226,112,64,(CML312/CML442)//CKDHL154166,CKDHL154166,(CML312/CML442),2017
1@2017,KibokoDT2017,Drought,1,1@2017,7,7@2017,38,35@01,3.265251761,62,16.5,230.5,116.5,65,(CML312/CML442)//CKDHL154166,CKDHL154166,(CML312/CML442),2017
1@2017,KibokoDT2017,Drought,2,2@2017,16,16@2017,94,36@01,2.997680801,60,14.1,209,102,62,(CML312/CML442)//CKDHL155123,CKDHL155123,(CML312/CML442),2017
1@2017,KibokoDT2017,Drought,1,1@2017,4,4@2017,22,36@01,2.556464678,62,16.7,211.5,101.5,63,(CML312/CML442)//CKDHL155123,CKDHL155123,(CML312/CML442),2017
1@2017,KibokoDT2017,Drought,1,1@2017,4,4@2017,23,37@01,3.307821556,70,19,205,114.5,70,(CML312/CML442)//CKDHL154167,CKDHL154167,(CML312/CML442),2017
1@2017,KibokoDT2017,Drought,2,2@2017,13,13@2017,78,37@01,2.762507435,70,19.7,223,121.5,70,(CML312/CML442)//CKDHL154167,CKDHL154167,(CML312/CML442),2017
1@2017,KibokoDT2017,Drought,1,1@2017,8,8@2017,45,38@01,4.140902541,67,14.2,217.5,121.5,67,(CML312/CML442)//CKDHL154170,CKDHL154170,(CML312/CML442),2017
1@2017,KibokoDT2017,Drought,2,2@2017,19,19@2017,111,38@01,4.871073521,64,14.8,240,147,63,(CML312/CML442)//CKDHL154170,CKDHL154170,(CML312/CML442),2017
1@2017,KibokoDT2017,Drought,1,1@2017,1,1@2017,2,39@01,5.220690336,67,14.6,224,126.5,67,(CML312/CML442)//CKDHL154174,CKDHL154174,(CML312/CML442),2017
1@2017,KibokoDT2017,Drought,2,2@2017,20,20@2017,115,39@01,4.365482958,66,15.2,224.5,128,67,(CML312/CML442)//CKDHL154174,CKDHL154174,(CML312/CML442),2017
1@2017,KibokoDT2017,Drought,1,1@2017,10,10@2017,60,40@01,3.55383537,68,17,213,117.5,68,(CML312/CML442)//CKDHL154176,CKDHL154176,(CML312/CML442),2017
1@2017,KibokoDT2017,Drought,2,2@2017,20,20@2017,118,40@01,3.110688756,64,14.5,219,117.5,65,(CML312/CML442)//CKDHL154176,CKDHL154176,(CML312/CML442),2017
1@2017,KibokoDT2017,Drought,1,1@2017,7,7@2017,39,41@01,3.882513786,66,17,220,130,65,(CML312/CML442)//CKDHL154179,CKDHL154179,(CML312/CML442),2017
1@2017,KibokoDT2017,Drought,2,2@2017,19,19@2017,110,41@01,3.966391132,66,14.3,233.5,138,67,(CML312/CML442)//CKDHL154179,CKDHL154179,(CML312/CML442),2017
1@2017,KibokoDT2017,Drought,2,2@2017,12,12@2017,71,42@01,3.270944234,66,17.4,236,136.5,66,(CML312/CML442)//CKDHL154181,CKDHL154181,(CML312/CML442),2017
1@2017,KibokoDT2017,Drought,1,1@2017,9,9@2017,54,42@01,5.592483044,66,16,218.5,121,66,(CML312/CML442)//CKDHL154181,CKDHL154181,(CML312/CML442),2017
1@2017,KibokoDT2017,Drought,2,2@2017,13,13@2017,76,43@01,3.512626819,65,18.9,225,128.5,65,(CML312/CML442)//CKDHL154183,CKDHL154183,(CML312/CML442),2017
1@2017,KibokoDT2017,Drought,1,1@2017,5,5@2017,28,43@01,2.363242359,66,15.5,194,103.5,67,(CML312/CML442)//CKDHL154183,CKDHL154183,(CML312/CML442),2017
1@2017,KibokoDT2017,Drought,1,1@2017,3,3@2017,18,44@01,5.539765798,66,17.1,220.5,123,66,(CML312/CML442)//CKDHL154185,CKDHL154185,(CML312/CML442),2017
1@2017,KibokoDT2017,Drought,2,2@2017,11,11@2017,66,44@01,5.925121441,66,20.2,225.5,132,65,(CML312/CML442)//CKDHL154185,CKDHL154185,(CML312/CML442),2017
1@2017,KibokoDT2017,Drought,2,2@2017,18,18@2017,108,45@01,3.609497852,65,15.7,225.5,124.5,64,(CML312/CML442)//CKDHL154186,CKDHL154186,(CML312/CML442),2017
1@2017,KibokoDT2017,Drought,1,1@2017,6,6@2017,34,45@01,4.094719263,65,18.9,234.5,136.5,64,(CML312/CML442)//CKDHL154186,CKDHL154186,(CML312/CML442),2017
1@2017,KibokoDT2017,Drought,1,1@2017,5,5@2017,29,46@01,2.623487355,64,15.2,185.5,104,66,(CML312/CML442)//CKDHL154187,CKDHL154187,(CML312/CML442),2017
1@2017,KibokoDT2017,Drought,2,2@2017,17,17@2017,100,46@01,2.963352717,66,19.1,207.5,125.5,66,(CML312/CML442)//CKDHL154187,CKDHL154187,(CML312/CML442),2017
1@2017,KibokoDT2017,Drought,2,2@2017,15,15@2017,88,47@01,4.285664593,66,14.7,221.5,127,66,(CML312/CML442)//CKDHL154188,CKDHL154188,(CML312/CML442),2017
1@2017,KibokoDT2017,Drought,1,1@2017,9,9@2017,52,47@01,4.386470857,67,15.2,219,120,66,(CML312/CML442)//CKDHL154188,CKDHL154188,(CML312/CML442),2017
1@2017,KibokoDT2017,Drought,1,1@2017,10,10@2017,57,48@01,3.138260123,61,14.9,209,106,62,(CML312/CML442)//CKDHL154192,CKDHL154192,(CML312/CML442),2017
1@2017,KibokoDT2017,Drought,2,2@2017,12,12@2017,68,48@01,3.899665453,61,13.9,220.5,110,61,(CML312/CML442)//CKDHL154192,CKDHL154192,(CML312/CML442),2017
1@2017,KibokoDT2017,Drought,1,1@2017,3,3@2017,17,49@01,3.967158378,65,17.8,224,124.5,66,(CML312/CML442)//CKDHL154199,CKDHL154199,(CML312/CML442),2017
1@2017,KibokoDT2017,Drought,2,2@2017,15,15@2017,85,49@01,3.046537066,68,12.7,232.5,141,68,(CML312/CML442)//CKDHL154199,CKDHL154199,(CML312/CML442),2017
1@2017,KibokoDT2017,Drought,1,1@2017,3,3@2017,16,50@01,2.725184614,64,13.3,222.5,126,63,(CML312/CML442)//CKDHL154201,CKDHL154201,(CML312/CML442),2017
1@2017,KibokoDT2017,Drought,2,2@2017,18,18@2017,107,50@01,1.762934003,66,16.2,202,118.5,64,(CML312/CML442)//CKDHL154201,CKDHL154201,(CML312/CML442),2017
1@2017,KibokoDT2017,Drought,1,1@2017,1,1@2017,1,51@01,3.692335703,68,23.1,210.5,108.5,68,(CML312/CML442)//CKDHL154202,CKDHL154202,(CML312/CML442),2017
1@2017,KibokoDT2017,Drought,2,2@2017,12,12@2017,69,51@01,3.724362048,68,16.4,235.5,143.5,68,(CML312/CML442)//CKDHL154202,CKDHL154202,(CML312/CML442),2017
1@2017,KibokoDT2017,Drought,1,1@2017,8,8@2017,47,52@01,5.248261703,62,13.8,214.5,109,63,(CML312/CML442)//CKDHL155124,CKDHL155124,(CML312/CML442),2017
1@2017,KibokoDT2017,Drought,2,2@2017,17,17@2017,102,52@01,2.710507935,62,16.4,202.5,110,62,(CML312/CML442)//CKDHL155124,CKDHL155124,(CML312/CML442),2017
1@2017,KibokoDT2017,Drought,2,2@2017,12,12@2017,67,53@01,4.812515303,63,18.3,225,118.5,64,(CML312/CML442)//CKDHL154206,CKDHL154206,(CML312/CML442),2017
1@2017,KibokoDT2017,Drought,1,1@2017,5,5@2017,27,53@01,1.257615688,63,16.7,195.5,99,65,(CML312/CML442)//CKDHL154206,CKDHL154206,(CML312/CML442),2017
1@2017,KibokoDT2017,Drought,1,1@2017,5,5@2017,26,54@01,4.395578813,63,20,224,125.5,66,(CML312/CML442)//CKDHL154207,CKDHL154207,(CML312/CML442),2017
1@2017,KibokoDT2017,Drought,2,2@2017,16,16@2017,91,54@01,5.551274493,64,21.3,232.5,133.5,65,(CML312/CML442)//CKDHL154207,CKDHL154207,(CML312/CML442),2017
1@2017,KibokoDT2017,Drought,1,1@2017,10,10@2017,56,55@01,3.728000281,62,14.9,217.5,105,64,(CML312/CML442)//CKDHL154208,CKDHL154208,(CML312/CML442),2017
1@2017,KibokoDT2017,Drought,2,2@2017,13,13@2017,77,55@01,3.27804745,62,16.7,230,109,62,(CML312/CML442)//CKDHL154208,CKDHL154208,(CML312/CML442),2017
1@2017,KibokoDT2017,Drought,2,2@2017,15,15@2017,87,56@01,3.133334897,65,15.6,219,121.5,65,(CML312/CML442)//CKDHL155125,CKDHL155125,(CML312/CML442),2017
1@2017,KibokoDT2017,Drought,1,1@2017,4,4@2017,20,56@01,4.158870954,66,16.4,199,110.5,67,(CML312/CML442)//CKDHL155125,CKDHL155125,(CML312/CML442),2017
1@2017,KibokoDT2017,Drought,2,2@2017,15,15@2017,90,57@01,2.739366296,59,14.2,196,105,63,(CML312/CML442)//CKDHL155126,CKDHL155126,(CML312/CML442),2017
1@2017,KibokoDT2017,Drought,1,1@2017,3,3@2017,15,57@01,5.094119446,61,19.6,202.5,104,63,(CML312/CML442)//CKDHL155126,CKDHL155126,(CML312/CML442),2017
1@2017,KibokoDT2017,Drought,1,1@2017,7,7@2017,40,58@01,2.604924944,66,15.8,240.5,145.5,69,H517,H517,,2017
1@2017,KibokoDT2017,Drought,2,2@2017,18,18@2017,105,58@01,2.592500504,66,18.8,247.5,149,69,H517,H517,,2017
1@2017,KibokoDT2017,Drought,1,1@2017,8,8@2017,44,59@01,3.512626819,63,18.9,217.5,117.5,68,Pioneer 30G19,Pioneer 30G19,,2017
1@2017,KibokoDT2017,Drought,2,2@2017,17,17@2017,101,59@01,2.68457006,61,17.2,214,112.5,66,Pioneer 30G19,Pioneer 30G19,,2017
1@2017,KibokoDT2017,Drought,1,1@2017,6,6@2017,35,60@01,4.390381338,65,19,234,141,65,WH505,WH505,,2017
1@2017,KibokoDT2017,Drought,2,2@2017,12,12@2017,72,60@01,4.124122122,66,21.4,236,144.5,66,WH505,WH505,,2017
2@2017,KibokoDT2017,Drought,1,1@2017,13,13@2017,64,1@02,3.807066448,59,16.5,196,96.5,60,(CML312/CML395)//CKDHL151322,CKDHL151322,(CML312/CML395),2017
2@2017,KibokoDT2017,Drought,2,2@2017,22,22@2017,109,1@02,1.090604111,61,13.7,182.5,88,64,(CML312/CML395)//CKDHL151322,CKDHL151322,(CML312/CML395),2017
2@2017,KibokoDT2017,Drought,1,1@2017,15,15@2017,73,2@02,1.532936467,64,16.4,158.5,93,67,(CML312/CML395)//CKDHL151324,CKDHL151324,(CML312/CML395),2017
2@2017,KibokoDT2017,Drought,2,2@2017,36,36@2017,177,2@02,2.969382978,62,16.2,174.5,99.5,64,(CML312/CML395)//CKDHL151324,CKDHL151324,(CML312/CML395),2017
2@2017,KibokoDT2017,Drought,2,2@2017,21,21@2017,102,3@02,3.167814299,63,14.2,206,105,62,(CML312/CML395)//CKDHL151325,CKDHL151325,(CML312/CML395),2017
2@2017,KibokoDT2017,Drought,1,1@2017,5,5@2017,21,3@02,3.517968269,61,12.9,222,111.5,61,(CML312/CML395)//CKDHL151325,CKDHL151325,(CML312/CML395),2017
2@2017,KibokoDT2017,Drought,2,2@2017,30,30@2017,147,4@02,1.432085383,62,18.6,179.5,109.5,64,(CML312/CML395)//CKDHL151333,CKDHL151333,(CML312/CML395),2017
2@2017,KibokoDT2017,Drought,1,1@2017,10,10@2017,49,4@02,1.844311089,63,17.3,209,122,66,(CML312/CML395)//CKDHL151333,CKDHL151333,(CML312/CML395),2017
2@2017,KibokoDT2017,Drought,2,2@2017,38,38@2017,188,5@02,2.542958828,64,17.9,173,100,66,(CML312/CML395)//CKDHL151334,CKDHL151334,(CML312/CML395),2017
2@2017,KibokoDT2017,Drought,1,1@2017,6,6@2017,27,5@02,3.922438105,61,15.8,199,97.5,63,(CML312/CML395)//CKDHL151334,CKDHL151334,(CML312/CML395),2017
2@2017,KibokoDT2017,Drought,1,1@2017,8,8@2017,40,6@02,1.792398799,64,14.9,189,105.5,65,(CML312/CML395)//CKDHL151339,CKDHL151339,(CML312/CML395),2017
2@2017,KibokoDT2017,Drought,2,2@2017,33,33@2017,162,6@02,1.122643534,64,16.1,177,107.5,67,(CML312/CML395)//CKDHL151339,CKDHL151339,(CML312/CML395),2017
2@2017,KibokoDT2017,Drought,1,1@2017,18,18@2017,90,7@02,1.579917709,64,20.3,186.5,112,66,(CML312/CML395)//CKDHL151351,CKDHL151351,(CML312/CML395),2017
2@2017,KibokoDT2017,Drought,2,2@2017,28,28@2017,136,7@02,2.148995345,62,15.8,202,122,65,(CML312/CML395)//CKDHL151351,CKDHL151351,(CML312/CML395),2017
2@2017,KibokoDT2017,Drought,2,2@2017,22,22@2017,106,8@02,2.271478614,62,15.9,172,93.5,65,(CML312/CML395)//CKDHL151359,CKDHL151359,(CML312/CML395),2017
2@2017,KibokoDT2017,Drought,1,1@2017,4,4@2017,19,8@02,3.360744652,61,17.3,185.5,91,62,(CML312/CML395)//CKDHL151359,CKDHL151359,(CML312/CML395),2017
2@2017,KibokoDT2017,Drought,1,1@2017,4,4@2017,17,9@02,2.899753606,60,15.2,214,109,63,(CML312/CML395)//CKDHL151361,CKDHL151361,(CML312/CML395),2017
2@2017,KibokoDT2017,Drought,2,2@2017,30,30@2017,148,9@02,1.247059575,62,14.7,179.5,103.5,65,(CML312/CML395)//CKDHL151361,CKDHL151361,(CML312/CML395),2017
2@2017,KibokoDT2017,Drought,1,1@2017,7,7@2017,35,10@02,2.723425275,62,14.8,193.5,100,64,(CML312/CML395)//CKDHL151362,CKDHL151362,(CML312/CML395),2017
2@2017,KibokoDT2017,Drought,2,2@2017,33,33@2017,164,10@02,1.621794448,64,15,178,108,66,(CML312/CML395)//CKDHL151362,CKDHL151362,(CML312/CML395),2017
2@2017,KibokoDT2017,Drought,1,1@2017,5,5@2017,24,11@02,3.709114524,61,17.3,201,95.5,64,(CML312/CML395)//CKDHL151367,CKDHL151367,(CML312/CML395),2017
2@2017,KibokoDT2017,Drought,2,2@2017,38,38@2017,189,11@02,3.251022638,65,18,184,104.5,67,(CML312/CML395)//CKDHL151367,CKDHL151367,(CML312/CML395),2017
2@2017,KibokoDT2017,Drought,1,1@2017,19,19@2017,93,12@02,1.92343087,64,14.7,193,106.5,65,(CML312/CML395)//CKDHL151380,CKDHL151380,(CML312/CML395),2017
2@2017,KibokoDT2017,Drought,2,2@2017,29,29@2017,141,12@02,1.133893261,64,16.8,185.5,116.5,67,(CML312/CML395)//CKDHL151380,CKDHL151380,(CML312/CML395),2017
2@2017,KibokoDT2017,Drought,2,2@2017,25,25@2017,122,13@02,4.032110561,65,17.4,203,113.5,65,(CML312/CML395)//CKDHL151385,CKDHL151385,(CML312/CML395),2017
2@2017,KibokoDT2017,Drought,1,1@2017,5,5@2017,22,13@02,3.169449722,65,16.4,213,116,66,(CML312/CML395)//CKDHL151385,CKDHL151385,(CML312/CML395),2017
2@2017,KibokoDT2017,Drought,1,1@2017,13,13@2017,65,14@02,2.48410838,61,19.8,199.5,104,62,(CML312/CML395)//CKDHL151387,CKDHL151387,(CML312/CML395),2017
2@2017,KibokoDT2017,Drought,2,2@2017,30,30@2017,149,14@02,0.738616485,59,17.2,182.5,97,61,(CML312/CML395)//CKDHL151387,CKDHL151387,(CML312/CML395),2017
2@2017,KibokoDT2017,Drought,1,1@2017,16,16@2017,78,15@02,3.338245196,60,15.8,200,97,60,(CML312/CML395)//CKDHL151389,CKDHL151389,(CML312/CML395),2017
2@2017,KibokoDT2017,Drought,2,2@2017,32,32@2017,160,15@02,0.727069407,63,13.7,170,98.5,65,(CML312/CML395)//CKDHL151389,CKDHL151389,(CML312/CML395),2017
2@2017,KibokoDT2017,Drought,1,1@2017,8,8@2017,38,16@02,2.575047809,62,13.4,177.5,97,64,(CML312/CML395)//CKDHL151400,CKDHL151400,(CML312/CML395),2017
2@2017,KibokoDT2017,Drought,2,2@2017,38,38@2017,186,16@02,2.047103538,61,15.7,170.5,86.5,66,(CML312/CML395)//CKDHL151400,CKDHL151400,(CML312/CML395),2017
2@2017,KibokoDT2017,Drought,1,1@2017,9,9@2017,42,17@02,1.832640116,62,16.9,179.5,104.5,64,(CML312/CML395)//CKDHL151402,CKDHL151402,(CML312/CML395),2017
2@2017,KibokoDT2017,Drought,2,2@2017,30,30@2017,150,17@02,1.59736222,62,18.4,176.5,109,65,(CML312/CML395)//CKDHL151402,CKDHL151402,(CML312/CML395),2017
2@2017,KibokoDT2017,Drought,2,2@2017,26,26@2017,130,18@02,2.732767009,66,19.5,194,118,70,(CML312/CML395)//CKDHL151404,CKDHL151404,(CML312/CML395),2017
2@2017,KibokoDT2017,Drought,1,1@2017,9,9@2017,44,18@02,2.382836051,64,14.9,223.5,124.5,67,(CML312/CML395)//CKDHL151404,CKDHL151404,(CML312/CML395),2017
2@2017,KibokoDT2017,Drought,2,2@2017,35,35@2017,173,19@02,3.038913234,62,16,199,100,63,(CML312/CML395)//CKDHL151408,CKDHL151408,(CML312/CML395),2017
2@2017,KibokoDT2017,Drought,1,1@2017,14,14@2017,68,19@02,2.507252093,60,18.4,195,97.5,63,(CML312/CML395)//CKDHL151408,CKDHL151408,(CML312/CML395),2017
2@2017,KibokoDT2017,Drought,2,2@2017,36,36@2017,180,20@02,2.888057854,62,14.3,181,92.5,64,(CML312/CML395)//CKDHL151409,CKDHL151409,(CML312/CML395),2017
2@2017,KibokoDT2017,Drought,1,1@2017,11,11@2017,54,20@02,2.142304978,61,14.4,185,95.5,64,(CML312/CML395)//CKDHL151409,CKDHL151409,(CML312/CML395),2017
2@2017,KibokoDT2017,Drought,2,2@2017,28,28@2017,138,21@02,1.503994436,62,15.7,193.5,106.5,65,(CML312/CML395)//CKDHL151417,CKDHL151417,(CML312/CML395),2017
2@2017,KibokoDT2017,Drought,1,1@2017,15,15@2017,75,21@02,1.538437435,64,16.1,199.5,110,67,(CML312/CML395)//CKDHL151417,CKDHL151417,(CML312/CML395),2017
2@2017,KibokoDT2017,Drought,1,1@2017,1,1@2017,1,22@02,2.047103538,60,15.7,157.5,87,63,(CML312/CML395)//CKDHL151433,CKDHL151433,(CML312/CML395),2017
2@2017,KibokoDT2017,Drought,2,2@2017,32,32@2017,159,22@02,0.654169189,63,20,167.5,102.5,70,(CML312/CML395)//CKDHL151433,CKDHL151433,(CML312/CML395),2017
2@2017,KibokoDT2017,Drought,1,1@2017,10,10@2017,47,23@02,3.563041518,62,18.3,183,99,63,(CML312/CML395)//CKDHL151435,CKDHL151435,(CML312/CML395),2017
2@2017,KibokoDT2017,Drought,2,2@2017,31,31@2017,154,23@02,1.622810393,63,17.1,180,106,63,(CML312/CML395)//CKDHL151435,CKDHL151435,(CML312/CML395),2017
2@2017,KibokoDT2017,Drought,2,2@2017,23,23@2017,115,24@02,2.172188616,63,17.3,189,98.5,65,(CML312/CML395)//CKDHL151441,CKDHL151441,(CML312/CML395),2017
2@2017,KibokoDT2017,Drought,1,1@2017,12,12@2017,59,24@02,4.0143687,64,19.4,186,106.5,66,(CML312/CML395)//CKDHL151441,CKDHL151441,(CML312/CML395),2017
2@2017,KibokoDT2017,Drought,2,2@2017,20,20@2017,96,25@02,2.962791728,62,15.2,200.5,113.5,63,(CML312/CML395)//CKDHL151447,CKDHL151447,(CML312/CML395),2017
2@2017,KibokoDT2017,Drought,1,1@2017,3,3@2017,11,25@02,4.839067903,61,17.6,226,122.5,63,(CML312/CML395)//CKDHL151447,CKDHL151447,(CML312/CML395),2017
2@2017,KibokoDT2017,Drought,2,2@2017,24,24@2017,116,26@02,0.92773085,67,16.8,174,97.5,73,(CML312/CML395)//CKDHL151449,CKDHL151449,(CML312/CML395),2017
2@2017,KibokoDT2017,Drought,1,1@2017,11,11@2017,52,26@02,1.146158934,64,15.9,197.5,111,66,(CML312/CML395)//CKDHL151449,CKDHL151449,(CML312/CML395),2017
2@2017,KibokoDT2017,Drought,1,1@2017,3,3@2017,14,27@02,3.85117331,62,18.2,220.5,120,64,(CML312/CML395)//CKDHL151457,CKDHL151457,(CML312/CML395),2017
2@2017,KibokoDT2017,Drought,2,2@2017,31,31@2017,152,27@02,1.091347485,63,16.9,184.5,108.5,66,(CML312/CML395)//CKDHL151457,CKDHL151457,(CML312/CML395),2017
2@2017,KibokoDT2017,Drought,1,1@2017,11,11@2017,55,28@02,0.842218052,64,17.1,191.5,103,68,(CML312/CML395)//CKDHL151460,CKDHL151460,(CML312/CML395),2017
2@2017,KibokoDT2017,Drought,2,2@2017,21,21@2017,104,28@02,1.819878861,63,14.6,191,101,65,(CML312/CML395)//CKDHL151460,CKDHL151460,(CML312/CML395),2017
2@2017,KibokoDT2017,Drought,1,1@2017,14,14@2017,69,29@02,3.086588291,59,16.4,192.5,98,60,(CML312/CML395)//CKDHL151472,CKDHL151472,(CML312/CML395),2017
2@2017,KibokoDT2017,Drought,2,2@2017,26,26@2017,129,29@02,2.269372387,60,15.2,184,95.5,62,(CML312/CML395)//CKDHL151472,CKDHL151472,(CML312/CML395),2017
2@2017,KibokoDT2017,Drought,2,2@2017,29,29@2017,145,30@02,0.433634879,64,12.5,175.5,106.5,65,(CML312/CML395)//CKDHL151475,CKDHL151475,(CML312/CML395),2017
2@2017,KibokoDT2017,Drought,1,1@2017,2,2@2017,9,30@02,4.044351454,61,19.2,228.5,124,63,(CML312/CML395)//CKDHL151475,CKDHL151475,(CML312/CML395),2017
2@2017,KibokoDT2017,Drought,2,2@2017,35,35@2017,174,31@02,2.786413838,61,13.5,173.5,95.5,64,(CML312/CML395)//CKDHL151479,CKDHL151479,(CML312/CML395),2017
2@2017,KibokoDT2017,Drought,1,1@2017,7,7@2017,32,31@02,2.052901856,62,13.7,177.5,88.5,64,(CML312/CML395)//CKDHL151479,CKDHL151479,(CML312/CML395),2017
2@2017,KibokoDT2017,Drought,1,1@2017,1,1@2017,2,32@02,2.759255905,59,16.9,199,97,62,(CML312/CML395)//CKDHL151484,CKDHL151484,(CML312/CML395),2017
2@2017,KibokoDT2017,Drought,2,2@2017,24,24@2017,117,32@02,1.417812601,62,14.6,191.5,87.5,65,(CML312/CML395)//CKDHL151484,CKDHL151484,(CML312/CML395),2017
2@2017,KibokoDT2017,Drought,1,1@2017,19,19@2017,95,33@02,2.630156607,60,14.4,204,92,64,(CML312/CML395)//CKDHL151494,CKDHL151494,(CML312/CML395),2017
2@2017,KibokoDT2017,Drought,2,2@2017,20,20@2017,98,33@02,2.083528868,60,14.2,207.5,102,64,(CML312/CML395)//CKDHL151494,CKDHL151494,(CML312/CML395),2017
2@2017,KibokoDT2017,Drought,1,1@2017,3,3@2017,15,34@02,3.790910452,61,16.4,213,108,63,(CML312/CML395)//CKDHL151496,CKDHL151496,(CML312/CML395),2017
2@2017,KibokoDT2017,Drought,2,2@2017,21,21@2017,105,34@02,1.846937678,62,15.3,179.5,97.5,65,(CML312/CML395)//CKDHL151496,CKDHL151496,(CML312/CML395),2017
2@2017,KibokoDT2017,Drought,1,1@2017,3,3@2017,13,35@02,4.530121636,61,16.9,215,120,62,(CML312/CML395)//CKDHL151497,CKDHL151497,(CML312/CML395),2017
2@2017,KibokoDT2017,Drought,2,2@2017,33,33@2017,163,35@02,2.003269246,61,14.9,189,104.5,64,(CML312/CML395)//CKDHL151497,CKDHL151497,(CML312/CML395),2017
2@2017,KibokoDT2017,Drought,2,2@2017,38,38@2017,187,36@02,1.993766448,64,17.05,181.5,111,67,(CML312/CML395)//CKDHL151501,CKDHL151501,(CML312/CML395),2017
2@2017,KibokoDT2017,Drought,1,1@2017,11,11@2017,53,36@02,1.88529578,63,17.3,209.5,118.5,64,(CML312/CML395)//CKDHL151501,CKDHL151501,(CML312/CML395),2017
2@2017,KibokoDT2017,Drought,2,2@2017,32,32@2017,158,37@02,0.897302071,63,17.7,172.5,102,64,(CML312/CML395)//CKDHL151509,CKDHL151509,(CML312/CML395),2017
2@2017,KibokoDT2017,Drought,1,1@2017,15,15@2017,72,37@02,0.727019849,63,18.5,170.5,102,66,(CML312/CML395)//CKDHL151509,CKDHL151509,(CML312/CML395),2017
2@2017,KibokoDT2017,Drought,1,1@2017,13,13@2017,62,38@02,2.979988448,66,23.4,178.5,96,68,(CML312/CML395)//CKDHL151510,CKDHL151510,(CML312/CML395),2017
2@2017,KibokoDT2017,Drought,2,2@2017,34,34@2017,168,38@02,1.65586576,64,17.5,165,100,66,(CML312/CML395)//CKDHL151510,CKDHL151510,(CML312/CML395),2017
2@2017,KibokoDT2017,Drought,2,2@2017,34,34@2017,166,39@02,1.889855141,63,17.1,186,102,64,(CML312/CML395)//CKDHL151529,CKDHL151529,(CML312/CML395),2017
2@2017,KibokoDT2017,Drought,1,1@2017,16,16@2017,76,39@02,1.432779199,62,16.2,185.5,101.5,64,(CML312/CML395)//CKDHL151529,CKDHL151529,(CML312/CML395),2017
2@2017,KibokoDT2017,Drought,2,2@2017,23,23@2017,111,40@02,0.915465178,62,17.9,171,92.5,65,(CML312/CML395)//CKDHL151538,CKDHL151538,(CML312/CML395),2017
2@2017,KibokoDT2017,Drought,1,1@2017,12,12@2017,57,40@02,1.976681234,61,18.6,178.5,89,66,(CML312/CML395)//CKDHL151538,CKDHL151538,(CML312/CML395),2017
2@2017,KibokoDT2017,Drought,2,2@2017,35,35@2017,171,41@02,2.839540306,64,19.3,197.5,106.5,69,(CML312/CML395)//CKDHL151345,CKDHL151345,(CML312/CML395),2017
2@2017,KibokoDT2017,Drought,1,1@2017,16,16@2017,77,41@02,2.870167318,66,19,198,113.5,68,(CML312/CML395)//CKDHL151345,CKDHL151345,(CML312/CML395),2017
2@2017,KibokoDT2017,Drought,1,1@2017,17,17@2017,84,42@02,2.810548717,62,16.6,195.5,117.5,64,(CML312/CML395)//CKDHL151550,CKDHL151550,(CML312/CML395),2017
2@2017,KibokoDT2017,Drought,2,2@2017,20,20@2017,97,42@02,2.764979886,63,13.5,195.5,125.5,65,(CML312/CML395)//CKDHL151550,CKDHL151550,(CML312/CML395),2017
2@2017,KibokoDT2017,Drought,1,1@2017,13,13@2017,61,43@02,1.853231578,65,16.9,176,92,67,(CML312/CML395)//CKDHL151555,CKDHL151555,(CML312/CML395),2017
2@2017,KibokoDT2017,Drought,2,2@2017,29,29@2017,143,43@02,1.005785128,62,9.8,197,106,67,(CML312/CML395)//CKDHL151555,CKDHL151555,(CML312/CML395),2017
2@2017,KibokoDT2017,Drought,2,2@2017,25,25@2017,123,44@02,2.770109167,66,18.4,204,113.5,68,(CML312/CML395)//CKDHL151557,CKDHL151557,(CML312/CML395),2017
2@2017,KibokoDT2017,Drought,1,1@2017,17,17@2017,85,44@02,2.660783619,64,17.4,208.5,113,64,(CML312/CML395)//CKDHL151557,CKDHL151557,(CML312/CML395),2017
2@2017,KibokoDT2017,Drought,2,2@2017,22,22@2017,108,45@02,1.386764344,62,13.9,178.5,94.5,68,(CML312/CML395)//CKDHL151558,CKDHL151558,(CML312/CML395),2017
2@2017,KibokoDT2017,Drought,1,1@2017,16,16@2017,80,45@02,1.972022756,62,17.1,186,109,67,(CML312/CML395)//CKDHL151558,CKDHL151558,(CML312/CML395),2017
2@2017,KibokoDT2017,Drought,2,2@2017,28,28@2017,137,46@02,2.051712457,61,17.2,176,107,65,(CML312/CML395)//CKDHL151559,CKDHL151559,(CML312/CML395),2017
2@2017,KibokoDT2017,Drought,1,1@2017,1,1@2017,4,46@02,1.435604021,60,18.4,201.5,105,63,(CML312/CML395)//CKDHL151559,CKDHL151559,(CML312/CML395),2017
2@2017,KibokoDT2017,Drought,2,2@2017,23,23@2017,112,47@02,0.476998367,64,12.5,178,98,67,(CML312/CML395)//CKDHL151567,CKDHL151567,(CML312/CML395),2017
2@2017,KibokoDT2017,Drought,1,1@2017,16,16@2017,79,47@02,2.212058246,62,18.1,201,95,67,(CML312/CML395)//CKDHL151567,CKDHL151567,(CML312/CML395),2017
2@2017,KibokoDT2017,Drought,2,2@2017,21,21@2017,101,48@02,2.211537884,62,15,194,93.5,65,(CML312/CML395)//CKDHL151572,CKDHL151572,(CML312/CML395),2017
2@2017,KibokoDT2017,Drought,1,1@2017,14,14@2017,70,48@02,1.402003512,60,18,189,92.5,65,(CML312/CML395)//CKDHL151572,CKDHL151572,(CML312/CML395),2017
2@2017,KibokoDT2017,Drought,2,2@2017,31,31@2017,153,49@02,0.635931745,64,19.8,165,100.5,66,(CML312/CML395)//CKDHL151576,CKDHL151576,(CML312/CML395),2017
2@2017,KibokoDT2017,Drought,1,1@2017,7,7@2017,33,49@02,1.841461489,64,16.5,171,94,66,(CML312/CML395)//CKDHL151576,CKDHL151576,(CML312/CML395),2017
2@2017,KibokoDT2017,Drought,2,2@2017,33,33@2017,161,50@02,0.765551405,64,16.5,179,105,74,(CML312/CML395)//CKDHL151581,CKDHL151581,(CML312/CML395),2017
2@2017,KibokoDT2017,Drought,1,1@2017,19,19@2017,92,50@02,1.116300075,65,15,201,117,70,(CML312/CML395)//CKDHL151581,CKDHL151581,(CML312/CML395),2017
2@2017,KibokoDT2017,Drought,2,2@2017,20,20@2017,100,51@02,1.534125865,64,12.8,207,110.5,67,(CML312/CML395)//CKDHL151586,CKDHL151586,(CML312/CML395),2017
2@2017,KibokoDT2017,Drought,1,1@2017,8,8@2017,37,51@02,1.851274026,66,17.9,189.5,113,68,(CML312/CML395)//CKDHL151586,CKDHL151586,(CML312/CML395),2017
2@2017,KibokoDT2017,Drought,1,1@2017,11,11@2017,51,52@02,2.614743984,61,18.2,209.5,111.5,64,(CML312/CML395)//CKDHL151589,CKDHL151589,(CML312/CML395),2017
2@2017,KibokoDT2017,Drought,2,2@2017,25,25@2017,125,52@02,1.269187344,66,21.2,172,106,71,(CML312/CML395)//CKDHL151589,CKDHL151589,(CML312/CML395),2017
2@2017,KibokoDT2017,Drought,2,2@2017,22,22@2017,107,53@02,3.378734304,61,13.7,194.5,98.5,61,(CML312/CML395)//CKDHL151590,CKDHL151590,(CML312/CML395),2017
2@2017,KibokoDT2017,Drought,1,1@2017,13,13@2017,63,53@02,3.058984334,61,17.7,184.5,86.5,64,(CML312/CML395)//CKDHL151590,CKDHL151590,(CML312/CML395),2017
2@2017,KibokoDT2017,Drought,1,1@2017,6,6@2017,29,54@02,3.030587444,66,16.8,198.5,114,68,(CML312/CML395)//CKDHL151591,CKDHL151591,(CML312/CML395),2017
2@2017,KibokoDT2017,Drought,2,2@2017,25,25@2017,121,54@02,2.903544814,64,15.7,193,116.5,64,(CML312/CML395)//CKDHL151591,CKDHL151591,(CML312/CML395),2017
2@2017,KibokoDT2017,Drought,1,1@2017,6,6@2017,28,55@02,4.215277934,60,16.2,195,104.5,62,(CML312/CML395)//CKDHL151597,CKDHL151597,(CML312/CML395),2017
2@2017,KibokoDT2017,Drought,2,2@2017,31,31@2017,155,55@02,1.173713333,62,16.9,180,103.5,64,(CML312/CML395)//CKDHL151597,CKDHL151597,(CML312/CML395),2017
2@2017,KibokoDT2017,Drought,1,1@2017,12,12@2017,58,56@02,2.773479129,64,17.7,174,88,67,(CML312/CML395)//CKDHL151610,CKDHL151610,(CML312/CML395),2017
2@2017,KibokoDT2017,Drought,2,2@2017,23,23@2017,114,56@02,1.692910569,63,14.6,189.5,97,65,(CML312/CML395)//CKDHL151610,CKDHL151610,(CML312/CML395),2017
2@2017,KibokoDT2017,Drought,1,1@2017,15,15@2017,74,57@02,1.692563661,62,16.7,194.5,106,63,(CML312/CML395)//CKDHL151611,CKDHL151611,(CML312/CML395),2017
2@2017,KibokoDT2017,Drought,2,2@2017,29,29@2017,144,57@02,2.500512168,62,15.2,195.5,116.5,63,(CML312/CML395)//CKDHL151611,CKDHL151611,(CML312/CML395),2017
2@2017,KibokoDT2017,Drought,1,1@2017,17,17@2017,82,58@02,2.962692612,64,15.8,194.5,113,66,(CML312/CML395)//CKDHL151612,CKDHL151612,(CML312/CML395),2017
2@2017,KibokoDT2017,Drought,2,2@2017,24,24@2017,118,58@02,1.461176089,65,18.1,179.5,104.5,71,(CML312/CML395)//CKDHL151612,CKDHL151612,(CML312/CML395),2017
2@2017,KibokoDT2017,Drought,1,1@2017,2,2@2017,8,59@02,4.96534238,61,19.2,221,118,62,(CML312/CML395)//CKDHL151615,CKDHL151615,(CML312/CML395),2017
2@2017,KibokoDT2017,Drought,2,2@2017,27,27@2017,135,59@02,1.864307852,64,19.1,184.5,111,66,(CML312/CML395)//CKDHL151615,CKDHL151615,(CML312/CML395),2017
2@2017,KibokoDT2017,Drought,1,1@2017,18,18@2017,89,60@02,2.503089198,60,17.2,184,81.5,61,(CML312/CML395)//CKDHL151623,CKDHL151623,(CML312/CML395),2017
2@2017,KibokoDT2017,Drought,2,2@2017,27,27@2017,134,60@02,3.891786314,60,16.9,182.5,91,62,(CML312/CML395)//CKDHL151623,CKDHL151623,(CML312/CML395),2017
2@2017,KibokoDT2017,Drought,2,2@2017,36,36@2017,179,61@02,2.734427211,65,16.4,195,110,66,(CML312/CML395)//CKDHL151625,CKDHL151625,(CML312/CML395),2017
2@2017,KibokoDT2017,Drought,1,1@2017,19,19@2017,91,61@02,2.232352358,63,14.2,186,99,64,(CML312/CML395)//CKDHL151625,CKDHL151625,(CML312/CML395),2017
2@2017,KibokoDT2017,Drought,1,1@2017,4,4@2017,16,62@02,3.875456864,63,21.8,206.5,117,64,(CML312/CML395)//CKDHL151628,CKDHL151628,(CML312/CML395),2017
2@2017,KibokoDT2017,Drought,2,2@2017,33,33@2017,165,62@02,1.641369966,66,17.2,169.5,110.5,70,(CML312/CML395)//CKDHL151628,CKDHL151628,(CML312/CML395),2017
2@2017,KibokoDT2017,Drought,2,2@2017,21,21@2017,103,63@02,2.515255754,62,14.7,177.5,98,63,(CML312/CML395)//CKDHL151632,CKDHL151632,(CML312/CML395),2017
2@2017,KibokoDT2017,Drought,1,1@2017,8,8@2017,39,63@02,2.681870664,64,16.1,200,104.5,66,(CML312/CML395)//CKDHL151632,CKDHL151632,(CML312/CML395),2017
2@2017,KibokoDT2017,Drought,2,2@2017,38,38@2017,190,64@02,3.480180087,61,16.4,195.5,113.5,64,(CML312/CML395)//CKDHL151635,CKDHL151635,(CML312/CML395),2017
2@2017,KibokoDT2017,Drought,1,1@2017,10,10@2017,50,64@02,1.887575461,63,17.2,209.5,117,66,(CML312/CML395)//CKDHL151635,CKDHL151635,(CML312/CML395),2017
2@2017,KibokoDT2017,Drought,1,1@2017,5,5@2017,25,65@02,3.231199329,63,18.5,210.5,109.5,65,(CML312/CML395)//CKDHL151640,CKDHL151640,(CML312/CML395),2017
2@2017,KibokoDT2017,Drought,2,2@2017,35,35@2017,172,65@02,2.706129438,65,18.5,199,115,66,(CML312/CML395)//CKDHL151640,CKDHL151640,(CML312/CML395),2017
2@2017,KibokoDT2017,Drought,2,2@2017,26,26@2017,128,66@02,1.775127742,66,16.7,180,106,68,(CML312/CML395)//CKDHL151644,CKDHL151644,(CML312/CML395),2017
2@2017,KibokoDT2017,Drought,1,1@2017,2,2@2017,10,66@02,4.10900022,61,17.5,224,119,62,(CML312/CML395)//CKDHL151644,CKDHL151644,(CML312/CML395),2017
2@2017,KibokoDT2017,Drought,1,1@2017,4,4@2017,18,67@02,3.949769492,62,19.9,195.5,99,64,(CML312/CML395)//CKDHL151648,CKDHL151648,(CML312/CML395),2017
2@2017,KibokoDT2017,Drought,2,2@2017,35,35@2017,175,67@02,2.544742925,61,13.7,190,101,65,(CML312/CML395)//CKDHL151648,CKDHL151648,(CML312/CML395),2017
2@2017,KibokoDT2017,Drought,1,1@2017,2,2@2017,7,68@02,4.104019614,60,17.6,223,102,61,(CML312/CML395)//CKDHL151652,CKDHL151652,(CML312/CML395),2017
2@2017,KibokoDT2017,Drought,2,2@2017,32,32@2017,156,68@02,1.862152067,63,16.5,181.5,116,66,(CML312/CML395)//CKDHL151652,CKDHL151652,(CML312/CML395),2017
2@2017,KibokoDT2017,Drought,2,2@2017,27,27@2017,132,69@02,1.687979521,63,15.9,175.5,104.5,66,(CML312/CML395)//CKDHL151657,CKDHL151657,(CML312/CML395),2017
2@2017,KibokoDT2017,Drought,1,1@2017,7,7@2017,34,69@02,2.985761987,64,16.9,188.5,103,66,(CML312/CML395)//CKDHL151657,CKDHL151657,(CML312/CML395),2017
2@2017,KibokoDT2017,Drought,1,1@2017,18,18@2017,86,70@02,3.563710554,64,14.9,186,113,64,(CML312/CML395)//CKDHL151661,CKDHL151661,(CML312/CML395),2017
2@2017,KibokoDT2017,Drought,2,2@2017,30,30@2017,146,70@02,2.664004907,64,17.3,182,110,64,(CML312/CML395)//CKDHL151661,CKDHL151661,(CML312/CML395),2017
2@2017,KibokoDT2017,Drought,1,1@2017,15,15@2017,71,71@02,1.549934954,64,16.6,174.5,98.5,67,(CML312/CML395)//CKDHL151665,CKDHL151665,(CML312/CML395),2017
2@2017,KibokoDT2017,Drought,2,2@2017,25,25@2017,124,71@02,3.427697877,64,20.5,189,102.5,66,(CML312/CML395)//CKDHL151665,CKDHL151665,(CML312/CML395),2017
2@2017,KibokoDT2017,Drought,2,2@2017,26,26@2017,126,72@02,1.140707524,66,16.3,178.5,93,70,(CML312/CML395)//CKDHL151671,CKDHL151671,(CML312/CML395),2017
2@2017,KibokoDT2017,Drought,1,1@2017,6,6@2017,26,72@02,2.408928481,63,13.2,187.5,87,65,(CML312/CML395)//CKDHL151671,CKDHL151671,(CML312/CML395),2017
2@2017,KibokoDT2017,Drought,2,2@2017,23,23@2017,113,73@02,1.158672397,63,16.5,176.5,103.5,68,(CML312/CML395)//CKDHL151704,CKDHL151704,(CML312/CML395),2017
2@2017,KibokoDT2017,Drought,1,1@2017,17,17@2017,83,73@02,3.229960372,62,17.5,199,118,64,(CML312/CML395)//CKDHL151704,CKDHL151704,(CML312/CML395),2017
2@2017,KibokoDT2017,Drought,2,2@2017,37,37@2017,182,74@02,2.770109167,66,18.4,173.5,102.5,68,(CML312/CML395)//CKDHL151705,CKDHL151705,(CML312/CML395),2017
2@2017,KibokoDT2017,Drought,1,1@2017,19,19@2017,94,74@02,2.423696846,62,16.4,187,100.5,64,(CML312/CML395)//CKDHL151705,CKDHL151705,(CML312/CML395),2017
2@2017,KibokoDT2017,Drought,1,1@2017,10,10@2017,48,75@02,3.358068505,63,15.3,192.5,102.5,66,(CML312/CML395)//CKDHL151706,CKDHL151706,(CML312/CML395),2017
2@2017,KibokoDT2017,Drought,2,2@2017,36,36@2017,176,75@02,3.376702415,62,18.4,194.5,104,64,(CML312/CML395)//CKDHL151706,CKDHL151706,(CML312/CML395),2017
2@2017,KibokoDT2017,Drought,1,1@2017,8,8@2017,36,76@02,1.885097547,62,16.4,188,95,68,(CML312/CML395)//CKDHL151709,CKDHL151709,(CML312/CML395),2017
2@2017,KibokoDT2017,Drought,2,2@2017,28,28@2017,139,76@02,1.801145834,62,17.4,188.5,103.5,66,(CML312/CML395)//CKDHL151709,CKDHL151709,(CML312/CML395),2017
2@2017,KibokoDT2017,Drought,1,1@2017,9,9@2017,45,77@02,2.441488266,63,16.5,211,100,66,(CML312/CML395)//CKDHL151714,CKDHL151714,(CML312/CML395),2017
2@2017,KibokoDT2017,Drought,2,2@2017,37,37@2017,185,77@02,2.153306915,66,21,206.5,117,67,(CML312/CML395)//CKDHL151714,CKDHL151714,(CML312/CML395),2017
2@2017,KibokoDT2017,Drought,2,2@2017,37,37@2017,181,78@02,3.290669255,63,17,177.5,104,63,(CML312/CML395)//CKDHL151717,CKDHL151717,(CML312/CML395),2017
2@2017,KibokoDT2017,Drought,1,1@2017,18,18@2017,87,78@02,2.400553133,64,17.9,194,112.5,65,(CML312/CML395)//CKDHL151717,CKDHL151717,(CML312/CML395),2017
2@2017,KibokoDT2017,Drought,2,2@2017,32,32@2017,157,79@02,1.029622657,61,15.2,178,98.5,63,(CML312/CML395)//CKDHL151720,CKDHL151720,(CML312/CML395),2017
2@2017,KibokoDT2017,Drought,1,1@2017,18,18@2017,88,79@02,1.453544115,61,16.2,193,99,63,(CML312/CML395)//CKDHL151720,CKDHL151720,(CML312/CML395),2017
2@2017,KibokoDT2017,Drought,2,2@2017,22,22@2017,110,80@02,1.196138451,65,13.8,168.5,103.5,65,(CML312/CML395)//CKDHL151724,CKDHL151724,(CML312/CML395),2017
2@2017,KibokoDT2017,Drought,1,1@2017,1,1@2017,3,80@02,2.775575444,64,15.78,187.5,99,63,(CML312/CML395)//CKDHL151724,CKDHL151724,(CML312/CML395),2017
2@2017,KibokoDT2017,Drought,2,2@2017,27,27@2017,131,81@02,2.039818472,62,16,183.5,100,67,(CML312/CML395)//CKDHL151725,CKDHL151725,(CML312/CML395),2017
2@2017,KibokoDT2017,Drought,1,1@2017,12,12@2017,60,81@02,2.234582481,64,16.5,177,96.5,66,(CML312/CML395)//CKDHL151725,CKDHL151725,(CML312/CML395),2017
2@2017,KibokoDT2017,Drought,1,1@2017,9,9@2017,41,82@02,2.6762458,61,19.4,176.5,98,64,(CML312/CML395)//CKDHL151733,CKDHL151733,(CML312/CML395),2017
2@2017,KibokoDT2017,Drought,2,2@2017,27,27@2017,133,82@02,1.896694183,62,16.8,165.5,100.5,65,(CML312/CML395)//CKDHL151733,CKDHL151733,(CML312/CML395),2017
2@2017,KibokoDT2017,Drought,2,2@2017,28,28@2017,140,83@02,1.7378847,62,15.5,184.5,94.5,65,(CML312/CML395)//CKDHL151738,CKDHL151738,(CML312/CML395),2017
2@2017,KibokoDT2017,Drought,1,1@2017,3,3@2017,12,83@02,4.09351326,61,17.4,214,107,63,(CML312/CML395)//CKDHL151738,CKDHL151738,(CML312/CML395),2017
2@2017,KibokoDT2017,Drought,1,1@2017,4,4@2017,20,84@02,5.056356146,63,13.9,217,117,63,(CML312/CML395)//CKDHL151751,CKDHL151751,(CML312/CML395),2017
2@2017,KibokoDT2017,Drought,2,2@2017,37,37@2017,183,84@02,2.058031137,64,20.9,188,109,67,(CML312/CML395)//CKDHL151751,CKDHL151751,(CML312/CML395),2017
2@2017,KibokoDT2017,Drought,1,1@2017,17,17@2017,81,85@02,1.002910749,62,17.4,187.5,100,65,(CML312/CML395)//CKDHL151755,CKDHL151755,(CML312/CML395),2017
2@2017,KibokoDT2017,Drought,2,2@2017,34,34@2017,169,85@02,2.10726728,61,15.8,196.5,103,63,(CML312/CML395)//CKDHL151755,CKDHL151755,(CML312/CML395),2017
2@2017,KibokoDT2017,Drought,2,2@2017,24,24@2017,119,86@02,2.052009807,65,19.6,188,111,67,(CML312/CML395)//CKDHL151758,CKDHL151758,(CML312/CML395),2017
2@2017,KibokoDT2017,Drought,1,1@2017,9,9@2017,43,86@02,2.095125503,63,18.7,193.5,107,64,(CML312/CML395)//CKDHL151758,CKDHL151758,(CML312/CML395),2017
2@2017,KibokoDT2017,Drought,2,2@2017,24,24@2017,120,87@02,2.649385217,64,19,179,98.5,63,(CML312/CML395)//CKDHL151761,CKDHL151761,(CML312/CML395),2017
2@2017,KibokoDT2017,Drought,1,1@2017,14,14@2017,67,87@02,1.941098394,62,18.4,181.5,109,63,(CML312/CML395)//CKDHL151761,CKDHL151761,(CML312/CML395),2017
2@2017,KibokoDT2017,Drought,2,2@2017,31,31@2017,151,88@02,0.54660296,63,18.3,173,99,70,(CML312/CML395)//CKDHL151764,CKDHL151764,(CML312/CML395),2017
2@2017,KibokoDT2017,Drought,1,1@2017,5,5@2017,23,88@02,4.379291035,63,19.3,214,107,64,(CML312/CML395)//CKDHL151764,CKDHL151764,(CML312/CML395),2017
2@2017,KibokoDT2017,Drought,2,2@2017,34,34@2017,167,89@02,1.72499955,63,18.1,185,107,67,(CML312/CML395)//CKDHL151765,CKDHL151765,(CML312/CML395),2017
2@2017,KibokoDT2017,Drought,1,1@2017,10,10@2017,46,89@02,1.576002605,64,17.4,197.5,101.5,68,(CML312/CML395)//CKDHL151765,CKDHL151765,(CML312/CML395),2017
2@2017,KibokoDT2017,Drought,2,2@2017,20,20@2017,99,90@02,2.770406517,63,15.3,209.5,120.5,64,(CML312/CML395)//CKDHL151768,CKDHL151768,(CML312/CML395),2017
2@2017,KibokoDT2017,Drought,1,1@2017,1,1@2017,5,90@02,3.487242141,61,17.7,215.5,106.5,63,(CML312/CML395)//CKDHL151768,CKDHL151768,(CML312/CML395),2017
2@2017,KibokoDT2017,Drought,2,2@2017,34,34@2017,170,91@02,1.942585142,63,16.6,197,105.5,66,(CML312/CML395)//CKDHL151777,CKDHL151777,(CML312/CML395),2017
2@2017,KibokoDT2017,Drought,1,1@2017,12,12@2017,56,91@02,2.666284587,62,19.7,200,93,64,(CML312/CML395)//CKDHL151777,CKDHL151777,(CML312/CML395),2017
2@2017,KibokoDT2017,Drought,1,1@2017,14,14@2017,66,92@02,2.256883703,64,20.8,207,114,67,(CML312/CML395)//CKDHL151780,CKDHL151780,(CML312/CML395),2017
2@2017,KibokoDT2017,Drought,2,2@2017,37,37@2017,184,92@02,2.977411418,63,17.7,195.5,109,67,(CML312/CML395)//CKDHL151780,CKDHL151780,(CML312/CML395),2017
2@2017,KibokoDT2017,Drought,2,2@2017,36,36@2017,178,93@02,2.423845521,69,17.8,213.5,133.5,73,H517,H517,,2017
2@2017,KibokoDT2017,Drought,1,1@2017,6,6@2017,30,93@02,2.873586839,69,23.2,236,143.5,72,H517,H517,,2017
2@2017,KibokoDT2017,Drought,2,2@2017,26,26@2017,127,94@02,2.380358137,62,21.9,208.5,107,69,Pioneer 30G19,Pioneer 30G19,,2017
2@2017,KibokoDT2017,Drought,1,1@2017,2,2@2017,6,94@02,2.506062694,63,21.6,235.5,116,70,Pioneer 30G19,Pioneer 30G19,,2017
2@2017,KibokoDT2017,Drought,2,2@2017,29,29@2017,142,95@02,1.834845459,66,16.8,194,125,68,WH505,WH505,,2017
2@2017,KibokoDT2017,Drought,1,1@2017,7,7@2017,31,95@02,1.721852599,68,19.2,196,109,71,WH505,WH505,,2017
3@2017,KibokoDT2017,Drought,1,1@2017,3,3@2017,17,1@03,3.461803287,65,17.3,179,95.5,64,(CML312/CML442)//CKDHL153331,CKDHL153331,(CML312/CML442),2017
3@2017,KibokoDT2017,Drought,2,2@2017,15,15@2017,90,1@03,2.565645331,65,13.5,220.5,115,65,(CML312/CML442)//CKDHL153331,CKDHL153331,(CML312/CML442),2017
3@2017,KibokoDT2017,Drought,1,1@2017,7,7@2017,38,2@03,2.180344054,62,15.6,208,86.5,65,(CML312/CML442)//CKDHL153335,CKDHL153335,(CML312/CML442),2017
3@2017,KibokoDT2017,Drought,2,2@2017,10,10@2017,55,2@03,2.580356051,61,13.7,207,91.5,63,(CML312/CML442)//CKDHL153335,CKDHL153335,(CML312/CML442),2017
3@2017,KibokoDT2017,Drought,2,2@2017,15,15@2017,87,3@03,2.934824615,61,14.2,210,112.5,62,(CML312/CML442)//CKDHL153336,CKDHL153336,(CML312/CML442),2017
3@2017,KibokoDT2017,Drought,1,1@2017,5,5@2017,26,3@03,3.741498335,63,20.6,224,121.5,62,(CML312/CML442)//CKDHL153336,CKDHL153336,(CML312/CML442),2017
3@2017,KibokoDT2017,Drought,2,2@2017,13,13@2017,78,4@03,3.130441318,65,20.2,188,94,65,(CML312/CML442)//CKDHL153337,CKDHL153337,(CML312/CML442),2017
3@2017,KibokoDT2017,Drought,1,1@2017,5,5@2017,29,4@03,3.572624048,67,19.7,205.5,102,66,(CML312/CML442)//CKDHL153337,CKDHL153337,(CML312/CML442),2017
3@2017,KibokoDT2017,Drought,1,1@2017,6,6@2017,34,5@03,1.924233998,65,13.5,203.5,101.5,65,(CML312/CML442)//CKDHL153338,CKDHL153338,(CML312/CML442),2017
3@2017,KibokoDT2017,Drought,2,2@2017,12,12@2017,67,5@03,2.789559241,66,16.1,210.5,100,65,(CML312/CML442)//CKDHL153338,CKDHL153338,(CML312/CML442),2017
3@2017,KibokoDT2017,Drought,1,1@2017,8,8@2017,47,6@03,3.153117355,63,15.5,201.5,101.5,63,(CML312/CML442)//CKDHL153339,CKDHL153339,(CML312/CML442),2017
3@2017,KibokoDT2017,Drought,2,2@2017,13,13@2017,73,6@03,2.266455588,63,15.4,213,117,63,(CML312/CML442)//CKDHL153339,CKDHL153339,(CML312/CML442),2017
3@2017,KibokoDT2017,Drought,2,2@2017,15,15@2017,88,7@03,3.609436729,65,15.7,215,121,64,(CML312/CML442)//CKDHL153340,CKDHL153340,(CML312/CML442),2017
3@2017,KibokoDT2017,Drought,1,1@2017,7,7@2017,39,7@03,2.641543081,62,15.7,215.5,114,64,(CML312/CML442)//CKDHL153340,CKDHL153340,(CML312/CML442),2017
3@2017,KibokoDT2017,Drought,2,2@2017,9,9@2017,54,8@03,1.326978747,64,17.2,217,131.5,64,(CML312/CML442)//CKDHL153341,CKDHL153341,(CML312/CML442),2017
3@2017,KibokoDT2017,Drought,1,1@2017,2,2@2017,11,8@03,3.649765631,63,15.7,234,130.5,64,(CML312/CML442)//CKDHL153341,CKDHL153341,(CML312/CML442),2017
3@2017,KibokoDT2017,Drought,2,2@2017,12,12@2017,69,9@03,3.379064454,65,14.9,228,111.5,64,(CML312/CML442)//CKDHL153344,CKDHL153344,(CML312/CML442),2017
3@2017,KibokoDT2017,Drought,1,1@2017,5,5@2017,27,9@03,3.355479461,64,16.5,235,123,64,(CML312/CML442)//CKDHL153344,CKDHL153344,(CML312/CML442),2017
3@2017,KibokoDT2017,Drought,2,2@2017,10,10@2017,59,10@03,3.726524496,66,14.4,225.5,127.5,64,(CML312/CML442)//CKDHL153345,CKDHL153345,(CML312/CML442),2017
3@2017,KibokoDT2017,Drought,1,1@2017,3,3@2017,14,10@03,3.577575461,65,15.5,208.5,126,64,(CML312/CML442)//CKDHL153345,CKDHL153345,(CML312/CML442),2017
3@2017,KibokoDT2017,Drought,2,2@2017,10,10@2017,58,11@03,2.951042288,60,17.2,206.5,100.5,60,(CML312/CML442)//CKDHL153346,CKDHL153346,(CML312/CML442),2017
3@2017,KibokoDT2017,Drought,1,1@2017,1,1@2017,4,11@03,3.63510275,65,16.5,218,104,64,(CML312/CML442)//CKDHL153346,CKDHL153346,(CML312/CML442),2017
3@2017,KibokoDT2017,Drought,1,1@2017,1,1@2017,1,12@03,2.172522256,61,13.5,198.5,84.5,64,(CML312/CML442)//CKDHL153347,CKDHL153347,(CML312/CML442),2017
3@2017,KibokoDT2017,Drought,2,2@2017,11,11@2017,64,12@03,2.98940976,60,14.4,199.5,87,62,(CML312/CML442)//CKDHL153347,CKDHL153347,(CML312/CML442),2017
3@2017,KibokoDT2017,Drought,2,2@2017,9,9@2017,49,13@03,3.373658563,65,18,182,94.5,65,(CML312/CML442)//CKDHL153349,CKDHL153349,(CML312/CML442),2017
3@2017,KibokoDT2017,Drought,1,1@2017,2,2@2017,12,13@03,4.053054651,63,15.7,223,130.5,63,(CML312/CML442)//CKDHL153349,CKDHL153349,(CML312/CML442),2017
3@2017,KibokoDT2017,Drought,2,2@2017,12,12@2017,68,14@03,2.819793957,66,18.7,214.5,109.5,67,(CML312/CML442)//CKDHL153350,CKDHL153350,(CML312/CML442),2017
3@2017,KibokoDT2017,Drought,1,1@2017,4,4@2017,19,14@03,4.008491931,62,20.2,207,119.5,62,(CML312/CML442)//CKDHL153350,CKDHL153350,(CML312/CML442),2017
3@2017,KibokoDT2017,Drought,1,1@2017,5,5@2017,28,15@03,3.746999905,68,14.4,227.5,124,67,(CML312/CML442)//CKDHL153351,CKDHL153351,(CML312/CML442),2017
3@2017,KibokoDT2017,Drought,2,2@2017,16,16@2017,96,15@03,3.180386008,65,16.9,215.5,112.5,64,(CML312/CML442)//CKDHL153351,CKDHL153351,(CML312/CML442),2017
3@2017,KibokoDT2017,Drought,2,2@2017,16,16@2017,93,16@03,4.039396404,64,16.4,212,106,64,(CML312/CML442)//CKDHL153355,CKDHL153355,(CML312/CML442),2017
3@2017,KibokoDT2017,Drought,1,1@2017,4,4@2017,23,16@03,3.276687407,61,13.3,218,116.5,61,(CML312/CML442)//CKDHL153355,CKDHL153355,(CML312/CML442),2017
3@2017,KibokoDT2017,Drought,2,2@2017,14,14@2017,82,17@03,3.417049209,64,17.9,192.5,111.5,66,(CML312/CML442)//CKDHL153358,CKDHL153358,(CML312/CML442),2017
3@2017,KibokoDT2017,Drought,1,1@2017,7,7@2017,37,17@03,3.245448056,66,15.2,202.5,114.5,65,(CML312/CML442)//CKDHL153358,CKDHL153358,(CML312/CML442),2017
3@2017,KibokoDT2017,Drought,2,2@2017,14,14@2017,79,18@03,3.279773071,63,16.9,186,86,63,(CML312/CML442)//CKDHL153360,CKDHL153360,(CML312/CML442),2017
3@2017,KibokoDT2017,Drought,1,1@2017,5,5@2017,25,18@03,4.947394696,61,16.6,213,108,62,(CML312/CML442)//CKDHL153360,CKDHL153360,(CML312/CML442),2017
3@2017,KibokoDT2017,Drought,2,2@2017,11,11@2017,61,19@03,3.006823426,67,17.3,201,107,67,(CML312/CML442)//CKDHL153362,CKDHL153362,(CML312/CML442),2017
3@2017,KibokoDT2017,Drought,1,1@2017,4,4@2017,24,19@03,5.053072685,65,15.5,215,120,65,(CML312/CML442)//CKDHL153362,CKDHL153362,(CML312/CML442),2017
3@2017,KibokoDT2017,Drought,1,1@2017,3,3@2017,18,20@03,2.437913221,64,21.6,186,105,64,(CML312/CML442)//CKDHL153364,CKDHL153364,(CML312/CML442),2017
3@2017,KibokoDT2017,Drought,2,2@2017,9,9@2017,53,20@03,3.095829265,61,16.5,194.5,106.5,63,(CML312/CML442)//CKDHL153364,CKDHL153364,(CML312/CML442),2017
3@2017,KibokoDT2017,Drought,1,1@2017,1,1@2017,3,21@03,2.549858216,62,18,200.5,87,62,(CML312/CML442)//CKDHL153365,CKDHL153365,(CML312/CML442),2017
3@2017,KibokoDT2017,Drought,2,2@2017,10,10@2017,56,21@03,4.159187117,60,17.2,208,91.5,62,(CML312/CML442)//CKDHL153365,CKDHL153365,(CML312/CML442),2017
3@2017,KibokoDT2017,Drought,2,2@2017,13,13@2017,74,22@03,2.993811016,62,16,221.5,120,63,(CML312/CML442)//CKDHL153370,CKDHL153370,(CML312/CML442),2017
3@2017,KibokoDT2017,Drought,1,1@2017,8,8@2017,43,22@03,2.64907784,63,16.1,231.5,138,65,(CML312/CML442)//CKDHL153370,CKDHL153370,(CML312/CML442),2017
3@2017,KibokoDT2017,Drought,1,1@2017,1,1@2017,6,23@03,3.407720459,65,15.2,229.5,116.5,65,(CML312/CML442)//CKDHL153372,CKDHL153372,(CML312/CML442),2017
3@2017,KibokoDT2017,Drought,2,2@2017,14,14@2017,83,23@03,3.898484446,64,18.1,208,115.5,65,(CML312/CML442)//CKDHL153372,CKDHL153372,(CML312/CML442),2017
3@2017,KibokoDT2017,Drought,2,2@2017,9,9@2017,51,24@03,3.013879788,64,22.7,216.5,115.5,63,(CML312/CML442)//CKDHL153375,CKDHL153375,(CML312/CML442),2017
3@2017,KibokoDT2017,Drought,1,1@2017,1,1@2017,5,24@03,3.283767689,64,17.3,233,126.5,62,(CML312/CML442)//CKDHL153375,CKDHL153375,(CML312/CML442),2017
3@2017,KibokoDT2017,Drought,1,1@2017,8,8@2017,45,25@03,2.347400431,63,15.4,206,100.5,65,(CML312/CML442)//CKDHL153380,CKDHL153380,(CML312/CML442),2017
3@2017,KibokoDT2017,Drought,2,2@2017,12,12@2017,70,25@03,2.079115161,67,18,220,110.5,67,(CML312/CML442)//CKDHL153380,CKDHL153380,(CML312/CML442),2017
3@2017,KibokoDT2017,Drought,1,1@2017,2,2@2017,8,26@03,3.790342711,63,16.6,241,123,63,(CML312/CML442)//CKDHL153381,CKDHL153381,(CML312/CML442),2017
3@2017,KibokoDT2017,Drought,2,2@2017,13,13@2017,75,26@03,2.782837757,64,16.9,216,114,63,(CML312/CML442)//CKDHL153381,CKDHL153381,(CML312/CML442),2017
3@2017,KibokoDT2017,Drought,1,1@2017,8,8@2017,48,27@03,3.130441318,65,22.1,194.5,106.5,65,(CML312/CML442)//CKDHL153383,CKDHL153383,(CML312/CML442),2017
3@2017,KibokoDT2017,Drought,2,2@2017,16,16@2017,95,27@03,2.838236177,66,17.6,199,96,66,(CML312/CML442)//CKDHL153383,CKDHL153383,(CML312/CML442),2017
3@2017,KibokoDT2017,Drought,1,1@2017,5,5@2017,30,28@03,2.373186051,66,12.2,213,108.5,66,(CML312/CML442)//CKDHL153391,CKDHL153391,(CML312/CML442),2017
3@2017,KibokoDT2017,Drought,2,2@2017,13,13@2017,76,28@03,2.700457722,61,11.8,204,97,62,(CML312/CML442)//CKDHL153391,CKDHL153391,(CML312/CML442),2017
3@2017,KibokoDT2017,Drought,2,2@2017,15,15@2017,85,29@03,3.279007635,64,15.9,208,105.5,64,(CML312/CML442)//CKDHL153393,CKDHL153393,(CML312/CML442),2017
3@2017,KibokoDT2017,Drought,1,1@2017,2,2@2017,10,29@03,4.594122126,63,12.3,234.5,116,62,(CML312/CML442)//CKDHL153393,CKDHL153393,(CML312/CML442),2017
3@2017,KibokoDT2017,Drought,1,1@2017,3,3@2017,13,30@03,3.330507116,65,15.1,213,118.5,67,(CML312/CML442)//CKDHL153399,CKDHL153399,(CML312/CML442),2017
3@2017,KibokoDT2017,Drought,2,2@2017,9,9@2017,50,30@03,2.241961641,65,19.2,185,94.5,67,(CML312/CML442)//CKDHL153399,CKDHL153399,(CML312/CML442),2017
3@2017,KibokoDT2017,Drought,1,1@2017,1,1@2017,2,31@03,3.235640909,66,16.5,208,101,67,(CML312/CML442)//CKDHL153400,CKDHL153400,(CML312/CML442),2017
3@2017,KibokoDT2017,Drought,2,2@2017,13,13@2017,77,31@03,1.993338505,64,18.3,202.5,99,66,(CML312/CML442)//CKDHL153400,CKDHL153400,(CML312/CML442),2017
3@2017,KibokoDT2017,Drought,1,1@2017,4,4@2017,20,32@03,3.008306458,63,17.8,212,114,64,(CML312/CML442)//CKDHL153402,CKDHL153402,(CML312/CML442),2017
3@2017,KibokoDT2017,Drought,2,2@2017,12,12@2017,72,32@03,2.492259168,63,18.6,217.5,124,62,(CML312/CML442)//CKDHL153402,CKDHL153402,(CML312/CML442),2017
3@2017,KibokoDT2017,Drought,2,2@2017,9,9@2017,52,33@03,2.670533964,60,17.3,201.5,94,60,(CML312/CML442)//CKDHL153406,CKDHL153406,(CML312/CML442),2017
3@2017,KibokoDT2017,Drought,1,1@2017,8,8@2017,46,33@03,3.05609836,59,18.1,211,92.5,60,(CML312/CML442)//CKDHL153406,CKDHL153406,(CML312/CML442),2017
3@2017,KibokoDT2017,Drought,2,2@2017,14,14@2017,81,34@03,3.521913922,63,19.1,184.5,89,64,(CML312/CML442)//CKDHL153407,CKDHL153407,(CML312/CML442),2017
3@2017,KibokoDT2017,Drought,1,1@2017,6,6@2017,31,34@03,1.754713875,67,14.7,196,94.5,67,(CML312/CML442)//CKDHL153407,CKDHL153407,(CML312/CML442),2017
3@2017,KibokoDT2017,Drought,1,1@2017,7,7@2017,41,35@03,2.946593192,62,16.2,215.5,120.5,62,(CML312/CML442)//CKDHL153411,CKDHL153411,(CML312/CML442),2017
3@2017,KibokoDT2017,Drought,2,2@2017,15,15@2017,86,35@03,3.392076864,64,18.5,209,124,65,(CML312/CML442)//CKDHL153411,CKDHL153411,(CML312/CML442),2017
3@2017,KibokoDT2017,Drought,2,2@2017,11,11@2017,63,36@03,3.067292859,65,17.8,205,95.5,65,(CML312/CML442)//CKDHL153415,CKDHL153415,(CML312/CML442),2017
3@2017,KibokoDT2017,Drought,1,1@2017,3,3@2017,16,36@03,3.286016157,64,15.2,185,90.5,64,(CML312/CML442)//CKDHL153415,CKDHL153415,(CML312/CML442),2017
3@2017,KibokoDT2017,Drought,1,1@2017,6,6@2017,35,37@03,2.515509282,66,13.8,189,92.5,68,(CML312/CML442)//CKDHL153416,CKDHL153416,(CML312/CML442),2017
3@2017,KibokoDT2017,Drought,2,2@2017,10,10@2017,60,37@03,2.635012956,64,19,200,104.5,64,(CML312/CML442)//CKDHL153416,CKDHL153416,(CML312/CML442),2017
3@2017,KibokoDT2017,Drought,1,1@2017,8,8@2017,44,38@03,3.271664234,64,16.6,220.5,121.5,64,(CML312/CML442)//CKDHL153417,CKDHL153417,(CML312/CML442),2017
3@2017,KibokoDT2017,Drought,2,2@2017,16,16@2017,91,38@03,3.426138759,67,21.3,216,111,68,(CML312/CML442)//CKDHL153417,CKDHL153417,(CML312/CML442),2017
3@2017,KibokoDT2017,Drought,1,1@2017,7,7@2017,40,39@03,3.878152556,61,17.7,234.5,119,62,(CML312/CML442)//CKDHL153420,CKDHL153420,(CML312/CML442),2017
3@2017,KibokoDT2017,Drought,2,2@2017,11,11@2017,66,39@03,1.299734014,66,18.9,188.5,98,67,(CML312/CML442)//CKDHL153420,CKDHL153420,(CML312/CML442),2017
3@2017,KibokoDT2017,Drought,1,1@2017,2,2@2017,9,40@03,4.264793346,63,15.5,240.5,130,64,(CML312/CML442)//CKDHL153421,CKDHL153421,(CML312/CML442),2017
3@2017,KibokoDT2017,Drought,2,2@2017,16,16@2017,92,40@03,4.044228218,63,16.3,222.5,108.5,64,(CML312/CML442)//CKDHL153421,CKDHL153421,(CML312/CML442),2017
3@2017,KibokoDT2017,Drought,2,2@2017,10,10@2017,57,41@03,3.717076147,63,16.9,219,111.5,64,(CML312/CML442)//CKDHL153424,CKDHL153424,(CML312/CML442),2017
3@2017,KibokoDT2017,Drought,1,1@2017,7,7@2017,42,41@03,3.000771699,64,21.1,220.5,122.5,64,(CML312/CML442)//CKDHL153424,CKDHL153424,(CML312/CML442),2017
3@2017,KibokoDT2017,Drought,1,1@2017,4,4@2017,22,42@03,2.7562867,64,16.5,239,115.5,64,(CML312/CML442)//CKDHL153426,CKDHL153426,(CML312/CML442),2017
3@2017,KibokoDT2017,Drought,2,2@2017,11,11@2017,62,42@03,1.703286153,67,17.2,191,92,66,(CML312/CML442)//CKDHL153426,CKDHL153426,(CML312/CML442),2017
3@2017,KibokoDT2017,Drought,2,2@2017,12,12@2017,71,43@03,2.599420188,62,15.1,204.5,96,63,(CML312/CML442)//CKDHL153427,CKDHL153427,(CML312/CML442),2017
3@2017,KibokoDT2017,Drought,1,1@2017,6,6@2017,33,43@03,3.885782995,62,14.5,209,93,63,(CML312/CML442)//CKDHL153427,CKDHL153427,(CML312/CML442),2017
3@2017,KibokoDT2017,Drought,1,1@2017,2,2@2017,7,44@03,4.489233493,63,12.3,230.5,124.5,63,(CML312/CML442)//CKDHL153430,CKDHL153430,(CML312/CML442),2017
3@2017,KibokoDT2017,Drought,2,2@2017,14,14@2017,80,44@03,2.983764671,65,19,185,86.5,64,(CML312/CML442)//CKDHL153430,CKDHL153430,(CML312/CML442),2017
3@2017,KibokoDT2017,Drought,2,2@2017,16,16@2017,94,45@03,1.286912963,69,19.7,227.5,137.5,72,H517,H517,,2017
3@2017,KibokoDT2017,Drought,1,1@2017,4,4@2017,21,45@03,3.492970878,65,15.1,254,149,68,H517,H517,,2017
3@2017,KibokoDT2017,Drought,1,1@2017,6,6@2017,36,46@03,3.092265204,65,20.2,240,110.5,69,Pioneer 30G19,Pioneer 30G19,,2017
3@2017,KibokoDT2017,Drought,2,2@2017,11,11@2017,65,46@03,1.658029757,61,19.4,216,95,66,Pioneer 30G19,Pioneer 30G19,,2017
3@2017,KibokoDT2017,Drought,1,1@2017,6,6@2017,32,47@03,4.382120312,65,20,219.5,103.5,67,WH505,WH505,,2017
3@2017,KibokoDT2017,Drought,2,2@2017,15,15@2017,89,47@03,2.731888432,67,19,224.5,128,68,WH505,WH505,,2017
3@2017,KibokoDT2017,Drought,1,1@2017,3,3@2017,15,48@03,3.104823136,61,11.7,215,100,63,DK 8031,DK 8031,,2017
3@2017,KibokoDT2017,Drought,2,2@2017,14,14@2017,84,48@03,1.976833794,64,14.8,214.5,107.5,66,DK 8031,DK 8031,,2017
4@2017,KibokoDT2017,Drought,2,2@2017,16,16@2017,95,1@04,3.469056038,67,21.4,222,133,67,(CML312/CML442)//CKDHL153432,CKDHL153432,(CML312/CML442),2017
4@2017,KibokoDT2017,Drought,1,1@2017,6,6@2017,31,1@04,4.08438748,67,19.3,218,125.5,67,(CML312/CML442)//CKDHL153432,CKDHL153432,(CML312/CML442),2017
4@2017,KibokoDT2017,Drought,2,2@2017,14,14@2017,79,2@04,2.79488516,67,21.8,216,129,67,(CML312/CML442)//CKDHL153434,CKDHL153434,(CML312/CML442),2017
4@2017,KibokoDT2017,Drought,1,1@2017,7,7@2017,37,2@04,2.743265729,69,22.2,214,120.5,70,(CML312/CML442)//CKDHL153434,CKDHL153434,(CML312/CML442),2017
4@2017,KibokoDT2017,Drought,2,2@2017,9,9@2017,54,3@04,5.232823873,68,19.5,211,112,67,(CML312/CML442)//CKDHL153435,CKDHL153435,(CML312/CML442),2017
4@2017,KibokoDT2017,Drought,1,1@2017,3,3@2017,13,3@04,2.01989808,69,21.3,204.5,117,69,(CML312/CML442)//CKDHL153435,CKDHL153435,(CML312/CML442),2017
4@2017,KibokoDT2017,Drought,2,2@2017,9,9@2017,49,4@04,2.3660505,65,17.8,204.5,109.7,65,(CML312/CML442)//CKDHL153436,CKDHL153436,(CML312/CML442),2017
4@2017,KibokoDT2017,Drought,1,1@2017,2,2@2017,12,4@04,2.172621554,67,18.4,202,103.5,67,(CML312/CML442)//CKDHL153436,CKDHL153436,(CML312/CML442),2017
4@2017,KibokoDT2017,Drought,1,1@2017,4,4@2017,19,5@04,3.051687032,67,16.3,223.5,120.5,66,(CML312/CML442)//CKDHL153441,CKDHL153441,(CML312/CML442),2017
4@2017,KibokoDT2017,Drought,2,2@2017,14,14@2017,84,5@04,2.579052613,66,16,239.5,130.5,65,(CML312/CML442)//CKDHL153441,CKDHL153441,(CML312/CML442),2017
4@2017,KibokoDT2017,Drought,1,1@2017,4,4@2017,23,6@04,3.144539642,67,16.5,212,129.5,67,(CML312/CML442)//CKDHL153442,CKDHL153442,(CML312/CML442),2017
4@2017,KibokoDT2017,Drought,2,2@2017,9,9@2017,52,6@04,2.852021538,67,18,205,107,68,(CML312/CML442)//CKDHL153442,CKDHL153442,(CML312/CML442),2017
4@2017,KibokoDT2017,Drought,1,1@2017,8,8@2017,45,7@04,4.33476091,66,23.1,224.5,128.5,66,(CML312/CML442)//CKDHL153444,CKDHL153444,(CML312/CML442),2017
4@2017,KibokoDT2017,Drought,2,2@2017,10,10@2017,57,7@04,3.945408399,69,21.3,214,118,69,(CML312/CML442)//CKDHL153444,CKDHL153444,(CML312/CML442),2017
4@2017,KibokoDT2017,Drought,1,1@2017,3,3@2017,17,8@04,2.34803647,68,19.1,215,108,68,(CML312/CML442)//CKDHL153445,CKDHL153445,(CML312/CML442),2017
4@2017,KibokoDT2017,Drought,2,2@2017,16,16@2017,93,8@04,3.072315615,67,21.9,213.5,116.5,67,(CML312/CML442)//CKDHL153445,CKDHL153445,(CML312/CML442),2017
4@2017,KibokoDT2017,Drought,1,1@2017,5,5@2017,26,9@04,3.814656764,68,17.6,196,115.5,66,(CML312/CML442)//CKDHL153450,CKDHL153450,(CML312/CML442),2017
4@2017,KibokoDT2017,Drought,2,2@2017,13,13@2017,76,9@04,2.19279439,67,19.1,220,126,67,(CML312/CML442)//CKDHL153450,CKDHL153450,(CML312/CML442),2017
4@2017,KibokoDT2017,Drought,1,1@2017,4,4@2017,20,10@04,3.569224599,70,22.5,214,132,70,(CML312/CML442)//CKDHL153454,CKDHL153454,(CML312/CML442),2017
4@2017,KibokoDT2017,Drought,2,2@2017,13,13@2017,75,10@04,3.028084095,68,21.1,213.5,133,67,(CML312/CML442)//CKDHL153454,CKDHL153454,(CML312/CML442),2017
4@2017,KibokoDT2017,Drought,1,1@2017,3,3@2017,18,11@04,3.07030073,68,20,205,119,67,(CML312/CML442)//CKDHL153455,CKDHL153455,(CML312/CML442),2017
4@2017,KibokoDT2017,Drought,2,2@2017,12,12@2017,68,11@04,2.772577506,66,18.6,210,131,64,(CML312/CML442)//CKDHL153455,CKDHL153455,(CML312/CML442),2017
4@2017,KibokoDT2017,Drought,1,1@2017,3,3@2017,15,12@04,2.458639257,69,18,193,102,68,(CML312/CML442)//CKDHL153456,CKDHL153456,(CML312/CML442),2017
4@2017,KibokoDT2017,Drought,2,2@2017,11,11@2017,62,12@04,2.85998513,67,17.2,216,121,66,(CML312/CML442)//CKDHL153456,CKDHL153456,(CML312/CML442),2017
4@2017,KibokoDT2017,Drought,2,2@2017,9,9@2017,50,13@04,2.869915634,71,21.8,201.5,127,71,(CML312/CML442)//CKDHL153457,CKDHL153457,(CML312/CML442),2017
4@2017,KibokoDT2017,Drought,1,1@2017,3,3@2017,16,13@04,1.92462281,70,22.1,205.5,125.5,70,(CML312/CML442)//CKDHL153457,CKDHL153457,(CML312/CML442),2017
4@2017,KibokoDT2017,Drought,1,1@2017,7,7@2017,40,14@04,3.364138105,65,17.5,208.5,110.5,65,(CML312/CML442)//CKDHL153458,CKDHL153458,(CML312/CML442),2017
4@2017,KibokoDT2017,Drought,2,2@2017,14,14@2017,83,14@04,2.318125025,65,17.4,216,113,63,(CML312/CML442)//CKDHL153458,CKDHL153458,(CML312/CML442),2017
4@2017,KibokoDT2017,Drought,2,2@2017,11,11@2017,63,15@04,3.335114168,67,21,222,135,66,(CML312/CML442)//CKDHL153459,CKDHL153459,(CML312/CML442),2017
4@2017,KibokoDT2017,Drought,1,1@2017,8,8@2017,43,15@04,3.408513545,66,18.8,213,121.5,66,(CML312/CML442)//CKDHL153459,CKDHL153459,(CML312/CML442),2017
4@2017,KibokoDT2017,Drought,1,1@2017,1,1@2017,1,16@04,2.784163094,67,22.1,178,89.5,67,(CML312/CML442)//CKDHL153462,CKDHL153462,(CML312/CML442),2017
4@2017,KibokoDT2017,Drought,2,2@2017,13,13@2017,77,16@04,2.810284637,65,19.2,206,112,63,(CML312/CML442)//CKDHL153462,CKDHL153462,(CML312/CML442),2017
4@2017,KibokoDT2017,Drought,2,2@2017,10,10@2017,60,17@04,2.201453597,69,15.8,217,131.5,68,(CML312/CML442)//CKDHL153463,CKDHL153463,(CML312/CML442),2017
4@2017,KibokoDT2017,Drought,1,1@2017,7,7@2017,41,17@04,3.04240417,68,17.1,211,128.5,67,(CML312/CML442)//CKDHL153463,CKDHL153463,(CML312/CML442),2017
4@2017,KibokoDT2017,Drought,2,2@2017,15,15@2017,86,18@04,2.461637597,66,17.9,208.5,121,65,(CML312/CML442)//CKDHL153464,CKDHL153464,(CML312/CML442),2017
4@2017,KibokoDT2017,Drought,1,1@2017,4,4@2017,22,18@04,2.940724445,67,16.6,193.5,109.5,66,(CML312/CML442)//CKDHL153464,CKDHL153464,(CML312/CML442),2017
4@2017,KibokoDT2017,Drought,1,1@2017,5,5@2017,29,19@04,3.385006555,64,16,222,123,66,(CML312/CML442)//CKDHL153465,CKDHL153465,(CML312/CML442),2017
4@2017,KibokoDT2017,Drought,2,2@2017,10,10@2017,58,19@04,2.942451489,67,15.4,211.5,117.5,68,(CML312/CML442)//CKDHL153465,CKDHL153465,(CML312/CML442),2017
4@2017,KibokoDT2017,Drought,2,2@2017,10,10@2017,59,20@04,2.043213176,68,17.3,212,126.5,69,(CML312/CML442)//CKDHL153467,CKDHL153467,(CML312/CML442),2017
4@2017,KibokoDT2017,Drought,1,1@2017,6,6@2017,32,20@04,2.448085098,67,19,205,128.5,68,(CML312/CML442)//CKDHL153467,CKDHL153467,(CML312/CML442),2017
4@2017,KibokoDT2017,Drought,1,1@2017,1,1@2017,2,21@04,2.821990159,67,22.6,185.5,102,67,(CML312/CML442)//CKDHL153470,CKDHL153470,(CML312/CML442),2017
4@2017,KibokoDT2017,Drought,2,2@2017,15,15@2017,85,21@04,3.536122919,67,19,211.5,124,66,(CML312/CML442)//CKDHL153470,CKDHL153470,(CML312/CML442),2017
4@2017,KibokoDT2017,Drought,2,2@2017,16,16@2017,91,22@04,2.159308922,65,18.9,214,107,67,(CML312/CML442)//CKDHL153473,CKDHL153473,(CML312/CML442),2017
4@2017,KibokoDT2017,Drought,1,1@2017,5,5@2017,25,22@04,1.671778748,68,20.8,206,103.5,71,(CML312/CML442)//CKDHL153473,CKDHL153473,(CML312/CML442),2017
4@2017,KibokoDT2017,Drought,1,1@2017,8,8@2017,46,23@04,1.954270402,68,20.9,210,124,70,(CML312/CML442)//CKDHL153474,CKDHL153474,(CML312/CML442),2017
4@2017,KibokoDT2017,Drought,2,2@2017,14,14@2017,82,23@04,1.434214229,67,19.2,209.5,129.5,68,(CML312/CML442)//CKDHL153474,CKDHL153474,(CML312/CML442),2017
4@2017,KibokoDT2017,Drought,1,1@2017,5,5@2017,28,24@04,3.082174159,64,17.1,210,100.5,64,(CML312/CML442)//CKDHL153477,CKDHL153477,(CML312/CML442),2017
4@2017,KibokoDT2017,Drought,2,2@2017,15,15@2017,88,24@04,1.840381434,65,17.5,216,107.5,67,(CML312/CML442)//CKDHL153477,CKDHL153477,(CML312/CML442),2017
4@2017,KibokoDT2017,Drought,2,2@2017,12,12@2017,69,25@04,2.058060958,65,14.2,203.5,106.5,65,(CML312/CML442)//CKDHL153484,CKDHL153484,(CML312/CML442),2017
4@2017,KibokoDT2017,Drought,1,1@2017,2,2@2017,11,25@04,2.245013489,67,17.9,210.5,99,66,(CML312/CML442)//CKDHL153484,CKDHL153484,(CML312/CML442),2017
4@2017,KibokoDT2017,Drought,2,2@2017,16,16@2017,96,26@04,3.297215144,70,21,234,138.5,70,(CML312/CML442)//CKDHL153487,CKDHL153487,(CML312/CML442),2017
4@2017,KibokoDT2017,Drought,1,1@2017,6,6@2017,35,26@04,2.48080299,68,19.2,227,112,69,(CML312/CML442)//CKDHL153487,CKDHL153487,(CML312/CML442),2017
4@2017,KibokoDT2017,Drought,2,2@2017,16,16@2017,94,27@04,3.856489611,66,18.8,207.5,122.5,66,(CML312/CML442)//CKDHL153488,CKDHL153488,(CML312/CML442),2017
4@2017,KibokoDT2017,Drought,1,1@2017,1,1@2017,6,27@04,1.734528019,67,21.4,175.5,97.5,68,(CML312/CML442)//CKDHL153488,CKDHL153488,(CML312/CML442),2017
4@2017,KibokoDT2017,Drought,2,2@2017,14,14@2017,81,28@04,3.307313555,64,20.3,209,104.5,34,(CML312/CML442)//CKDHL153495,CKDHL153495,(CML312/CML442),2017
4@2017,KibokoDT2017,Drought,1,1@2017,4,4@2017,24,28@04,4.47880119,66,22.2,198.5,103,65,(CML312/CML442)//CKDHL153495,CKDHL153495,(CML312/CML442),2017
4@2017,KibokoDT2017,Drought,1,1@2017,2,2@2017,10,29@04,2.418149666,65,18.7,209.5,110,64,(CML312/CML442)//CKDHL153499,CKDHL153499,(CML312/CML442),2017
4@2017,KibokoDT2017,Drought,2,2@2017,13,13@2017,78,29@04,2.612514094,62,20.5,220,116,61,(CML312/CML442)//CKDHL153499,CKDHL153499,(CML312/CML442),2017
4@2017,KibokoDT2017,Drought,2,2@2017,12,12@2017,71,30@04,2.026878216,64,15.5,207.5,112,64,(CML312/CML442)//CKDHL153503,CKDHL153503,(CML312/CML442),2017
4@2017,KibokoDT2017,Drought,1,1@2017,1,1@2017,5,30@04,1.066018008,66,17.7,171,87.5,69,(CML312/CML442)//CKDHL153503,CKDHL153503,(CML312/CML442),2017
4@2017,KibokoDT2017,Drought,1,1@2017,2,2@2017,9,31@04,2.355736209,67,19.5,204.5,117,67,(CML312/CML442)//CKDHL153506,CKDHL153506,(CML312/CML442),2017
4@2017,KibokoDT2017,Drought,2,2@2017,10,10@2017,56,31@04,2.846024857,71,20.9,213.5,121,70,(CML312/CML442)//CKDHL153506,CKDHL153506,(CML312/CML442),2017
4@2017,KibokoDT2017,Drought,2,2@2017,12,12@2017,70,32@04,2.778526214,67,21.2,203,131,69,(CML312/CML442)//CKDHL153508,CKDHL153508,(CML312/CML442),2017
4@2017,KibokoDT2017,Drought,1,1@2017,2,2@2017,8,32@04,1.870964507,69,25,195.5,118,69,(CML312/CML442)//CKDHL153508,CKDHL153508,(CML312/CML442),2017
4@2017,KibokoDT2017,Drought,2,2@2017,11,11@2017,64,33@04,2.425969338,67,17.1,213.5,123.5,66,(CML312/CML442)//CKDHL153509,CKDHL153509,(CML312/CML442),2017
4@2017,KibokoDT2017,Drought,1,1@2017,7,7@2017,38,33@04,1.951991663,67,17.8,214,120,67,(CML312/CML442)//CKDHL153509,CKDHL153509,(CML312/CML442),2017
4@2017,KibokoDT2017,Drought,2,2@2017,9,9@2017,53,34@04,3.512160181,68,21.7,217.5,123,67,(CML312/CML442)//CKDHL153511,CKDHL153511,(CML312/CML442),2017
4@2017,KibokoDT2017,Drought,1,1@2017,4,4@2017,21,34@04,4.239317733,65,21.1,229.5,132,65,(CML312/CML442)//CKDHL153511,CKDHL153511,(CML312/CML442),2017
4@2017,KibokoDT2017,Drought,2,2@2017,15,15@2017,87,35@04,3.657207904,67,18.9,212.5,128.5,67,(CML312/CML442)//CKDHL153512,CKDHL153512,(CML312/CML442),2017
4@2017,KibokoDT2017,Drought,1,1@2017,1,1@2017,3,35@04,2.073340502,70,20.7,174.5,107.5,70,(CML312/CML442)//CKDHL153512,CKDHL153512,(CML312/CML442),2017
4@2017,KibokoDT2017,Drought,2,2@2017,11,11@2017,61,36@04,3.270350012,67,19.8,216,128.5,66,(CML312/CML442)//CKDHL153516,CKDHL153516,(CML312/CML442),2017
4@2017,KibokoDT2017,Drought,1,1@2017,5,5@2017,30,36@04,2.49039768,65,17.6,216.5,131.5,64,(CML312/CML442)//CKDHL153516,CKDHL153516,(CML312/CML442),2017
4@2017,KibokoDT2017,Drought,2,2@2017,10,10@2017,55,37@04,4.277168784,66,21.1,216,115,65,(CML312/CML442)//CKDHL153517,CKDHL153517,(CML312/CML442),2017
4@2017,KibokoDT2017,Drought,1,1@2017,2,2@2017,7,37@04,1.657002925,63,21.5,185,97.5,65,(CML312/CML442)//CKDHL153517,CKDHL153517,(CML312/CML442),2017
4@2017,KibokoDT2017,Drought,1,1@2017,3,3@2017,14,38@04,0.75961159,71,24.6,219,117,76,(CML312/CML442)//CKDHL153525,CKDHL153525,(CML312/CML442),2017
4@2017,KibokoDT2017,Drought,2,2@2017,15,15@2017,90,38@04,1.711884551,58,18.9,225.5,121,71,(CML312/CML442)//CKDHL153525,CKDHL153525,(CML312/CML442),2017
4@2017,KibokoDT2017,Drought,1,1@2017,6,6@2017,33,39@04,4.201898443,66,18.9,221,123,66,(CML312/CML442)//CKDHL153526,CKDHL153526,(CML312/CML442),2017
4@2017,KibokoDT2017,Drought,2,2@2017,12,12@2017,67,39@04,2.76039225,65,17.8,205.5,124.5,64,(CML312/CML442)//CKDHL153526,CKDHL153526,(CML312/CML442),2017
4@2017,KibokoDT2017,Drought,1,1@2017,1,1@2017,4,40@04,1.759330292,67,19.4,196,101.5,71,(CML312/CML442)//CKDHL153527,CKDHL153527,(CML312/CML442),2017
4@2017,KibokoDT2017,Drought,2,2@2017,15,15@2017,89,40@04,1.680030181,64,17.6,226,118.5,65,(CML312/CML442)//CKDHL153527,CKDHL153527,(CML312/CML442),2017
4@2017,KibokoDT2017,Drought,2,2@2017,12,12@2017,72,41@04,1.669835823,64,18.1,212.5,111.5,66,(CML312/CML442)//CKDHL153530,CKDHL153530,(CML312/CML442),2017
4@2017,KibokoDT2017,Drought,1,1@2017,6,6@2017,34,41@04,2.755714839,64,14.9,217,113.5,64,(CML312/CML442)//CKDHL153530,CKDHL153530,(CML312/CML442),2017
4@2017,KibokoDT2017,Drought,2,2@2017,13,13@2017,73,42@04,2.400591383,65,16.6,201,114,65,(CML312/CML442)//CKDHL153531,CKDHL153531,(CML312/CML442),2017
4@2017,KibokoDT2017,Drought,1,1@2017,8,8@2017,48,42@04,4.25332598,64,19.4,203,103,65,(CML312/CML442)//CKDHL153531,CKDHL153531,(CML312/CML442),2017
4@2017,KibokoDT2017,Drought,2,2@2017,16,16@2017,92,43@04,3.157900248,64,17.2,214,117,65,(CML312/CML442)//CKDHL153533,CKDHL153533,(CML312/CML442),2017
4@2017,KibokoDT2017,Drought,1,1@2017,7,7@2017,39,43@04,2.946529232,65,17,214,115,65,(CML312/CML442)//CKDHL153533,CKDHL153533,(CML312/CML442),2017
4@2017,KibokoDT2017,Drought,1,1@2017,5,5@2017,27,44@04,4.006958333,67,19.3,221,131.5,66,(CML312/CML442)//CKDHL153534,CKDHL153534,(CML312/CML442),2017
4@2017,KibokoDT2017,Drought,2,2@2017,9,9@2017,51,44@04,3.24869,68,18.9,214,119,67,(CML312/CML442)//CKDHL153534,CKDHL153534,(CML312/CML442),2017
4@2017,KibokoDT2017,Drought,1,1@2017,7,7@2017,42,45@04,1.744146695,69,18.3,242.5,152,73,H517,H517,,2017
4@2017,KibokoDT2017,Drought,2,2@2017,11,11@2017,66,45@04,2.360605514,67,17.3,242,151,73,H517,H517,,2017
4@2017,KibokoDT2017,Drought,1,1@2017,8,8@2017,44,46@04,2.514000617,64,20.6,239.5,121,67,Pioneer 30G19,Pioneer 30G19,,2017
4@2017,KibokoDT2017,Drought,2,2@2017,11,11@2017,65,46@04,2.08799639,63,19.4,246,129,67,Pioneer 30G19,Pioneer 30G19,,2017
4@2017,KibokoDT2017,Drought,2,2@2017,13,13@2017,74,47@04,1.183792825,69,20.4,242,146,68,WH505,WH505,,2017
4@2017,KibokoDT2017,Drought,1,1@2017,6,6@2017,36,47@04,2.663989605,70,20.1,226.5,129,72,WH505,WH505,,2017
4@2017,KibokoDT2017,Drought,1,1@2017,8,8@2017,47,48@04,2.355736209,64,14.6,232,127,67,DK 8031,DK 8031,,2017
4@2017,KibokoDT2017,Drought,2,2@2017,14,14@2017,80,48@04,1.850887619,63,13.3,241,132.5,66,DK 8031,DK 8031,,2017
5@2017,KibokoDT2017,Drought,2,2@2017,28,28@2017,138,1@05,3.893625178,62,18.5,239,128.5,64,(CML395/CML444)//CKDHL1500001,CKDHL1500001,(CML395/CML444),2017
5@2017,KibokoDT2017,Drought,1,1@2017,5,5@2017,22,1@05,3.158428059,62,15,213,119.5,63,(CML395/CML444)//CKDHL1500001,CKDHL1500001,(CML395/CML444),2017
5@2017,KibokoDT2017,Drought,2,2@2017,35,35@2017,171,2@05,4.156536825,65,14.8,226.5,136.5,65,(CML395/CML444)//CKDHL1500002,CKDHL1500002,(CML395/CML444),2017
5@2017,KibokoDT2017,Drought,1,1@2017,16,16@2017,80,2@05,1.7526432,65,14.4,161.5,106,64,(CML395/CML444)//CKDHL1500002,CKDHL1500002,(CML395/CML444),2017
5@2017,KibokoDT2017,Drought,2,2@2017,29,29@2017,141,3@05,3.478087773,60,16.1,203,106.5,61,(CML395/CML444)//CKDHL1500005,CKDHL1500005,(CML395/CML444),2017
5@2017,KibokoDT2017,Drought,1,1@2017,4,4@2017,20,3@05,4.352791611,62,16,219,121.5,63,(CML395/CML444)//CKDHL1500005,CKDHL1500005,(CML395/CML444),2017
5@2017,KibokoDT2017,Drought,2,2@2017,22,22@2017,110,4@05,3.813116228,62,13.8,197.5,111,61,(CML395/CML444)//CKDHL1500025,CKDHL1500025,(CML395/CML444),2017
5@2017,KibokoDT2017,Drought,1,1@2017,3,3@2017,12,4@05,3.06158982,61,14.1,206.5,123.5,62,(CML395/CML444)//CKDHL1500025,CKDHL1500025,(CML395/CML444),2017
5@2017,KibokoDT2017,Drought,1,1@2017,5,5@2017,21,5@05,3.097660864,64,13.7,234,139.5,66,(CML395/CML444)//CKDHL1500026,CKDHL1500026,(CML395/CML444),2017
5@2017,KibokoDT2017,Drought,2,2@2017,26,26@2017,126,5@05,2.594991793,63,13,227.5,129.5,65,(CML395/CML444)//CKDHL1500026,CKDHL1500026,(CML395/CML444),2017
5@2017,KibokoDT2017,Drought,1,1@2017,19,19@2017,92,6@05,2.99205132,61,13.6,209,121,62,(CML395/CML444)//CKDHL1500037,CKDHL1500037,(CML395/CML444),2017
5@2017,KibokoDT2017,Drought,2,2@2017,39,39@2017,191,6@05,3.609252904,61,14.5,222.5,132.5,61,(CML395/CML444)//CKDHL1500037,CKDHL1500037,(CML395/CML444),2017
5@2017,KibokoDT2017,Drought,1,1@2017,6,6@2017,27,7@05,3.181430616,59,13.2,205,119,59,(CML395/CML444)//CKDHL1500038,CKDHL1500038,(CML395/CML444),2017
5@2017,KibokoDT2017,Drought,2,2@2017,21,21@2017,101,7@05,3.112018504,60,13.3,210.5,121.5,61,(CML395/CML444)//CKDHL1500038,CKDHL1500038,(CML395/CML444),2017
5@2017,KibokoDT2017,Drought,2,2@2017,33,33@2017,161,8@05,5.008187551,65,18.8,199,119,65,(CML395/CML444)//CKDHL1500041,CKDHL1500041,(CML395/CML444),2017
5@2017,KibokoDT2017,Drought,1,1@2017,19,19@2017,93,8@05,3.406754567,66,14.7,207,128.5,66,(CML395/CML444)//CKDHL1500041,CKDHL1500041,(CML395/CML444),2017
5@2017,KibokoDT2017,Drought,2,2@2017,22,22@2017,109,9@05,3.074203311,65,16.7,203,113.5,66,(CML395/CML444)//CKDHL1500045,CKDHL1500045,(CML395/CML444),2017
5@2017,KibokoDT2017,Drought,1,1@2017,10,10@2017,47,9@05,3.764456972,64,14.9,200,113.5,65,(CML395/CML444)//CKDHL1500045,CKDHL1500045,(CML395/CML444),2017
5@2017,KibokoDT2017,Drought,1,1@2017,6,6@2017,28,10@05,4.172967223,63,16.2,212,121.5,62,(CML395/CML444)//CKDHL1500048,CKDHL1500048,(CML395/CML444),2017
5@2017,KibokoDT2017,Drought,2,2@2017,35,35@2017,174,10@05,3.937481703,65,15.8,238,134.5,65,(CML395/CML444)//CKDHL1500048,CKDHL1500048,(CML395/CML444),2017
5@2017,KibokoDT2017,Drought,2,2@2017,32,32@2017,160,11@05,4.290785816,61,14.7,223,121,62,(CML395/CML444)//CKDHL1500061,CKDHL1500061,(CML395/CML444),2017
5@2017,KibokoDT2017,Drought,1,1@2017,19,19@2017,91,11@05,2.311757008,62,12.9,208.5,127,62,(CML395/CML444)//CKDHL1500061,CKDHL1500061,(CML395/CML444),2017
5@2017,KibokoDT2017,Drought,1,1@2017,10,10@2017,48,12@05,3.742945789,62,14.9,214.5,120.5,63,(CML395/CML444)//CKDHL1500064,CKDHL1500064,(CML395/CML444),2017
5@2017,KibokoDT2017,Drought,2,2@2017,39,39@2017,192,12@05,5.117007341,62,15.3,238.5,135.5,63,(CML395/CML444)//CKDHL1500064,CKDHL1500064,(CML395/CML444),2017
5@2017,KibokoDT2017,Drought,1,1@2017,20,20@2017,100,13@05,3.972668032,61,12.2,224,141,62,(CML395/CML444)//CKDHL1500095,CKDHL1500095,(CML395/CML444),2017
5@2017,KibokoDT2017,Drought,2,2@2017,25,25@2017,125,13@05,2.901608298,62,11.7,230,132,62,(CML395/CML444)//CKDHL1500095,CKDHL1500095,(CML395/CML444),2017
5@2017,KibokoDT2017,Drought,1,1@2017,1,1@2017,2,14@05,2.904894378,63,11.6,173,108,63,(CML395/CML444)//CKDHL1500099,CKDHL1500099,(CML395/CML444),2017
5@2017,KibokoDT2017,Drought,2,2@2017,31,31@2017,155,14@05,3.3303153,62,15,220,129,61,(CML395/CML444)//CKDHL1500099,CKDHL1500099,(CML395/CML444),2017
5@2017,KibokoDT2017,Drought,1,1@2017,2,2@2017,7,15@05,2.602575054,59,14.2,183,96,59,(CML395/CML444)//CKDHL1500103,CKDHL1500103,(CML395/CML444),2017
5@2017,KibokoDT2017,Drought,2,2@2017,38,38@2017,188,15@05,4.003961621,59,12,218,112.5,59,(CML395/CML444)//CKDHL1500103,CKDHL1500103,(CML395/CML444),2017
5@2017,KibokoDT2017,Drought,1,1@2017,18,18@2017,90,16@05,2.820593797,64,13.5,184,118.5,63,(CML395/CML444)//CKDHL1500110,CKDHL1500110,(CML395/CML444),2017
5@2017,KibokoDT2017,Drought,2,2@2017,24,24@2017,117,16@05,3.630865197,63,16,189,114.5,63,(CML395/CML444)//CKDHL1500110,CKDHL1500110,(CML395/CML444),2017
5@2017,KibokoDT2017,Drought,1,1@2017,5,5@2017,24,17@05,4.729351057,66,16.1,219.5,138.5,65,(CML395/CML444)//CKDHL1500114,CKDHL1500114,(CML395/CML444),2017
5@2017,KibokoDT2017,Drought,2,2@2017,32,32@2017,158,17@05,3.82899052,64,14.9,230.5,136,64,(CML395/CML444)//CKDHL1500114,CKDHL1500114,(CML395/CML444),2017
5@2017,KibokoDT2017,Drought,1,1@2017,2,2@2017,6,18@05,3.01113586,64,14.3,185.5,123,64,(CML395/CML444)//CKDHL1500059,CKDHL1500059,(CML395/CML444),2017
5@2017,KibokoDT2017,Drought,2,2@2017,23,23@2017,112,18@05,3.893524068,63,14.9,199.5,128,63,(CML395/CML444)//CKDHL1500059,CKDHL1500059,(CML395/CML444),2017
5@2017,KibokoDT2017,Drought,2,2@2017,30,30@2017,146,19@05,3.091948141,62,12,228.5,128.5,62,(CML395/CML444)//CKDHL1500128,CKDHL1500128,(CML395/CML444),2017
5@2017,KibokoDT2017,Drought,1,1@2017,8,8@2017,37,19@05,1.535863056,62,13.2,185,117,64,(CML395/CML444)//CKDHL1500128,CKDHL1500128,(CML395/CML444),2017
5@2017,KibokoDT2017,Drought,1,1@2017,13,13@2017,64,20@05,3.236459811,64,12.9,186,111.5,64,(CML395/CML444)//CKDHL1500139,CKDHL1500139,(CML395/CML444),2017
5@2017,KibokoDT2017,Drought,2,2@2017,30,30@2017,148,20@05,4.176051082,63,14.4,220.5,138,63,(CML395/CML444)//CKDHL1500139,CKDHL1500139,(CML395/CML444),2017
5@2017,KibokoDT2017,Drought,1,1@2017,1,1@2017,1,21@05,2.280185366,65,14.9,180,114,66,(CML395/CML444)//CKDHL1500140,CKDHL1500140,(CML395/CML444),2017
5@2017,KibokoDT2017,Drought,2,2@2017,25,25@2017,123,21@05,3.196698248,64,16.8,212,123.5,65,(CML395/CML444)//CKDHL1500140,CKDHL1500140,(CML395/CML444),2017
5@2017,KibokoDT2017,Drought,1,1@2017,1,1@2017,4,22@05,2.630380343,63,14,180.5,115,63,(CML395/CML444)//CKDHL1500143,CKDHL1500143,(CML395/CML444),2017
5@2017,KibokoDT2017,Drought,2,2@2017,21,21@2017,105,22@05,4.279233982,63,14.5,202,121.5,62,(CML395/CML444)//CKDHL1500143,CKDHL1500143,(CML395/CML444),2017
5@2017,KibokoDT2017,Drought,1,1@2017,8,8@2017,39,23@05,3.228547942,60,13.7,202,116,60,(CML395/CML444)//CKDHL1500150,CKDHL1500150,(CML395/CML444),2017
5@2017,KibokoDT2017,Drought,2,2@2017,31,31@2017,151,23@05,3.649444186,64,17.5,241.5,130.5,64,(CML395/CML444)//CKDHL1500150,CKDHL1500150,(CML395/CML444),2017
5@2017,KibokoDT2017,Drought,1,1@2017,14,14@2017,66,24@05,3.339794376,62,12.5,213.5,117.5,63,(CML395/CML444)//CKDHL1500186,CKDHL1500186,(CML395/CML444),2017
5@2017,KibokoDT2017,Drought,2,2@2017,21,21@2017,103,24@05,4.97947227,61,13.6,237,132.5,61,(CML395/CML444)//CKDHL1500186,CKDHL1500186,(CML395/CML444),2017
5@2017,KibokoDT2017,Drought,2,2@2017,24,24@2017,120,25@05,3.90386258,60,14.2,205.5,120,62,(CML395/CML444)//CKDHL1500190,CKDHL1500190,(CML395/CML444),2017
5@2017,KibokoDT2017,Drought,1,1@2017,4,4@2017,17,25@05,3.844081209,62,13.1,192,111.5,62,(CML395/CML444)//CKDHL1500190,CKDHL1500190,(CML395/CML444),2017
5@2017,KibokoDT2017,Drought,1,1@2017,15,15@2017,73,26@05,3.861598541,61,13.2,198.5,116,61,(CML395/CML444)//CKDHL1500193,CKDHL1500193,(CML395/CML444),2017
5@2017,KibokoDT2017,Drought,2,2@2017,27,27@2017,135,26@05,5.447612227,64,13.1,234.5,135,64,(CML395/CML444)//CKDHL1500193,CKDHL1500193,(CML395/CML444),2017
5@2017,KibokoDT2017,Drought,2,2@2017,38,38@2017,187,27@05,4.873913282,62,17.6,241.5,133,62,(CML395/CML444)//CKDHL1500201,CKDHL1500201,(CML395/CML444),2017
5@2017,KibokoDT2017,Drought,1,1@2017,8,8@2017,36,27@05,3.411102304,61,11.8,202.5,107.5,64,(CML395/CML444)//CKDHL1500201,CKDHL1500201,(CML395/CML444),2017
5@2017,KibokoDT2017,Drought,2,2@2017,34,34@2017,168,28@05,5.614418684,63,14.9,233,143,64,(CML395/CML444)//CKDHL1500202,CKDHL1500202,(CML395/CML444),2017
5@2017,KibokoDT2017,Drought,1,1@2017,13,13@2017,65,28@05,3.672573131,65,13,196,132,65,(CML395/CML444)//CKDHL1500202,CKDHL1500202,(CML395/CML444),2017
5@2017,KibokoDT2017,Drought,1,1@2017,14,14@2017,67,29@05,2.717335065,65,14,217,126.5,66,(CML395/CML444)//CKDHL1500203,CKDHL1500203,(CML395/CML444),2017
5@2017,KibokoDT2017,Drought,2,2@2017,24,24@2017,119,29@05,4.838271957,61,12.6,213,128.5,63,(CML395/CML444)//CKDHL1500203,CKDHL1500203,(CML395/CML444),2017
5@2017,KibokoDT2017,Drought,1,1@2017,16,16@2017,78,30@05,1.45818519,62,13.9,172.5,99.5,62,(CML395/CML444)//CKDHL1500208,CKDHL1500208,(CML395/CML444),2017
5@2017,KibokoDT2017,Drought,2,2@2017,36,36@2017,180,30@05,4.532666553,61,12.1,215.5,112.5,60,(CML395/CML444)//CKDHL1500208,CKDHL1500208,(CML395/CML444),2017
5@2017,KibokoDT2017,Drought,1,1@2017,5,5@2017,25,31@05,3.293991482,61,13.7,205.5,125,62,(CML395/CML444)//CKDHL1500236,CKDHL1500236,(CML395/CML444),2017
5@2017,KibokoDT2017,Drought,2,2@2017,28,28@2017,136,31@05,3.277333586,61,11.8,224,128.5,61,(CML395/CML444)//CKDHL1500236,CKDHL1500236,(CML395/CML444),2017
5@2017,KibokoDT2017,Drought,2,2@2017,36,36@2017,179,32@05,3.665495421,62,14.7,218,122.5,62,(CML395/CML444)//CKDHL1500266,CKDHL1500266,(CML395/CML444),2017
5@2017,KibokoDT2017,Drought,1,1@2017,19,19@2017,95,32@05,2.480332892,64,11.6,199.5,114.5,65,(CML395/CML444)//CKDHL1500266,CKDHL1500266,(CML395/CML444),2017
5@2017,KibokoDT2017,Drought,2,2@2017,27,27@2017,134,33@05,3.541003558,64,15.1,235.5,143,65,(CML395/CML444)//CKDHL1500271,CKDHL1500271,(CML395/CML444),2017
5@2017,KibokoDT2017,Drought,1,1@2017,14,14@2017,69,33@05,3.283476027,63,15.1,193,118,65,(CML395/CML444)//CKDHL1500271,CKDHL1500271,(CML395/CML444),2017
5@2017,KibokoDT2017,Drought,1,1@2017,7,7@2017,32,34@05,2.844455791,62,14.1,209,127,62,(CML395/CML444)//CKDHL1500289,CKDHL1500289,(CML395/CML444),2017
5@2017,KibokoDT2017,Drought,2,2@2017,32,32@2017,156,34@05,3.482233288,59,13.9,237.5,138,61,(CML395/CML444)//CKDHL1500289,CKDHL1500289,(CML395/CML444),2017
5@2017,KibokoDT2017,Drought,1,1@2017,4,4@2017,19,35@05,3.460241833,60,15.5,219,120,58,(CML395/CML444)//CKDHL150291,CKDHL150291,(CML395/CML444),2017
5@2017,KibokoDT2017,Drought,2,2@2017,38,38@2017,189,35@05,3.510796904,60,18.3,232.5,132.5,60,(CML395/CML444)//CKDHL150291,CKDHL150291,(CML395/CML444),2017
5@2017,KibokoDT2017,Drought,1,1@2017,9,9@2017,43,36@05,2.139616991,65,14.5,178,113,65,(CML395/CML444)//CKDHL150295,CKDHL150295,(CML395/CML444),2017
5@2017,KibokoDT2017,Drought,2,2@2017,38,38@2017,186,36@05,3.916400238,64,14.4,243,157,63,(CML395/CML444)//CKDHL150295,CKDHL150295,(CML395/CML444),2017
5@2017,KibokoDT2017,Drought,1,1@2017,20,20@2017,98,37@05,3.27154503,62,16.5,209.5,124,63,(CML395/CML444)//CKDHL150298,CKDHL150298,(CML395/CML444),2017
5@2017,KibokoDT2017,Drought,2,2@2017,40,40@2017,200,37@05,3.339971319,62,15.3,201.5,114.5,63,(CML395/CML444)//CKDHL150298,CKDHL150298,(CML395/CML444),2017
5@2017,KibokoDT2017,Drought,1,1@2017,11,11@2017,53,38@05,1.488088514,61,15.9,195.5,117,62,(CML395/CML444)//CKDHL150301,CKDHL150301,(CML395/CML444),2017
5@2017,KibokoDT2017,Drought,2,2@2017,37,37@2017,182,38@05,2.996449611,61,14.1,208,120,62,(CML395/CML444)//CKDHL150301,CKDHL150301,(CML395/CML444),2017
5@2017,KibokoDT2017,Drought,1,1@2017,2,2@2017,10,39@05,3.808085998,60,11.9,195,118.5,62,(CML395/CML444)//CKDHL150307,CKDHL150307,(CML395/CML444),2017
5@2017,KibokoDT2017,Drought,2,2@2017,24,24@2017,118,39@05,2.887705654,61,16,198,110.5,60,(CML395/CML444)//CKDHL150307,CKDHL150307,(CML395/CML444),2017
5@2017,KibokoDT2017,Drought,2,2@2017,23,23@2017,114,40@05,2.742258715,63,13.9,195.5,119,63,(CML395/CML444)//CKDHL150316,CKDHL150316,(CML395/CML444),2017
5@2017,KibokoDT2017,Drought,1,1@2017,8,8@2017,38,40@05,1.768062497,62,14.7,179,106.5,62,(CML395/CML444)//CKDHL150316,CKDHL150316,(CML395/CML444),2017
5@2017,KibokoDT2017,Drought,1,1@2017,7,7@2017,33,41@05,2.227658647,64,13.6,197,127,64,(CML395/CML444)//CKDHL150318,CKDHL150318,(CML395/CML444),2017
5@2017,KibokoDT2017,Drought,2,2@2017,40,40@2017,197,41@05,3.274906942,63,14.2,216.5,122,63,(CML395/CML444)//CKDHL150318,CKDHL150318,(CML395/CML444),2017
5@2017,KibokoDT2017,Drought,2,2@2017,36,36@2017,178,42@05,4.753036107,62,15.3,233.5,123,63,(CML395/CML444)//CKDHL150323,CKDHL150323,(CML395/CML444),2017
5@2017,KibokoDT2017,Drought,1,1@2017,18,18@2017,86,42@05,2.447901814,61,14.3,199.5,118,61,(CML395/CML444)//CKDHL150323,CKDHL150323,(CML395/CML444),2017
5@2017,KibokoDT2017,Drought,2,2@2017,37,37@2017,181,43@05,3.71299191,61,14.1,227,129.5,62,(CML395/CML444)//CKDHL150328,CKDHL150328,(CML395/CML444),2017
5@2017,KibokoDT2017,Drought,1,1@2017,15,15@2017,71,43@05,2.642867445,61,14.3,194,110,62,(CML395/CML444)//CKDHL150328,CKDHL150328,(CML395/CML444),2017
5@2017,KibokoDT2017,Drought,1,1@2017,20,20@2017,97,44@05,3.658291323,64,17.3,187,112.5,64,(CML395/CML444)//CKDHL150320,CKDHL150320,(CML395/CML444),2017
5@2017,KibokoDT2017,Drought,2,2@2017,23,23@2017,115,44@05,3.111791006,65,15.1,196,122.5,67,(CML395/CML444)//CKDHL150320,CKDHL150320,(CML395/CML444),2017
5@2017,KibokoDT2017,Drought,1,1@2017,11,11@2017,52,45@05,0.953165308,64,14.3,191,113.5,65,(CML395/CML444)//CKDHL150330,CKDHL150330,(CML395/CML444),2017
5@2017,KibokoDT2017,Drought,2,2@2017,21,21@2017,104,45@05,2.553915798,63,16.5,227.5,140,63,(CML395/CML444)//CKDHL150330,CKDHL150330,(CML395/CML444),2017
5@2017,KibokoDT2017,Drought,1,1@2017,17,17@2017,84,46@05,2.513850904,63,15,192.5,124,65,(CML395/CML444)//CKDHL150339,CKDHL150339,(CML395/CML444),2017
5@2017,KibokoDT2017,Drought,2,2@2017,37,37@2017,183,46@05,5.998662501,62,17.6,228.5,139,63,(CML395/CML444)//CKDHL150339,CKDHL150339,(CML395/CML444),2017
5@2017,KibokoDT2017,Drought,2,2@2017,36,36@2017,177,47@05,3.532485029,61,13.2,219.5,123,62,(CML395/CML444)//CKDHL150340,CKDHL150340,(CML395/CML444),2017
5@2017,KibokoDT2017,Drought,1,1@2017,11,11@2017,55,47@05,2.167498113,61,11.6,193,110,62,(CML395/CML444)//CKDHL150340,CKDHL150340,(CML395/CML444),2017
5@2017,KibokoDT2017,Drought,2,2@2017,34,34@2017,166,48@05,4.673715201,62,13.6,239,140,62,(CML395/CML444)//CKDHL150341,CKDHL150341,(CML395/CML444),2017
5@2017,KibokoDT2017,Drought,1,1@2017,17,17@2017,81,48@05,2.730782714,62,15.6,185,116,62,(CML395/CML444)//CKDHL150341,CKDHL150341,(CML395/CML444),2017
5@2017,KibokoDT2017,Drought,2,2@2017,37,37@2017,184,49@05,5.266068968,62,17,238.5,141,63,(CML395/CML444)//CKDHL150342,CKDHL150342,(CML395/CML444),2017
5@2017,KibokoDT2017,Drought,1,1@2017,9,9@2017,41,49@05,2.987400254,63,13.1,193.5,115.5,63,(CML395/CML444)//CKDHL150342,CKDHL150342,(CML395/CML444),2017
5@2017,KibokoDT2017,Drought,1,1@2017,17,17@2017,83,50@05,3.111108512,63,15.7,205,134,62,(CML395/CML444)//CKDHL150343,CKDHL150343,(CML395/CML444),2017
5@2017,KibokoDT2017,Drought,2,2@2017,29,29@2017,144,50@05,4.888422587,61,17,227.5,130.5,61,(CML395/CML444)//CKDHL150343,CKDHL150343,(CML395/CML444),2017
5@2017,KibokoDT2017,Drought,2,2@2017,31,31@2017,153,51@05,4.376299719,63,13,236,137,63,(CML395/CML444)//CKDHL150346,CKDHL150346,(CML395/CML444),2017
5@2017,KibokoDT2017,Drought,1,1@2017,9,9@2017,45,51@05,2.923928362,64,11.7,193,113,64,(CML395/CML444)//CKDHL150346,CKDHL150346,(CML395/CML444),2017
5@2017,KibokoDT2017,Drought,2,2@2017,34,34@2017,167,52@05,3.021878812,61,16.4,222.5,124,61,(CML395/CML444)//CKDHL150352,CKDHL150352,(CML395/CML444),2017
5@2017,KibokoDT2017,Drought,1,1@2017,16,16@2017,76,52@05,1.985120694,61,13.7,167,105,63,(CML395/CML444)//CKDHL150352,CKDHL150352,(CML395/CML444),2017
5@2017,KibokoDT2017,Drought,1,1@2017,3,3@2017,11,53@05,4.537949558,62,16.5,212.5,126.5,62,(CML395/CML444)//CKDHL150353,CKDHL150353,(CML395/CML444),2017
5@2017,KibokoDT2017,Drought,2,2@2017,34,34@2017,169,53@05,4.895803628,63,14.3,238,141.5,64,(CML395/CML444)//CKDHL150353,CKDHL150353,(CML395/CML444),2017
5@2017,KibokoDT2017,Drought,2,2@2017,25,25@2017,121,54@05,2.876179098,63,13.8,205.5,129.5,63,(CML395/CML444)//CKDHL150356,CKDHL150356,(CML395/CML444),2017
5@2017,KibokoDT2017,Drought,1,1@2017,12,12@2017,58,54@05,4.859656752,64,13.4,208.5,126,63,(CML395/CML444)//CKDHL150356,CKDHL150356,(CML395/CML444),2017
5@2017,KibokoDT2017,Drought,2,2@2017,25,25@2017,124,55@05,3.832402988,62,15.3,203,123.5,60,(CML395/CML444)//CKDHL150367,CKDHL150367,(CML395/CML444),2017
5@2017,KibokoDT2017,Drought,1,1@2017,8,8@2017,40,55@05,3.887482737,63,13.6,189,126.5,62,(CML395/CML444)//CKDHL150367,CKDHL150367,(CML395/CML444),2017
5@2017,KibokoDT2017,Drought,1,1@2017,17,17@2017,85,56@05,2.072378747,63,13.7,194,121,63,(CML395/CML444)//CKDHL150369,CKDHL150369,(CML395/CML444),2017
5@2017,KibokoDT2017,Drought,2,2@2017,33,33@2017,165,56@05,4.512191749,60,15.4,222.5,121,61,(CML395/CML444)//CKDHL150369,CKDHL150369,(CML395/CML444),2017
5@2017,KibokoDT2017,Drought,1,1@2017,11,11@2017,54,57@05,1.661745183,63,13.5,211.5,124,64,(CML395/CML444)//CKDHL150371,CKDHL150371,(CML395/CML444),2017
5@2017,KibokoDT2017,Drought,2,2@2017,37,37@2017,185,57@05,3.90724977,63,14.6,229.5,138,64,(CML395/CML444)//CKDHL150371,CKDHL150371,(CML395/CML444),2017
5@2017,KibokoDT2017,Drought,2,2@2017,34,34@2017,170,58@05,4.927602767,65,14.5,237.5,140.5,66,(CML395/CML444)//CKDHL150372,CKDHL150372,(CML395/CML444),2017
5@2017,KibokoDT2017,Drought,1,1@2017,15,15@2017,74,58@05,3.250994394,63,13.1,189.5,116.5,63,(CML395/CML444)//CKDHL150372,CKDHL150372,(CML395/CML444),2017
5@2017,KibokoDT2017,Drought,1,1@2017,7,7@2017,35,59@05,2.505029044,61,12.3,192.5,116,62,(CML395/CML444)//CKDHL150376,CKDHL150376,(CML395/CML444),2017
5@2017,KibokoDT2017,Drought,2,2@2017,40,40@2017,196,59@05,3.185095859,60,13.1,213,121.5,60,(CML395/CML444)//CKDHL150376,CKDHL150376,(CML395/CML444),2017
5@2017,KibokoDT2017,Drought,2,2@2017,29,29@2017,145,60@05,3.687057158,61,14.7,217,116.5,63,(CML395/CML444)//CKDHL150377,CKDHL150377,(CML395/CML444),2017
5@2017,KibokoDT2017,Drought,1,1@2017,4,4@2017,18,60@05,5.267231734,62,14.6,219,129.5,62,(CML395/CML444)//CKDHL150377,CKDHL150377,(CML395/CML444),2017
5@2017,KibokoDT2017,Drought,2,2@2017,35,35@2017,175,61@05,3.822115031,59,13.1,223.5,121,60,(CML395/CML444)//CKDHL150378,CKDHL150378,(CML395/CML444),2017
5@2017,KibokoDT2017,Drought,1,1@2017,3,3@2017,14,61@05,3.512187168,62,11.5,201,113.5,62,(CML395/CML444)//CKDHL150378,CKDHL150378,(CML395/CML444),2017
5@2017,KibokoDT2017,Drought,1,1@2017,18,18@2017,89,62@05,2.550806661,61,15.2,192,109.5,62,(CML395/CML444)//CKDHL150388,CKDHL150388,(CML395/CML444),2017
5@2017,KibokoDT2017,Drought,2,2@2017,33,33@2017,164,62@05,4.148650234,61,15.4,215,118.5,61,(CML395/CML444)//CKDHL150388,CKDHL150388,(CML395/CML444),2017
5@2017,KibokoDT2017,Drought,2,2@2017,28,28@2017,139,63@05,4.278880097,63,16.2,241,133.5,64,(CML395/CML444)//CKDHL150395,CKDHL150395,(CML395/CML444),2017
5@2017,KibokoDT2017,Drought,1,1@2017,1,1@2017,5,63@05,1.972153319,64,17,189,119,66,(CML395/CML444)//CKDHL150395,CKDHL150395,(CML395/CML444),2017
5@2017,KibokoDT2017,Drought,1,1@2017,13,13@2017,63,64@05,3.532813637,65,12.1,195,123,65,(CML395/CML444)//CKDHL150399,CKDHL150399,(CML395/CML444),2017
5@2017,KibokoDT2017,Drought,2,2@2017,23,23@2017,111,64@05,4.178679946,64,13.9,208,122,63,(CML395/CML444)//CKDHL150399,CKDHL150399,(CML395/CML444),2017
5@2017,KibokoDT2017,Drought,1,1@2017,10,10@2017,50,65@05,3.512136613,64,13.7,216.5,123,64,(CML395/CML444)//CKDHL150402,CKDHL150402,(CML395/CML444),2017
5@2017,KibokoDT2017,Drought,2,2@2017,21,21@2017,102,65@05,4.76582654,63,14.3,236,138.5,62,(CML395/CML444)//CKDHL150402,CKDHL150402,(CML395/CML444),2017
5@2017,KibokoDT2017,Drought,1,1@2017,12,12@2017,60,66@05,3.265427867,62,13.3,192.5,115.5,63,(CML395/CML444)//CKDHL150405,CKDHL150405,(CML395/CML444),2017
5@2017,KibokoDT2017,Drought,2,2@2017,39,39@2017,194,66@05,4.125293791,60,15,202.5,111,60,(CML395/CML444)//CKDHL150405,CKDHL150405,(CML395/CML444),2017
5@2017,KibokoDT2017,Drought,2,2@2017,24,24@2017,116,67@05,3.006914511,61,13.8,209.5,112.5,63,(CML395/CML444)//CKDHL150419,CKDHL150419,(CML395/CML444),2017
5@2017,KibokoDT2017,Drought,1,1@2017,16,16@2017,77,67@05,1.598172181,61,15.7,177,94.5,65,(CML395/CML444)//CKDHL150419,CKDHL150419,(CML395/CML444),2017
5@2017,KibokoDT2017,Drought,1,1@2017,7,7@2017,31,68@05,3.507106383,62,15.4,211.5,122.5,64,(CML395/CML444)//CKDHL150421,CKDHL150421,(CML395/CML444),2017
5@2017,KibokoDT2017,Drought,2,2@2017,27,27@2017,133,68@05,3.503466418,62,17.5,231.5,128,63,(CML395/CML444)//CKDHL150421,CKDHL150421,(CML395/CML444),2017
5@2017,KibokoDT2017,Drought,2,2@2017,26,26@2017,130,69@05,3.813116228,65,13.8,224.5,139.5,64,(CML395/CML444)//CKDHL150429,CKDHL150429,(CML395/CML444),2017
5@2017,KibokoDT2017,Drought,1,1@2017,3,3@2017,15,69@05,3.029259853,65,14.4,185,118.5,66,(CML395/CML444)//CKDHL150429,CKDHL150429,(CML395/CML444),2017
5@2017,KibokoDT2017,Drought,1,1@2017,18,18@2017,88,70@05,1.385082557,62,15.7,194,118,62,(CML395/CML444)//CKDHL150432,CKDHL150432,(CML395/CML444),2017
5@2017,KibokoDT2017,Drought,2,2@2017,39,39@2017,193,70@05,3.800123575,62,13.6,219.5,123.5,62,(CML395/CML444)//CKDHL150432,CKDHL150432,(CML395/CML444),2017
5@2017,KibokoDT2017,Drought,2,2@2017,40,40@2017,198,71@05,2.37234726,62,13.1,188.5,98.5,65,(CML395/CML444)//CKDHL150441,CKDHL150441,(CML395/CML444),2017
5@2017,KibokoDT2017,Drought,1,1@2017,19,19@2017,94,71@05,2.670141906,64,12.7,218,120,66,(CML395/CML444)//CKDHL150441,CKDHL150441,(CML395/CML444),2017
5@2017,KibokoDT2017,Drought,1,1@2017,13,13@2017,62,72@05,4.119859121,64,11.9,193,115.5,63,(CML395/CML444)//CKDHL150443,CKDHL150443,(CML395/CML444),2017
5@2017,KibokoDT2017,Drought,2,2@2017,23,23@2017,113,72@05,3.791326992,65,13.8,203,126.5,66,(CML395/CML444)//CKDHL150443,CKDHL150443,(CML395/CML444),2017
5@2017,KibokoDT2017,Drought,2,2@2017,31,31@2017,154,73@05,3.817716739,61,13.2,238.5,130,61,(CML395/CML444)//CKDHL150445,CKDHL150445,(CML395/CML444),2017
5@2017,KibokoDT2017,Drought,1,1@2017,20,20@2017,99,73@05,3.512136613,62,13.7,218.5,128.5,62,(CML395/CML444)//CKDHL150445,CKDHL150445,(CML395/CML444),2017
5@2017,KibokoDT2017,Drought,1,1@2017,10,10@2017,46,74@05,2.633438924,65,13.9,187,112,67,(CML395/CML444)//CKDHL150446,CKDHL150446,(CML395/CML444),2017
5@2017,KibokoDT2017,Drought,2,2@2017,28,28@2017,137,74@05,3.904165911,63,15.6,217.5,135,63,(CML395/CML444)//CKDHL150446,CKDHL150446,(CML395/CML444),2017
5@2017,KibokoDT2017,Drought,1,1@2017,15,15@2017,72,75@05,2.237971882,61,13.2,187,113.5,61,(CML395/CML444)//CKDHL150455,CKDHL150455,(CML395/CML444),2017
5@2017,KibokoDT2017,Drought,2,2@2017,25,25@2017,122,75@05,3.115860689,60,13.8,208.5,117,60,(CML395/CML444)//CKDHL150455,CKDHL150455,(CML395/CML444),2017
5@2017,KibokoDT2017,Drought,1,1@2017,12,12@2017,57,76@05,3.879798367,62,15.2,211,125,62,(CML395/CML444)//CKDHL150456,CKDHL150456,(CML395/CML444),2017
5@2017,KibokoDT2017,Drought,2,2@2017,35,35@2017,172,76@05,4.875910207,61,13.5,216,132,60,(CML395/CML444)//CKDHL150456,CKDHL150456,(CML395/CML444),2017
5@2017,KibokoDT2017,Drought,1,1@2017,12,12@2017,59,77@05,2.985125276,64,13.8,209,121.5,65,(CML395/CML444)//CKDHL150457,CKDHL150457,(CML395/CML444),2017
5@2017,KibokoDT2017,Drought,2,2@2017,33,33@2017,163,77@05,3.250438288,63,16.5,220,128,63,(CML395/CML444)//CKDHL150457,CKDHL150457,(CML395/CML444),2017
5@2017,KibokoDT2017,Drought,2,2@2017,22,22@2017,108,78@05,3.195586036,62,14,210,129.5,63,(CML395/CML444)//CKDHL150473,CKDHL150473,(CML395/CML444),2017
5@2017,KibokoDT2017,Drought,1,1@2017,6,6@2017,29,78@05,3.395632452,62,12.2,217.5,129,64,(CML395/CML444)//CKDHL150473,CKDHL150473,(CML395/CML444),2017
5@2017,KibokoDT2017,Drought,2,2@2017,39,39@2017,195,79@05,4.635849453,62,14.3,209,118.5,62,(CML395/CML444)//CKDHL150480,CKDHL150480,(CML395/CML444),2017
5@2017,KibokoDT2017,Drought,1,1@2017,2,2@2017,9,79@05,4.452132325,62,14.5,194.5,121,61,(CML395/CML444)//CKDHL150480,CKDHL150480,(CML395/CML444),2017
5@2017,KibokoDT2017,Drought,2,2@2017,36,36@2017,176,80@05,3.881112798,64,14.7,209.5,121.5,64,(CML395/CML444)//CKDHL150481,CKDHL150481,(CML395/CML444),2017
5@2017,KibokoDT2017,Drought,1,1@2017,14,14@2017,70,80@05,2.303794584,61,13.2,178.5,116.5,63,(CML395/CML444)//CKDHL150481,CKDHL150481,(CML395/CML444),2017
5@2017,KibokoDT2017,Drought,2,2@2017,35,35@2017,173,81@05,4.924316688,62,15.3,227,129.5,63,(CML395/CML444)//CKDHL150486,CKDHL150486,(CML395/CML444),2017
5@2017,KibokoDT2017,Drought,1,1@2017,16,16@2017,79,81@05,1.632928792,61,15,181,102.5,63,(CML395/CML444)//CKDHL150486,CKDHL150486,(CML395/CML444),2017
5@2017,KibokoDT2017,Drought,1,1@2017,15,15@2017,75,82@05,1.67787225,61,14.9,185.5,113,63,(CML395/CML444)//CKDHL150492,CKDHL150492,(CML395/CML444),2017
5@2017,KibokoDT2017,Drought,2,2@2017,40,40@2017,199,82@05,2.273967092,61,13.5,183.5,97.5,63,(CML395/CML444)//CKDHL150492,CKDHL150492,(CML395/CML444),2017
5@2017,KibokoDT2017,Drought,1,1@2017,5,5@2017,23,83@05,3.600810207,57,14.7,184,101.5,58,(CML395/CML444)//CKDHL150494,CKDHL150494,(CML395/CML444),2017
5@2017,KibokoDT2017,Drought,2,2@2017,26,26@2017,127,83@05,3.667365958,59,12.6,202,98,60,(CML395/CML444)//CKDHL150494,CKDHL150494,(CML395/CML444),2017
5@2017,KibokoDT2017,Drought,1,1@2017,14,14@2017,68,84@05,2.701460772,62,12.4,196.5,111,62,(CML395/CML444)//CKDHL150495,CKDHL150495,(CML395/CML444),2017
5@2017,KibokoDT2017,Drought,2,2@2017,22,22@2017,106,84@05,2.328414904,61,13.1,207,118,62,(CML395/CML444)//CKDHL150495,CKDHL150495,(CML395/CML444),2017
5@2017,KibokoDT2017,Drought,2,2@2017,30,30@2017,149,85@05,4.375895278,64,14.3,226,122,64,(CML395/CML444)//CKDHL150498,CKDHL150498,(CML395/CML444),2017
5@2017,KibokoDT2017,Drought,1,1@2017,2,2@2017,8,85@05,3.533951126,61,13.7,197.5,123,62,(CML395/CML444)//CKDHL150498,CKDHL150498,(CML395/CML444),2017
5@2017,KibokoDT2017,Drought,2,2@2017,38,38@2017,190,86@05,4.243137662,61,16.9,217,123.5,62,(CML395/CML444)//CKDHL150499,CKDHL150499,(CML395/CML444),2017
5@2017,KibokoDT2017,Drought,1,1@2017,12,12@2017,56,86@05,3.206733429,61,13.7,201,118,63,(CML395/CML444)//CKDHL150499,CKDHL150499,(CML395/CML444),2017
5@2017,KibokoDT2017,Drought,1,1@2017,4,4@2017,16,87@05,2.808966131,65,12.5,191.5,115,66,(CML395/CML444)//CKDHL150504,CKDHL150504,(CML395/CML444),2017
5@2017,KibokoDT2017,Drought,2,2@2017,31,31@2017,152,87@05,3.747571578,60,13.3,228.5,126,61,(CML395/CML444)//CKDHL150504,CKDHL150504,(CML395/CML444),2017
5@2017,KibokoDT2017,Drought,1,1@2017,9,9@2017,42,88@05,4.30223654,63,14.9,202.5,112,63,(CML395/CML444)//CKDHL150512,CKDHL150512,(CML395/CML444),2017
5@2017,KibokoDT2017,Drought,2,2@2017,32,32@2017,159,88@05,4.608195829,64,15.6,224,131,63,(CML395/CML444)//CKDHL150512,CKDHL150512,(CML395/CML444),2017
5@2017,KibokoDT2017,Drought,2,2@2017,26,26@2017,128,89@05,3.830153287,64,17.2,229.5,130,64,(CML395/CML444)//CKDHL150513,CKDHL150513,(CML395/CML444),2017
5@2017,KibokoDT2017,Drought,1,1@2017,9,9@2017,44,89@05,2.325937705,65,14.8,197,123.5,65,(CML395/CML444)//CKDHL150513,CKDHL150513,(CML395/CML444),2017
5@2017,KibokoDT2017,Drought,2,2@2017,27,27@2017,132,90@05,3.617013108,62,13.8,225.5,125,62,(CML395/CML444)//CKDHL150514,CKDHL150514,(CML395/CML444),2017
5@2017,KibokoDT2017,Drought,1,1@2017,20,20@2017,96,90@05,2.786848287,61,12.5,189,105,62,(CML395/CML444)//CKDHL150514,CKDHL150514,(CML395/CML444),2017
5@2017,KibokoDT2017,Drought,1,1@2017,1,1@2017,3,91@05,2.691551978,62,12,186,114.5,62,(CML395/CML444)//CKDHL150515,CKDHL150515,(CML395/CML444),2017
5@2017,KibokoDT2017,Drought,2,2@2017,33,33@2017,162,91@05,4.351376069,61,15.2,210.5,123.5,61,(CML395/CML444)//CKDHL150515,CKDHL150515,(CML395/CML444),2017
5@2017,KibokoDT2017,Drought,2,2@2017,29,29@2017,142,92@05,3.821053374,60,11.6,212,127,61,(CML395/CML444)//CKDHL150517,CKDHL150517,(CML395/CML444),2017
5@2017,KibokoDT2017,Drought,1,1@2017,11,11@2017,51,92@05,2.596735943,62,15.1,177.5,104.5,63,(CML395/CML444)//CKDHL150517,CKDHL150517,(CML395/CML444),2017
5@2017,KibokoDT2017,Drought,1,1@2017,10,10@2017,49,93@05,2.555255507,65,13.6,201,139,65,(CML395/CML444)//CKDHL150524,CKDHL150524,(CML395/CML444),2017
5@2017,KibokoDT2017,Drought,2,2@2017,22,22@2017,107,93@05,2.862175343,68,12.9,201.5,134.5,68,(CML395/CML444)//CKDHL150524,CKDHL150524,(CML395/CML444),2017
5@2017,KibokoDT2017,Drought,2,2@2017,29,29@2017,143,94@05,3.832402988,59,15.3,218.5,119.5,61,(CML395/CML444)//CKDHL150528,CKDHL150528,(CML395/CML444),2017
5@2017,KibokoDT2017,Drought,1,1@2017,13,13@2017,61,94@05,3.568126354,61,13.4,199.5,117,63,(CML395/CML444)//CKDHL150528,CKDHL150528,(CML395/CML444),2017
5@2017,KibokoDT2017,Drought,1,1@2017,17,17@2017,82,95@05,1.555554256,67,15.7,218.5,133.5,71,H517,H517,,2017
5@2017,KibokoDT2017,Drought,2,2@2017,27,27@2017,131,95@05,3.213836417,66,15.8,248,156.5,69,H517,H517,,2017
5@2017,KibokoDT2017,Drought,2,2@2017,28,28@2017,140,96@05,3.503466418,59,16,237.5,114.5,65,Pioneer 30G19,Pioneer 30G19,,2017
5@2017,KibokoDT2017,Drought,1,1@2017,7,7@2017,34,96@05,1.939241967,60,13.8,211.5,113,65,Pioneer 30G19,Pioneer 30G19,,2017
5@2017,KibokoDT2017,Drought,2,2@2017,30,30@2017,147,97@05,2.560108794,67,15.6,230.5,123.5,67,WH505,WH505,,2017
5@2017,KibokoDT2017,Drought,1,1@2017,18,18@2017,87,97@05,1.391654716,65,15.3,206.5,126.5,66,WH505,WH505,,2017
5@2017,KibokoDT2017,Drought,2,2@2017,26,26@2017,129,98@05,3.073192209,59,11.9,226.5,115.5,61,DK 8031,DK 8031,,2017
5@2017,KibokoDT2017,Drought,1,1@2017,6,6@2017,26,98@05,2.348914985,62,11.5,223.5,127,64,DK 8031,DK 8031,,2017
5@2017,KibokoDT2017,Drought,2,2@2017,32,32@2017,157,99@05,2.162594271,57,12.7,201,104.5,58,PAN 4M19,PAN 4M19,,2017
5@2017,KibokoDT2017,Drought,1,1@2017,6,6@2017,30,99@05,2.77082233,58,11.6,204,110.5,59,PAN 4M19,PAN 4M19,,2017
5@2017,KibokoDT2017,Drought,1,1@2017,3,3@2017,13,100@05,4.323747722,61,14.9,211.5,115,62,DH04,DH04,,2017
5@2017,KibokoDT2017,Drought,2,2@2017,30,30@2017,150,100@05,3.396921606,64,13.3,217.5,107,64,DH04,DH04,,2017
6@2017,KibokoDT2017,Drought,1,1@2017,11,11@2017,54,1@06,2.667638533,63,17.2,210.5,107.5,65,(CML395/CML444)//CKDHL150708,CKDHL150708,(CML395/CML444),2017
6@2017,KibokoDT2017,Drought,2,2@2017,49,49@2017,243,1@06,4.405420156,63,19.2,217.5,120,66,(CML395/CML444)//CKDHL150708,CKDHL150708,(CML395/CML444),2017
6@2017,KibokoDT2017,Drought,1,1@2017,24,24@2017,120,2@06,3.969983432,65,17,227,136,66,(CML395/CML444)//CKDHL150709,CKDHL150709,(CML395/CML444),2017
6@2017,KibokoDT2017,Drought,2,2@2017,47,47@2017,234,2@06,4.226982796,61,18,236,134.5,63,(CML395/CML444)//CKDHL150709,CKDHL150709,(CML395/CML444),2017
6@2017,KibokoDT2017,Drought,2,2@2017,44,44@2017,220,3@06,4.787003494,63,17.1,220,137,63,(CML395/CML444)//CKDHL150711,CKDHL150711,(CML395/CML444),2017
6@2017,KibokoDT2017,Drought,1,1@2017,11,11@2017,51,3@06,3.705202216,63,17.4,226,136.5,63,(CML395/CML444)//CKDHL150711,CKDHL150711,(CML395/CML444),2017
6@2017,KibokoDT2017,Drought,1,1@2017,17,17@2017,84,4@06,3.293111046,63,15.9,214.5,117,63,(CML395/CML444)//CKDHL150714,CKDHL150714,(CML395/CML444),2017
6@2017,KibokoDT2017,Drought,2,2@2017,51,51@2017,251,4@06,3.79095128,62,18.2,237.5,129.5,63,(CML395/CML444)//CKDHL150714,CKDHL150714,(CML395/CML444),2017
6@2017,KibokoDT2017,Drought,2,2@2017,46,46@2017,227,5@06,2.994178902,62,16.1,207.5,120,63,(CML395/CML444)//CKDHL150730,CKDHL150730,(CML395/CML444),2017
6@2017,KibokoDT2017,Drought,1,1@2017,17,17@2017,81,5@06,4.031693019,62,17,197,112,62,(CML395/CML444)//CKDHL150730,CKDHL150730,(CML395/CML444),2017
6@2017,KibokoDT2017,Drought,1,1@2017,3,3@2017,12,6@06,2.667638533,62,17.2,215.5,109.5,64,(CML395/CML444)//CKDHL150732,CKDHL150732,(CML395/CML444),2017
6@2017,KibokoDT2017,Drought,2,2@2017,47,47@2017,231,6@06,2.807860558,62,17.9,219,119.5,63,(CML395/CML444)//CKDHL150732,CKDHL150732,(CML395/CML444),2017
6@2017,KibokoDT2017,Drought,1,1@2017,6,6@2017,30,7@06,3.572117685,61,16.2,230.5,127.5,64,(CML395/CML444)//CKDHL150733,CKDHL150733,(CML395/CML444),2017
6@2017,KibokoDT2017,Drought,2,2@2017,33,33@2017,161,7@06,3.053658022,62,18.4,238.5,143.5,65,(CML395/CML444)//CKDHL150733,CKDHL150733,(CML395/CML444),2017
6@2017,KibokoDT2017,Drought,1,1@2017,8,8@2017,40,8@06,3.280050422,65,15.7,221.5,123,64,(CML395/CML444)//CKDHL150736,CKDHL150736,(CML395/CML444),2017
6@2017,KibokoDT2017,Drought,2,2@2017,43,43@2017,215,8@06,2.958194034,63,18.8,220.5,134.5,64,(CML395/CML444)//CKDHL150736,CKDHL150736,(CML395/CML444),2017
6@2017,KibokoDT2017,Drought,1,1@2017,10,10@2017,46,9@06,3.919376614,63,17.2,213.5,116,63,(CML395/CML444)//CKDHL150738,CKDHL150738,(CML395/CML444),2017
6@2017,KibokoDT2017,Drought,2,2@2017,35,35@2017,175,9@06,3.720617221,63,14.7,206,120.5,64,(CML395/CML444)//CKDHL150738,CKDHL150738,(CML395/CML444),2017
6@2017,KibokoDT2017,Drought,1,1@2017,12,12@2017,58,10@06,1.282369828,65,21.6,198.5,111.6666667,66,(CML395/CML444)//CKDHL150740,CKDHL150740,(CML395/CML444),2017
6@2017,KibokoDT2017,Drought,2,2@2017,30,30@2017,150,10@06,3.190658262,65,15.3,207.5,118.5,65,(CML395/CML444)//CKDHL150740,CKDHL150740,(CML395/CML444),2017
6@2017,KibokoDT2017,Drought,2,2@2017,36,36@2017,180,11@06,3.258786637,62,17.3,199.5,114,62,(CML395/CML444)//CKDHL150751,CKDHL150751,(CML395/CML444),2017
6@2017,KibokoDT2017,Drought,1,1@2017,7,7@2017,31,11@06,3.103818746,62,19.2,229,135.5,62,(CML395/CML444)//CKDHL150751,CKDHL150751,(CML395/CML444),2017
6@2017,KibokoDT2017,Drought,2,2@2017,27,27@2017,132,12@06,3.426939066,63,16.7,208,119,63,(CML395/CML444)//CKDHL150757,CKDHL150757,(CML395/CML444),2017
6@2017,KibokoDT2017,Drought,1,1@2017,4,4@2017,18,12@06,4.293995938,60,16.7,235.5,122,61,(CML395/CML444)//CKDHL150757,CKDHL150757,(CML395/CML444),2017
6@2017,KibokoDT2017,Drought,1,1@2017,21,21@2017,102,13@06,3.228229239,61,16.5,204.5,110,63,(CML395/CML444)//CKDHL150769,CKDHL150769,(CML395/CML444),2017
6@2017,KibokoDT2017,Drought,2,2@2017,45,45@2017,221,13@06,3.112914095,61,15.7,217.5,124.5,63,(CML395/CML444)//CKDHL150769,CKDHL150769,(CML395/CML444),2017
6@2017,KibokoDT2017,Drought,2,2@2017,27,27@2017,131,14@06,3.320570573,65,17.8,217,122,64,(CML395/CML444)//CKDHL150784,CKDHL150784,(CML395/CML444),2017
6@2017,KibokoDT2017,Drought,1,1@2017,5,5@2017,21,14@06,3.497248342,63,16.5,220.5,119.5,63,(CML395/CML444)//CKDHL150784,CKDHL150784,(CML395/CML444),2017
6@2017,KibokoDT2017,Drought,2,2@2017,30,30@2017,148,15@06,2.794130795,66,17.1,208.5,131.5,66,(CML395/CML444)//CKDHL150786,CKDHL150786,(CML395/CML444),2017
6@2017,KibokoDT2017,Drought,1,1@2017,14,14@2017,66,15@06,4.069487043,66,19.9,213,118.5,65,(CML395/CML444)//CKDHL150786,CKDHL150786,(CML395/CML444),2017
6@2017,KibokoDT2017,Drought,2,2@2017,28,28@2017,136,16@06,4.319671092,64,17,204,116.5,65,(CML395/CML444)//CKDHL150787,CKDHL150787,(CML395/CML444),2017
6@2017,KibokoDT2017,Drought,1,1@2017,25,25@2017,123,16@06,2.259983514,65,19.3,193.5,116.5,65,(CML395/CML444)//CKDHL150787,CKDHL150787,(CML395/CML444),2017
6@2017,KibokoDT2017,Drought,1,1@2017,2,2@2017,9,17@06,3.784036833,64,14.7,211.5,120.5,62,(CML395/CML444)//CKDHL150789,CKDHL150789,(CML395/CML444),2017
6@2017,KibokoDT2017,Drought,2,2@2017,46,46@2017,229,17@06,3.684731485,60,16,198,112,61,(CML395/CML444)//CKDHL150789,CKDHL150789,(CML395/CML444),2017
6@2017,KibokoDT2017,Drought,2,2@2017,34,34@2017,167,18@06,3.425675135,65,20.1,223,128,66,(CML395/CML444)//CKDHL150792,CKDHL150792,(CML395/CML444),2017
6@2017,KibokoDT2017,Drought,1,1@2017,16,16@2017,78,18@06,3.152145531,63,19.5,193,102.5,65,(CML395/CML444)//CKDHL150792,CKDHL150792,(CML395/CML444),2017
6@2017,KibokoDT2017,Drought,1,1@2017,5,5@2017,25,19@06,4.170130671,62,16.7,230,132,62,(CML395/CML444)//CKDHL150793,CKDHL150793,(CML395/CML444),2017
6@2017,KibokoDT2017,Drought,2,2@2017,31,31@2017,155,19@06,4.772753288,61,17.7,217,128,63,(CML395/CML444)//CKDHL150793,CKDHL150793,(CML395/CML444),2017
6@2017,KibokoDT2017,Drought,2,2@2017,48,48@2017,238,20@06,5.649525083,62,18,205,118,61,(CML395/CML444)//CKDHL150796,CKDHL150796,(CML395/CML444),2017
6@2017,KibokoDT2017,Drought,1,1@2017,13,13@2017,63,20@06,4.452210397,64,19.8,200,106,63,(CML395/CML444)//CKDHL150796,CKDHL150796,(CML395/CML444),2017
6@2017,KibokoDT2017,Drought,2,2@2017,36,36@2017,179,21@06,3.421908124,63,21.1,211,135,65,(CML395/CML444)//CKDHL150797,CKDHL150797,(CML395/CML444),2017
6@2017,KibokoDT2017,Drought,1,1@2017,3,3@2017,11,21@06,3.410334478,65,17.6,211,129.5,65,(CML395/CML444)//CKDHL150797,CKDHL150797,(CML395/CML444),2017
6@2017,KibokoDT2017,Drought,1,1@2017,19,19@2017,91,22@06,3.776131066,65,14.4,215.5,120,65,(CML395/CML444)//CKDHL150798,CKDHL150798,(CML395/CML444),2017
6@2017,KibokoDT2017,Drought,2,2@2017,52,52@2017,260,22@06,3.83605628,64,19.8,234.5,141.5,65,(CML395/CML444)//CKDHL150798,CKDHL150798,(CML395/CML444),2017
6@2017,KibokoDT2017,Drought,1,1@2017,4,4@2017,17,23@06,2.907438519,61,15.6,198,118,60,(CML395/CML444)//CKDHL150801,CKDHL150801,(CML395/CML444),2017
6@2017,KibokoDT2017,Drought,2,2@2017,41,41@2017,203,23@06,3.868596315,63,14.7,215,129.5,63,(CML395/CML444)//CKDHL150801,CKDHL150801,(CML395/CML444),2017
6@2017,KibokoDT2017,Drought,2,2@2017,38,38@2017,187,24@06,3.179357229,60,15.6,208,106,64,(CML395/CML444)//CKDHL150805,CKDHL150805,(CML395/CML444),2017
6@2017,KibokoDT2017,Drought,1,1@2017,7,7@2017,32,24@06,2.85841781,59,18.2,201,102.5,60,(CML395/CML444)//CKDHL150805,CKDHL150805,(CML395/CML444),2017
6@2017,KibokoDT2017,Drought,2,2@2017,30,30@2017,147,25@06,3.359628528,64,15.8,223,142.5,64,(CML395/CML444)//CKDHL150813,CKDHL150813,(CML395/CML444),2017
6@2017,KibokoDT2017,Drought,1,1@2017,8,8@2017,38,25@06,3.844259442,65,14.3,232,146.5,64,(CML395/CML444)//CKDHL150813,CKDHL150813,(CML395/CML444),2017
6@2017,KibokoDT2017,Drought,1,1@2017,4,4@2017,19,26@06,3.225577462,60,17.1,215,110.5,60,(CML395/CML444)//CKDHL150822,CKDHL150822,(CML395/CML444),2017
6@2017,KibokoDT2017,Drought,2,2@2017,40,40@2017,196,26@06,4.077095414,63,15.2,217,119,62,(CML395/CML444)//CKDHL150822,CKDHL150822,(CML395/CML444),2017
6@2017,KibokoDT2017,Drought,2,2@2017,34,34@2017,169,27@06,2.792049026,59,14,199.5,96.5,62,(CML395/CML444)//CKDHL150827,CKDHL150827,(CML395/CML444),2017
6@2017,KibokoDT2017,Drought,1,1@2017,15,15@2017,73,27@06,3.147213721,60,15.9,202,89,61,(CML395/CML444)//CKDHL150827,CKDHL150827,(CML395/CML444),2017
6@2017,KibokoDT2017,Drought,1,1@2017,18,18@2017,88,28@06,3.611572168,65,17.2,193.5,111,66,(CML395/CML444)//CKDHL150836,CKDHL150836,(CML395/CML444),2017
6@2017,KibokoDT2017,Drought,2,2@2017,43,43@2017,214,28@06,3.729192128,61,19.1,210.5,126,62,(CML395/CML444)//CKDHL150836,CKDHL150836,(CML395/CML444),2017
6@2017,KibokoDT2017,Drought,2,2@2017,31,31@2017,154,29@06,4.330079938,64,16.8,209.5,120.5,64,(CML395/CML444)//CKDHL150845,CKDHL150845,(CML395/CML444),2017
6@2017,KibokoDT2017,Drought,1,1@2017,7,7@2017,34,29@06,3.671546947,64,18.6,232,141.5,65,(CML395/CML444)//CKDHL150845,CKDHL150845,(CML395/CML444),2017
6@2017,KibokoDT2017,Drought,2,2@2017,34,34@2017,168,30@06,4.603981285,66,17.8,206.5,128.5,67,(CML395/CML444)//CKDHL150849,CKDHL150849,(CML395/CML444),2017
6@2017,KibokoDT2017,Drought,1,1@2017,25,25@2017,122,30@06,3.651918837,64,21.2,180.5,116,65,(CML395/CML444)//CKDHL150849,CKDHL150849,(CML395/CML444),2017
6@2017,KibokoDT2017,Drought,2,2@2017,48,48@2017,240,31@06,3.461288258,66,18.8,218.5,132.5,66,(CML395/CML444)//CKDHL150853,CKDHL150853,(CML395/CML444),2017
6@2017,KibokoDT2017,Drought,1,1@2017,10,10@2017,47,31@06,2.794180361,64,18.3,212.5,119,66,(CML395/CML444)//CKDHL150853,CKDHL150853,(CML395/CML444),2017
6@2017,KibokoDT2017,Drought,2,2@2017,34,34@2017,166,32@06,4.191444022,67,17.9,227.5,132,67,(CML395/CML444)//CKDHL150857,CKDHL150857,(CML395/CML444),2017
6@2017,KibokoDT2017,Drought,1,1@2017,13,13@2017,64,32@06,4.223017522,65,14.8,212.5,115.5,66,(CML395/CML444)//CKDHL150857,CKDHL150857,(CML395/CML444),2017
6@2017,KibokoDT2017,Drought,1,1@2017,18,18@2017,86,33@06,3.130088691,68,15.8,207,117,68,(CML395/CML444)//CKDHL150858,CKDHL150858,(CML395/CML444),2017
6@2017,KibokoDT2017,Drought,2,2@2017,52,52@2017,256,33@06,6.138071705,64,14.3,235.5,140,64,(CML395/CML444)//CKDHL150858,CKDHL150858,(CML395/CML444),2017
6@2017,KibokoDT2017,Drought,1,1@2017,19,19@2017,95,34@06,3.093285986,67,20.5,201.5,120.5,69,(CML395/CML444)//CKDHL150861,CKDHL150861,(CML395/CML444),2017
6@2017,KibokoDT2017,Drought,2,2@2017,29,29@2017,141,34@06,4.434366661,65,15.6,223,133,64,(CML395/CML444)//CKDHL150861,CKDHL150861,(CML395/CML444),2017
6@2017,KibokoDT2017,Drought,1,1@2017,26,26@2017,129,35@06,4.073130139,64,14.4,219,143,62,(CML395/CML444)//CKDHL150863,CKDHL150863,(CML395/CML444),2017
6@2017,KibokoDT2017,Drought,2,2@2017,50,50@2017,250,35@06,5.055725202,62,18.4,232.5,143,61,(CML395/CML444)//CKDHL150863,CKDHL150863,(CML395/CML444),2017
6@2017,KibokoDT2017,Drought,2,2@2017,42,42@2017,207,36@06,4.66316301,65,16,236,141,63,(CML395/CML444)//CKDHL150865,CKDHL150865,(CML395/CML444),2017
6@2017,KibokoDT2017,Drought,1,1@2017,14,14@2017,70,36@06,4.690919932,63,15.5,218.5,124,63,(CML395/CML444)//CKDHL150865,CKDHL150865,(CML395/CML444),2017
6@2017,KibokoDT2017,Drought,1,1@2017,4,4@2017,16,37@06,5.158624079,64,17.4,220,131.5,62,(CML395/CML444)//CKDHL150868,CKDHL150868,(CML395/CML444),2017
6@2017,KibokoDT2017,Drought,2,2@2017,38,38@2017,190,37@06,4.43377187,62,14.4,211,132,61,(CML395/CML444)//CKDHL150868,CKDHL150868,(CML395/CML444),2017
6@2017,KibokoDT2017,Drought,1,1@2017,5,5@2017,23,38@06,4.784302151,65,18.2,255.5,154.5,66,(CML395/CML444)//CKDHL150882,CKDHL150882,(CML395/CML444),2017
6@2017,KibokoDT2017,Drought,2,2@2017,41,41@2017,201,38@06,4.678627581,63,17.2,245,146,63,(CML395/CML444)//CKDHL150882,CKDHL150882,(CML395/CML444),2017
6@2017,KibokoDT2017,Drought,1,1@2017,25,25@2017,121,39@06,3.029717676,65,18.5,206.5,117,65,(CML395/CML444)//CKDHL150887,CKDHL150887,(CML395/CML444),2017
6@2017,KibokoDT2017,Drought,2,2@2017,39,39@2017,192,39@06,3.610481717,65,15.3,199.5,111.5,65,(CML395/CML444)//CKDHL150887,CKDHL150887,(CML395/CML444),2017
6@2017,KibokoDT2017,Drought,1,1@2017,11,11@2017,52,40@06,3.4392562,63,20.7,197.5,118,62,(CML395/CML444)//CKDHL150899,CKDHL150899,(CML395/CML444),2017
6@2017,KibokoDT2017,Drought,2,2@2017,28,28@2017,138,40@06,3.510160268,62,18.6,205,119.5,63,(CML395/CML444)//CKDHL150899,CKDHL150899,(CML395/CML444),2017
6@2017,KibokoDT2017,Drought,2,2@2017,49,49@2017,244,41@06,4.599520351,64,18.6,224,125,64,(CML395/CML444)//CKDHL150903,CKDHL150903,(CML395/CML444),2017
6@2017,KibokoDT2017,Drought,1,1@2017,19,19@2017,92,41@06,4.419397749,65,18.2,205,110.5,65,(CML395/CML444)//CKDHL150903,CKDHL150903,(CML395/CML444),2017
6@2017,KibokoDT2017,Drought,2,2@2017,37,37@2017,183,42@06,3.153756424,65,17.9,201.5,121,65,(CML395/CML444)//CKDHL150912,CKDHL150912,(CML395/CML444),2017
6@2017,KibokoDT2017,Drought,1,1@2017,21,21@2017,101,42@06,2.856435173,66,19.4,194.5,114.5,66,(CML395/CML444)//CKDHL150912,CKDHL150912,(CML395/CML444),2017
6@2017,KibokoDT2017,Drought,1,1@2017,23,23@2017,112,43@06,3.737073111,63,17.6,207,127,62,(CML395/CML444)//CKDHL150934,CKDHL150934,(CML395/CML444),2017
6@2017,KibokoDT2017,Drought,2,2@2017,45,45@2017,223,43@06,3.416827616,64,18.9,212.5,121.5,63,(CML395/CML444)//CKDHL150934,CKDHL150934,(CML395/CML444),2017
6@2017,KibokoDT2017,Drought,2,2@2017,40,40@2017,200,44@06,3.121018125,61,16.6,228.5,128.5,62,(CML395/CML444)//CKDHL150938,CKDHL150938,(CML395/CML444),2017
6@2017,KibokoDT2017,Drought,1,1@2017,2,2@2017,6,44@06,2.197827834,65,13.9,189,99.5,65,(CML395/CML444)//CKDHL150938,CKDHL150938,(CML395/CML444),2017
6@2017,KibokoDT2017,Drought,1,1@2017,18,18@2017,87,45@06,4.061383013,64,14.2,197,113.5,64,(CML395/CML444)//CKDHL150944,CKDHL150944,(CML395/CML444),2017
6@2017,KibokoDT2017,Drought,2,2@2017,50,50@2017,246,45@06,5.019492505,63,21.8,227.5,142,63,(CML395/CML444)//CKDHL150944,CKDHL150944,(CML395/CML444),2017
6@2017,KibokoDT2017,Drought,2,2@2017,32,32@2017,160,46@06,4.03655048,63,16.9,224.5,147.5,62,(CML395/CML444)//CKDHL150945,CKDHL150945,(CML395/CML444),2017
6@2017,KibokoDT2017,Drought,1,1@2017,19,19@2017,93,46@06,2.151880213,67,15.7,192,120.5,66,(CML395/CML444)//CKDHL150945,CKDHL150945,(CML395/CML444),2017
6@2017,KibokoDT2017,Drought,1,1@2017,21,21@2017,103,47@06,3.333903809,65,20.4,216.5,128.5,65,(CML395/CML444)//CKDHL150947,CKDHL150947,(CML395/CML444),2017
6@2017,KibokoDT2017,Drought,2,2@2017,36,36@2017,176,47@06,3.456604277,65,20.3,220,125,65,(CML395/CML444)//CKDHL150947,CKDHL150947,(CML395/CML444),2017
6@2017,KibokoDT2017,Drought,1,1@2017,26,26@2017,126,48@06,4.309460509,62,16.8,214.5,130.5,63,(CML395/CML444)//CKDHL150959,CKDHL150959,(CML395/CML444),2017
6@2017,KibokoDT2017,Drought,2,2@2017,52,52@2017,259,48@06,4.45449043,64,18.3,217,126,65,(CML395/CML444)//CKDHL150959,CKDHL150959,(CML395/CML444),2017
6@2017,KibokoDT2017,Drought,2,2@2017,35,35@2017,174,49@06,4.137788899,64,16.1,198,111,59,(CML395/CML444)//CKDHL150964,CKDHL150964,(CML395/CML444),2017
6@2017,KibokoDT2017,Drought,1,1@2017,11,11@2017,53,49@06,3.383172347,61,13.6,201.5,96,59,(CML395/CML444)//CKDHL150964,CKDHL150964,(CML395/CML444),2017
6@2017,KibokoDT2017,Drought,2,2@2017,45,45@2017,224,50@06,3.911346933,63,17.8,233.5,120.5,65,(CML395/CML444)//CKDHL150969,CKDHL150969,(CML395/CML444),2017
6@2017,KibokoDT2017,Drought,1,1@2017,17,17@2017,83,50@06,3.874370746,64,16.4,222,120.5,65,(CML395/CML444)//CKDHL150969,CKDHL150969,(CML395/CML444),2017
6@2017,KibokoDT2017,Drought,2,2@2017,48,48@2017,237,51@06,3.524286559,61,17.8,215,115.5,62,(CML395/CML444)//CKDHL150971,CKDHL150971,(CML395/CML444),2017
6@2017,KibokoDT2017,Drought,1,1@2017,9,9@2017,43,51@06,3.707630947,61,17.8,204,110.5,62,(CML395/CML444)//CKDHL150971,CKDHL150971,(CML395/CML444),2017
6@2017,KibokoDT2017,Drought,2,2@2017,32,32@2017,156,52@06,4.428815277,61,18.4,217,140,60,(CML395/CML444)//CKDHL150975,CKDHL150975,(CML395/CML444),2017
6@2017,KibokoDT2017,Drought,1,1@2017,15,15@2017,72,52@06,4.322149388,60,12.8,220,121,60,(CML395/CML444)//CKDHL150975,CKDHL150975,(CML395/CML444),2017
6@2017,KibokoDT2017,Drought,1,1@2017,9,9@2017,45,53@06,3.897071944,62,18.1,216.5,118,64,(CML395/CML444)//CKDHL150977,CKDHL150977,(CML395/CML444),2017
6@2017,KibokoDT2017,Drought,2,2@2017,42,42@2017,208,53@06,3.819972134,62,19.3,223.5,129.5,65,(CML395/CML444)//CKDHL150977,CKDHL150977,(CML395/CML444),2017
6@2017,KibokoDT2017,Drought,2,2@2017,52,52@2017,258,54@06,2.792891647,62,15.9,236.5,137.5,65,(CML395/CML444)//CKDHL150980,CKDHL150980,(CML395/CML444),2017
6@2017,KibokoDT2017,Drought,1,1@2017,26,26@2017,127,54@06,3.585847448,60,20.5,232.5,134,62,(CML395/CML444)//CKDHL150980,CKDHL150980,(CML395/CML444),2017
6@2017,KibokoDT2017,Drought,1,1@2017,12,12@2017,56,55@06,2.257381303,67,20.1,212,122,67,(CML395/CML444)//CKDHL150982,CKDHL150982,(CML395/CML444),2017
6@2017,KibokoDT2017,Drought,2,2@2017,48,48@2017,236,55@06,5.724865302,64,17.5,231.5,137.5,64,(CML395/CML444)//CKDHL150982,CKDHL150982,(CML395/CML444),2017
6@2017,KibokoDT2017,Drought,2,2@2017,45,45@2017,225,56@06,3.64183217,66,19.7,209,123.5,66,(CML395/CML444)//CKDHL150993,CKDHL150993,(CML395/CML444),2017
6@2017,KibokoDT2017,Drought,1,1@2017,3,3@2017,15,56@06,3.559329674,65,16.5,207,117.5,63,(CML395/CML444)//CKDHL150993,CKDHL150993,(CML395/CML444),2017
6@2017,KibokoDT2017,Drought,1,1@2017,8,8@2017,36,57@06,3.738758353,63,20.6,219,123.5,64,(CML395/CML444)//CKDHL150996,CKDHL150996,(CML395/CML444),2017
6@2017,KibokoDT2017,Drought,2,2@2017,36,36@2017,177,57@06,4.119127325,65,21.6,216,123,66,(CML395/CML444)//CKDHL150996,CKDHL150996,(CML395/CML444),2017
6@2017,KibokoDT2017,Drought,1,1@2017,3,3@2017,14,58@06,3.032939462,67,15.6,215.5,116,67,(CML395/CML444)//CKDHL150998,CKDHL150998,(CML395/CML444),2017
6@2017,KibokoDT2017,Drought,2,2@2017,28,28@2017,140,58@06,3.913626966,65,18.6,207,130,64,(CML395/CML444)//CKDHL150998,CKDHL150998,(CML395/CML444),2017
6@2017,KibokoDT2017,Drought,1,1@2017,7,7@2017,33,59@06,2.464666036,65,15,212,128.5,64,(CML395/CML444)//CKDHL151001,CKDHL151001,(CML395/CML444),2017
6@2017,KibokoDT2017,Drought,2,2@2017,29,29@2017,144,59@06,3.406369204,63,17.2,222.5,136.5,62,(CML395/CML444)//CKDHL151001,CKDHL151001,(CML395/CML444),2017
6@2017,KibokoDT2017,Drought,2,2@2017,40,40@2017,199,60@06,4.770225426,61,19.8,233.5,126.5,63,(CML395/CML444)//CKDHL151002,CKDHL151002,(CML395/CML444),2017
6@2017,KibokoDT2017,Drought,1,1@2017,11,11@2017,55,60@06,3.613356541,63,19,228.5,121,64,(CML395/CML444)//CKDHL151002,CKDHL151002,(CML395/CML444),2017
6@2017,KibokoDT2017,Drought,1,1@2017,12,12@2017,59,61@06,1.305269289,67,16.4,194.5,118,68,(CML395/CML444)//CKDHL151009,CKDHL151009,(CML395/CML444),2017
6@2017,KibokoDT2017,Drought,2,2@2017,46,46@2017,226,61@06,3.684731485,66,17.4,224,136,65,(CML395/CML444)//CKDHL151009,CKDHL151009,(CML395/CML444),2017
6@2017,KibokoDT2017,Drought,2,2@2017,43,43@2017,213,62@06,3.877666881,62,14.5,232,138.5,63,(CML395/CML444)//CKDHL151019,CKDHL151019,(CML395/CML444),2017
6@2017,KibokoDT2017,Drought,1,1@2017,24,24@2017,118,62@06,4.330079938,63,16.8,210.5,123,64,(CML395/CML444)//CKDHL151019,CKDHL151019,(CML395/CML444),2017
6@2017,KibokoDT2017,Drought,2,2@2017,47,47@2017,232,63@06,4.063663046,61,13.7,222,130,63,(CML395/CML444)//CKDHL151020,CKDHL151020,(CML395/CML444),2017
6@2017,KibokoDT2017,Drought,1,1@2017,16,16@2017,80,63@06,3.458958659,65,17.9,210,123,66,(CML395/CML444)//CKDHL151020,CKDHL151020,(CML395/CML444),2017
6@2017,KibokoDT2017,Drought,1,1@2017,12,12@2017,60,64@06,1.671363273,65,15.7,193.5,106.5,69,(CML395/CML444)//CKDHL151021,CKDHL151021,(CML395/CML444),2017
6@2017,KibokoDT2017,Drought,2,2@2017,39,39@2017,194,64@06,3.303767722,65,17.2,217.5,121,67,(CML395/CML444)//CKDHL151021,CKDHL151021,(CML395/CML444),2017
6@2017,KibokoDT2017,Drought,2,2@2017,51,51@2017,253,65@06,5.70471675,63,16.9,221,132.5,62,(CML395/CML444)//CKDHL151025,CKDHL151025,(CML395/CML444),2017
6@2017,KibokoDT2017,Drought,1,1@2017,6,6@2017,26,65@06,5.522041503,65,15.6,218.5,130.5,64,(CML395/CML444)//CKDHL151025,CKDHL151025,(CML395/CML444),2017
6@2017,KibokoDT2017,Drought,2,2@2017,28,28@2017,139,66@06,3.172963223,62,17.4,200,120.5,63,(CML395/CML444)//CKDHL151026,CKDHL151026,(CML395/CML444),2017
6@2017,KibokoDT2017,Drought,1,1@2017,22,22@2017,109,66@06,4.326610322,61,14,224,128.5,61,(CML395/CML444)//CKDHL151026,CKDHL151026,(CML395/CML444),2017
6@2017,KibokoDT2017,Drought,2,2@2017,48,48@2017,239,67@06,4.60502217,63,16.3,217,123.5,64,(CML395/CML444)//CKDHL151027,CKDHL151027,(CML395/CML444),2017
6@2017,KibokoDT2017,Drought,1,1@2017,13,13@2017,65,67@06,2.971849449,66,17.3,211,105,66,(CML395/CML444)//CKDHL151027,CKDHL151027,(CML395/CML444),2017
6@2017,KibokoDT2017,Drought,1,1@2017,23,23@2017,115,68@06,4.896717688,61,15.2,223,132,62,(CML395/CML444)//CKDHL151037,CKDHL151037,(CML395/CML444),2017
6@2017,KibokoDT2017,Drought,2,2@2017,46,46@2017,228,68@06,3.706664411,61,15.5,219,122,61,(CML395/CML444)//CKDHL151037,CKDHL151037,(CML395/CML444),2017
6@2017,KibokoDT2017,Drought,2,2@2017,31,31@2017,153,69@06,3.098564758,61,17.2,215,126.5,63,(CML395/CML444)//CKDHL151039,CKDHL151039,(CML395/CML444),2017
6@2017,KibokoDT2017,Drought,1,1@2017,25,25@2017,124,69@06,2.80102046,61,18.1,194,114,63,(CML395/CML444)//CKDHL151039,CKDHL151039,(CML395/CML444),2017
6@2017,KibokoDT2017,Drought,2,2@2017,49,49@2017,241,70@06,4.694612594,66,18.7,224.5,131.5,66,(CML395/CML444)//CKDHL151045,CKDHL151045,(CML395/CML444),2017
6@2017,KibokoDT2017,Drought,1,1@2017,26,26@2017,128,70@06,3.755214243,64,17.2,211.5,131,65,(CML395/CML444)//CKDHL151045,CKDHL151045,(CML395/CML444),2017
6@2017,KibokoDT2017,Drought,2,2@2017,49,49@2017,245,71@06,5.920675522,64,20.1,235.5,138,62,(CML395/CML444)//CKDHL151053,CKDHL151053,(CML395/CML444),2017
6@2017,KibokoDT2017,Drought,1,1@2017,10,10@2017,48,71@06,3.438537494,65,19.8,214.5,129.5,64,(CML395/CML444)//CKDHL151053,CKDHL151053,(CML395/CML444),2017
6@2017,KibokoDT2017,Drought,2,2@2017,33,33@2017,165,72@06,4.304305652,66,16.5,238.5,143,65,(CML395/CML444)//CKDHL151059,CKDHL151059,(CML395/CML444),2017
6@2017,KibokoDT2017,Drought,1,1@2017,24,24@2017,119,72@06,4.766384066,66,21.5,225,134.5,65,(CML395/CML444)//CKDHL151059,CKDHL151059,(CML395/CML444),2017
6@2017,KibokoDT2017,Drought,2,2@2017,50,50@2017,247,73@06,4.606186969,60,15.9,224,128,60,(CML395/CML444)//CKDHL151061,CKDHL151061,(CML395/CML444),2017
6@2017,KibokoDT2017,Drought,1,1@2017,24,24@2017,117,73@06,5.546626206,62,16.8,220,120,63,(CML395/CML444)//CKDHL151061,CKDHL151061,(CML395/CML444),2017
6@2017,KibokoDT2017,Drought,1,1@2017,16,16@2017,79,74@06,2.711950477,60,17.1,182.5,98,61,(CML395/CML444)//CKDHL151070,CKDHL151070,(CML395/CML444),2017
6@2017,KibokoDT2017,Drought,2,2@2017,42,42@2017,209,74@06,2.514975458,58,14,210.5,104.5,61,(CML395/CML444)//CKDHL151070,CKDHL151070,(CML395/CML444),2017
6@2017,KibokoDT2017,Drought,1,1@2017,2,2@2017,7,75@06,3.661435497,65,17,214,120,64,(CML395/CML444)//CKDHL151071,CKDHL151071,(CML395/CML444),2017
6@2017,KibokoDT2017,Drought,2,2@2017,39,39@2017,191,75@06,4.49216054,64,20.5,211,121,62,(CML395/CML444)//CKDHL151071,CKDHL151071,(CML395/CML444),2017
6@2017,KibokoDT2017,Drought,1,1@2017,21,21@2017,105,76@06,3.405402668,62,15.7,222.5,130.5,62,(CML395/CML444)//CKDHL151084,CKDHL151084,(CML395/CML444),2017
6@2017,KibokoDT2017,Drought,2,2@2017,35,35@2017,172,76@06,3.911545196,63,12.8,213.5,128.5,62,(CML395/CML444)//CKDHL151084,CKDHL151084,(CML395/CML444),2017
6@2017,KibokoDT2017,Drought,1,1@2017,16,16@2017,77,77@06,3.811223747,67,18.2,188.5,109.5,66,(CML395/CML444)//CKDHL151087,CKDHL151087,(CML395/CML444),2017
6@2017,KibokoDT2017,Drought,2,2@2017,47,47@2017,233,77@06,4.334540872,65,17.5,227.5,136.5,64,(CML395/CML444)//CKDHL151087,CKDHL151087,(CML395/CML444),2017
6@2017,KibokoDT2017,Drought,2,2@2017,41,41@2017,205,78@06,4.156252209,65,15.3,236,149,65,(CML395/CML444)//CKDHL151090,CKDHL151090,(CML395/CML444),2017
6@2017,KibokoDT2017,Drought,1,1@2017,20,20@2017,100,78@06,3.841706796,62,13.4,206,118.5,63,(CML395/CML444)//CKDHL151090,CKDHL151090,(CML395/CML444),2017
6@2017,KibokoDT2017,Drought,2,2@2017,30,30@2017,149,79@06,3.334795996,59,15.9,212,110,60,(CML395/CML444)//CKDHL151091,CKDHL151091,(CML395/CML444),2017
6@2017,KibokoDT2017,Drought,1,1@2017,19,19@2017,94,79@06,3.55169652,60,15.2,197.5,107,60,(CML395/CML444)//CKDHL151091,CKDHL151091,(CML395/CML444),2017
6@2017,KibokoDT2017,Drought,1,1@2017,14,14@2017,68,80@06,4.455283485,65,15.6,232.5,135.5,62,(CML395/CML444)//CKDHL151092,CKDHL151092,(CML395/CML444),2017
6@2017,KibokoDT2017,Drought,2,2@2017,32,32@2017,159,80@06,5.006952323,62,17.2,223.5,135.5,61,(CML395/CML444)//CKDHL151092,CKDHL151092,(CML395/CML444),2017
6@2017,KibokoDT2017,Drought,1,1@2017,22,22@2017,106,81@06,3.552291311,65,22.1,229,132,66,(CML395/CML444)//CKDHL151093,CKDHL151093,(CML395/CML444),2017
6@2017,KibokoDT2017,Drought,2,2@2017,41,41@2017,202,81@06,3.941284756,65,17.6,239,140,66,(CML395/CML444)//CKDHL151093,CKDHL151093,(CML395/CML444),2017
6@2017,KibokoDT2017,Drought,1,1@2017,25,25@2017,125,82@06,3.009519558,63,18.5,206,119.5,64,(CML395/CML444)//CKDHL151094,CKDHL151094,(CML395/CML444),2017
6@2017,KibokoDT2017,Drought,2,2@2017,43,43@2017,212,82@06,3.679725326,64,20.6,220.5,127,64,(CML395/CML444)//CKDHL151094,CKDHL151094,(CML395/CML444),2017
6@2017,KibokoDT2017,Drought,1,1@2017,1,1@2017,2,83@06,3.717147606,64,13.8,219,135.5,64,(CML395/CML444)//CKDHL151095,CKDHL151095,(CML395/CML444),2017
6@2017,KibokoDT2017,Drought,2,2@2017,30,30@2017,146,83@06,2.845233272,64,16.2,212.5,135.5,64,(CML395/CML444)//CKDHL151095,CKDHL151095,(CML395/CML444),2017
6@2017,KibokoDT2017,Drought,2,2@2017,39,39@2017,195,84@06,3.555067004,67,16.6,208,123.5,65,(CML395/CML444)//CKDHL151098,CKDHL151098,(CML395/CML444),2017
6@2017,KibokoDT2017,Drought,1,1@2017,15,15@2017,71,84@06,3.6803449,64,16.1,211,117.5,63,(CML395/CML444)//CKDHL151098,CKDHL151098,(CML395/CML444),2017
6@2017,KibokoDT2017,Drought,1,1@2017,20,20@2017,97,85@06,4.778453371,62,18.3,220,134,62,(CML395/CML444)//CKDHL151101,CKDHL151101,(CML395/CML444),2017
6@2017,KibokoDT2017,Drought,2,2@2017,32,32@2017,157,85@06,5.832423377,63,18,243.5,160.5,63,(CML395/CML444)//CKDHL151101,CKDHL151101,(CML395/CML444),2017
6@2017,KibokoDT2017,Drought,1,1@2017,10,10@2017,49,86@06,2.831652206,64,17.8,211,129.5,66,(CML395/CML444)//CKDHL151105,CKDHL151105,(CML395/CML444),2017
6@2017,KibokoDT2017,Drought,2,2@2017,35,35@2017,173,86@06,3.275837318,66,17.9,212.5,135,65,(CML395/CML444)//CKDHL151105,CKDHL151105,(CML395/CML444),2017
6@2017,KibokoDT2017,Drought,1,1@2017,14,14@2017,69,87@06,4.69557913,65,16.9,215.5,117,64,(CML395/CML444)//CKDHL151108,CKDHL151108,(CML395/CML444),2017
6@2017,KibokoDT2017,Drought,2,2@2017,47,47@2017,235,87@06,5.539959588,62,16.9,239,134.5,63,(CML395/CML444)//CKDHL151108,CKDHL151108,(CML395/CML444),2017
6@2017,KibokoDT2017,Drought,2,2@2017,44,44@2017,218,88@06,3.737073111,63,17.6,228.5,135,63,(CML395/CML444)//CKDHL151118,CKDHL151118,(CML395/CML444),2017
6@2017,KibokoDT2017,Drought,1,1@2017,17,17@2017,85,88@06,2.869371882,66,17.3,207,106.5,66,(CML395/CML444)//CKDHL151118,CKDHL151118,(CML395/CML444),2017
6@2017,KibokoDT2017,Drought,2,2@2017,44,44@2017,217,89@06,3.219059541,63,16.2,230,136,64,(CML395/CML444)//CKDHL151121,CKDHL151121,(CML395/CML444),2017
6@2017,KibokoDT2017,Drought,1,1@2017,9,9@2017,41,89@06,3.290087524,64,14.9,225,136,64,(CML395/CML444)//CKDHL151121,CKDHL151121,(CML395/CML444),2017
6@2017,KibokoDT2017,Drought,1,1@2017,6,6@2017,27,90@06,4.159672259,65,14.8,257,157,65,(CML395/CML444)//CKDHL151126,CKDHL151126,(CML395/CML444),2017
6@2017,KibokoDT2017,Drought,2,2@2017,39,39@2017,193,90@06,3.515711653,65,18,219,125.5,67,(CML395/CML444)//CKDHL151126,CKDHL151126,(CML395/CML444),2017
6@2017,KibokoDT2017,Drought,1,1@2017,22,22@2017,107,91@06,3.668696906,62,17.3,231,136,63,(CML395/CML444)//CKDHL151135,CKDHL151135,(CML395/CML444),2017
6@2017,KibokoDT2017,Drought,2,2@2017,29,29@2017,143,91@06,4.208445137,63,19.9,223,143,64,(CML395/CML444)//CKDHL151135,CKDHL151135,(CML395/CML444),2017
6@2017,KibokoDT2017,Drought,2,2@2017,37,37@2017,181,92@06,4.918923226,63,17.3,217,121.5,63,(CML395/CML444)//CKDHL151139,CKDHL151139,(CML395/CML444),2017
6@2017,KibokoDT2017,Drought,1,1@2017,2,2@2017,8,92@06,3.742723627,65,16.1,219.5,116.5,64,(CML395/CML444)//CKDHL151139,CKDHL151139,(CML395/CML444),2017
6@2017,KibokoDT2017,Drought,2,2@2017,31,31@2017,152,93@06,3.823392184,64,17.5,214.5,129,63,(CML395/CML444)//CKDHL151141,CKDHL151141,(CML395/CML444),2017
6@2017,KibokoDT2017,Drought,1,1@2017,12,12@2017,57,93@06,1.52281417,64,20.2,206.5,116.5,65,(CML395/CML444)//CKDHL151141,CKDHL151141,(CML395/CML444),2017
6@2017,KibokoDT2017,Drought,2,2@2017,34,34@2017,170,94@06,3.949735748,66,19.1,200.5,115,65,(CML395/CML444)//CKDHL151143,CKDHL151143,(CML395/CML444),2017
6@2017,KibokoDT2017,Drought,1,1@2017,20,20@2017,96,94@06,2.588680001,65,17.1,191,128,65,(CML395/CML444)//CKDHL151143,CKDHL151143,(CML395/CML444),2017
6@2017,KibokoDT2017,Drought,1,1@2017,8,8@2017,37,95@06,3.754545102,63,16.3,229,136,61,(CML395/CML444)//CKDHL151144,CKDHL151144,(CML395/CML444),2017
6@2017,KibokoDT2017,Drought,2,2@2017,38,38@2017,186,95@06,4.13052749,65,18.3,211.5,127.5,61,(CML395/CML444)//CKDHL151144,CKDHL151144,(CML395/CML444),2017
6@2017,KibokoDT2017,Drought,1,1@2017,10,10@2017,50,96@06,2.695593719,63,17.6,229,138,64,(CML395/CML444)//CKDHL151157,CKDHL151157,(CML395/CML444),2017
6@2017,KibokoDT2017,Drought,2,2@2017,51,51@2017,254,96@06,5.13423764,60,16.8,232.5,135.5,61,(CML395/CML444)//CKDHL151157,CKDHL151157,(CML395/CML444),2017
6@2017,KibokoDT2017,Drought,2,2@2017,35,35@2017,171,97@06,3.570531575,61,17.2,216.5,121.5,63,(CML395/CML444)//CKDHL151168,CKDHL151168,(CML395/CML444),2017
6@2017,KibokoDT2017,Drought,1,1@2017,3,3@2017,13,97@06,2.697675489,67,22.8,211,107,67,(CML395/CML444)//CKDHL151168,CKDHL151168,(CML395/CML444),2017
6@2017,KibokoDT2017,Drought,2,2@2017,46,46@2017,230,98@06,4.438084106,66,21.8,217,131.5,66,(CML395/CML444)//CKDHL151173,CKDHL151173,(CML395/CML444),2017
6@2017,KibokoDT2017,Drought,1,1@2017,21,21@2017,104,98@06,4.180589083,67,18.9,224,131.5,66,(CML395/CML444)//CKDHL151173,CKDHL151173,(CML395/CML444),2017
6@2017,KibokoDT2017,Drought,1,1@2017,2,2@2017,10,99@06,4.073947977,64,15.7,219.5,118.5,62,(CML395/CML444)//CKDHL151180,CKDHL151180,(CML395/CML444),2017
6@2017,KibokoDT2017,Drought,2,2@2017,33,33@2017,162,99@06,4.777957711,61,16.9,234,135,60,(CML395/CML444)//CKDHL151180,CKDHL151180,(CML395/CML444),2017
6@2017,KibokoDT2017,Drought,2,2@2017,41,41@2017,204,100@06,5.021425576,63,18.3,238,130.5,63,(CML395/CML444)//CKDHL151184,CKDHL151184,(CML395/CML444),2017
6@2017,KibokoDT2017,Drought,1,1@2017,15,15@2017,75,100@06,3.787085138,65,17.4,230,121.5,65,(CML395/CML444)//CKDHL151184,CKDHL151184,(CML395/CML444),2017
6@2017,KibokoDT2017,Drought,2,2@2017,50,50@2017,248,101@06,5.226355927,65,17.3,220.5,132,64,(CML395/CML444)//CKDHL151187,CKDHL151187,(CML395/CML444),2017
6@2017,KibokoDT2017,Drought,1,1@2017,23,23@2017,113,101@06,3.904358136,64,15.3,219.5,132,65,(CML395/CML444)//CKDHL151187,CKDHL151187,(CML395/CML444),2017
6@2017,KibokoDT2017,Drought,1,1@2017,22,22@2017,110,102@06,3.770678814,64,18.2,221.5,139.5,63,(CML395/CML444)//CKDHL151192,CKDHL151192,(CML395/CML444),2017
6@2017,KibokoDT2017,Drought,2,2@2017,33,33@2017,164,102@06,4.527996709,65,17.7,239,144,63,(CML395/CML444)//CKDHL151192,CKDHL151192,(CML395/CML444),2017
6@2017,KibokoDT2017,Drought,1,1@2017,1,1@2017,4,103@06,4.186338731,63,17.6,237,129.5,63,(CML395/CML444)//CKDHL151194,CKDHL151194,(CML395/CML444),2017
6@2017,KibokoDT2017,Drought,2,2@2017,43,43@2017,211,103@06,3.4741754,65,20.8,236,138,67,(CML395/CML444)//CKDHL151194,CKDHL151194,(CML395/CML444),2017
6@2017,KibokoDT2017,Drought,1,1@2017,7,7@2017,35,104@06,4.710399344,60,15.9,218,114.5,60,(CML395/CML444)//CKDHL151195,CKDHL151195,(CML395/CML444),2017
6@2017,KibokoDT2017,Drought,2,2@2017,40,40@2017,198,104@06,5.294682566,61,14.2,222.5,122.5,60,(CML395/CML444)//CKDHL151195,CKDHL151195,(CML395/CML444),2017
6@2017,KibokoDT2017,Drought,2,2@2017,36,36@2017,178,105@06,3.410037083,63,16.1,220.5,127.5,64,(CML395/CML444)//CKDHL151198,CKDHL151198,(CML395/CML444),2017
6@2017,KibokoDT2017,Drought,1,1@2017,6,6@2017,29,105@06,5.239813078,62,16.1,245,139,64,(CML395/CML444)//CKDHL151198,CKDHL151198,(CML395/CML444),2017
6@2017,KibokoDT2017,Drought,2,2@2017,29,29@2017,142,106@06,3.856477444,63,20.2,220,132,64,(CML395/CML444)//CKDHL151203,CKDHL151203,(CML395/CML444),2017
6@2017,KibokoDT2017,Drought,1,1@2017,4,4@2017,20,106@06,3.234400198,66,14.7,222,125,66,(CML395/CML444)//CKDHL151203,CKDHL151203,(CML395/CML444),2017
6@2017,KibokoDT2017,Drought,2,2@2017,31,31@2017,151,107@06,3.243396415,66,20.2,218.5,136,66,(CML395/CML444)//CKDHL151205,CKDHL151205,(CML395/CML444),2017
6@2017,KibokoDT2017,Drought,1,1@2017,18,18@2017,89,107@06,3.171575377,67,16.9,198.5,125.5,66,(CML395/CML444)//CKDHL151205,CKDHL151205,(CML395/CML444),2017
6@2017,KibokoDT2017,Drought,1,1@2017,13,13@2017,61,108@06,2.495149085,59,16.1,162,82,62,(CML395/CML444)//CKDHL151215,CKDHL151215,(CML395/CML444),2017
6@2017,KibokoDT2017,Drought,2,2@2017,27,27@2017,134,108@06,3.387558932,59,15.1,200.5,103.5,60,(CML395/CML444)//CKDHL151215,CKDHL151215,(CML395/CML444),2017
6@2017,KibokoDT2017,Drought,1,1@2017,24,24@2017,116,109@06,4.594762022,61,17.6,211.5,124.5,63,(CML395/CML444)//CKDHL151219,CKDHL151219,(CML395/CML444),2017
6@2017,KibokoDT2017,Drought,2,2@2017,44,44@2017,216,109@06,4.432334458,61,19.8,215.5,119,61,(CML395/CML444)//CKDHL151219,CKDHL151219,(CML395/CML444),2017
6@2017,KibokoDT2017,Drought,1,1@2017,1,1@2017,3,110@06,3.911123886,64,16.5,219.5,129,62,(CML395/CML444)//CKDHL151222,CKDHL151222,(CML395/CML444),2017
6@2017,KibokoDT2017,Drought,2,2@2017,51,51@2017,255,110@06,4.397216994,63,16.7,229.5,135.5,63,(CML395/CML444)//CKDHL151222,CKDHL151222,(CML395/CML444),2017
6@2017,KibokoDT2017,Drought,2,2@2017,51,51@2017,252,111@06,3.811372445,58,15.5,202,111,60,(CML395/CML444)//CKDHL151226,CKDHL151226,(CML395/CML444),2017
6@2017,KibokoDT2017,Drought,1,1@2017,9,9@2017,42,111@06,3.941681284,60,15.4,209.5,117,60,(CML395/CML444)//CKDHL151226,CKDHL151226,(CML395/CML444),2017
6@2017,KibokoDT2017,Drought,1,1@2017,9,9@2017,44,112@06,3.099977387,64,19.3,217,120.5,65,(CML395/CML444)//CKDHL151233,CKDHL151233,(CML395/CML444),2017
6@2017,KibokoDT2017,Drought,2,2@2017,38,38@2017,188,112@06,2.661071047,65,14.1,217.5,129,65,(CML395/CML444)//CKDHL151233,CKDHL151233,(CML395/CML444),2017
6@2017,KibokoDT2017,Drought,1,1@2017,17,17@2017,82,113@06,5.029009164,64,15.8,204.5,122.5,63,(CML395/CML444)//CKDHL151240,CKDHL151240,(CML395/CML444),2017
6@2017,KibokoDT2017,Drought,2,2@2017,28,28@2017,137,113@06,5.263406463,64,18,210,117,63,(CML395/CML444)//CKDHL151240,CKDHL151240,(CML395/CML444),2017
6@2017,KibokoDT2017,Drought,2,2@2017,42,42@2017,206,114@06,4.299101229,61,17,225.5,134.5,61,(CML395/CML444)//CKDHL151241,CKDHL151241,(CML395/CML444),2017
6@2017,KibokoDT2017,Drought,1,1@2017,1,1@2017,5,114@06,3.995435539,60,14.7,203.5,109.5,60,(CML395/CML444)//CKDHL151241,CKDHL151241,(CML395/CML444),2017
6@2017,KibokoDT2017,Drought,1,1@2017,15,15@2017,74,115@06,4.385222038,62,17.7,209.5,116.5,62,(CML395/CML444)//CKDHL151243,CKDHL151243,(CML395/CML444),2017
6@2017,KibokoDT2017,Drought,2,2@2017,37,37@2017,184,115@06,4.463660128,65,17,211,132,63,(CML395/CML444)//CKDHL151243,CKDHL151243,(CML395/CML444),2017
6@2017,KibokoDT2017,Drought,2,2@2017,37,37@2017,182,116@06,4.32492508,58,16.1,207.5,115.5,58,(CML395/CML444)//CKDHL151244,CKDHL151244,(CML395/CML444),2017
6@2017,KibokoDT2017,Drought,1,1@2017,16,16@2017,76,116@06,3.569862435,60,12.7,200,95,60,(CML395/CML444)//CKDHL151244,CKDHL151244,(CML395/CML444),2017
6@2017,KibokoDT2017,Drought,2,2@2017,45,45@2017,222,117@06,3.446889354,65,22.3,218,125.5,67,(CML395/CML444)//CKDHL151246,CKDHL151246,(CML395/CML444),2017
6@2017,KibokoDT2017,Drought,1,1@2017,6,6@2017,28,117@06,2.682508313,66,18,243.5,145.5,66,(CML395/CML444)//CKDHL151246,CKDHL151246,(CML395/CML444),2017
6@2017,KibokoDT2017,Drought,1,1@2017,23,23@2017,114,118@06,5.233468639,63,19.4,217,127,64,(CML395/CML444)//CKDHL151250,CKDHL151250,(CML395/CML444),2017
6@2017,KibokoDT2017,Drought,2,2@2017,33,33@2017,163,118@06,3.985646267,60,15.8,223,132,61,(CML395/CML444)//CKDHL151250,CKDHL151250,(CML395/CML444),2017
6@2017,KibokoDT2017,Drought,1,1@2017,5,5@2017,22,119@06,4.262546353,61,16.1,244,143.5,62,(CML395/CML444)//CKDHL151265,CKDHL151265,(CML395/CML444),2017
6@2017,KibokoDT2017,Drought,2,2@2017,38,38@2017,189,119@06,5.076047234,64,16.4,225.5,142,63,(CML395/CML444)//CKDHL151265,CKDHL151265,(CML395/CML444),2017
6@2017,KibokoDT2017,Drought,1,1@2017,22,22@2017,108,120@06,4.387080761,65,16.5,232,148,65,(CML395/CML444)//CKDHL151267,CKDHL151267,(CML395/CML444),2017
6@2017,KibokoDT2017,Drought,2,2@2017,52,52@2017,257,120@06,4.079127617,66,20.1,235,143,67,(CML395/CML444)//CKDHL151267,CKDHL151267,(CML395/CML444),2017
6@2017,KibokoDT2017,Drought,1,1@2017,1,1@2017,1,121@06,3.295614126,65,15.3,231.5,131.5,64,(CML395/CML444)//CKDHL151270,CKDHL151270,(CML395/CML444),2017
6@2017,KibokoDT2017,Drought,2,2@2017,29,29@2017,145,121@06,2.314927351,63,16.6,218.5,132,63,(CML395/CML444)//CKDHL151270,CKDHL151270,(CML395/CML444),2017
6@2017,KibokoDT2017,Drought,2,2@2017,40,40@2017,197,122@06,5.131932824,65,17.5,222,135,64,(CML395/CML444)//CKDHL151276,CKDHL151276,(CML395/CML444),2017
6@2017,KibokoDT2017,Drought,1,1@2017,13,13@2017,62,122@06,3.265701085,67,16.6,201,115,67,(CML395/CML444)//CKDHL151276,CKDHL151276,(CML395/CML444),2017
6@2017,KibokoDT2017,Drought,1,1@2017,26,26@2017,130,123@06,3.455736873,62,17,207.5,124.5,61,(CML395/CML444)//CKDHL151289,CKDHL151289,(CML395/CML444),2017
6@2017,KibokoDT2017,Drought,2,2@2017,44,44@2017,219,123@06,3.930380251,61,17.4,204,125,61,(CML395/CML444)//CKDHL151289,CKDHL151289,(CML395/CML444),2017
6@2017,KibokoDT2017,Drought,1,1@2017,8,8@2017,39,124@06,3.800567072,61,16.2,206.5,118.5,61,(CML395/CML444)//CKDHL151292,CKDHL151292,(CML395/CML444),2017
6@2017,KibokoDT2017,Drought,2,2@2017,49,49@2017,242,124@06,5.305562289,61,16.7,207.5,123,61,(CML395/CML444)//CKDHL151292,CKDHL151292,(CML395/CML444),2017
6@2017,KibokoDT2017,Drought,1,1@2017,23,23@2017,111,125@06,4.733199673,61,16.6,225,140.5,62,(CML395/CML444)//CKDHL151296,CKDHL151296,(CML395/CML444),2017
6@2017,KibokoDT2017,Drought,2,2@2017,42,42@2017,210,125@06,4.421776914,63,18.9,220.5,128.5,63,(CML395/CML444)//CKDHL151296,CKDHL151296,(CML395/CML444),2017
6@2017,KibokoDT2017,Drought,1,1@2017,20,20@2017,99,126@06,3.291177975,67,17,235,147.5,70,H517,H517,,2017
6@2017,KibokoDT2017,Drought,2,2@2017,37,37@2017,185,126@06,2.537156213,67,18.1,243,148,71,H517,H517,,2017
6@2017,KibokoDT2017,Drought,1,1@2017,18,18@2017,90,127@06,3.870529386,60,22.3,223,108.5,64,Pioneer 30G19,Pioneer 30G19,,2017
6@2017,KibokoDT2017,Drought,2,2@2017,50,50@2017,249,127@06,4.268023389,60,17.6,242,118.5,65,Pioneer 30G19,Pioneer 30G19,,2017
6@2017,KibokoDT2017,Drought,1,1@2017,20,20@2017,98,128@06,3.927232814,68,22.7,216,129,68,WH505,WH505,,2017
6@2017,KibokoDT2017,Drought,2,2@2017,27,27@2017,135,128@06,3.93020677,65,19.5,218.5,129,65,WH505,WH505,,2017
6@2017,KibokoDT2017,Drought,1,1@2017,14,14@2017,67,129@06,3.827778769,64,15.6,242,132,65,DK 8031,DK 8031,,2017
6@2017,KibokoDT2017,Drought,2,2@2017,27,27@2017,133,129@06,2.536933167,60,15.4,209.5,119.5,64,DK 8031,DK 8031,,2017
6@2017,KibokoDT2017,Drought,1,1@2017,5,5@2017,24,130@06,4.397216994,58,16.7,228.5,117.5,62,PAN 4M19,PAN 4M19,,2017
6@2017,KibokoDT2017,Drought,2,2@2017,32,32@2017,158,130@06,4.02259767,58,15.9,216.5,120,60,PAN 4M19,PAN 4M19,,2017
7@2017,KibokoDT2017,Drought,1,1@2017,3,3@2017,15,1@07,2.82614085,62,15.5,195.5,122.5,63,(CML395/CML444)//CKDHL151782,CKDHL151782,(CML395/CML444),2017
7@2017,KibokoDT2017,Drought,2,2@2017,27,27@2017,160,1@07,0.841775689,64,15.9,166,97.5,64,(CML395/CML444)//CKDHL151782,CKDHL151782,(CML395/CML444),2017
7@2017,KibokoDT2017,Drought,1,1@2017,6,6@2017,36,2@07,2.22527008,64,15.6,190.5,112,64,(CML395/CML444)//CKDHL151787,CKDHL151787,(CML395/CML444),2017
7@2017,KibokoDT2017,Drought,2,2@2017,16,16@2017,96,2@07,1.841111203,62,14.3,195,117.5,63,(CML395/CML444)//CKDHL151787,CKDHL151787,(CML395/CML444),2017
7@2017,KibokoDT2017,Drought,2,2@2017,27,27@2017,161,3@07,0.951364479,64,13.4,159,92.5,68,(CML395/CML444)//CKDHL151789,CKDHL151789,(CML395/CML444),2017
7@2017,KibokoDT2017,Drought,1,1@2017,3,3@2017,16,3@07,3.606933515,63,14.1,180,107.5,63,(CML395/CML444)//CKDHL151789,CKDHL151789,(CML395/CML444),2017
7@2017,KibokoDT2017,Drought,2,2@2017,27,27@2017,157,4@07,1.916155965,63,16.5,172.5,99.5,64,(CML395/CML444)//CKDHL151796,CKDHL151796,(CML395/CML444),2017
7@2017,KibokoDT2017,Drought,1,1@2017,7,7@2017,40,4@07,2.589996416,64,15.8,196.5,126,64,(CML395/CML444)//CKDHL151796,CKDHL151796,(CML395/CML444),2017
7@2017,KibokoDT2017,Drought,1,1@2017,13,13@2017,74,5@07,1.196224262,62,12.5,167.5,95.5,64,(CML395/CML444)//CKDHL151807,CKDHL151807,(CML395/CML444),2017
7@2017,KibokoDT2017,Drought,2,2@2017,21,21@2017,125,5@07,1.028752865,61,14,163.5,84.5,62,(CML395/CML444)//CKDHL151807,CKDHL151807,(CML395/CML444),2017
7@2017,KibokoDT2017,Drought,2,2@2017,15,15@2017,89,6@07,2.729149034,61,17.8,201.5,136.5,60,(CML395/CML444)//CKDHL151809,CKDHL151809,(CML395/CML444),2017
7@2017,KibokoDT2017,Drought,1,1@2017,8,8@2017,43,6@07,2.990414178,61,16.1,179.5,113,61,(CML395/CML444)//CKDHL151809,CKDHL151809,(CML395/CML444),2017
7@2017,KibokoDT2017,Drought,1,1@2017,12,12@2017,69,7@07,2.769283579,64,17.8,183.5,118.5,64,(CML395/CML444)//CKDHL151815,CKDHL151815,(CML395/CML444),2017
7@2017,KibokoDT2017,Drought,2,2@2017,28,28@2017,166,7@07,2.353290489,66,16.9,175.5,112,66,(CML395/CML444)//CKDHL151815,CKDHL151815,(CML395/CML444),2017
7@2017,KibokoDT2017,Drought,2,2@2017,18,18@2017,106,8@07,2.721483434,64,19.8,174,117.5,65,(CML395/CML444)//CKDHL151822,CKDHL151822,(CML395/CML444),2017
7@2017,KibokoDT2017,Drought,1,1@2017,4,4@2017,23,8@07,3.71149328,65,18.7,186.5,118.5,66,(CML395/CML444)//CKDHL151822,CKDHL151822,(CML395/CML444),2017
7@2017,KibokoDT2017,Drought,2,2@2017,18,18@2017,105,9@07,2.129254773,62,11.9,181,105,62,(CML395/CML444)//CKDHL151832,CKDHL151832,(CML395/CML444),2017
7@2017,KibokoDT2017,Drought,1,1@2017,12,12@2017,68,9@07,3.091043492,64,16.7,192,121,63,(CML395/CML444)//CKDHL151832,CKDHL151832,(CML395/CML444),2017
7@2017,KibokoDT2017,Drought,2,2@2017,26,26@2017,154,10@07,0.384500656,66,12.5,156.5,106,73,(CML395/CML444)//CKDHL151834,CKDHL151834,(CML395/CML444),2017
7@2017,KibokoDT2017,Drought,1,1@2017,9,9@2017,50,10@07,1.224103611,66,17.8,159.5,109.5,64,(CML395/CML444)//CKDHL151834,CKDHL151834,(CML395/CML444),2017
7@2017,KibokoDT2017,Drought,1,1@2017,1,1@2017,3,11@07,3.161547486,63,14.8,189,110.5,61,(CML395/CML444)//CKDHL151836,CKDHL151836,(CML395/CML444),2017
7@2017,KibokoDT2017,Drought,2,2@2017,25,25@2017,150,11@07,1.736917628,62,15.3,171.5,97.5,62,(CML395/CML444)//CKDHL151836,CKDHL151836,(CML395/CML444),2017
7@2017,KibokoDT2017,Drought,2,2@2017,16,16@2017,94,12@07,1.458905345,65,17,188,125,64,(CML395/CML444)//CKDHL151837,CKDHL151837,(CML395/CML444),2017
7@2017,KibokoDT2017,Drought,1,1@2017,9,9@2017,49,12@07,1.900092382,65,15.4,178.5,121,65,(CML395/CML444)//CKDHL151837,CKDHL151837,(CML395/CML444),2017
7@2017,KibokoDT2017,Drought,1,1@2017,1,1@2017,6,13@07,3.581593091,64,13.7,203.5,122,65,(CML395/CML444)//CKDHL151839,CKDHL151839,(CML395/CML444),2017
7@2017,KibokoDT2017,Drought,2,2@2017,24,24@2017,141,13@07,2.208864718,64,13,179.5,109.5,67,(CML395/CML444)//CKDHL151839,CKDHL151839,(CML395/CML444),2017
7@2017,KibokoDT2017,Drought,2,2@2017,17,17@2017,99,14@07,1.2903842,62,16.1,179.5,103,63,(CML395/CML444)//CKDHL151840,CKDHL151840,(CML395/CML444),2017
7@2017,KibokoDT2017,Drought,1,1@2017,13,13@2017,77,14@07,2.266674087,62,17.1,188,109,63,(CML395/CML444)//CKDHL151840,CKDHL151840,(CML395/CML444),2017
7@2017,KibokoDT2017,Drought,1,1@2017,2,2@2017,10,15@07,3.378991761,63,18.1,207,133,61,(CML395/CML444)//CKDHL151847,CKDHL151847,(CML395/CML444),2017
7@2017,KibokoDT2017,Drought,2,2@2017,21,21@2017,122,15@07,2.246460338,64,14,175,108.5,64,(CML395/CML444)//CKDHL151847,CKDHL151847,(CML395/CML444),2017
7@2017,KibokoDT2017,Drought,1,1@2017,4,4@2017,22,16@07,4.357332318,61,14.6,179,109.5,61,(CML395/CML444)//CKDHL151851,CKDHL151851,(CML395/CML444),2017
7@2017,KibokoDT2017,Drought,2,2@2017,17,17@2017,97,16@07,1.833787381,60,15.6,175,103.5,62,(CML395/CML444)//CKDHL151851,CKDHL151851,(CML395/CML444),2017
7@2017,KibokoDT2017,Drought,2,2@2017,23,23@2017,135,17@07,1.574621732,61,14,191.5,106,61,(CML395/CML444)//CKDHL151857,CKDHL151857,(CML395/CML444),2017
7@2017,KibokoDT2017,Drought,1,1@2017,8,8@2017,44,17@07,2.426821662,61,12.8,192.5,113.5,61,(CML395/CML444)//CKDHL151857,CKDHL151857,(CML395/CML444),2017
7@2017,KibokoDT2017,Drought,1,1@2017,13,13@2017,75,18@07,1.5306788,63,16.4,182.5,109.5,64,(CML395/CML444)//CKDHL151859,CKDHL151859,(CML395/CML444),2017
7@2017,KibokoDT2017,Drought,2,2@2017,21,21@2017,124,18@07,1.551820233,61,14.1,177.5,97,63,(CML395/CML444)//CKDHL151859,CKDHL151859,(CML395/CML444),2017
7@2017,KibokoDT2017,Drought,2,2@2017,15,15@2017,87,19@07,3.20881055,62,15.2,204,129,62,(CML395/CML444)//CKDHL151862,CKDHL151862,(CML395/CML444),2017
7@2017,KibokoDT2017,Drought,1,1@2017,9,9@2017,52,19@07,1.15228133,64,20,163.5,100.5,65,(CML395/CML444)//CKDHL151862,CKDHL151862,(CML395/CML444),2017
7@2017,KibokoDT2017,Drought,1,1@2017,8,8@2017,46,20@07,1.888862522,61,15.9,169.5,108,63,(CML395/CML444)//CKDHL151863,CKDHL151863,(CML395/CML444),2017
7@2017,KibokoDT2017,Drought,2,2@2017,15,15@2017,86,20@07,2.747898018,61,16,195,125,61,(CML395/CML444)//CKDHL151863,CKDHL151863,(CML395/CML444),2017
7@2017,KibokoDT2017,Drought,2,2@2017,23,23@2017,137,21@07,1.257744367,63,19.5,185,116,65,(CML395/CML444)//CKDHL151871,CKDHL151871,(CML395/CML444),2017
7@2017,KibokoDT2017,Drought,1,1@2017,8,8@2017,48,21@07,2.206032841,61,22.1,189,117,64,(CML395/CML444)//CKDHL151871,CKDHL151871,(CML395/CML444),2017
7@2017,KibokoDT2017,Drought,1,1@2017,10,10@2017,59,22@07,2.52562002,64,14.5,191.5,126,64,(CML395/CML444)//CKDHL151873,CKDHL151873,(CML395/CML444),2017
7@2017,KibokoDT2017,Drought,2,2@2017,15,15@2017,85,22@07,2.509532025,64,17.1,204,138,64,(CML395/CML444)//CKDHL151873,CKDHL151873,(CML395/CML444),2017
7@2017,KibokoDT2017,Drought,1,1@2017,7,7@2017,37,23@07,2.612407311,61,13,177.5,105,61,(CML395/CML444)//CKDHL151880,CKDHL151880,(CML395/CML444),2017
7@2017,KibokoDT2017,Drought,2,2@2017,20,20@2017,120,23@07,1.922869469,64,11.5,181.5,107,64,(CML395/CML444)//CKDHL151880,CKDHL151880,(CML395/CML444),2017
7@2017,KibokoDT2017,Drought,2,2@2017,15,15@2017,88,24@07,2.656106116,63,15,204.5,131,62,(CML395/CML444)//CKDHL151885,CKDHL151885,(CML395/CML444),2017
7@2017,KibokoDT2017,Drought,1,1@2017,11,11@2017,62,24@07,3.226387723,63,17.4,207,133.5,62,(CML395/CML444)//CKDHL151885,CKDHL151885,(CML395/CML444),2017
7@2017,KibokoDT2017,Drought,2,2@2017,21,21@2017,123,25@07,1.977431943,64,19,167,104.5,67,(CML395/CML444)//CKDHL151896,CKDHL151896,(CML395/CML444),2017
7@2017,KibokoDT2017,Drought,1,1@2017,2,2@2017,8,25@07,4.362971661,63,15.3,206,127,63,(CML395/CML444)//CKDHL151896,CKDHL151896,(CML395/CML444),2017
7@2017,KibokoDT2017,Drought,1,1@2017,5,5@2017,28,26@07,3.270965386,64,17.8,205.5,131,63,(CML395/CML444)//CKDHL151902,CKDHL151902,(CML395/CML444),2017
7@2017,KibokoDT2017,Drought,2,2@2017,16,16@2017,92,26@07,1.683673442,64,12.7,183.5,125,65,(CML395/CML444)//CKDHL151902,CKDHL151902,(CML395/CML444),2017
7@2017,KibokoDT2017,Drought,2,2@2017,25,25@2017,145,27@07,1.593370717,65,11.8,163,100,66,(CML395/CML444)//CKDHL151904,CKDHL151904,(CML395/CML444),2017
7@2017,KibokoDT2017,Drought,1,1@2017,5,5@2017,29,27@07,3.037188988,65,14.2,208,132.5,64,(CML395/CML444)//CKDHL151904,CKDHL151904,(CML395/CML444),2017
7@2017,KibokoDT2017,Drought,2,2@2017,17,17@2017,101,28@07,0.926097293,64,15.7,186.5,106,69,(CML395/CML444)//CKDHL151906,CKDHL151906,(CML395/CML444),2017
7@2017,KibokoDT2017,Drought,1,1@2017,5,5@2017,27,28@07,2.931872427,64,16.6,224,136,65,(CML395/CML444)//CKDHL151906,CKDHL151906,(CML395/CML444),2017
7@2017,KibokoDT2017,Drought,1,1@2017,11,11@2017,61,29@07,2.795551687,66,15.8,214,150.5,66,(CML395/CML444)//CKDHL151912,CKDHL151912,(CML395/CML444),2017
7@2017,KibokoDT2017,Drought,2,2@2017,28,28@2017,164,29@07,1.369042048,67,16.3,184.5,123,67,(CML395/CML444)//CKDHL151912,CKDHL151912,(CML395/CML444),2017
7@2017,KibokoDT2017,Drought,2,2@2017,23,23@2017,133,30@07,1.945011824,64,13.4,184.5,114.5,64,(CML395/CML444)//CKDHL151914,CKDHL151914,(CML395/CML444),2017
7@2017,KibokoDT2017,Drought,1,1@2017,1,1@2017,2,30@07,3.890414252,66,17,188,119,64,(CML395/CML444)//CKDHL151914,CKDHL151914,(CML395/CML444),2017
7@2017,KibokoDT2017,Drought,1,1@2017,14,14@2017,80,31@07,2.935876117,65,14.1,210.5,139,64,(CML395/CML444)//CKDHL151916,CKDHL151916,(CML395/CML444),2017
7@2017,KibokoDT2017,Drought,2,2@2017,20,20@2017,116,31@07,1.989150058,65,16,181,120,65,(CML395/CML444)//CKDHL151916,CKDHL151916,(CML395/CML444),2017
7@2017,KibokoDT2017,Drought,1,1@2017,4,4@2017,21,32@07,3.775576723,61,13.6,199.5,124,61,(CML395/CML444)//CKDHL151918,CKDHL151918,(CML395/CML444),2017
7@2017,KibokoDT2017,Drought,2,2@2017,22,22@2017,131,32@07,2.95684666,62,14.1,191,107.5,61,(CML395/CML444)//CKDHL151918,CKDHL151918,(CML395/CML444),2017
7@2017,KibokoDT2017,Drought,1,1@2017,12,12@2017,71,33@07,2.888027146,62,15.5,188,121,61,(CML395/CML444)//CKDHL151921,CKDHL151921,(CML395/CML444),2017
7@2017,KibokoDT2017,Drought,2,2@2017,18,18@2017,108,33@07,1.736917628,63,15.3,180.5,109,64,(CML395/CML444)//CKDHL151921,CKDHL151921,(CML395/CML444),2017
7@2017,KibokoDT2017,Drought,2,2@2017,20,20@2017,118,34@07,2.528622787,66,15.1,174.5,111.5,66,(CML395/CML444)//CKDHL151927,CKDHL151927,(CML395/CML444),2017
7@2017,KibokoDT2017,Drought,1,1@2017,1,1@2017,4,34@07,3.734856273,64,16.4,202.5,126.5,63,(CML395/CML444)//CKDHL151927,CKDHL151927,(CML395/CML444),2017
7@2017,KibokoDT2017,Drought,1,1@2017,8,8@2017,47,35@07,1.425215763,64,16.6,202.5,121,66,(CML395/CML444)//CKDHL151929,CKDHL151929,(CML395/CML444),2017
7@2017,KibokoDT2017,Drought,2,2@2017,16,16@2017,95,35@07,1.490544256,65,15.2,185,122.5,67,(CML395/CML444)//CKDHL151929,CKDHL151929,(CML395/CML444),2017
7@2017,KibokoDT2017,Drought,1,1@2017,5,5@2017,26,36@07,2.815765436,66,21,197.5,125.5,64,(CML395/CML444)//CKDHL151935,CKDHL151935,(CML395/CML444),2017
7@2017,KibokoDT2017,Drought,2,2@2017,17,17@2017,102,36@07,1.150792153,65,17.3,166.5,102,65,(CML395/CML444)//CKDHL151935,CKDHL151935,(CML395/CML444),2017
7@2017,KibokoDT2017,Drought,1,1@2017,4,4@2017,24,37@07,3.660446241,66,16.7,193,123,64,(CML395/CML444)//CKDHL151937,CKDHL151937,(CML395/CML444),2017
7@2017,KibokoDT2017,Drought,2,2@2017,22,22@2017,132,37@07,2.560994081,63,15.4,186,116.5,61,(CML395/CML444)//CKDHL151937,CKDHL151937,(CML395/CML444),2017
7@2017,KibokoDT2017,Drought,1,1@2017,13,13@2017,76,38@07,2.209597101,64,13.8,184,115,65,(CML395/CML444)//CKDHL151955,CKDHL151955,(CML395/CML444),2017
7@2017,KibokoDT2017,Drought,2,2@2017,22,22@2017,130,38@07,1.603038162,63,13.6,168.5,108.5,64,(CML395/CML444)//CKDHL151955,CKDHL151955,(CML395/CML444),2017
7@2017,KibokoDT2017,Drought,1,1@2017,6,6@2017,33,39@07,3.272210436,63,15.7,211,133.5,62,(CML395/CML444)//CKDHL151964,CKDHL151964,(CML395/CML444),2017
7@2017,KibokoDT2017,Drought,2,2@2017,19,19@2017,114,39@07,1.145226048,64,17.7,172,107,67,(CML395/CML444)//CKDHL151964,CKDHL151964,(CML395/CML444),2017
7@2017,KibokoDT2017,Drought,1,1@2017,4,4@2017,20,40@07,3.765909278,61,14.3,186.5,114,61,(CML395/CML444)//CKDHL151966,CKDHL151966,(CML395/CML444),2017
7@2017,KibokoDT2017,Drought,2,2@2017,25,25@2017,146,40@07,0.994794744,64,13.3,175,102.5,68,(CML395/CML444)//CKDHL151966,CKDHL151966,(CML395/CML444),2017
7@2017,KibokoDT2017,Drought,1,1@2017,6,6@2017,32,41@07,4.061401083,65,16.4,220.5,134,64,(CML395/CML444)//CKDHL151972,CKDHL151972,(CML395/CML444),2017
7@2017,KibokoDT2017,Drought,2,2@2017,16,16@2017,93,41@07,2.038366142,64,14.8,197,126.5,64,(CML395/CML444)//CKDHL151972,CKDHL151972,(CML395/CML444),2017
7@2017,KibokoDT2017,Drought,2,2@2017,20,20@2017,115,42@07,1.716093561,61,17.3,174,91,62,(CML395/CML444)//CKDHL151974,CKDHL151974,(CML395/CML444),2017
7@2017,KibokoDT2017,Drought,1,1@2017,14,14@2017,81,42@07,2.534042416,60,13.5,205,125,59,(CML395/CML444)//CKDHL151974,CKDHL151974,(CML395/CML444),2017
7@2017,KibokoDT2017,Drought,1,1@2017,7,7@2017,39,43@07,2.54334367,62,15.3,216.5,125.5,62,(CML395/CML444)//CKDHL151978,CKDHL151978,(CML395/CML444),2017
7@2017,KibokoDT2017,Drought,2,2@2017,23,23@2017,134,43@07,1.132409359,62,14.1,181,102.5,62,(CML395/CML444)//CKDHL151978,CKDHL151978,(CML395/CML444),2017
7@2017,KibokoDT2017,Drought,1,1@2017,6,6@2017,35,44@07,2.970542208,64,15.5,180,122,64,(CML395/CML444)//CKDHL151988,CKDHL151988,(CML395/CML444),2017
7@2017,KibokoDT2017,Drought,2,2@2017,19,19@2017,109,44@07,3.494122243,64,16.3,190,121,64,(CML395/CML444)//CKDHL151988,CKDHL151988,(CML395/CML444),2017
7@2017,KibokoDT2017,Drought,2,2@2017,15,15@2017,90,45@07,3.621044079,62,16.2,194.5,118.5,61,(CML395/CML444)//CKDHL151995,CKDHL151995,(CML395/CML444),2017
7@2017,KibokoDT2017,Drought,1,1@2017,14,14@2017,79,45@07,2.9494496,64,16.1,188.5,116,63,(CML395/CML444)//CKDHL151995,CKDHL151995,(CML395/CML444),2017
7@2017,KibokoDT2017,Drought,2,2@2017,19,19@2017,111,46@07,2.908655912,62,15.5,197.5,117.5,61,(CML395/CML444)//CKDHL152007,CKDHL152007,(CML395/CML444),2017
7@2017,KibokoDT2017,Drought,1,1@2017,2,2@2017,9,46@07,3.125563107,63,17.4,196,122.5,63,(CML395/CML444)//CKDHL152007,CKDHL152007,(CML395/CML444),2017
7@2017,KibokoDT2017,Drought,1,1@2017,14,14@2017,82,47@07,3.033673553,62,16.6,204,125.5,62,(CML395/CML444)//CKDHL152010,CKDHL152010,(CML395/CML444),2017
7@2017,KibokoDT2017,Drought,2,2@2017,24,24@2017,139,47@07,0.622085442,62,17.8,170.5,110.5,63,(CML395/CML444)//CKDHL152010,CKDHL152010,(CML395/CML444),2017
7@2017,KibokoDT2017,Drought,1,1@2017,11,11@2017,64,48@07,2.599956814,65,14.8,188,118,64,(CML395/CML444)//CKDHL152015,CKDHL152015,(CML395/CML444),2017
7@2017,KibokoDT2017,Drought,2,2@2017,24,24@2017,142,48@07,0.786432008,64,17.4,161.5,99.5,64,(CML395/CML444)//CKDHL152015,CKDHL152015,(CML395/CML444),2017
7@2017,KibokoDT2017,Drought,1,1@2017,5,5@2017,25,49@07,2.917517736,64,13.4,207,123.5,64,(CML395/CML444)//CKDHL152020,CKDHL152020,(CML395/CML444),2017
7@2017,KibokoDT2017,Drought,2,2@2017,18,18@2017,104,49@07,1.064395466,62,12.8,183.5,111.5,64,(CML395/CML444)//CKDHL152020,CKDHL152020,(CML395/CML444),2017
7@2017,KibokoDT2017,Drought,1,1@2017,4,4@2017,19,50@07,3.697993035,63,14.9,217,139.5,63,(CML395/CML444)//CKDHL152023,CKDHL152023,(CML395/CML444),2017
7@2017,KibokoDT2017,Drought,2,2@2017,25,25@2017,148,50@07,2.413565544,64,15.5,188,115.5,66,(CML395/CML444)//CKDHL152023,CKDHL152023,(CML395/CML444),2017
7@2017,KibokoDT2017,Drought,2,2@2017,28,28@2017,167,51@07,1.696636607,62,14.2,168.5,94.5,64,(CML395/CML444)//CKDHL152030,CKDHL152030,(CML395/CML444),2017
7@2017,KibokoDT2017,Drought,1,1@2017,12,12@2017,70,51@07,2.710107097,64,15.9,198,121,63,(CML395/CML444)//CKDHL152030,CKDHL152030,(CML395/CML444),2017
7@2017,KibokoDT2017,Drought,2,2@2017,19,19@2017,110,52@07,2.451917958,64,15.6,200.5,121,64,(CML395/CML444)//CKDHL152035,CKDHL152035,(CML395/CML444),2017
7@2017,KibokoDT2017,Drought,1,1@2017,14,14@2017,84,52@07,2.995296726,63,14.2,207,124.5,65,(CML395/CML444)//CKDHL152035,CKDHL152035,(CML395/CML444),2017
7@2017,KibokoDT2017,Drought,1,1@2017,3,3@2017,18,53@07,2.958335838,65,17,198,124.5,65,(CML395/CML444)//CKDHL152037,CKDHL152037,(CML395/CML444),2017
7@2017,KibokoDT2017,Drought,2,2@2017,27,27@2017,162,53@07,0.843777534,66,15.7,150,94,69,(CML395/CML444)//CKDHL152037,CKDHL152037,(CML395/CML444),2017
7@2017,KibokoDT2017,Drought,2,2@2017,25,25@2017,147,54@07,1.982924809,60,14.5,184.5,108.5,61,(CML395/CML444)//CKDHL152039,CKDHL152039,(CML395/CML444),2017
7@2017,KibokoDT2017,Drought,1,1@2017,2,2@2017,12,54@07,3.292057994,61,13,201.5,113.5,61,(CML395/CML444)//CKDHL152039,CKDHL152039,(CML395/CML444),2017
7@2017,KibokoDT2017,Drought,2,2@2017,28,28@2017,165,55@07,1.372313356,61,16.1,167.5,96.5,62,(CML395/CML444)//CKDHL152041,CKDHL152041,(CML395/CML444),2017
7@2017,KibokoDT2017,Drought,1,1@2017,10,10@2017,58,55@07,1.982045951,62,16.3,186.5,116.5,62,(CML395/CML444)//CKDHL152041,CKDHL152041,(CML395/CML444),2017
7@2017,KibokoDT2017,Drought,1,1@2017,11,11@2017,66,56@07,2.572492481,66,15.7,202.5,135.5,65,(CML395/CML444)//CKDHL152043,CKDHL152043,(CML395/CML444),2017
7@2017,KibokoDT2017,Drought,2,2@2017,20,20@2017,119,56@07,2.066929048,65,17.8,168.5,110,66,(CML395/CML444)//CKDHL152043,CKDHL152043,(CML395/CML444),2017
7@2017,KibokoDT2017,Drought,1,1@2017,7,7@2017,42,57@07,1.934978188,61,12.9,191,112.5,61,(CML395/CML444)//CKDHL152046,CKDHL152046,(CML395/CML444),2017
7@2017,KibokoDT2017,Drought,2,2@2017,18,18@2017,107,57@07,1.487175298,60,14.2,165.5,93.5,60,(CML395/CML444)//CKDHL152046,CKDHL152046,(CML395/CML444),2017
7@2017,KibokoDT2017,Drought,2,2@2017,20,20@2017,117,58@07,1.864742735,62,13.2,179.5,107,62,(CML395/CML444)//CKDHL152058,CKDHL152058,(CML395/CML444),2017
7@2017,KibokoDT2017,Drought,1,1@2017,6,6@2017,34,58@07,2.970859573,61,14.9,212,127,61,(CML395/CML444)//CKDHL152058,CKDHL152058,(CML395/CML444),2017
7@2017,KibokoDT2017,Drought,1,1@2017,9,9@2017,54,59@07,2.058848431,64,16.5,179,100.5,64,(CML395/CML444)//CKDHL152065,CKDHL152065,(CML395/CML444),2017
7@2017,KibokoDT2017,Drought,2,2@2017,26,26@2017,156,59@07,1.755617787,63,12.3,178.5,103.5,63,(CML395/CML444)//CKDHL152065,CKDHL152065,(CML395/CML444),2017
7@2017,KibokoDT2017,Drought,1,1@2017,13,13@2017,73,60@07,1.227472569,63,16.2,159,90.5,64,(CML395/CML444)//CKDHL152069,CKDHL152069,(CML395/CML444),2017
7@2017,KibokoDT2017,Drought,2,2@2017,22,22@2017,128,60@07,1.42001585,63,15.7,167.5,81.5,64,(CML395/CML444)//CKDHL152069,CKDHL152069,(CML395/CML444),2017
7@2017,KibokoDT2017,Drought,1,1@2017,10,10@2017,57,61@07,2.724998868,62,16.7,185.5,104,64,(CML395/CML444)//CKDHL152073,CKDHL152073,(CML395/CML444),2017
7@2017,KibokoDT2017,Drought,2,2@2017,19,19@2017,113,61@07,1.817772623,64,12.4,168.5,97.5,67,(CML395/CML444)//CKDHL152073,CKDHL152073,(CML395/CML444),2017
7@2017,KibokoDT2017,Drought,2,2@2017,27,27@2017,158,62@07,1.826072955,64,15,159.5,97.5,64,(CML395/CML444)//CKDHL152075,CKDHL152075,(CML395/CML444),2017
7@2017,KibokoDT2017,Drought,1,1@2017,7,7@2017,38,62@07,2.977499839,63,13.5,181,123.5,63,(CML395/CML444)//CKDHL152075,CKDHL152075,(CML395/CML444),2017
7@2017,KibokoDT2017,Drought,1,1@2017,13,13@2017,78,63@07,3.245844677,62,13.1,203,123.5,64,(CML395/CML444)//CKDHL152082,CKDHL152082,(CML395/CML444),2017
7@2017,KibokoDT2017,Drought,2,2@2017,28,28@2017,168,63@07,2.570319747,64,13.7,192,118,66,(CML395/CML444)//CKDHL152082,CKDHL152082,(CML395/CML444),2017
7@2017,KibokoDT2017,Drought,1,1@2017,2,2@2017,7,64@07,2.34787086,63,17.8,182.5,117,63,(CML395/CML444)//CKDHL152084,CKDHL152084,(CML395/CML444),2017
7@2017,KibokoDT2017,Drought,2,2@2017,23,23@2017,136,64@07,0.949167333,61,13.6,179,104.5,62,(CML395/CML444)//CKDHL152084,CKDHL152084,(CML395/CML444),2017
7@2017,KibokoDT2017,Drought,2,2@2017,22,22@2017,127,65@07,0.914012987,67,16.8,158,96,69,(CML395/CML444)//CKDHL152087,CKDHL152087,(CML395/CML444),2017
7@2017,KibokoDT2017,Drought,1,1@2017,9,9@2017,53,65@07,0.902294872,64,16,167,107.5,67,(CML395/CML444)//CKDHL152087,CKDHL152087,(CML395/CML444),2017
7@2017,KibokoDT2017,Drought,1,1@2017,2,2@2017,11,66@07,2.686304675,62,14.7,177.5,116.5,61,(CML395/CML444)//CKDHL152089,CKDHL152089,(CML395/CML444),2017
7@2017,KibokoDT2017,Drought,2,2@2017,19,19@2017,112,66@07,2.051841975,64,17.6,189.5,119,64,(CML395/CML444)//CKDHL152089,CKDHL152089,(CML395/CML444),2017
7@2017,KibokoDT2017,Drought,2,2@2017,23,23@2017,138,67@07,1.845603147,63,16,177.5,102.5,64,(CML395/CML444)//CKDHL152107,CKDHL152107,(CML395/CML444),2017
7@2017,KibokoDT2017,Drought,1,1@2017,11,11@2017,63,67@07,3.423154408,62,14.5,201,116,62,(CML395/CML444)//CKDHL152107,CKDHL152107,(CML395/CML444),2017
7@2017,KibokoDT2017,Drought,1,1@2017,9,9@2017,51,68@07,1.299612216,66,18.1,165,101.5,66,(CML395/CML444)//CKDHL152126,CKDHL152126,(CML395/CML444),2017
7@2017,KibokoDT2017,Drought,2,2@2017,26,26@2017,153,68@07,0.653870829,65,16.3,161,98.5,66,(CML395/CML444)//CKDHL152126,CKDHL152126,(CML395/CML444),2017
7@2017,KibokoDT2017,Drought,2,2@2017,26,26@2017,155,69@07,1.543666378,61,16.8,173.5,111,61,(CML395/CML444)//CKDHL152128,CKDHL152128,(CML395/CML444),2017
7@2017,KibokoDT2017,Drought,1,1@2017,7,7@2017,41,69@07,2.173710373,61,15.2,185.5,120,61,(CML395/CML444)//CKDHL152128,CKDHL152128,(CML395/CML444),2017
7@2017,KibokoDT2017,Drought,2,2@2017,25,25@2017,149,70@07,1.724613607,64,15.9,178,111,64,(CML395/CML444)//CKDHL152136,CKDHL152136,(CML395/CML444),2017
7@2017,KibokoDT2017,Drought,1,1@2017,10,10@2017,55,70@07,2.272142541,64,16.9,178.5,118,64,(CML395/CML444)//CKDHL152136,CKDHL152136,(CML395/CML444),2017
7@2017,KibokoDT2017,Drought,1,1@2017,10,10@2017,60,71@07,2.254296828,64,13.7,199.5,135,65,(CML395/CML444)//CKDHL152139,CKDHL152139,(CML395/CML444),2017
7@2017,KibokoDT2017,Drought,2,2@2017,17,17@2017,98,71@07,1.591905952,63,14.2,189.5,120,65,(CML395/CML444)//CKDHL152139,CKDHL152139,(CML395/CML444),2017
7@2017,KibokoDT2017,Drought,2,2@2017,21,21@2017,121,72@07,4.239467609,66,15.7,171.5,96,63,(CML395/CML444)//CKDHL152140,CKDHL152140,(CML395/CML444),2017
7@2017,KibokoDT2017,Drought,1,1@2017,12,12@2017,67,72@07,3.537406031,62,17.2,184,106.5,62,(CML395/CML444)//CKDHL152140,CKDHL152140,(CML395/CML444),2017
7@2017,KibokoDT2017,Drought,2,2@2017,26,26@2017,151,73@07,0.790240395,65,17,173,109.5,69,(CML395/CML444)//CKDHL152142,CKDHL152142,(CML395/CML444),2017
7@2017,KibokoDT2017,Drought,1,1@2017,10,10@2017,56,73@07,1.781690593,64,19.8,184.5,117,63,(CML395/CML444)//CKDHL152142,CKDHL152142,(CML395/CML444),2017
7@2017,KibokoDT2017,Drought,2,2@2017,24,24@2017,143,74@07,1.674591903,64,19.3,177,109.5,66,(CML395/CML444)//CKDHL152144,CKDHL152144,(CML395/CML444),2017
7@2017,KibokoDT2017,Drought,1,1@2017,14,14@2017,83,74@07,2.923381676,65,13.1,204.5,139,63,(CML395/CML444)//CKDHL152144,CKDHL152144,(CML395/CML444),2017
7@2017,KibokoDT2017,Drought,1,1@2017,3,3@2017,14,75@07,4.623357946,62,17.3,189.5,117,62,(CML395/CML444)//CKDHL152149,CKDHL152149,(CML395/CML444),2017
7@2017,KibokoDT2017,Drought,2,2@2017,24,24@2017,140,75@07,1.468475139,63,17.6,164,101.5,62,(CML395/CML444)//CKDHL152149,CKDHL152149,(CML395/CML444),2017
7@2017,KibokoDT2017,Drought,1,1@2017,12,12@2017,72,76@07,2.543856337,66,17.3,194.5,132,67,(CML395/CML444)//CKDHL152150,CKDHL152150,(CML395/CML444),2017
7@2017,KibokoDT2017,Drought,2,2@2017,16,16@2017,91,76@07,1.869771759,64,14.9,189,129.5,65,(CML395/CML444)//CKDHL152150,CKDHL152150,(CML395/CML444),2017
7@2017,KibokoDT2017,Drought,2,2@2017,22,22@2017,129,77@07,1.716240037,63,15.3,173.5,102,64,(CML395/CML444)//CKDHL152152,CKDHL152152,(CML395/CML444),2017
7@2017,KibokoDT2017,Drought,1,1@2017,3,3@2017,17,77@07,3.326187004,63,18.9,197,131.5,62,(CML395/CML444)//CKDHL152152,CKDHL152152,(CML395/CML444),2017
7@2017,KibokoDT2017,Drought,1,1@2017,1,1@2017,1,78@07,3.735149226,63,15,182.5,114,63,(CML395/CML444)//CKDHL152166,CKDHL152166,(CML395/CML444),2017
7@2017,KibokoDT2017,Drought,2,2@2017,26,26@2017,152,78@07,0.17088918,65,12.5,151,101.5,72,(CML395/CML444)//CKDHL152166,CKDHL152166,(CML395/CML444),2017
7@2017,KibokoDT2017,Drought,1,1@2017,3,3@2017,13,79@07,2.904041904,61,13.8,204.5,123.5,61,(CML395/CML444)//CKDHL152169,CKDHL152169,(CML395/CML444),2017
7@2017,KibokoDT2017,Drought,2,2@2017,27,27@2017,159,79@07,1.6170999,63,17.2,173.5,104.5,64,(CML395/CML444)//CKDHL152169,CKDHL152169,(CML395/CML444),2017
7@2017,KibokoDT2017,Drought,2,2@2017,18,18@2017,103,80@07,1.445307448,62,18.9,161,94.5,62,(CML395/CML444)//CKDHL152171,CKDHL152171,(CML395/CML444),2017
7@2017,KibokoDT2017,Drought,1,1@2017,1,1@2017,5,80@07,2.468274494,61,17.8,173,103,62,(CML395/CML444)//CKDHL152171,CKDHL152171,(CML395/CML444),2017
7@2017,KibokoDT2017,Drought,1,1@2017,8,8@2017,45,81@07,1.293826396,67,19.7,221,147,75,H517,H517,,2017
7@2017,KibokoDT2017,Drought,2,2@2017,24,24@2017,144,81@07,1.210701017,67,18.7,201.5,126,74,H517,H517,,2017
7@2017,KibokoDT2017,Drought,2,2@2017,21,21@2017,126,82@07,1.353442308,63,20.8,198,101.5,69,Pioneer 30G19,Pioneer 30G19,,2017
7@2017,KibokoDT2017,Drought,1,1@2017,11,11@2017,65,82@07,2.056870999,61,18.2,220.5,117.5,66,Pioneer 30G19,Pioneer 30G19,,2017
7@2017,KibokoDT2017,Drought,2,2@2017,28,28@2017,163,83@07,1.413253521,68,17.3,187.5,110,71,WH505,WH505,,2017
7@2017,KibokoDT2017,Drought,1,1@2017,5,5@2017,30,83@07,2.94642242,68,15.6,243,152.5,69,WH505,WH505,,2017
7@2017,KibokoDT2017,Drought,2,2@2017,17,17@2017,100,84@07,2.200198196,62,12.5,216,121,64,DK 8031,DK 8031,,2017
7@2017,KibokoDT2017,Drought,1,1@2017,6,6@2017,31,84@07,2.591387942,65,13.7,228.5,136,66,DK 8031,DK 8031,,2017
8@2017,KibokoDT2017,Drought,2,2@2017,20,20@2017,99,1@08,3.696541086,62,16.6,244,134,62,(CML395/CML444)//CKDHL152182,CKDHL152182,(CML395/CML444),2017
8@2017,KibokoDT2017,Drought,1,1@2017,7,7@2017,31,1@08,4.704826804,61,13.6,231.5,131,62,(CML395/CML444)//CKDHL152182,CKDHL152182,(CML395/CML444),2017
8@2017,KibokoDT2017,Drought,2,2@2017,24,24@2017,120,2@08,4.314834755,65,17.3,213.5,115,66,(CML395/CML444)//CKDHL152184,CKDHL152184,(CML395/CML444),2017
8@2017,KibokoDT2017,Drought,1,1@2017,8,8@2017,37,2@08,3.838476106,63,12.9,228.5,131.5,63,(CML395/CML444)//CKDHL152184,CKDHL152184,(CML395/CML444),2017
8@2017,KibokoDT2017,Drought,2,2@2017,23,23@2017,111,3@08,3.731999514,60,15.8,207,111,60,(CML395/CML444)//CKDHL152193,CKDHL152193,(CML395/CML444),2017
8@2017,KibokoDT2017,Drought,1,1@2017,7,7@2017,33,3@08,4.239561578,60,11.9,214.5,123.5,60,(CML395/CML444)//CKDHL152193,CKDHL152193,(CML395/CML444),2017
8@2017,KibokoDT2017,Drought,1,1@2017,11,11@2017,52,4@08,3.031923514,61,15.1,211.5,116.5,62,(CML395/CML444)//CKDHL152197,CKDHL152197,(CML395/CML444),2017
8@2017,KibokoDT2017,Drought,2,2@2017,17,17@2017,82,4@08,3.451523351,61,13.2,205,107.5,62,(CML395/CML444)//CKDHL152197,CKDHL152197,(CML395/CML444),2017
8@2017,KibokoDT2017,Drought,1,1@2017,13,13@2017,62,5@08,3.642365674,59,15.9,205,102,60,(CML395/CML444)//CKDHL152203,CKDHL152203,(CML395/CML444),2017
8@2017,KibokoDT2017,Drought,2,2@2017,23,23@2017,112,5@08,4.276007777,60,14.3,210,114,59,(CML395/CML444)//CKDHL152203,CKDHL152203,(CML395/CML444),2017
8@2017,KibokoDT2017,Drought,1,1@2017,11,11@2017,55,6@08,3.487311035,61,12.3,204,109,60,(CML395/CML444)//CKDHL152208,CKDHL152208,(CML395/CML444),2017
8@2017,KibokoDT2017,Drought,2,2@2017,18,18@2017,86,6@08,3.525631464,60,14.6,203.5,102.5,61,(CML395/CML444)//CKDHL152208,CKDHL152208,(CML395/CML444),2017
8@2017,KibokoDT2017,Drought,2,2@2017,20,20@2017,97,7@08,4.105376757,64,17.3,233,129,63,(CML395/CML444)//CKDHL152212,CKDHL152212,(CML395/CML444),2017
8@2017,KibokoDT2017,Drought,1,1@2017,6,6@2017,28,7@08,3.723134907,62,16,221.5,130,62,(CML395/CML444)//CKDHL152212,CKDHL152212,(CML395/CML444),2017
8@2017,KibokoDT2017,Drought,2,2@2017,18,18@2017,88,8@08,4.325928177,61,14.6,216,119.5,62,(CML395/CML444)//CKDHL152218,CKDHL152218,(CML395/CML444),2017
8@2017,KibokoDT2017,Drought,1,1@2017,5,5@2017,23,8@08,2.902502786,63,13.9,221.5,119,62,(CML395/CML444)//CKDHL152218,CKDHL152218,(CML395/CML444),2017
8@2017,KibokoDT2017,Drought,2,2@2017,24,24@2017,117,9@08,3.087669228,59,16.5,199,108.5,61,(CML395/CML444)//CKDHL152223,CKDHL152223,(CML395/CML444),2017
8@2017,KibokoDT2017,Drought,1,1@2017,15,15@2017,72,9@08,3.828446437,60,17.4,225.5,123,60,(CML395/CML444)//CKDHL152223,CKDHL152223,(CML395/CML444),2017
8@2017,KibokoDT2017,Drought,1,1@2017,1,1@2017,2,10@08,2.399041235,62,13.1,179.5,91.5,64,(CML395/CML444)//CKDHL152226,CKDHL152226,(CML395/CML444),2017
8@2017,KibokoDT2017,Drought,2,2@2017,21,21@2017,104,10@08,2.931297562,60,14.9,205.5,108,61,(CML395/CML444)//CKDHL152226,CKDHL152226,(CML395/CML444),2017
8@2017,KibokoDT2017,Drought,1,1@2017,3,3@2017,14,11@08,0.914827434,64,14,172.5,100,64,(CML395/CML444)//CKDHL152230,CKDHL152230,(CML395/CML444),2017
8@2017,KibokoDT2017,Drought,2,2@2017,22,22@2017,110,11@08,3.714624884,62,12.7,231,129.5,61,(CML395/CML444)//CKDHL152230,CKDHL152230,(CML395/CML444),2017
8@2017,KibokoDT2017,Drought,2,2@2017,16,16@2017,76,12@08,4.230545007,61,13.9,219.5,118.5,63,(CML395/CML444)//CKDHL152231,CKDHL152231,(CML395/CML444),2017
8@2017,KibokoDT2017,Drought,1,1@2017,8,8@2017,38,12@08,3.043356324,62,15.38,204,115,63,(CML395/CML444)//CKDHL152231,CKDHL152231,(CML395/CML444),2017
8@2017,KibokoDT2017,Drought,1,1@2017,3,3@2017,12,13@08,1.83390988,58,13.8,188,95.5,59,(CML395/CML444)//CKDHL152240,CKDHL152240,(CML395/CML444),2017
8@2017,KibokoDT2017,Drought,2,2@2017,17,17@2017,83,13@08,3.966911597,59,12.5,218.5,118,60,(CML395/CML444)//CKDHL152240,CKDHL152240,(CML395/CML444),2017
8@2017,KibokoDT2017,Drought,1,1@2017,10,10@2017,48,14@08,2.59879882,61,15.2,205.5,119,61,(CML395/CML444)//CKDHL152242,CKDHL152242,(CML395/CML444),2017
8@2017,KibokoDT2017,Drought,2,2@2017,25,25@2017,122,14@08,3.8978943,62,14.5,202,101.5,63,(CML395/CML444)//CKDHL152242,CKDHL152242,(CML395/CML444),2017
8@2017,KibokoDT2017,Drought,2,2@2017,27,27@2017,134,15@08,4.381445944,61,15.2,222.5,142.5,62,(CML395/CML444)//CKDHL152270,CKDHL152270,(CML395/CML444),2017
8@2017,KibokoDT2017,Drought,1,1@2017,14,14@2017,70,15@08,3.599536959,63,16.4,218,124,64,(CML395/CML444)//CKDHL152270,CKDHL152270,(CML395/CML444),2017
8@2017,KibokoDT2017,Drought,1,1@2017,1,1@2017,4,16@08,2.080877829,62,15.3,175.5,93,62,(CML395/CML444)//CKDHL152274,CKDHL152274,(CML395/CML444),2017
8@2017,KibokoDT2017,Drought,2,2@2017,30,30@2017,147,16@08,4.536981804,60,15.9,208.5,107.5,62,(CML395/CML444)//CKDHL152274,CKDHL152274,(CML395/CML444),2017
8@2017,KibokoDT2017,Drought,1,1@2017,5,5@2017,25,17@08,3.32944505,66,16.8,211.5,114,65,(CML395/CML444)//CKDHL152276,CKDHL152276,(CML395/CML444),2017
8@2017,KibokoDT2017,Drought,2,2@2017,28,28@2017,137,17@08,4.45682043,62,15.4,248.5,148,63,(CML395/CML444)//CKDHL152276,CKDHL152276,(CML395/CML444),2017
8@2017,KibokoDT2017,Drought,1,1@2017,10,10@2017,49,18@08,3.169020992,61,14.3,204,109,65,(CML395/CML444)//CKDHL152288,CKDHL152288,(CML395/CML444),2017
8@2017,KibokoDT2017,Drought,2,2@2017,30,30@2017,150,18@08,4.585382558,62,15.4,248,135,63,(CML395/CML444)//CKDHL152288,CKDHL152288,(CML395/CML444),2017
8@2017,KibokoDT2017,Drought,2,2@2017,30,30@2017,149,19@08,5.023522087,61,17.7,243,143,62,(CML395/CML444)//CKDHL152300,CKDHL152300,(CML395/CML444),2017
8@2017,KibokoDT2017,Drought,1,1@2017,14,14@2017,68,19@08,4.262508247,61,12.8,235.5,128,61,(CML395/CML444)//CKDHL152300,CKDHL152300,(CML395/CML444),2017
8@2017,KibokoDT2017,Drought,1,1@2017,8,8@2017,36,20@08,2.956321081,62,14.8,217.5,109.5,61,(CML395/CML444)//CKDHL152310,CKDHL152310,(CML395/CML444),2017
8@2017,KibokoDT2017,Drought,2,2@2017,21,21@2017,103,20@08,3.884217478,62,14.8,224,116.5,61,(CML395/CML444)//CKDHL152310,CKDHL152310,(CML395/CML444),2017
8@2017,KibokoDT2017,Drought,2,2@2017,18,18@2017,87,21@08,4.517150412,60,13,211,113,60,(CML395/CML444)//CKDHL152311,CKDHL152311,(CML395/CML444),2017
8@2017,KibokoDT2017,Drought,1,1@2017,6,6@2017,29,21@08,4.279680257,60,12.9,204,112,62,(CML395/CML444)//CKDHL152311,CKDHL152311,(CML395/CML444),2017
8@2017,KibokoDT2017,Drought,1,1@2017,7,7@2017,35,22@08,3.220764969,62,12.3,209.5,112,62,(CML395/CML444)//CKDHL152314,CKDHL152314,(CML395/CML444),2017
8@2017,KibokoDT2017,Drought,2,2@2017,28,28@2017,140,22@08,3.24824525,61,14.5,221,110.5,60,(CML395/CML444)//CKDHL152314,CKDHL152314,(CML395/CML444),2017
8@2017,KibokoDT2017,Drought,2,2@2017,26,26@2017,127,23@08,3.142705773,63,18.9,220,128,65,(CML395/CML444)//CKDHL152324,CKDHL152324,(CML395/CML444),2017
8@2017,KibokoDT2017,Drought,1,1@2017,15,15@2017,75,23@08,3.633298447,61,14.1,247.5,138,62,(CML395/CML444)//CKDHL152324,CKDHL152324,(CML395/CML444),2017
8@2017,KibokoDT2017,Drought,1,1@2017,13,13@2017,64,24@08,3.927071521,59,12.4,212.5,120.5,60,(CML395/CML444)//CKDHL152325,CKDHL152325,(CML395/CML444),2017
8@2017,KibokoDT2017,Drought,2,2@2017,19,19@2017,95,24@08,3.87368126,61,13.1,234,128,62,(CML395/CML444)//CKDHL152325,CKDHL152325,(CML395/CML444),2017
8@2017,KibokoDT2017,Drought,2,2@2017,28,28@2017,139,25@08,4.508792354,61,14,242.5,132.5,62,(CML395/CML444)//CKDHL152326,CKDHL152326,(CML395/CML444),2017
8@2017,KibokoDT2017,Drought,1,1@2017,9,9@2017,41,25@08,2.613792669,64,14,222,128,65,(CML395/CML444)//CKDHL152326,CKDHL152326,(CML395/CML444),2017
8@2017,KibokoDT2017,Drought,1,1@2017,10,10@2017,47,26@08,2.212732525,61,13.5,192.5,116,61,(CML395/CML444)//CKDHL152327,CKDHL152327,(CML395/CML444),2017
8@2017,KibokoDT2017,Drought,2,2@2017,21,21@2017,105,26@08,2.962855562,60,12.7,201,103,61,(CML395/CML444)//CKDHL152327,CKDHL152327,(CML395/CML444),2017
8@2017,KibokoDT2017,Drought,1,1@2017,7,7@2017,32,27@08,3.943483707,60,13.5,206,115,59,(CML395/CML444)//CKDHL152329,CKDHL152329,(CML395/CML444),2017
8@2017,KibokoDT2017,Drought,2,2@2017,22,22@2017,109,27@08,4.558282188,59,15.9,210,102,59,(CML395/CML444)//CKDHL152329,CKDHL152329,(CML395/CML444),2017
8@2017,KibokoDT2017,Drought,1,1@2017,1,1@2017,1,28@08,3.123304947,62,2.9,182,94,63,(CML395/CML444)//CKDHL152342,CKDHL152342,(CML395/CML444),2017
8@2017,KibokoDT2017,Drought,2,2@2017,19,19@2017,93,28@08,4.93505331,60,13.4,231.5,125,61,(CML395/CML444)//CKDHL152342,CKDHL152342,(CML395/CML444),2017
8@2017,KibokoDT2017,Drought,1,1@2017,14,14@2017,69,29@08,3.926716936,62,12.9,225.5,130,63,(CML395/CML444)//CKDHL152344,CKDHL152344,(CML395/CML444),2017
8@2017,KibokoDT2017,Drought,2,2@2017,24,24@2017,118,29@08,2.32792176,60,14.1,197.5,96.5,62,(CML395/CML444)//CKDHL152344,CKDHL152344,(CML395/CML444),2017
8@2017,KibokoDT2017,Drought,1,1@2017,15,15@2017,73,30@08,4.967193842,61,15.1,227,129,61,(CML395/CML444)//CKDHL152348,CKDHL152348,(CML395/CML444),2017
8@2017,KibokoDT2017,Drought,2,2@2017,28,28@2017,136,30@08,4.315923835,61,13.5,239,130,63,(CML395/CML444)//CKDHL152348,CKDHL152348,(CML395/CML444),2017
8@2017,KibokoDT2017,Drought,2,2@2017,29,29@2017,143,31@08,3.452637758,60,14.8,221.5,115.5,62,(CML395/CML444)//CKDHL152353,CKDHL152353,(CML395/CML444),2017
8@2017,KibokoDT2017,Drought,1,1@2017,3,3@2017,15,31@08,0.505738489,62,16.8,168,93,64,(CML395/CML444)//CKDHL152353,CKDHL152353,(CML395/CML444),2017
8@2017,KibokoDT2017,Drought,1,1@2017,13,13@2017,63,32@08,2.412692729,61,13.4,223,120.5,63,(CML395/CML444)//CKDHL152354,CKDHL152354,(CML395/CML444),2017
8@2017,KibokoDT2017,Drought,2,2@2017,27,27@2017,133,32@08,4.105680686,61,11.9,231,127,62,(CML395/CML444)//CKDHL152354,CKDHL152354,(CML395/CML444),2017
8@2017,KibokoDT2017,Drought,1,1@2017,11,11@2017,51,33@08,3.512207917,59,14.4,211.5,101.5,60,(CML395/CML444)//CKDHL152356,CKDHL152356,(CML395/CML444),2017
8@2017,KibokoDT2017,Drought,2,2@2017,26,26@2017,126,33@08,3.565294249,60,15.2,219.5,123,63,(CML395/CML444)//CKDHL152356,CKDHL152356,(CML395/CML444),2017
8@2017,KibokoDT2017,Drought,1,1@2017,2,2@2017,8,34@08,1.994587212,60,14.4,190,109.5,61,(CML395/CML444)//CKDHL152359,CKDHL152359,(CML395/CML444),2017
8@2017,KibokoDT2017,Drought,2,2@2017,22,22@2017,107,34@08,3.629524658,62,14.7,219,118.5,62,(CML395/CML444)//CKDHL152359,CKDHL152359,(CML395/CML444),2017
8@2017,KibokoDT2017,Drought,1,1@2017,9,9@2017,45,35@08,2.62817866,60,12.8,196.5,112,60,(CML395/CML444)//CKDHL152361,CKDHL152361,(CML395/CML444),2017
8@2017,KibokoDT2017,Drought,2,2@2017,19,19@2017,92,35@08,4.729774341,61,15.5,231,128.5,60,(CML395/CML444)//CKDHL152361,CKDHL152361,(CML395/CML444),2017
8@2017,KibokoDT2017,Drought,2,2@2017,27,27@2017,131,36@08,3.108817647,61,16.5,215,120.5,62,(CML395/CML444)//CKDHL152364,CKDHL152364,(CML395/CML444),2017
8@2017,KibokoDT2017,Drought,1,1@2017,10,10@2017,50,36@08,2.516535267,64,13.6,202.5,125,63,(CML395/CML444)//CKDHL152364,CKDHL152364,(CML395/CML444),2017
8@2017,KibokoDT2017,Drought,2,2@2017,29,29@2017,145,37@08,4.019567362,62,12.8,236,131.5,64,(CML395/CML444)//CKDHL152370,CKDHL152370,(CML395/CML444),2017
8@2017,KibokoDT2017,Drought,1,1@2017,13,13@2017,61,37@08,4.387347239,64,15.5,206,114,66,(CML395/CML444)//CKDHL152370,CKDHL152370,(CML395/CML444),2017
8@2017,KibokoDT2017,Drought,1,1@2017,5,5@2017,24,38@08,2.386909387,62,16.6,195.5,103.5,61,(CML395/CML444)//CKDHL152371,CKDHL152371,(CML395/CML444),2017
8@2017,KibokoDT2017,Drought,2,2@2017,23,23@2017,114,38@08,3.85362192,63,16.4,207,119.5,63,(CML395/CML444)//CKDHL152371,CKDHL152371,(CML395/CML444),2017
8@2017,KibokoDT2017,Drought,2,2@2017,16,16@2017,78,39@08,3.853571266,62,15,221.5,123.5,62,(CML395/CML444)//CKDHL152372,CKDHL152372,(CML395/CML444),2017
8@2017,KibokoDT2017,Drought,1,1@2017,5,5@2017,22,39@08,2.501971985,61,14.1,198.5,101.5,62,(CML395/CML444)//CKDHL152372,CKDHL152372,(CML395/CML444),2017
8@2017,KibokoDT2017,Drought,2,2@2017,23,23@2017,113,40@08,3.6723787,63,15.7,206.5,110,63,(CML395/CML444)//CKDHL152374,CKDHL152374,(CML395/CML444),2017
8@2017,KibokoDT2017,Drought,1,1@2017,6,6@2017,30,40@08,3.658625896,66,19.3,204.5,117,66,(CML395/CML444)//CKDHL152374,CKDHL152374,(CML395/CML444),2017
8@2017,KibokoDT2017,Drought,1,1@2017,4,4@2017,19,41@08,3.79258277,62,15.4,184,118,64,(CML395/CML444)//CKDHL152379,CKDHL152379,(CML395/CML444),2017
8@2017,KibokoDT2017,Drought,2,2@2017,29,29@2017,141,41@08,3.914965,63,14.6,223,145.5,63,(CML395/CML444)//CKDHL152379,CKDHL152379,(CML395/CML444),2017
8@2017,KibokoDT2017,Drought,1,1@2017,8,8@2017,40,42@08,3.092633408,63,13.4,243,134.5,65,(CML395/CML444)//CKDHL152380,CKDHL152380,(CML395/CML444),2017
8@2017,KibokoDT2017,Drought,2,2@2017,17,17@2017,84,42@08,4.715261713,65,14.6,240.5,138.5,64,(CML395/CML444)//CKDHL152380,CKDHL152380,(CML395/CML444),2017
8@2017,KibokoDT2017,Drought,2,2@2017,21,21@2017,102,43@08,4.60660696,61,13.8,224,123.5,61,(CML395/CML444)//CKDHL152381,CKDHL152381,(CML395/CML444),2017
8@2017,KibokoDT2017,Drought,1,1@2017,5,5@2017,21,43@08,1.692506736,65,10.9,194.5,120,65,(CML395/CML444)//CKDHL152381,CKDHL152381,(CML395/CML444),2017
8@2017,KibokoDT2017,Drought,2,2@2017,25,25@2017,121,44@08,2.37090244,61,14.9,185.5,97,61,(CML395/CML444)//CKDHL152383,CKDHL152383,(CML395/CML444),2017
8@2017,KibokoDT2017,Drought,1,1@2017,15,15@2017,71,44@08,4.405000471,59,13.9,210,103,60,(CML395/CML444)//CKDHL152383,CKDHL152383,(CML395/CML444),2017
8@2017,KibokoDT2017,Drought,2,2@2017,16,16@2017,79,45@08,4.081138389,59,12.9,223,119.5,58,(CML395/CML444)//CKDHL152387,CKDHL152387,(CML395/CML444),2017
8@2017,KibokoDT2017,Drought,1,1@2017,12,12@2017,58,45@08,3.868793062,60,13.7,204,107,60,(CML395/CML444)//CKDHL152387,CKDHL152387,(CML395/CML444),2017
8@2017,KibokoDT2017,Drought,1,1@2017,3,3@2017,11,46@08,1.335769626,60,12.1,171,100,62,(CML395/CML444)//CKDHL152390,CKDHL152390,(CML395/CML444),2017
8@2017,KibokoDT2017,Drought,2,2@2017,19,19@2017,91,46@08,3.513524944,61,12.2,236,135,61,(CML395/CML444)//CKDHL152390,CKDHL152390,(CML395/CML444),2017
8@2017,KibokoDT2017,Drought,2,2@2017,24,24@2017,116,47@08,5.605673487,64,15.2,230.5,131,65,(CML395/CML444)//CKDHL152395,CKDHL152395,(CML395/CML444),2017
8@2017,KibokoDT2017,Drought,1,1@2017,12,12@2017,56,47@08,2.959461684,65,12.8,215.5,113,67,(CML395/CML444)//CKDHL152395,CKDHL152395,(CML395/CML444),2017
8@2017,KibokoDT2017,Drought,1,1@2017,4,4@2017,20,48@08,1.659251796,63,13.8,206.5,121.5,62,(CML395/CML444)//CKDHL152398,CKDHL152398,(CML395/CML444),2017
8@2017,KibokoDT2017,Drought,2,2@2017,20,20@2017,100,48@08,3.579300327,62,13.3,226.5,125,62,(CML395/CML444)//CKDHL152398,CKDHL152398,(CML395/CML444),2017
8@2017,KibokoDT2017,Drought,2,2@2017,17,17@2017,85,49@08,2.119907426,63,16.3,213,119.5,64,(CML395/CML444)//CKDHL152402,CKDHL152402,(CML395/CML444),2017
8@2017,KibokoDT2017,Drought,1,1@2017,12,12@2017,60,49@08,2.509038343,63,14.6,177.5,99.5,63,(CML395/CML444)//CKDHL152402,CKDHL152402,(CML395/CML444),2017
8@2017,KibokoDT2017,Drought,1,1@2017,4,4@2017,18,50@08,1.085281162,62,14.3,163.5,96.5,64,(CML395/CML444)//CKDHL152413,CKDHL152413,(CML395/CML444),2017
8@2017,KibokoDT2017,Drought,2,2@2017,26,26@2017,130,50@08,3.319263415,60,14.9,212.5,102,62,(CML395/CML444)//CKDHL152413,CKDHL152413,(CML395/CML444),2017
8@2017,KibokoDT2017,Drought,1,1@2017,6,6@2017,26,51@08,2.63552362,64,15.4,198.5,111,64,(CML395/CML444)//CKDHL152415,CKDHL152415,(CML395/CML444),2017
8@2017,KibokoDT2017,Drought,2,2@2017,28,28@2017,138,51@08,4.164744296,60,14.8,222.5,123.5,61,(CML395/CML444)//CKDHL152415,CKDHL152415,(CML395/CML444),2017
8@2017,KibokoDT2017,Drought,1,1@2017,1,1@2017,5,52@08,2.448683033,62,12.9,182,108,63,(CML395/CML444)//CKDHL152419,CKDHL152419,(CML395/CML444),2017
8@2017,KibokoDT2017,Drought,2,2@2017,29,29@2017,142,52@08,2.915290614,61,12.8,208,119,62,(CML395/CML444)//CKDHL152419,CKDHL152419,(CML395/CML444),2017
8@2017,KibokoDT2017,Drought,1,1@2017,9,9@2017,44,53@08,1.910196154,61,16.2,186,101,63,(CML395/CML444)//CKDHL152424,CKDHL152424,(CML395/CML444),2017
8@2017,KibokoDT2017,Drought,2,2@2017,25,25@2017,124,53@08,4.309465336,62,17,203.5,111.5,62,(CML395/CML444)//CKDHL152424,CKDHL152424,(CML395/CML444),2017
8@2017,KibokoDT2017,Drought,1,1@2017,11,11@2017,53,54@08,2.641906137,62,14.5,203.5,118,63,(CML395/CML444)//CKDHL152425,CKDHL152425,(CML395/CML444),2017
8@2017,KibokoDT2017,Drought,2,2@2017,22,22@2017,106,54@08,3.825255178,62,13.2,220.5,116.5,63,(CML395/CML444)//CKDHL152425,CKDHL152425,(CML395/CML444),2017
8@2017,KibokoDT2017,Drought,2,2@2017,16,16@2017,80,55@08,2.888544829,61,13.6,216,129,62,(CML395/CML444)//CKDHL152429,CKDHL152429,(CML395/CML444),2017
8@2017,KibokoDT2017,Drought,1,1@2017,1,1@2017,3,55@08,3.330964696,62,14.6,190.5,101.5,63,(CML395/CML444)//CKDHL152429,CKDHL152429,(CML395/CML444),2017
8@2017,KibokoDT2017,Drought,1,1@2017,9,9@2017,43,56@08,1.81901734,61,14.5,210.5,116.5,63,(CML395/CML444)//CKDHL152430,CKDHL152430,(CML395/CML444),2017
8@2017,KibokoDT2017,Drought,2,2@2017,18,18@2017,90,56@08,5.002778907,60,12.6,228,126.5,60,(CML395/CML444)//CKDHL152430,CKDHL152430,(CML395/CML444),2017
8@2017,KibokoDT2017,Drought,2,2@2017,27,27@2017,132,57@08,4.737144629,63,12.6,207,129.5,63,(CML395/CML444)//CKDHL152441,CKDHL152441,(CML395/CML444),2017
8@2017,KibokoDT2017,Drought,1,1@2017,2,2@2017,7,57@08,2.134597346,66,14,185.5,118.5,65,(CML395/CML444)//CKDHL152441,CKDHL152441,(CML395/CML444),2017
8@2017,KibokoDT2017,Drought,1,1@2017,7,7@2017,34,58@08,3.020602144,61,14.2,204,118,61,(CML395/CML444)//CKDHL152442,CKDHL152442,(CML395/CML444),2017
8@2017,KibokoDT2017,Drought,2,2@2017,25,25@2017,125,58@08,2.266983919,64,13.1,202,107.5,64,(CML395/CML444)//CKDHL152442,CKDHL152442,(CML395/CML444),2017
8@2017,KibokoDT2017,Drought,2,2@2017,27,27@2017,135,59@08,3.720298232,60,14.6,223,119,63,(CML395/CML444)//CKDHL152445,CKDHL152445,(CML395/CML444),2017
8@2017,KibokoDT2017,Drought,1,1@2017,6,6@2017,27,59@08,3.387926128,62,13.7,212,109.5,62,(CML395/CML444)//CKDHL152445,CKDHL152445,(CML395/CML444),2017
8@2017,KibokoDT2017,Drought,2,2@2017,30,30@2017,148,60@08,5.284876026,62,16.2,234,134,63,(CML395/CML444)//CKDHL152458,CKDHL152458,(CML395/CML444),2017
8@2017,KibokoDT2017,Drought,1,1@2017,11,11@2017,54,60@08,3.357862447,65,12.2,207.5,120,63,(CML395/CML444)//CKDHL152458,CKDHL152458,(CML395/CML444),2017
8@2017,KibokoDT2017,Drought,1,1@2017,12,12@2017,59,61@08,2.785563424,60,13.4,178.5,92.5,60,(CML395/CML444)//CKDHL152465,CKDHL152465,(CML395/CML444),2017
8@2017,KibokoDT2017,Drought,2,2@2017,18,18@2017,89,61@08,4.182068271,62,14,231.5,140,62,(CML395/CML444)//CKDHL152465,CKDHL152465,(CML395/CML444),2017
8@2017,KibokoDT2017,Drought,1,1@2017,4,4@2017,16,62@08,0.574426528,62,16,165.5,91.5,63,(CML395/CML444)//CKDHL152470,CKDHL152470,(CML395/CML444),2017
8@2017,KibokoDT2017,Drought,2,2@2017,22,22@2017,108,62@08,3.444532975,60,15,216,113.5,61,(CML395/CML444)//CKDHL152470,CKDHL152470,(CML395/CML444),2017
8@2017,KibokoDT2017,Drought,1,1@2017,10,10@2017,46,63@08,2.45655987,61,13.4,212.5,122.5,63,(CML395/CML444)//CKDHL152471,CKDHL152471,(CML395/CML444),2017
8@2017,KibokoDT2017,Drought,2,2@2017,26,26@2017,129,63@08,4.411382988,63,14.2,223,122,64,(CML395/CML444)//CKDHL152471,CKDHL152471,(CML395/CML444),2017
8@2017,KibokoDT2017,Drought,1,1@2017,14,14@2017,66,64@08,4.177357365,61,11.8,225.5,114.5,62,(CML395/CML444)//CKDHL152474,CKDHL152474,(CML395/CML444),2017
8@2017,KibokoDT2017,Drought,2,2@2017,23,23@2017,115,64@08,3.737318278,61,13.2,219.5,115.5,61,(CML395/CML444)//CKDHL152474,CKDHL152474,(CML395/CML444),2017
8@2017,KibokoDT2017,Drought,2,2@2017,25,25@2017,123,65@08,2.459092615,66,16.3,183,107.5,66,(CML395/CML444)//CKDHL152475,CKDHL152475,(CML395/CML444),2017
8@2017,KibokoDT2017,Drought,1,1@2017,14,14@2017,67,65@08,3.952449624,62,16.1,202,109.5,62,(CML395/CML444)//CKDHL152475,CKDHL152475,(CML395/CML444),2017
8@2017,KibokoDT2017,Drought,2,2@2017,20,20@2017,98,66@08,3.786960076,64,16,230,134.5,64,(CML395/CML444)//CKDHL152476,CKDHL152476,(CML395/CML444),2017
8@2017,KibokoDT2017,Drought,1,1@2017,13,13@2017,65,66@08,3.849037652,63,15.1,211.5,131.5,63,(CML395/CML444)//CKDHL152476,CKDHL152476,(CML395/CML444),2017
8@2017,KibokoDT2017,Drought,1,1@2017,3,3@2017,13,67@08,1.131605065,62,15.7,179.5,99.5,62,(CML395/CML444)//CKDHL152478,CKDHL152478,(CML395/CML444),2017
8@2017,KibokoDT2017,Drought,2,2@2017,30,30@2017,146,67@08,3.17986114,61,16.3,215,115.5,62,(CML395/CML444)//CKDHL152478,CKDHL152478,(CML395/CML444),2017
8@2017,KibokoDT2017,Drought,1,1@2017,4,4@2017,17,68@08,0.53947465,60,14.8,159,85,62,(CML395/CML444)//CKDHL152479,CKDHL152479,(CML395/CML444),2017
8@2017,KibokoDT2017,Drought,2,2@2017,16,16@2017,77,68@08,2.498527452,60,12.7,228,119,61,(CML395/CML444)//CKDHL152479,CKDHL152479,(CML395/CML444),2017
8@2017,KibokoDT2017,Drought,1,1@2017,9,9@2017,42,69@08,1.842419902,60,13.4,196,115,60,(CML395/CML444)//CKDHL152488,CKDHL152488,(CML395/CML444),2017
8@2017,KibokoDT2017,Drought,2,2@2017,20,20@2017,96,69@08,2.839688181,60,15.7,215,119.5,60,(CML395/CML444)//CKDHL152488,CKDHL152488,(CML395/CML444),2017
8@2017,KibokoDT2017,Drought,2,2@2017,17,17@2017,81,70@08,2.32792176,61,14.1,208.5,117,61,(CML395/CML444)//CKDHL152489,CKDHL152489,(CML395/CML444),2017
8@2017,KibokoDT2017,Drought,1,1@2017,8,8@2017,39,70@08,2.865142267,61,14.3,196.5,112.5,60,(CML395/CML444)//CKDHL152489,CKDHL152489,(CML395/CML444),2017
8@2017,KibokoDT2017,Drought,1,1@2017,12,12@2017,57,71@08,1.60322748,66,15.6,228.5,137,69,H517,H517,,2017
8@2017,KibokoDT2017,Drought,2,2@2017,26,26@2017,128,71@08,3.649128103,64,18.6,260.5,149,68,H517,H517,,2017
8@2017,KibokoDT2017,Drought,1,1@2017,15,15@2017,74,72@08,3.578312557,61,15.4,234,116,65,Pioneer 30G19,Pioneer 30G19,,2017
8@2017,KibokoDT2017,Drought,2,2@2017,19,19@2017,94,72@08,4.791851917,59,18.8,250,113.5,64,Pioneer 30G19,Pioneer 30G19,,2017
8@2017,KibokoDT2017,Drought,2,2@2017,21,21@2017,101,73@08,3.233808605,67,16,238,138,67,WH505,WH505,,2017
8@2017,KibokoDT2017,Drought,1,1@2017,2,2@2017,6,73@08,2.823529269,66,14.9,209,118.5,67,WH505,WH505,,2017
8@2017,KibokoDT2017,Drought,1,1@2017,2,2@2017,9,74@08,2.067403626,60,10.3,220.5,111.5,62,DK 8031,DK 8031,,2017
8@2017,KibokoDT2017,Drought,2,2@2017,29,29@2017,144,74@08,2.937097547,60,14.1,233.5,118.5,63,DK 8031,DK 8031,,2017
8@2017,KibokoDT2017,Drought,1,1@2017,2,2@2017,10,75@08,1.804783314,59,13.1,191,94,61,PAN 4M19,PAN 4M19,,2017
8@2017,KibokoDT2017,Drought,2,2@2017,24,24@2017,119,75@08,2.839232287,58,13.1,193.5,93.5,61,PAN 4M19,PAN 4M19,,2017
9@2017,KibokoDT2017,Drought,1,1@2017,15,15@2017,74,1@09,1.360191738,67,13.4,212,103.5,67,(CML395/CML444)//CKDHL152493,CKDHL152493,(CML395/CML444),2017
9@2017,KibokoDT2017,Drought,2,2@2017,30,30@2017,147,1@09,3.531810702,64,16,230,127,64,(CML395/CML444)//CKDHL152493,CKDHL152493,(CML395/CML444),2017
9@2017,KibokoDT2017,Drought,1,1@2017,16,16@2017,80,2@09,1.989978152,65,15.1,193,122,65,(CML395/CML444)//CKDHL152499,CKDHL152499,(CML395/CML444),2017
9@2017,KibokoDT2017,Drought,2,2@2017,23,23@2017,114,2@09,4.27238907,63,16.6,207,116.5,63,(CML395/CML444)//CKDHL152499,CKDHL152499,(CML395/CML444),2017
9@2017,KibokoDT2017,Drought,1,1@2017,18,18@2017,88,3@09,2.535287211,65,14,234,117.5,65,(CML395/CML444)//CKDHL152502,CKDHL152502,(CML395/CML444),2017
9@2017,KibokoDT2017,Drought,2,2@2017,22,22@2017,109,3@09,3.353383702,65,16.4,212.5,122,67,(CML395/CML444)//CKDHL152502,CKDHL152502,(CML395/CML444),2017
9@2017,KibokoDT2017,Drought,1,1@2017,20,20@2017,96,4@09,1.737488483,66,14.4,217,119.5,66,(CML395/CML444)//CKDHL152504,CKDHL152504,(CML395/CML444),2017
9@2017,KibokoDT2017,Drought,2,2@2017,24,24@2017,120,4@09,3.663577011,66,15.3,222.5,134.5,65,(CML395/CML444)//CKDHL152504,CKDHL152504,(CML395/CML444),2017
9@2017,KibokoDT2017,Drought,2,2@2017,34,34@2017,169,5@09,3.615998089,62,16.4,224,132.5,62,(CML395/CML444)//CKDHL152512,CKDHL152512,(CML395/CML444),2017
9@2017,KibokoDT2017,Drought,1,1@2017,19,19@2017,93,5@09,3.748126858,62,15.7,231.5,138.5,61,(CML395/CML444)//CKDHL152512,CKDHL152512,(CML395/CML444),2017
9@2017,KibokoDT2017,Drought,1,1@2017,7,7@2017,32,6@09,2.103766443,66,13.8,185,98.5,66,(CML395/CML444)//CKDHL152513,CKDHL152513,(CML395/CML444),2017
9@2017,KibokoDT2017,Drought,2,2@2017,27,27@2017,133,6@09,3.542636175,63,16.7,215,127.5,64,(CML395/CML444)//CKDHL152513,CKDHL152513,(CML395/CML444),2017
9@2017,KibokoDT2017,Drought,1,1@2017,18,18@2017,87,7@09,3.095408805,68,14.6,248.5,144,68,(CML395/CML444)//CKDHL152551,CKDHL152551,(CML395/CML444),2017
9@2017,KibokoDT2017,Drought,2,2@2017,30,30@2017,149,7@09,3.418070739,65,16.3,236,141.5,65,(CML395/CML444)//CKDHL152551,CKDHL152551,(CML395/CML444),2017
9@2017,KibokoDT2017,Drought,2,2@2017,28,28@2017,137,8@09,3.068441777,64,14.2,210.5,113,64,(CML395/CML444)//CKDHL152554,CKDHL152554,(CML395/CML444),2017
9@2017,KibokoDT2017,Drought,1,1@2017,19,19@2017,95,8@09,3.823663532,65,10.6,228,130.5,65,(CML395/CML444)//CKDHL152554,CKDHL152554,(CML395/CML444),2017
9@2017,KibokoDT2017,Drought,1,1@2017,8,8@2017,38,9@09,1.086896862,70,13.5,169.5,106,71,(CML395/CML444)//CKDHL152557,CKDHL152557,(CML395/CML444),2017
9@2017,KibokoDT2017,Drought,2,2@2017,35,35@2017,171,9@09,3.635474275,62,15,227,140.5,62,(CML395/CML444)//CKDHL152557,CKDHL152557,(CML395/CML444),2017
9@2017,KibokoDT2017,Drought,1,1@2017,7,7@2017,33,10@09,2.127906282,65,17.7,176,92,67,(CML395/CML444)//CKDHL152561,CKDHL152561,(CML395/CML444),2017
9@2017,KibokoDT2017,Drought,2,2@2017,22,22@2017,110,10@09,4.395021386,63,17.7,213,117.5,63,(CML395/CML444)//CKDHL152561,CKDHL152561,(CML395/CML444),2017
9@2017,KibokoDT2017,Drought,1,1@2017,8,8@2017,37,11@09,2.304158521,66,18.5,189.5,100.5,66,(CML395/CML444)//CKDHL152563,CKDHL152563,(CML395/CML444),2017
9@2017,KibokoDT2017,Drought,2,2@2017,26,26@2017,126,11@09,5.246005086,63,16.5,230,128.5,62,(CML395/CML444)//CKDHL152563,CKDHL152563,(CML395/CML444),2017
9@2017,KibokoDT2017,Drought,1,1@2017,11,11@2017,52,12@09,2.239133189,65,14.2,202,93.5,65,(CML395/CML444)//CKDHL152568,CKDHL152568,(CML395/CML444),2017
9@2017,KibokoDT2017,Drought,2,2@2017,31,31@2017,151,12@09,3.656400302,64,16.4,215.5,122.5,65,(CML395/CML444)//CKDHL152568,CKDHL152568,(CML395/CML444),2017
9@2017,KibokoDT2017,Drought,2,2@2017,36,36@2017,177,13@09,4.496316888,64,17.3,221,124,65,(CML395/CML444)//CKDHL152577,CKDHL152577,(CML395/CML444),2017
9@2017,KibokoDT2017,Drought,1,1@2017,14,14@2017,66,13@09,3.075908454,65,15.7,215,110.5,65,(CML395/CML444)//CKDHL152577,CKDHL152577,(CML395/CML444),2017
9@2017,KibokoDT2017,Drought,1,1@2017,20,20@2017,98,14@09,3.264532663,62,11.7,220,118,61,(CML395/CML444)//CKDHL152578,CKDHL152578,(CML395/CML444),2017
9@2017,KibokoDT2017,Drought,2,2@2017,26,26@2017,128,14@09,3.925007361,62,15.4,204.5,116,60,(CML395/CML444)//CKDHL152578,CKDHL152578,(CML395/CML444),2017
9@2017,KibokoDT2017,Drought,1,1@2017,4,4@2017,20,15@09,3.066895281,67,16.5,229,124.5,66,(CML395/CML444)//CKDHL152581,CKDHL152581,(CML395/CML444),2017
9@2017,KibokoDT2017,Drought,2,2@2017,35,35@2017,172,15@09,3.932014922,65,17.4,248,153,65,(CML395/CML444)//CKDHL152581,CKDHL152581,(CML395/CML444),2017
9@2017,KibokoDT2017,Drought,2,2@2017,23,23@2017,112,16@09,3.727756603,63,15.7,216.5,127,65,(CML395/CML444)//CKDHL152582,CKDHL152582,(CML395/CML444),2017
9@2017,KibokoDT2017,Drought,1,1@2017,4,4@2017,19,16@09,2.482271388,66,12.2,220,131,66,(CML395/CML444)//CKDHL152582,CKDHL152582,(CML395/CML444),2017
9@2017,KibokoDT2017,Drought,2,2@2017,29,29@2017,141,17@09,3.647797917,66,18.4,203.5,122.5,65,(CML395/CML444)//CKDHL152584,CKDHL152584,(CML395/CML444),2017
9@2017,KibokoDT2017,Drought,1,1@2017,9,9@2017,45,17@09,2.174277004,67,18.2,201.5,107,69,(CML395/CML444)//CKDHL152584,CKDHL152584,(CML395/CML444),2017
9@2017,KibokoDT2017,Drought,2,2@2017,36,36@2017,179,18@09,3.162802209,67,19.7,221,126,68,(CML395/CML444)//CKDHL152587,CKDHL152587,(CML395/CML444),2017
9@2017,KibokoDT2017,Drought,1,1@2017,5,5@2017,24,18@09,0.906875039,69,16.6,179,100,70,(CML395/CML444)//CKDHL152587,CKDHL152587,(CML395/CML444),2017
9@2017,KibokoDT2017,Drought,1,1@2017,12,12@2017,58,19@09,3.412923806,65,14.4,202.5,112.5,65,(CML395/CML444)//CKDHL152591,CKDHL152591,(CML395/CML444),2017
9@2017,KibokoDT2017,Drought,2,2@2017,29,29@2017,143,19@09,3.644898236,64,16.2,218,125,64,(CML395/CML444)//CKDHL152591,CKDHL152591,(CML395/CML444),2017
9@2017,KibokoDT2017,Drought,1,1@2017,3,3@2017,15,20@09,3.292780382,62,16.4,215,119.5,63,(CML395/CML444)//CKDHL152595,CKDHL152595,(CML395/CML444),2017
9@2017,KibokoDT2017,Drought,2,2@2017,21,21@2017,103,20@09,3.528234429,66,15.6,220,124.5,66,(CML395/CML444)//CKDHL152595,CKDHL152595,(CML395/CML444),2017
9@2017,KibokoDT2017,Drought,1,1@2017,6,6@2017,28,21@09,2.382812351,65,13.5,212.5,123,66,(CML395/CML444)//CKDHL152597,CKDHL152597,(CML395/CML444),2017
9@2017,KibokoDT2017,Drought,2,2@2017,40,40@2017,198,21@09,1.143198989,67,17,221.5,135,68,(CML395/CML444)//CKDHL152597,CKDHL152597,(CML395/CML444),2017
9@2017,KibokoDT2017,Drought,2,2@2017,23,23@2017,111,22@09,2.871118527,61,13.9,195.5,115.5,63,(CML395/CML444)//CKDHL152600,CKDHL152600,(CML395/CML444),2017
9@2017,KibokoDT2017,Drought,1,1@2017,14,14@2017,69,22@09,2.392429625,61,11.6,206,109,61,(CML395/CML444)//CKDHL152600,CKDHL152600,(CML395/CML444),2017
9@2017,KibokoDT2017,Drought,2,2@2017,25,25@2017,125,23@09,3.729665559,66,17.9,215,123.5,67,(CML395/CML444)//CKDHL152601,CKDHL152601,(CML395/CML444),2017
9@2017,KibokoDT2017,Drought,1,1@2017,16,16@2017,78,23@09,2.851618177,62,15.1,201,111,65,(CML395/CML444)//CKDHL152601,CKDHL152601,(CML395/CML444),2017
9@2017,KibokoDT2017,Drought,2,2@2017,38,38@2017,186,24@09,2.315467275,66,18.1,185.5,108,70,(CML395/CML444)//CKDHL152606,CKDHL152606,(CML395/CML444),2017
9@2017,KibokoDT2017,Drought,1,1@2017,15,15@2017,72,24@09,2.999236072,65,14.4,230,128.5,66,(CML395/CML444)//CKDHL152606,CKDHL152606,(CML395/CML444),2017
9@2017,KibokoDT2017,Drought,1,1@2017,15,15@2017,71,25@09,3.752621362,64,14.2,224,124,63,(CML395/CML444)//CKDHL152610,CKDHL152610,(CML395/CML444),2017
9@2017,KibokoDT2017,Drought,2,2@2017,24,24@2017,119,25@09,5.304095349,65,18.4,213,118.5,64,(CML395/CML444)//CKDHL152610,CKDHL152610,(CML395/CML444),2017
9@2017,KibokoDT2017,Drought,2,2@2017,33,33@2017,165,26@09,4.847105721,65,20.4,224,132,62,(CML395/CML444)//CKDHL152611,CKDHL152611,(CML395/CML444),2017
9@2017,KibokoDT2017,Drought,1,1@2017,18,18@2017,89,26@09,3.468935965,68,19.8,228.5,132.5,67,(CML395/CML444)//CKDHL152611,CKDHL152611,(CML395/CML444),2017
9@2017,KibokoDT2017,Drought,2,2@2017,33,33@2017,161,27@09,3.417974083,65,15.3,207,120,66,(CML395/CML444)//CKDHL152615,CKDHL152615,(CML395/CML444),2017
9@2017,KibokoDT2017,Drought,1,1@2017,8,8@2017,40,27@09,2.044274667,66,15.4,169,97.5,66,(CML395/CML444)//CKDHL152615,CKDHL152615,(CML395/CML444),2017
9@2017,KibokoDT2017,Drought,1,1@2017,9,9@2017,42,28@09,4.279928239,65,18,189,101.5,64,(CML395/CML444)//CKDHL152616,CKDHL152616,(CML395/CML444),2017
9@2017,KibokoDT2017,Drought,2,2@2017,26,26@2017,129,28@09,4.079850293,62,16,203.5,122.5,61,(CML395/CML444)//CKDHL152616,CKDHL152616,(CML395/CML444),2017
9@2017,KibokoDT2017,Drought,1,1@2017,7,7@2017,34,29@09,1.869713908,66,16.8,188,96,68,(CML395/CML444)//CKDHL152617,CKDHL152617,(CML395/CML444),2017
9@2017,KibokoDT2017,Drought,2,2@2017,26,26@2017,127,29@09,4.63890867,65,15.8,238.5,127,67,(CML395/CML444)//CKDHL152617,CKDHL152617,(CML395/CML444),2017
9@2017,KibokoDT2017,Drought,1,1@2017,17,17@2017,82,30@09,2.639608046,67,15.32,222,144,66,(CML395/CML444)//CKDHL152620,CKDHL152620,(CML395/CML444),2017
9@2017,KibokoDT2017,Drought,2,2@2017,36,36@2017,180,30@09,2.51337046,66,18.1,208.5,123.5,65,(CML395/CML444)//CKDHL152620,CKDHL152620,(CML395/CML444),2017
9@2017,KibokoDT2017,Drought,1,1@2017,20,20@2017,99,31@09,3.182954988,68,16.1,229.5,128,67,(CML395/CML444)//CKDHL152638,CKDHL152638,(CML395/CML444),2017
9@2017,KibokoDT2017,Drought,2,2@2017,39,39@2017,192,31@09,3.904129662,64,18.4,229.5,128,65,(CML395/CML444)//CKDHL152638,CKDHL152638,(CML395/CML444),2017
9@2017,KibokoDT2017,Drought,2,2@2017,37,37@2017,185,32@09,4.095774371,66,18.9,193,117.5,65,(CML395/CML444)//CKDHL152643,CKDHL152643,(CML395/CML444),2017
9@2017,KibokoDT2017,Drought,1,1@2017,17,17@2017,81,32@09,3.553558304,65,14.5,212.5,134,63,(CML395/CML444)//CKDHL152643,CKDHL152643,(CML395/CML444),2017
9@2017,KibokoDT2017,Drought,2,2@2017,34,34@2017,170,33@09,4.016709753,61,17.3,227.5,132.5,62,(CML395/CML444)//CKDHL152653,CKDHL152653,(CML395/CML444),2017
9@2017,KibokoDT2017,Drought,1,1@2017,17,17@2017,84,33@09,3.291282214,64,15.4,229.5,133,63,(CML395/CML444)//CKDHL152653,CKDHL152653,(CML395/CML444),2017
9@2017,KibokoDT2017,Drought,2,2@2017,37,37@2017,184,34@09,3.748416826,66,16.6,197.5,110,65,(CML395/CML444)//CKDHL152658,CKDHL152658,(CML395/CML444),2017
9@2017,KibokoDT2017,Drought,1,1@2017,10,10@2017,46,34@09,3.135134426,67,18.4,187,97,67,(CML395/CML444)//CKDHL152658,CKDHL152658,(CML395/CML444),2017
9@2017,KibokoDT2017,Drought,1,1@2017,10,10@2017,48,35@09,1.129570492,65,11.8,170,91,65,(CML395/CML444)//CKDHL152675,CKDHL152675,(CML395/CML444),2017
9@2017,KibokoDT2017,Drought,2,2@2017,34,34@2017,168,35@09,2.936168024,61,16.2,207,115,62,(CML395/CML444)//CKDHL152675,CKDHL152675,(CML395/CML444),2017
9@2017,KibokoDT2017,Drought,1,1@2017,2,2@2017,10,36@09,2.763467893,65,12.7,234.5,134.5,63,(CML395/CML444)//CKDHL152679,CKDHL152679,(CML395/CML444),2017
9@2017,KibokoDT2017,Drought,2,2@2017,22,22@2017,108,36@09,3.714853025,65,16.9,232,130.5,63,(CML395/CML444)//CKDHL152679,CKDHL152679,(CML395/CML444),2017
9@2017,KibokoDT2017,Drought,1,1@2017,11,11@2017,54,37@09,3.048288998,65,15.9,186,99,65,(CML395/CML444)//CKDHL152680,CKDHL152680,(CML395/CML444),2017
9@2017,KibokoDT2017,Drought,2,2@2017,27,27@2017,135,37@09,3.035772045,64,16.8,199,115.5,64,(CML395/CML444)//CKDHL152680,CKDHL152680,(CML395/CML444),2017
9@2017,KibokoDT2017,Drought,2,2@2017,38,38@2017,187,38@09,3.61184188,63,13.6,174,99.5,62,(CML395/CML444)//CKDHL152687,CKDHL152687,(CML395/CML444),2017
9@2017,KibokoDT2017,Drought,1,1@2017,9,9@2017,43,38@09,2.335595889,65,13.7,173,87.5,65,(CML395/CML444)//CKDHL152687,CKDHL152687,(CML395/CML444),2017
9@2017,KibokoDT2017,Drought,1,1@2017,2,2@2017,7,39@09,1.993916885,66,15.8,200.5,113,67,(CML395/CML444)//CKDHL152702,CKDHL152702,(CML395/CML444),2017
9@2017,KibokoDT2017,Drought,2,2@2017,33,33@2017,164,39@09,2.008028662,63,16.9,213,121,65,(CML395/CML444)//CKDHL152702,CKDHL152702,(CML395/CML444),2017
9@2017,KibokoDT2017,Drought,1,1@2017,6,6@2017,27,40@09,2.510325796,64,12.7,203.5,102.5,65,(CML395/CML444)//CKDHL152725,CKDHL152725,(CML395/CML444),2017
9@2017,KibokoDT2017,Drought,2,2@2017,25,25@2017,124,40@09,0.940583823,65,13.5,201.5,99,70,(CML395/CML444)//CKDHL152725,CKDHL152725,(CML395/CML444),2017
9@2017,KibokoDT2017,Drought,2,2@2017,38,38@2017,188,41@09,3.61063368,65,17.9,199.5,121,63,(CML395/CML444)//CKDHL152726,CKDHL152726,(CML395/CML444),2017
9@2017,KibokoDT2017,Drought,1,1@2017,4,4@2017,17,41@09,3.129842509,64,17.5,200.5,106,64,(CML395/CML444)//CKDHL152726,CKDHL152726,(CML395/CML444),2017
9@2017,KibokoDT2017,Drought,1,1@2017,19,19@2017,94,42@09,4.096644275,65,17.3,243,135.5,63,(CML395/CML444)//CKDHL152733,CKDHL152733,(CML395/CML444),2017
9@2017,KibokoDT2017,Drought,2,2@2017,27,27@2017,134,42@09,4.999918877,65,19.8,222,131.5,65,(CML395/CML444)//CKDHL152733,CKDHL152733,(CML395/CML444),2017
9@2017,KibokoDT2017,Drought,1,1@2017,17,17@2017,83,43@09,3.90623193,65,17.1,233.5,139.5,66,(CML395/CML444)//CKDHL152742,CKDHL152742,(CML395/CML444),2017
9@2017,KibokoDT2017,Drought,2,2@2017,31,31@2017,154,43@09,3.224444581,64,16.6,228.5,139.5,64,(CML395/CML444)//CKDHL152742,CKDHL152742,(CML395/CML444),2017
9@2017,KibokoDT2017,Drought,1,1@2017,1,1@2017,1,44@09,3.656013678,64,15,210.5,127,63,(CML395/CML444)//CKDHL152751,CKDHL152751,(CML395/CML444),2017
9@2017,KibokoDT2017,Drought,2,2@2017,25,25@2017,122,44@09,3.385690974,64,16.1,191,112.5,63,(CML395/CML444)//CKDHL152751,CKDHL152751,(CML395/CML444),2017
9@2017,KibokoDT2017,Drought,1,1@2017,15,15@2017,73,45@09,1.429542427,66,13,205,134,65,(CML395/CML444)//CKDHL152757,CKDHL152757,(CML395/CML444),2017
9@2017,KibokoDT2017,Drought,2,2@2017,27,27@2017,131,45@09,3.056770563,62,15.1,212.5,147,64,(CML395/CML444)//CKDHL152757,CKDHL152757,(CML395/CML444),2017
9@2017,KibokoDT2017,Drought,2,2@2017,33,33@2017,162,46@09,3.802350881,64,15.4,226.5,135.5,64,(CML395/CML444)//CKDHL152768,CKDHL152768,(CML395/CML444),2017
9@2017,KibokoDT2017,Drought,1,1@2017,1,1@2017,4,46@09,2.905624724,65,18.2,222.5,123.5,64,(CML395/CML444)//CKDHL152768,CKDHL152768,(CML395/CML444),2017
9@2017,KibokoDT2017,Drought,1,1@2017,5,5@2017,21,47@09,4.355899865,66,18.8,221,123.5,66,(CML395/CML444)//CKDHL152769,CKDHL152769,(CML395/CML444),2017
9@2017,KibokoDT2017,Drought,2,2@2017,33,33@2017,163,47@09,4.781814585,66,23,225.5,135.5,66,(CML395/CML444)//CKDHL152769,CKDHL152769,(CML395/CML444),2017
9@2017,KibokoDT2017,Drought,2,2@2017,31,31@2017,155,48@09,2.66306646,63,13.9,210,122,62,(CML395/CML444)//CKDHL152772,CKDHL152772,(CML395/CML444),2017
9@2017,KibokoDT2017,Drought,1,1@2017,19,19@2017,92,48@09,2.75227996,64,15,224,125,63,(CML395/CML444)//CKDHL152772,CKDHL152772,(CML395/CML444),2017
9@2017,KibokoDT2017,Drought,2,2@2017,21,21@2017,102,49@09,3.826804852,68,19.2,228,136.5,69,(CML395/CML444)//CKDHL152776,CKDHL152776,(CML395/CML444),2017
9@2017,KibokoDT2017,Drought,1,1@2017,16,16@2017,79,49@09,1.128338127,67,15.1,194.5,118.5,71,(CML395/CML444)//CKDHL152776,CKDHL152776,(CML395/CML444),2017
9@2017,KibokoDT2017,Drought,2,2@2017,36,36@2017,176,50@09,3.33610644,62,15.3,218,123.5,62,(CML395/CML444)//CKDHL152782,CKDHL152782,(CML395/CML444),2017
9@2017,KibokoDT2017,Drought,1,1@2017,14,14@2017,68,50@09,3.01286457,61,14.6,218.5,113,60,(CML395/CML444)//CKDHL152782,CKDHL152782,(CML395/CML444),2017
9@2017,KibokoDT2017,Drought,1,1@2017,10,10@2017,49,51@09,2.261098267,65,15.7,191.5,100.5,65,(CML395/CML444)//CKDHL152793,CKDHL152793,(CML395/CML444),2017
9@2017,KibokoDT2017,Drought,2,2@2017,38,38@2017,189,51@09,3.584246588,63,18.5,207,115.5,63,(CML395/CML444)//CKDHL152793,CKDHL152793,(CML395/CML444),2017
9@2017,KibokoDT2017,Drought,1,1@2017,3,3@2017,11,52@09,3.312474045,59,15.9,205.5,107,61,(CML395/CML444)//CKDHL152797,CKDHL152797,(CML395/CML444),2017
9@2017,KibokoDT2017,Drought,2,2@2017,40,40@2017,200,52@09,3.159008461,63,18.8,197.5,101,63,(CML395/CML444)//CKDHL152797,CKDHL152797,(CML395/CML444),2017
9@2017,KibokoDT2017,Drought,1,1@2017,14,14@2017,70,53@09,3.080910403,64,15,205,110,63,(CML395/CML444)//CKDHL152801,CKDHL152801,(CML395/CML444),2017
9@2017,KibokoDT2017,Drought,2,2@2017,29,29@2017,142,53@09,2.780793483,67,16,206.5,120,67,(CML395/CML444)//CKDHL152801,CKDHL152801,(CML395/CML444),2017
9@2017,KibokoDT2017,Drought,2,2@2017,28,28@2017,140,54@09,3.738171289,64,15,214,126,64,(CML395/CML444)//CKDHL152814,CKDHL152814,(CML395/CML444),2017
9@2017,KibokoDT2017,Drought,1,1@2017,20,20@2017,97,54@09,3.758638199,65,17.7,221.5,123,66,(CML395/CML444)//CKDHL152814,CKDHL152814,(CML395/CML444),2017
9@2017,KibokoDT2017,Drought,1,1@2017,10,10@2017,50,55@09,1.903422693,65,15.3,179,100,65,(CML395/CML444)//CKDHL152815,CKDHL152815,(CML395/CML444),2017
9@2017,KibokoDT2017,Drought,2,2@2017,21,21@2017,104,55@09,2.122904333,67,19.4,217,125,67,(CML395/CML444)//CKDHL152815,CKDHL152815,(CML395/CML444),2017
9@2017,KibokoDT2017,Drought,1,1@2017,1,1@2017,2,56@09,3.102658005,62,14.4,223,122.5,63,(CML395/CML444)//CKDHL152817,CKDHL152817,(CML395/CML444),2017
9@2017,KibokoDT2017,Drought,2,2@2017,28,28@2017,138,56@09,3.716230374,65,13.6,212.5,130,65,(CML395/CML444)//CKDHL152817,CKDHL152817,(CML395/CML444),2017
9@2017,KibokoDT2017,Drought,2,2@2017,40,40@2017,199,57@09,3.44300799,66,19.5,204.5,121.5,66,(CML395/CML444)//CKDHL152821,CKDHL152821,(CML395/CML444),2017
9@2017,KibokoDT2017,Drought,1,1@2017,6,6@2017,26,57@09,2.854976973,66,15,189.5,112,66,(CML395/CML444)//CKDHL152821,CKDHL152821,(CML395/CML444),2017
9@2017,KibokoDT2017,Drought,1,1@2017,14,14@2017,67,58@09,3.711784197,63,15.6,226,133,63,(CML395/CML444)//CKDHL152823,CKDHL152823,(CML395/CML444),2017
9@2017,KibokoDT2017,Drought,2,2@2017,40,40@2017,196,58@09,3.615031528,65,17.8,236,139.5,65,(CML395/CML444)//CKDHL152823,CKDHL152823,(CML395/CML444),2017
9@2017,KibokoDT2017,Drought,2,2@2017,21,21@2017,105,59@09,2.66161662,68,17.8,208.5,123.5,69,(CML395/CML444)//CKDHL152834,CKDHL152834,(CML395/CML444),2017
9@2017,KibokoDT2017,Drought,1,1@2017,15,15@2017,75,59@09,2.043259779,65,17.1,223,132,65,(CML395/CML444)//CKDHL152834,CKDHL152834,(CML395/CML444),2017
9@2017,KibokoDT2017,Drought,2,2@2017,32,32@2017,156,60@09,2.764410289,63,17.1,203,120.5,64,(CML395/CML444)//CKDHL152844,CKDHL152844,(CML395/CML444),2017
9@2017,KibokoDT2017,Drought,1,1@2017,12,12@2017,59,60@09,1.864566976,65,13.3,193.5,108.5,65,(CML395/CML444)//CKDHL152844,CKDHL152844,(CML395/CML444),2017
9@2017,KibokoDT2017,Drought,1,1@2017,13,13@2017,61,61@09,1.443895845,60,13.4,171.5,82.5,63,(CML395/CML444)//CKDHL152845,CKDHL152845,(CML395/CML444),2017
9@2017,KibokoDT2017,Drought,2,2@2017,34,34@2017,167,61@09,2.835104497,61,14.98,213,125.5,62,(CML395/CML444)//CKDHL152845,CKDHL152845,(CML395/CML444),2017
9@2017,KibokoDT2017,Drought,2,2@2017,24,24@2017,117,62@09,3.104591126,68,19.7,237,127.5,69,(CML395/CML444)//CKDHL152847,CKDHL152847,(CML395/CML444),2017
9@2017,KibokoDT2017,Drought,1,1@2017,1,1@2017,5,62@09,4.480465302,66,16.1,231,125.5,66,(CML395/CML444)//CKDHL152847,CKDHL152847,(CML395/CML444),2017
9@2017,KibokoDT2017,Drought,2,2@2017,39,39@2017,193,63@09,3.732178616,65,15.6,218.5,136,67,(CML395/CML444)//CKDHL152846,CKDHL152846,(CML395/CML444),2017
9@2017,KibokoDT2017,Drought,1,1@2017,3,3@2017,14,63@09,3.466785369,66,16.1,232,136,66,(CML395/CML444)//CKDHL152846,CKDHL152846,(CML395/CML444),2017
9@2017,KibokoDT2017,Drought,2,2@2017,28,28@2017,136,64@09,3.280408413,63,16.2,193.5,117.5,64,(CML395/CML444)//CKDHL152857,CKDHL152857,(CML395/CML444),2017
9@2017,KibokoDT2017,Drought,1,1@2017,9,9@2017,41,64@09,3.773088273,63,16.5,193.5,104.5,63,(CML395/CML444)//CKDHL152857,CKDHL152857,(CML395/CML444),2017
9@2017,KibokoDT2017,Drought,1,1@2017,5,5@2017,23,65@09,4.146277138,66,17.9,206.5,103.5,66,(CML395/CML444)//CKDHL152866,CKDHL152866,(CML395/CML444),2017
9@2017,KibokoDT2017,Drought,2,2@2017,37,37@2017,183,65@09,4.445210021,65,16,196.5,108.5,66,(CML395/CML444)//CKDHL152866,CKDHL152866,(CML395/CML444),2017
9@2017,KibokoDT2017,Drought,2,2@2017,30,30@2017,150,66@09,4.440715516,58,15.7,213,113.5,58,(CML395/CML444)//CKDHL152867,CKDHL152867,(CML395/CML444),2017
9@2017,KibokoDT2017,Drought,1,1@2017,13,13@2017,65,66@09,3.315736185,60,12.6,214.5,111,60,(CML395/CML444)//CKDHL152867,CKDHL152867,(CML395/CML444),2017
9@2017,KibokoDT2017,Drought,1,1@2017,7,7@2017,31,67@09,2.141123992,66,14.8,203,111.5,67,(CML395/CML444)//CKDHL152871,CKDHL152871,(CML395/CML444),2017
9@2017,KibokoDT2017,Drought,2,2@2017,29,29@2017,145,67@09,3.373488153,65,16.9,232,137,65,(CML395/CML444)//CKDHL152871,CKDHL152871,(CML395/CML444),2017
9@2017,KibokoDT2017,Drought,1,1@2017,3,3@2017,12,68@09,1.749667141,62,13.8,190.5,107.5,62,(CML395/CML444)//CKDHL152899,CKDHL152899,(CML395/CML444),2017
9@2017,KibokoDT2017,Drought,2,2@2017,25,25@2017,121,68@09,1.908666281,65,13.2,184,103.5,64,(CML395/CML444)//CKDHL152899,CKDHL152899,(CML395/CML444),2017
9@2017,KibokoDT2017,Drought,2,2@2017,26,26@2017,130,69@09,3.174715063,62,18.9,209.5,127.5,65,(CML395/CML444)//CKDHL152903,CKDHL152903,(CML395/CML444),2017
9@2017,KibokoDT2017,Drought,1,1@2017,8,8@2017,36,69@09,2.334242705,69,16,182.5,107.5,70,(CML395/CML444)//CKDHL152903,CKDHL152903,(CML395/CML444),2017
9@2017,KibokoDT2017,Drought,2,2@2017,36,36@2017,178,70@09,4.566320005,66,20.6,201.5,112.5,65,(CML395/CML444)//CKDHL152906,CKDHL152906,(CML395/CML444),2017
9@2017,KibokoDT2017,Drought,1,1@2017,2,2@2017,6,70@09,3.454389235,66,16.4,213.5,109,66,(CML395/CML444)//CKDHL152906,CKDHL152906,(CML395/CML444),2017
9@2017,KibokoDT2017,Drought,1,1@2017,10,10@2017,47,71@09,2.940275904,65,15.5,174.5,98,64,(CML395/CML444)//CKDHL152917,CKDHL152917,(CML395/CML444),2017
9@2017,KibokoDT2017,Drought,2,2@2017,27,27@2017,132,71@09,4.19627246,63,15.7,219.5,128,64,(CML395/CML444)//CKDHL152917,CKDHL152917,(CML395/CML444),2017
9@2017,KibokoDT2017,Drought,2,2@2017,22,22@2017,107,72@09,3.286304429,64,15,207,118,64,(CML395/CML444)//CKDHL152919,CKDHL152919,(CML395/CML444),2017
9@2017,KibokoDT2017,Drought,1,1@2017,12,12@2017,57,72@09,1.977582018,64,12,196.5,94,64,(CML395/CML444)//CKDHL152919,CKDHL152919,(CML395/CML444),2017
9@2017,KibokoDT2017,Drought,2,2@2017,31,31@2017,153,73@09,3.185298896,64,15.5,216.5,140.5,63,(CML395/CML444)//CKDHL152920,CKDHL152920,(CML395/CML444),2017
9@2017,KibokoDT2017,Drought,1,1@2017,11,11@2017,53,73@09,2.957577331,66,17.3,192,103.5,65,(CML395/CML444)//CKDHL152920,CKDHL152920,(CML395/CML444),2017
9@2017,KibokoDT2017,Drought,1,1@2017,2,2@2017,9,74@09,3.359738835,66,14.7,227.5,119,65,(CML395/CML444)//CKDHL152921,CKDHL152921,(CML395/CML444),2017
9@2017,KibokoDT2017,Drought,2,2@2017,21,21@2017,101,74@09,3.036255325,67,15.1,216.5,121.5,65,(CML395/CML444)//CKDHL152921,CKDHL152921,(CML395/CML444),2017
9@2017,KibokoDT2017,Drought,1,1@2017,9,9@2017,44,75@09,1.459699103,68,16.1,172.5,82,69,(CML395/CML444)//CKDHL152923,CKDHL152923,(CML395/CML444),2017
9@2017,KibokoDT2017,Drought,2,2@2017,30,30@2017,148,75@09,3.578060604,62,14.9,229,128,63,(CML395/CML444)//CKDHL152923,CKDHL152923,(CML395/CML444),2017
9@2017,KibokoDT2017,Drought,2,2@2017,39,39@2017,194,76@09,4.216038615,63,17.7,223.5,131,62,(CML395/CML444)//CKDHL152929,CKDHL152929,(CML395/CML444),2017
9@2017,KibokoDT2017,Drought,1,1@2017,12,12@2017,60,76@09,3.572744523,64,17.4,205.5,116,63,(CML395/CML444)//CKDHL152929,CKDHL152929,(CML395/CML444),2017
9@2017,KibokoDT2017,Drought,1,1@2017,17,17@2017,85,77@09,2.72209912,66,15.3,225.5,126,64,(CML395/CML444)//CKDHL152931,CKDHL152931,(CML395/CML444),2017
9@2017,KibokoDT2017,Drought,2,2@2017,25,25@2017,123,77@09,2.727149396,65,14.5,200,110,64,(CML395/CML444)//CKDHL152931,CKDHL152931,(CML395/CML444),2017
9@2017,KibokoDT2017,Drought,1,1@2017,20,20@2017,100,78@09,3.558487761,64,16.8,217,114.5,63,(CML395/CML444)//CKDHL152934,CKDHL152934,(CML395/CML444),2017
9@2017,KibokoDT2017,Drought,2,2@2017,32,32@2017,159,78@09,3.773354077,62,14.2,205,129,61,(CML395/CML444)//CKDHL152934,CKDHL152934,(CML395/CML444),2017
9@2017,KibokoDT2017,Drought,2,2@2017,34,34@2017,166,79@09,3.510063099,63,19.3,216.5,132,62,(CML395/CML444)//CKDHL152936,CKDHL152936,(CML395/CML444),2017
9@2017,KibokoDT2017,Drought,1,1@2017,16,16@2017,76,79@09,3.068610925,65,15.9,209.5,116.5,65,(CML395/CML444)//CKDHL152936,CKDHL152936,(CML395/CML444),2017
9@2017,KibokoDT2017,Drought,2,2@2017,40,40@2017,197,80@09,3.743680681,68,15.8,207,126,66,(CML395/CML444)//CKDHL152939,CKDHL152939,(CML395/CML444),2017
9@2017,KibokoDT2017,Drought,1,1@2017,5,5@2017,22,80@09,2.495948214,66,16.7,212,124,66,(CML395/CML444)//CKDHL152939,CKDHL152939,(CML395/CML444),2017
9@2017,KibokoDT2017,Drought,1,1@2017,3,3@2017,13,81@09,2.443608983,62,14.3,215.5,126,63,(CML395/CML444)//CKDHL152940,CKDHL152940,(CML395/CML444),2017
9@2017,KibokoDT2017,Drought,2,2@2017,23,23@2017,113,81@09,2.420073244,63,14.4,222,127.5,63,(CML395/CML444)//CKDHL152940,CKDHL152940,(CML395/CML444),2017
9@2017,KibokoDT2017,Drought,1,1@2017,4,4@2017,16,82@09,2.230965756,65,12.9,202,108,65,(CML395/CML444)//CKDHL152943,CKDHL152943,(CML395/CML444),2017
9@2017,KibokoDT2017,Drought,2,2@2017,30,30@2017,146,82@09,3.401735873,64,16.7,223,115.5,63,(CML395/CML444)//CKDHL152943,CKDHL152943,(CML395/CML444),2017
9@2017,KibokoDT2017,Drought,2,2@2017,32,32@2017,160,83@09,2.588351362,62,12.2,216,134.5,63,(CML395/CML444)//CKDHL152960,CKDHL152960,(CML395/CML444),2017
9@2017,KibokoDT2017,Drought,1,1@2017,13,13@2017,64,83@09,3.02994852,66,14.7,199.5,121,65,(CML395/CML444)//CKDHL152960,CKDHL152960,(CML395/CML444),2017
9@2017,KibokoDT2017,Drought,2,2@2017,39,39@2017,195,84@09,4.251656356,63,15,215,126.5,65,(CML395/CML444)//CKDHL152961,CKDHL152961,(CML395/CML444),2017
9@2017,KibokoDT2017,Drought,1,1@2017,13,13@2017,63,84@09,2.597630339,65,14,217.5,117.5,65,(CML395/CML444)//CKDHL152961,CKDHL152961,(CML395/CML444),2017
9@2017,KibokoDT2017,Drought,2,2@2017,32,32@2017,158,85@09,4.04150202,64,15.1,237.5,135.5,63,(CML395/CML444)//CKDHL152962,CKDHL152962,(CML395/CML444),2017
9@2017,KibokoDT2017,Drought,1,1@2017,13,13@2017,62,85@09,3.864694009,64,16.7,211.5,113,65,(CML395/CML444)//CKDHL152962,CKDHL152962,(CML395/CML444),2017
9@2017,KibokoDT2017,Drought,1,1@2017,19,19@2017,91,86@09,2.383754748,62,12.7,220,107.5,63,(CML395/CML444)//CKDHL152966,CKDHL152966,(CML395/CML444),2017
9@2017,KibokoDT2017,Drought,2,2@2017,32,32@2017,157,86@09,1.660550297,62,14.1,209,110.5,62,(CML395/CML444)//CKDHL152966,CKDHL152966,(CML395/CML444),2017
9@2017,KibokoDT2017,Drought,1,1@2017,4,4@2017,18,87@09,2.970529236,66,15.8,201,125.5,66,(CML395/CML444)//CKDHL152969,CKDHL152969,(CML395/CML444),2017
9@2017,KibokoDT2017,Drought,2,2@2017,22,22@2017,106,87@09,3.643738364,67,17.6,203.5,123,67,(CML395/CML444)//CKDHL152969,CKDHL152969,(CML395/CML444),2017
9@2017,KibokoDT2017,Drought,2,2@2017,23,23@2017,115,88@09,4.038094896,65,15.6,223,131,64,(CML395/CML444)//CKDHL152975,CKDHL152975,(CML395/CML444),2017
9@2017,KibokoDT2017,Drought,1,1@2017,11,11@2017,51,88@09,2.933026703,65,13.3,176.5,91,65,(CML395/CML444)//CKDHL152975,CKDHL152975,(CML395/CML444),2017
9@2017,KibokoDT2017,Drought,1,1@2017,2,2@2017,8,89@09,3.05771296,68,14.5,228.5,122,67,(CML395/CML444)//CKDHL152976,CKDHL152976,(CML395/CML444),2017
9@2017,KibokoDT2017,Drought,2,2@2017,39,39@2017,191,89@09,4.091690655,65,17.4,217,126.5,65,(CML395/CML444)//CKDHL152976,CKDHL152976,(CML395/CML444),2017
9@2017,KibokoDT2017,Drought,2,2@2017,37,37@2017,182,90@09,3.732734388,66,16.5,216.5,118.5,66,(CML395/CML444)//CKDHL152985,CKDHL152985,(CML395/CML444),2017
9@2017,KibokoDT2017,Drought,1,1@2017,5,5@2017,25,90@09,1.30159403,67,14.5,177.5,94.5,68,(CML395/CML444)//CKDHL152985,CKDHL152985,(CML395/CML444),2017
9@2017,KibokoDT2017,Drought,2,2@2017,24,24@2017,116,91@09,3.866168013,65,17.1,210.5,118.5,66,(CML395/CML444)//CKDHL152989,CKDHL152989,(CML395/CML444),2017
9@2017,KibokoDT2017,Drought,1,1@2017,6,6@2017,30,91@09,2.706489174,65,14.5,201,106.5,67,(CML395/CML444)//CKDHL152989,CKDHL152989,(CML395/CML444),2017
9@2017,KibokoDT2017,Drought,2,2@2017,37,37@2017,181,92@09,4.978751211,63,19.2,200.5,122,63,(CML395/CML444)//CKDHL152991,CKDHL152991,(CML395/CML444),2017
9@2017,KibokoDT2017,Drought,1,1@2017,7,7@2017,35,92@09,1.878992886,65,13.6,181,99.5,66,(CML395/CML444)//CKDHL152991,CKDHL152991,(CML395/CML444),2017
9@2017,KibokoDT2017,Drought,1,1@2017,18,18@2017,86,93@09,4.149877574,66,15.4,245,131.5,65,(CML395/CML444)//CKDHL153001,CKDHL153001,(CML395/CML444),2017
9@2017,KibokoDT2017,Drought,2,2@2017,24,24@2017,118,93@09,2.286881259,68,15.5,209,118,71,(CML395/CML444)//CKDHL153001,CKDHL153001,(CML395/CML444),2017
9@2017,KibokoDT2017,Drought,1,1@2017,12,12@2017,56,94@09,2.177031701,65,15.8,170,93.5,65,(CML395/CML444)//CKDHL153004,CKDHL153004,(CML395/CML444),2017
9@2017,KibokoDT2017,Drought,2,2@2017,29,29@2017,144,94@09,3.545294215,64,14.2,205.5,118.5,64,(CML395/CML444)//CKDHL153004,CKDHL153004,(CML395/CML444),2017
9@2017,KibokoDT2017,Drought,2,2@2017,28,28@2017,139,95@09,3.309501873,63,14.4,202.5,113,62,(CML395/CML444)//CKDHL153005,CKDHL153005,(CML395/CML444),2017
9@2017,KibokoDT2017,Drought,1,1@2017,16,16@2017,77,95@09,3.300561191,62,13,198,105.5,61,(CML395/CML444)//CKDHL153005,CKDHL153005,(CML395/CML444),2017
9@2017,KibokoDT2017,Drought,1,1@2017,6,6@2017,29,96@09,1.018271093,70,14,201,115.5,72,H517,H517,,2017
9@2017,KibokoDT2017,Drought,2,2@2017,35,35@2017,174,96@09,3.008635869,66,15.3,252.5,146,69,H517,H517,,2017
9@2017,KibokoDT2017,Drought,2,2@2017,38,38@2017,190,97@09,3.447309183,62,20.3,227.5,113,66,Pioneer 30G19,Pioneer 30G19,,2017
9@2017,KibokoDT2017,Drought,1,1@2017,1,1@2017,3,97@09,2.437036374,61,13.8,229,102.5,65,Pioneer 30G19,Pioneer 30G19,,2017
9@2017,KibokoDT2017,Drought,2,2@2017,31,31@2017,152,98@09,2.993340055,65,16.3,224.5,133.5,65,WH505,WH505,,2017
9@2017,KibokoDT2017,Drought,1,1@2017,18,18@2017,90,98@09,3.42471584,65,17.6,236.5,127.5,65,WH505,WH505,,2017
9@2017,KibokoDT2017,Drought,2,2@2017,35,35@2017,173,99@09,1.898976516,60,11.7,223.5,127.5,62,DK 8031,DK 8031,,2017
9@2017,KibokoDT2017,Drought,1,1@2017,11,11@2017,55,99@09,1.426328614,61,11.9,186,96,64,DK 8031,DK 8031,,2017
9@2017,KibokoDT2017,Drought,1,1@2017,8,8@2017,39,100@09,1.708709155,59,12.7,170.5,78,62,PAN 4M19,PAN 4M19,,2017
9@2017,KibokoDT2017,Drought,2,2@2017,35,35@2017,175,100@09,2.060222909,58,13,194.5,111,60,PAN 4M19,PAN 4M19,,2017
10@2017,KibokoDT2017,Drought,2,2@2017,17,17@2017,99,1@10,1.594126687,61,11.9,185,104,61,(CML395/CML444)//CKDHL153009,CKDHL153009,(CML395/CML444),2017
10@2017,KibokoDT2017,Drought,1,1@2017,4,4@2017,23,1@10,4.205507391,60,11.8,219.5,117.5,61,(CML395/CML444)//CKDHL153009,CKDHL153009,(CML395/CML444),2017
10@2017,KibokoDT2017,Drought,1,1@2017,4,4@2017,20,2@10,1.749446083,67,13.8,210.5,117,68,(CML395/CML444)//CKDHL153012,CKDHL153012,(CML395/CML444),2017
10@2017,KibokoDT2017,Drought,2,2@2017,16,16@2017,93,2@10,2.001155445,65,12,204.5,122.5,67,(CML395/CML444)//CKDHL153012,CKDHL153012,(CML395/CML444),2017
10@2017,KibokoDT2017,Drought,2,2@2017,18,18@2017,107,3@10,2.525700735,65,13.2,193,112.5,65,(CML395/CML444)//CKDHL153016,CKDHL153016,(CML395/CML444),2017
10@2017,KibokoDT2017,Drought,1,1@2017,2,2@2017,7,3@10,3.159204343,62,15,211,120,64,(CML395/CML444)//CKDHL153016,CKDHL153016,(CML395/CML444),2017
10@2017,KibokoDT2017,Drought,1,1@2017,2,2@2017,10,4@10,5.327416166,62,18.4,210.5,116.5,62,(CML395/CML444)//CKDHL153017,CKDHL153017,(CML395/CML444),2017
10@2017,KibokoDT2017,Drought,2,2@2017,17,17@2017,101,4@10,2.086859866,61,15.5,173,96.5,62,(CML395/CML444)//CKDHL153017,CKDHL153017,(CML395/CML444),2017
10@2017,KibokoDT2017,Drought,1,1@2017,6,6@2017,33,5@10,3.516008598,64,16.4,212.5,115.5,65,(CML395/CML444)//CKDHL153046,CKDHL153046,(CML395/CML444),2017
10@2017,KibokoDT2017,Drought,2,2@2017,20,20@2017,118,5@10,2.517778272,65,15.6,216,123.5,65,(CML395/CML444)//CKDHL153046,CKDHL153046,(CML395/CML444),2017
10@2017,KibokoDT2017,Drought,2,2@2017,15,15@2017,86,6@10,3.217400212,65,14,209,117,67,(CML395/CML444)//CKDHL153054,CKDHL153054,(CML395/CML444),2017
10@2017,KibokoDT2017,Drought,1,1@2017,10,10@2017,57,6@10,3.65753704,65,16.9,199,110.5,67,(CML395/CML444)//CKDHL153054,CKDHL153054,(CML395/CML444),2017
10@2017,KibokoDT2017,Drought,1,1@2017,5,5@2017,29,7@10,4.642098673,64,11.7,213.5,129.5,63,(CML395/CML444)//CKDHL153055,CKDHL153055,(CML395/CML444),2017
10@2017,KibokoDT2017,Drought,2,2@2017,20,20@2017,116,7@10,3.688737851,64,12.8,196.5,112.5,63,(CML395/CML444)//CKDHL153055,CKDHL153055,(CML395/CML444),2017
10@2017,KibokoDT2017,Drought,2,2@2017,11,11@2017,65,8@10,2.787777764,64,12.3,191,107.5,64,(CML395/CML444)//CKDHL153056,CKDHL153056,(CML395/CML444),2017
10@2017,KibokoDT2017,Drought,1,1@2017,1,1@2017,4,8@10,4.740224733,63,14.6,214.5,124.5,63,(CML395/CML444)//CKDHL153056,CKDHL153056,(CML395/CML444),2017
10@2017,KibokoDT2017,Drought,1,1@2017,9,9@2017,50,9@10,4.288888868,64,12.3,218.5,131.5,65,(CML395/CML444)//CKDHL153064,CKDHL153064,(CML395/CML444),2017
10@2017,KibokoDT2017,Drought,2,2@2017,14,14@2017,81,9@10,4.287519554,65,15.7,219,130.5,65,(CML395/CML444)//CKDHL153064,CKDHL153064,(CML395/CML444),2017
10@2017,KibokoDT2017,Drought,1,1@2017,1,1@2017,1,10@10,4.958092463,62,12.6,214.5,121.5,63,(CML395/CML444)//CKDHL153068,CKDHL153068,(CML395/CML444),2017
10@2017,KibokoDT2017,Drought,2,2@2017,19,19@2017,109,10@10,3.748058515,62,13.4,205,115,62,(CML395/CML444)//CKDHL153068,CKDHL153068,(CML395/CML444),2017
10@2017,KibokoDT2017,Drought,2,2@2017,13,13@2017,75,11@10,5.950649914,63,15.5,220.5,134.5,65,(CML395/CML444)//CKDHL153071,CKDHL153071,(CML395/CML444),2017
10@2017,KibokoDT2017,Drought,1,1@2017,3,3@2017,16,11@10,4.409584167,66,13.3,216.5,127,67,(CML395/CML444)//CKDHL153071,CKDHL153071,(CML395/CML444),2017
10@2017,KibokoDT2017,Drought,2,2@2017,11,11@2017,61,12@10,3.275400466,64,16.8,213.5,127,64,(CML395/CML444)//CKDHL153077,CKDHL153077,(CML395/CML444),2017
10@2017,KibokoDT2017,Drought,1,1@2017,6,6@2017,34,12@10,3.619709725,65,17.3,210,133.5,65,(CML395/CML444)//CKDHL153077,CKDHL153077,(CML395/CML444),2017
10@2017,KibokoDT2017,Drought,2,2@2017,17,17@2017,100,13@10,2.0304979,60,13.5,186.5,108,62,(CML395/CML444)//CKDHL153080,CKDHL153080,(CML395/CML444),2017
10@2017,KibokoDT2017,Drought,1,1@2017,8,8@2017,46,13@10,4.097673868,61,14.5,200,116.5,62,(CML395/CML444)//CKDHL153080,CKDHL153080,(CML395/CML444),2017
10@2017,KibokoDT2017,Drought,1,1@2017,7,7@2017,42,14@10,2.384539074,63,13.7,209,120.5,63,(CML395/CML444)//CKDHL153083,CKDHL153083,(CML395/CML444),2017
10@2017,KibokoDT2017,Drought,2,2@2017,15,15@2017,88,14@10,3.230897742,63,15.3,211.5,113.5,64,(CML395/CML444)//CKDHL153083,CKDHL153083,(CML395/CML444),2017
10@2017,KibokoDT2017,Drought,2,2@2017,12,12@2017,72,15@10,4.658848324,62,13,212,124,63,(CML395/CML444)//CKDHL153085,CKDHL153085,(CML395/CML444),2017
10@2017,KibokoDT2017,Drought,1,1@2017,6,6@2017,35,15@10,5.169186976,60,15.1,196,108,60,(CML395/CML444)//CKDHL153085,CKDHL153085,(CML395/CML444),2017
10@2017,KibokoDT2017,Drought,1,1@2017,10,10@2017,60,16@10,3.7658107,66,16.3,196.5,120,68,(CML395/CML444)//CKDHL153088,CKDHL153088,(CML395/CML444),2017
10@2017,KibokoDT2017,Drought,2,2@2017,12,12@2017,71,16@10,6.491920404,64,13.8,224.5,130,65,(CML395/CML444)//CKDHL153088,CKDHL153088,(CML395/CML444),2017
10@2017,KibokoDT2017,Drought,2,2@2017,20,20@2017,115,17@10,2.561596339,62,12.7,202.5,127,63,(CML395/CML444)//CKDHL153098,CKDHL153098,(CML395/CML444),2017
10@2017,KibokoDT2017,Drought,1,1@2017,6,6@2017,32,17@10,3.907339142,62,12.2,200.5,127,61,(CML395/CML444)//CKDHL153098,CKDHL153098,(CML395/CML444),2017
10@2017,KibokoDT2017,Drought,1,1@2017,5,5@2017,26,18@10,5.026240315,62,16.1,228,125,63,(CML395/CML444)//CKDHL153103,CKDHL153103,(CML395/CML444),2017
10@2017,KibokoDT2017,Drought,2,2@2017,19,19@2017,114,18@10,2.802571252,62,15.1,201,116,63,(CML395/CML444)//CKDHL153103,CKDHL153103,(CML395/CML444),2017
10@2017,KibokoDT2017,Drought,2,2@2017,18,18@2017,103,19@10,1.310140625,63,10.7,179,91,66,(CML395/CML444)//CKDHL153106,CKDHL153106,(CML395/CML444),2017
10@2017,KibokoDT2017,Drought,1,1@2017,3,3@2017,15,19@10,2.833894323,62,12.2,214,112,65,(CML395/CML444)//CKDHL153106,CKDHL153106,(CML395/CML444),2017
10@2017,KibokoDT2017,Drought,2,2@2017,14,14@2017,82,20@10,2.888862522,64,16.8,229.5,135,65,(CML395/CML444)//CKDHL153109,CKDHL153109,(CML395/CML444),2017
10@2017,KibokoDT2017,Drought,1,1@2017,10,10@2017,55,20@10,3.169718723,65,13,219,135.5,68,(CML395/CML444)//CKDHL153109,CKDHL153109,(CML395/CML444),2017
10@2017,KibokoDT2017,Drought,2,2@2017,18,18@2017,106,21@10,4.183060413,64,13.6,198.5,106.5,63,(CML395/CML444)//CKDHL153122,CKDHL153122,(CML395/CML444),2017
10@2017,KibokoDT2017,Drought,1,1@2017,8,8@2017,44,21@10,4.170125281,62,14.3,224,127.5,62,(CML395/CML444)//CKDHL153122,CKDHL153122,(CML395/CML444),2017
10@2017,KibokoDT2017,Drought,1,1@2017,10,10@2017,56,22@10,2.586806398,62,16.7,215,110.5,64,(CML395/CML444)//CKDHL153124,CKDHL153124,(CML395/CML444),2017
10@2017,KibokoDT2017,Drought,2,2@2017,11,11@2017,64,22@10,2.068251859,68,12.8,198,113,68,(CML395/CML444)//CKDHL153124,CKDHL153124,(CML395/CML444),2017
10@2017,KibokoDT2017,Drought,2,2@2017,13,13@2017,73,23@10,5.549856428,64,13.7,217,123.5,63,(CML395/CML444)//CKDHL153129,CKDHL153129,(CML395/CML444),2017
10@2017,KibokoDT2017,Drought,1,1@2017,2,2@2017,8,23@10,5.937445809,62,14.8,224.5,124.5,62,(CML395/CML444)//CKDHL153129,CKDHL153129,(CML395/CML444),2017
10@2017,KibokoDT2017,Drought,1,1@2017,7,7@2017,39,24@10,3.960571247,62,14.3,211.5,119,63,(CML395/CML444)//CKDHL153130,CKDHL153130,(CML395/CML444),2017
10@2017,KibokoDT2017,Drought,2,2@2017,14,14@2017,84,24@10,2.854140617,61,14.8,199,109.5,62,(CML395/CML444)//CKDHL153130,CKDHL153130,(CML395/CML444),2017
10@2017,KibokoDT2017,Drought,1,1@2017,3,3@2017,17,25@10,3.886628259,64,15.9,201,118.5,66,(CML395/CML444)//CKDHL153131,CKDHL153131,(CML395/CML444),2017
10@2017,KibokoDT2017,Drought,2,2@2017,12,12@2017,70,25@10,4.205507391,65,18.1,214,125.5,65,(CML395/CML444)//CKDHL153131,CKDHL153131,(CML395/CML444),2017
10@2017,KibokoDT2017,Drought,1,1@2017,4,4@2017,24,26@10,4.277347502,61,15.9,213.5,115,61,(CML395/CML444)//CKDHL153142,CKDHL153142,(CML395/CML444),2017
10@2017,KibokoDT2017,Drought,2,2@2017,13,13@2017,77,26@10,3.307872783,61,11,210.5,114.5,63,(CML395/CML444)//CKDHL153142,CKDHL153142,(CML395/CML444),2017
10@2017,KibokoDT2017,Drought,2,2@2017,16,16@2017,91,27@10,2.858688698,61,13.4,204.5,114.5,63,(CML395/CML444)//CKDHL153145,CKDHL153145,(CML395/CML444),2017
10@2017,KibokoDT2017,Drought,1,1@2017,9,9@2017,53,27@10,4.154011382,60,14.2,200.5,107,61,(CML395/CML444)//CKDHL153145,CKDHL153145,(CML395/CML444),2017
10@2017,KibokoDT2017,Drought,1,1@2017,8,8@2017,45,28@10,4.83328922,63,14.8,204.5,117.5,63,(CML395/CML444)//CKDHL153146,CKDHL153146,(CML395/CML444),2017
10@2017,KibokoDT2017,Drought,2,2@2017,15,15@2017,85,28@10,3.142112363,67,14.9,209.5,126,69,(CML395/CML444)//CKDHL153146,CKDHL153146,(CML395/CML444),2017
10@2017,KibokoDT2017,Drought,2,2@2017,19,19@2017,113,29@10,3.238600136,63,16.7,207.5,112.5,63,(CML395/CML444)//CKDHL153149,CKDHL153149,(CML395/CML444),2017
10@2017,KibokoDT2017,Drought,1,1@2017,1,1@2017,6,29@10,3.530264141,67,17.5,220,115,67,(CML395/CML444)//CKDHL153149,CKDHL153149,(CML395/CML444),2017
10@2017,KibokoDT2017,Drought,1,1@2017,2,2@2017,12,30@10,3.905114006,60,15.5,195,99.5,58,(CML395/CML444)//CKDHL153150,CKDHL153150,(CML395/CML444),2017
10@2017,KibokoDT2017,Drought,2,2@2017,18,18@2017,105,30@10,2.310253758,58,11.7,171,86,59,(CML395/CML444)//CKDHL153150,CKDHL153150,(CML395/CML444),2017
10@2017,KibokoDT2017,Drought,2,2@2017,16,16@2017,92,31@10,2.032674132,63,14.3,203,105.5,65,(CML395/CML444)//CKDHL153152,CKDHL153152,(CML395/CML444),2017
10@2017,KibokoDT2017,Drought,1,1@2017,1,1@2017,3,31@10,4.109508659,65,16.8,212,126,64,(CML395/CML444)//CKDHL153152,CKDHL153152,(CML395/CML444),2017
10@2017,KibokoDT2017,Drought,2,2@2017,15,15@2017,90,32@10,1.754091972,62,14.6,217.5,118,63,(CML395/CML444)//CKDHL153158,CKDHL153158,(CML395/CML444),2017
10@2017,KibokoDT2017,Drought,1,1@2017,10,10@2017,58,32@10,3.331909144,62,14.3,210.5,117.5,64,(CML395/CML444)//CKDHL153158,CKDHL153158,(CML395/CML444),2017
10@2017,KibokoDT2017,Drought,1,1@2017,5,5@2017,28,33@10,4.373981988,63,14,219.5,119.5,62,(CML395/CML444)//CKDHL153163,CKDHL153163,(CML395/CML444),2017
10@2017,KibokoDT2017,Drought,2,2@2017,14,14@2017,79,33@10,3.191578852,63,12.4,210,132,63,(CML395/CML444)//CKDHL153163,CKDHL153163,(CML395/CML444),2017
10@2017,KibokoDT2017,Drought,1,1@2017,10,10@2017,59,34@10,4.046911421,63,13.8,209.5,124,64,(CML395/CML444)//CKDHL153166,CKDHL153166,(CML395/CML444),2017
10@2017,KibokoDT2017,Drought,2,2@2017,13,13@2017,76,34@10,4.244972994,61,14.9,219,133.5,61,(CML395/CML444)//CKDHL153166,CKDHL153166,(CML395/CML444),2017
10@2017,KibokoDT2017,Drought,2,2@2017,12,12@2017,67,35@10,3.307188125,64,11.6,200.5,108,65,(CML395/CML444)//CKDHL153167,CKDHL153167,(CML395/CML444),2017
10@2017,KibokoDT2017,Drought,1,1@2017,7,7@2017,41,35@10,4.013167597,62,12.7,210,109,62,(CML395/CML444)//CKDHL153167,CKDHL153167,(CML395/CML444),2017
10@2017,KibokoDT2017,Drought,1,1@2017,7,7@2017,38,36@10,3.769380699,63,15.3,208,112,65,(CML395/CML444)//CKDHL153173,CKDHL153173,(CML395/CML444),2017
10@2017,KibokoDT2017,Drought,2,2@2017,15,15@2017,87,36@10,3.994363974,61,11.7,211.5,122.5,64,(CML395/CML444)//CKDHL153173,CKDHL153173,(CML395/CML444),2017
10@2017,KibokoDT2017,Drought,1,1@2017,8,8@2017,47,37@10,5.284356113,63,13.9,219.5,120,63,(CML395/CML444)//CKDHL153181,CKDHL153181,(CML395/CML444),2017
10@2017,KibokoDT2017,Drought,2,2@2017,11,11@2017,62,37@10,3.586234874,64,12.7,224.5,132.5,65,(CML395/CML444)//CKDHL153181,CKDHL153181,(CML395/CML444),2017
10@2017,KibokoDT2017,Drought,2,2@2017,11,11@2017,63,38@10,4.019549581,64,15.7,174,101.5,65,(CML395/CML444)//CKDHL153182,CKDHL153182,(CML395/CML444),2017
10@2017,KibokoDT2017,Drought,1,1@2017,4,4@2017,21,38@10,4.690269203,62,15.5,201,113,63,(CML395/CML444)//CKDHL153182,CKDHL153182,(CML395/CML444),2017
10@2017,KibokoDT2017,Drought,2,2@2017,12,12@2017,69,39@10,3.475124777,60,16.4,208.5,115.5,63,(CML395/CML444)//CKDHL153185,CKDHL153185,(CML395/CML444),2017
10@2017,KibokoDT2017,Drought,1,1@2017,9,9@2017,52,39@10,4.239055598,58,14.6,206,115.5,60,(CML395/CML444)//CKDHL153185,CKDHL153185,(CML395/CML444),2017
10@2017,KibokoDT2017,Drought,1,1@2017,3,3@2017,13,40@10,4.179148086,60,12.8,223,126.5,63,(CML395/CML444)//CKDHL153190,CKDHL153190,(CML395/CML444),2017
10@2017,KibokoDT2017,Drought,2,2@2017,17,17@2017,97,40@10,3.349147836,59,12.2,195.5,102.5,60,(CML395/CML444)//CKDHL153190,CKDHL153190,(CML395/CML444),2017
10@2017,KibokoDT2017,Drought,2,2@2017,14,14@2017,80,41@10,4.246660185,61,16.1,212.5,123.5,63,(CML395/CML444)//CKDHL153192,CKDHL153192,(CML395/CML444),2017
10@2017,KibokoDT2017,Drought,1,1@2017,9,9@2017,51,41@10,2.353191551,67,13.3,209.5,129,68,(CML395/CML444)//CKDHL153192,CKDHL153192,(CML395/CML444),2017
10@2017,KibokoDT2017,Drought,1,1@2017,8,8@2017,43,42@10,3.619098424,65,11.9,202,129,67,(CML395/CML444)//CKDHL153193,CKDHL153193,(CML395/CML444),2017
10@2017,KibokoDT2017,Drought,2,2@2017,20,20@2017,117,42@10,3.609806647,65,11.6,216,130,65,(CML395/CML444)//CKDHL153193,CKDHL153193,(CML395/CML444),2017
10@2017,KibokoDT2017,Drought,2,2@2017,19,19@2017,110,43@10,3.806303288,60,15.4,208.5,114.5,62,(CML395/CML444)//CKDHL153194,CKDHL153194,(CML395/CML444),2017
10@2017,KibokoDT2017,Drought,1,1@2017,4,4@2017,22,43@10,5.992511817,61,15.2,221.5,127.5,62,(CML395/CML444)//CKDHL153194,CKDHL153194,(CML395/CML444),2017
10@2017,KibokoDT2017,Drought,1,1@2017,8,8@2017,48,44@10,2.961607359,60,14.1,191,106,61,(CML395/CML444)//CKDHL153195,CKDHL153195,(CML395/CML444),2017
10@2017,KibokoDT2017,Drought,2,2@2017,18,18@2017,104,44@10,1.980689082,58,12.9,177,86.5,61,(CML395/CML444)//CKDHL153195,CKDHL153195,(CML395/CML444),2017
10@2017,KibokoDT2017,Drought,2,2@2017,11,11@2017,66,45@10,2.604583036,65,13.4,195,109.5,65,(CML395/CML444)//CKDHL153196,CKDHL153196,(CML395/CML444),2017
10@2017,KibokoDT2017,Drought,1,1@2017,9,9@2017,54,45@10,3.916484208,64,15.7,226.5,127.5,63,(CML395/CML444)//CKDHL153196,CKDHL153196,(CML395/CML444),2017
10@2017,KibokoDT2017,Drought,1,1@2017,1,1@2017,5,46@10,3.98380069,62,14.7,205.5,123.5,63,(CML395/CML444)//CKDHL153197,CKDHL153197,(CML395/CML444),2017
10@2017,KibokoDT2017,Drought,2,2@2017,17,17@2017,102,46@10,2.637104257,63,11.6,183.5,102,63,(CML395/CML444)//CKDHL153197,CKDHL153197,(CML395/CML444),2017
10@2017,KibokoDT2017,Drought,1,1@2017,5,5@2017,30,47@10,4.390584927,63,15.7,205.5,120,63,(CML395/CML444)//CKDHL153199,CKDHL153199,(CML395/CML444),2017
10@2017,KibokoDT2017,Drought,2,2@2017,12,12@2017,68,47@10,4.051214981,62,12.8,216,129.5,62,(CML395/CML444)//CKDHL153199,CKDHL153199,(CML395/CML444),2017
10@2017,KibokoDT2017,Drought,2,2@2017,16,16@2017,95,48@10,3.469745327,62,14,202.5,117,63,(CML395/CML444)//CKDHL153207,CKDHL153207,(CML395/CML444),2017
10@2017,KibokoDT2017,Drought,1,1@2017,3,3@2017,14,48@10,4.946037604,64,10.1,210,119.5,62,(CML395/CML444)//CKDHL153207,CKDHL153207,(CML395/CML444),2017
10@2017,KibokoDT2017,Drought,2,2@2017,13,13@2017,74,49@10,4.645790932,65,14.8,240,139.5,64,(CML395/CML444)//CKDHL153213,CKDHL153213,(CML395/CML444),2017
10@2017,KibokoDT2017,Drought,1,1@2017,5,5@2017,25,49@10,4.118898244,63,10.4,231.5,128.5,62,(CML395/CML444)//CKDHL153213,CKDHL153213,(CML395/CML444),2017
10@2017,KibokoDT2017,Drought,2,2@2017,18,18@2017,108,50@10,2.345049019,66,13.6,201,120.5,67,(CML395/CML444)//CKDHL153219,CKDHL153219,(CML395/CML444),2017
10@2017,KibokoDT2017,Drought,1,1@2017,4,4@2017,19,50@10,4.044368408,64,17.3,213,125.5,63,(CML395/CML444)//CKDHL153219,CKDHL153219,(CML395/CML444),2017
10@2017,KibokoDT2017,Drought,1,1@2017,7,7@2017,40,51@10,4.349236518,65,16.1,231,131,67,(CML395/CML444)//CKDHL153222,CKDHL153222,(CML395/CML444),2017
10@2017,KibokoDT2017,Drought,2,2@2017,16,16@2017,96,51@10,3.815057121,63,13.8,213,132.5,65,(CML395/CML444)//CKDHL153222,CKDHL153222,(CML395/CML444),2017
10@2017,KibokoDT2017,Drought,2,2@2017,15,15@2017,89,52@10,3.879512714,63,14.7,223.5,122.5,65,(CML395/CML444)//CKDHL153228,CKDHL153228,(CML395/CML444),2017
10@2017,KibokoDT2017,Drought,1,1@2017,6,6@2017,31,52@10,4.686797013,64,16.3,222.5,121.5,66,(CML395/CML444)//CKDHL153228,CKDHL153228,(CML395/CML444),2017
10@2017,KibokoDT2017,Drought,1,1@2017,3,3@2017,18,53@10,3.601639663,63,11.8,223.5,131.5,63,(CML395/CML444)//CKDHL153231,CKDHL153231,(CML395/CML444),2017
10@2017,KibokoDT2017,Drought,2,2@2017,14,14@2017,83,53@10,3.422503974,63,13.6,218,124.5,62,(CML395/CML444)//CKDHL153231,CKDHL153231,(CML395/CML444),2017
10@2017,KibokoDT2017,Drought,1,1@2017,1,1@2017,2,54@10,3.489918265,64,17.5,211.5,120.5,64,(CML395/CML444)//CKDHL153234,CKDHL153234,(CML395/CML444),2017
10@2017,KibokoDT2017,Drought,2,2@2017,20,20@2017,120,54@10,2.771981743,65,15.4,214,121.5,65,(CML395/CML444)//CKDHL153234,CKDHL153234,(CML395/CML444),2017
10@2017,KibokoDT2017,Drought,2,2@2017,19,19@2017,112,55@10,2.386128457,59,14.4,213.5,112.5,61,(CML395/CML444)//CKDHL153239,CKDHL153239,(CML395/CML444),2017
10@2017,KibokoDT2017,Drought,1,1@2017,7,7@2017,37,55@10,3.65717026,66,15.5,219.5,118.5,67,(CML395/CML444)//CKDHL153239,CKDHL153239,(CML395/CML444),2017
10@2017,KibokoDT2017,Drought,1,1@2017,2,2@2017,11,56@10,3.050735067,67,15.7,249.5,160.5,69,H517,H517,,2017
10@2017,KibokoDT2017,Drought,2,2@2017,19,19@2017,111,56@10,2.263183569,68,14.3,238.5,155,70,H517,H517,,2017
10@2017,KibokoDT2017,Drought,2,2@2017,16,16@2017,94,57@10,3.228623702,63,13.7,219,115,66,Pioneer 30G19,Pioneer 30G19,,2017
10@2017,KibokoDT2017,Drought,1,1@2017,5,5@2017,27,57@10,3.347240577,64,15.5,242.5,126,67,Pioneer 30G19,Pioneer 30G19,,2017
10@2017,KibokoDT2017,Drought,1,1@2017,9,9@2017,49,58@10,3.538333316,64,12.3,221,133,65,WH505,WH505,,2017
10@2017,KibokoDT2017,Drought,2,2@2017,20,20@2017,119,58@10,3.40966665,65,12.3,206.5,128,66,WH505,WH505,,2017
10@2017,KibokoDT2017,Drought,1,1@2017,2,2@2017,9,59@10,3.36269427,63,10.7,235,124,65,DK 8031,DK 8031,,2017
10@2017,KibokoDT2017,Drought,2,2@2017,13,13@2017,78,59@10,3.176027351,61,9.8,222,124.5,64,DK 8031,DK 8031,,2017
10@2017,KibokoDT2017,Drought,1,1@2017,6,6@2017,36,60@10,3.933282763,58,12.1,199.5,104,61,PAN 4M19,PAN 4M19,,2017
10@2017,KibokoDT2017,Drought,2,2@2017,17,17@2017,98,60@10,1.028012918,58,14.2,186.5,102,61,PAN 4M19,PAN 4M19,,2017
11@2017,KibokoDT2017,Drought,1,1@2017,5,5@2017,24,1@11,4.131480453,64,14.9,225,119.5,64,(CML395/CML444)//CKDHL153251,CKDHL153251,(CML395/CML444),2017
11@2017,KibokoDT2017,Drought,2,2@2017,18,18@2017,90,1@11,4.782489758,62,16.1,218.5,120.5,63,(CML395/CML444)//CKDHL153251,CKDHL153251,(CML395/CML444),2017
11@2017,KibokoDT2017,Drought,2,2@2017,18,18@2017,87,2@11,4.124161943,65,16.3,201.5,115.5,64,(CML395/CML444)//CKDHL153252,CKDHL153252,(CML395/CML444),2017
11@2017,KibokoDT2017,Drought,1,1@2017,3,3@2017,14,2@11,4.029770062,65,14,201,119.5,64,(CML395/CML444)//CKDHL153252,CKDHL153252,(CML395/CML444),2017
11@2017,KibokoDT2017,Drought,2,2@2017,11,11@2017,52,3@11,4.555543466,63,15.8,234,137.5,63,(CML395/CML444)//CKDHL153256,CKDHL153256,(CML395/CML444),2017
11@2017,KibokoDT2017,Drought,1,1@2017,8,8@2017,37,3@11,3.543705013,63,14.7,214,120.5,63,(CML395/CML444)//CKDHL153256,CKDHL153256,(CML395/CML444),2017
11@2017,KibokoDT2017,Drought,2,2@2017,15,15@2017,72,4@11,6.189865939,62,15.7,240,143.5,61,(CML395/CML444)//CKDHL153257,CKDHL153257,(CML395/CML444),2017
11@2017,KibokoDT2017,Drought,1,1@2017,5,5@2017,21,4@11,3.323425086,65,16.1,198.5,114.5,65,(CML395/CML444)//CKDHL153257,CKDHL153257,(CML395/CML444),2017
11@2017,KibokoDT2017,Drought,2,2@2017,16,16@2017,78,5@11,6.186943365,63,14.9,256,153.5,62,(CML395/CML444)//CKDHL153259,CKDHL153259,(CML395/CML444),2017
11@2017,KibokoDT2017,Drought,1,1@2017,3,3@2017,11,5@11,3.891612037,64,15.2,224,125,64,(CML395/CML444)//CKDHL153259,CKDHL153259,(CML395/CML444),2017
11@2017,KibokoDT2017,Drought,2,2@2017,12,12@2017,58,6@11,4.263455181,64,17.9,238,138.5,65,(CML395/CML444)//CKDHL153260,CKDHL153260,(CML395/CML444),2017
11@2017,KibokoDT2017,Drought,1,1@2017,6,6@2017,26,6@11,4.224906194,65,17.1,233,141.5,66,(CML395/CML444)//CKDHL153260,CKDHL153260,(CML395/CML444),2017
11@2017,KibokoDT2017,Drought,1,1@2017,6,6@2017,30,7@11,3.647371838,65,14.2,214,133.5,64,(CML395/CML444)//CKDHL153261,CKDHL153261,(CML395/CML444),2017
11@2017,KibokoDT2017,Drought,2,2@2017,12,12@2017,57,7@11,3.03194064,65,11.6,229.5,132,64,(CML395/CML444)//CKDHL153261,CKDHL153261,(CML395/CML444),2017
11@2017,KibokoDT2017,Drought,1,1@2017,9,9@2017,45,8@11,2.3913898,63,16.8,186.5,105,63,(CML395/CML444)//CKDHL153263,CKDHL153263,(CML395/CML444),2017
11@2017,KibokoDT2017,Drought,2,2@2017,11,11@2017,55,8@11,3.306710864,62,12.8,215.5,129,63,(CML395/CML444)//CKDHL153263,CKDHL153263,(CML395/CML444),2017
11@2017,KibokoDT2017,Drought,1,1@2017,1,1@2017,1,9@11,4.813309625,61,15.2,216,124.5,60,(CML395/CML444)//CKDHL153265,CKDHL153265,(CML395/CML444),2017
11@2017,KibokoDT2017,Drought,2,2@2017,10,10@2017,48,9@11,4.458253165,62,16.1,226,124.5,62,(CML395/CML444)//CKDHL153265,CKDHL153265,(CML395/CML444),2017
11@2017,KibokoDT2017,Drought,2,2@2017,16,16@2017,79,10@11,3.635440009,62,17.3,220.5,128,58,(CML395/CML444)//CKDHL153269,CKDHL153269,(CML395/CML444),2017
11@2017,KibokoDT2017,Drought,1,1@2017,8,8@2017,38,10@11,2.385979416,62,11.8,180.5,107,62,(CML395/CML444)//CKDHL153269,CKDHL153269,(CML395/CML444),2017
11@2017,KibokoDT2017,Drought,1,1@2017,5,5@2017,25,11@11,2.617273339,67,16,220.5,123,67,(CML395/CML444)//CKDHL153271,CKDHL153271,(CML395/CML444),2017
11@2017,KibokoDT2017,Drought,2,2@2017,13,13@2017,63,11@11,4.129813862,65,17.4,228,128.5,66,(CML395/CML444)//CKDHL153271,CKDHL153271,(CML395/CML444),2017
11@2017,KibokoDT2017,Drought,1,1@2017,1,1@2017,4,12@11,3.291542465,65,13.2,208.5,118.5,65,(CML395/CML444)//CKDHL153275,CKDHL153275,(CML395/CML444),2017
11@2017,KibokoDT2017,Drought,2,2@2017,15,15@2017,75,12@11,5.446324572,62,17.1,248,145.5,62,(CML395/CML444)//CKDHL153275,CKDHL153275,(CML395/CML444),2017
11@2017,KibokoDT2017,Drought,2,2@2017,17,17@2017,85,13@11,4.51486897,61,15.8,222.5,141.5,62,(CML395/CML444)//CKDHL153277,CKDHL153277,(CML395/CML444),2017
11@2017,KibokoDT2017,Drought,1,1@2017,7,7@2017,35,13@11,3.861999846,65,15.4,202.5,125.5,63,(CML395/CML444)//CKDHL153277,CKDHL153277,(CML395/CML444),2017
11@2017,KibokoDT2017,Drought,2,2@2017,14,14@2017,69,14@11,5.05069023,62,14.3,233.5,137,62,(CML395/CML444)//CKDHL153279,CKDHL153279,(CML395/CML444),2017
11@2017,KibokoDT2017,Drought,1,1@2017,5,5@2017,23,14@11,4.86060218,64,15.8,231,137,63,(CML395/CML444)//CKDHL153279,CKDHL153279,(CML395/CML444),2017
11@2017,KibokoDT2017,Drought,1,1@2017,9,9@2017,42,15@11,3.589379283,63,14.1,210.5,122.5,63,(CML395/CML444)//CKDHL153281,CKDHL153281,(CML395/CML444),2017
11@2017,KibokoDT2017,Drought,2,2@2017,12,12@2017,56,15@11,4.976949593,60,14.5,230,127.5,62,(CML395/CML444)//CKDHL153281,CKDHL153281,(CML395/CML444),2017
11@2017,KibokoDT2017,Drought,1,1@2017,7,7@2017,33,16@11,3.836517902,64,17.7,211,125.5,64,(CML395/CML444)//CKDHL153283,CKDHL153283,(CML395/CML444),2017
11@2017,KibokoDT2017,Drought,2,2@2017,10,10@2017,47,16@11,3.593316303,63,14.5,207,125,63,(CML395/CML444)//CKDHL153283,CKDHL153283,(CML395/CML444),2017
11@2017,KibokoDT2017,Drought,1,1@2017,3,3@2017,15,17@11,4.269082947,65,14.2,209,123.5,64,(CML395/CML444)//CKDHL153284,CKDHL153284,(CML395/CML444),2017
11@2017,KibokoDT2017,Drought,2,2@2017,16,16@2017,80,17@11,5.228315075,65,16.1,228.5,139.5,63,(CML395/CML444)//CKDHL153284,CKDHL153284,(CML395/CML444),2017
11@2017,KibokoDT2017,Drought,1,1@2017,6,6@2017,28,18@11,3.989820171,61,12.6,229.5,131.5,62,(CML395/CML444)//CKDHL153285,CKDHL153285,(CML395/CML444),2017
11@2017,KibokoDT2017,Drought,2,2@2017,18,18@2017,86,18@11,3.669399831,63,15.6,211.5,130,64,(CML395/CML444)//CKDHL153285,CKDHL153285,(CML395/CML444),2017
11@2017,KibokoDT2017,Drought,1,1@2017,4,4@2017,19,19@11,4.217780911,64,14.4,201,123,63,(CML395/CML444)//CKDHL153286,CKDHL153286,(CML395/CML444),2017
11@2017,KibokoDT2017,Drought,2,2@2017,17,17@2017,84,19@11,5.454681684,62,15.1,223,133.5,61,(CML395/CML444)//CKDHL153286,CKDHL153286,(CML395/CML444),2017
11@2017,KibokoDT2017,Drought,1,1@2017,2,2@2017,10,20@11,3.410570917,65,13.9,198,118,64,(CML395/CML444)//CKDHL153288,CKDHL153288,(CML395/CML444),2017
11@2017,KibokoDT2017,Drought,2,2@2017,11,11@2017,51,20@11,4.449147295,64,12.7,230.5,140.5,64,(CML395/CML444)//CKDHL153288,CKDHL153288,(CML395/CML444),2017
11@2017,KibokoDT2017,Drought,2,2@2017,16,16@2017,76,21@11,4.702686592,63,17.5,223,125.5,63,(CML395/CML444)//CKDHL153291,CKDHL153291,(CML395/CML444),2017
11@2017,KibokoDT2017,Drought,1,1@2017,7,7@2017,32,21@11,4.21514818,63,16.5,215,128,63,(CML395/CML444)//CKDHL153291,CKDHL153291,(CML395/CML444),2017
11@2017,KibokoDT2017,Drought,1,1@2017,4,4@2017,20,22@11,4.060106859,60,18.4,198,113.5,59,(CML395/CML444)//CKDHL153292,CKDHL153292,(CML395/CML444),2017
11@2017,KibokoDT2017,Drought,2,2@2017,11,11@2017,53,22@11,5.217156157,60,20,209.5,125,61,(CML395/CML444)//CKDHL153292,CKDHL153292,(CML395/CML444),2017
11@2017,KibokoDT2017,Drought,1,1@2017,1,1@2017,3,23@11,3.553632102,60,11.9,200,116,61,(CML395/CML444)//CKDHL153293,CKDHL153293,(CML395/CML444),2017
11@2017,KibokoDT2017,Drought,2,2@2017,14,14@2017,67,23@11,4.112061039,60,15.3,229,125,61,(CML395/CML444)//CKDHL153293,CKDHL153293,(CML395/CML444),2017
11@2017,KibokoDT2017,Drought,2,2@2017,15,15@2017,71,24@11,2.987425738,64,14.7,223.5,137,63,(CML395/CML444)//CKDHL153297,CKDHL153297,(CML395/CML444),2017
11@2017,KibokoDT2017,Drought,1,1@2017,9,9@2017,44,24@11,2.993560727,65,12.1,193,102,66,(CML395/CML444)//CKDHL153297,CKDHL153297,(CML395/CML444),2017
11@2017,KibokoDT2017,Drought,1,1@2017,1,1@2017,2,25@11,3.350573621,64,13.3,204.5,124.5,63,(CML395/CML444)//CKDHL153298,CKDHL153298,(CML395/CML444),2017
11@2017,KibokoDT2017,Drought,2,2@2017,10,10@2017,46,25@11,4.636530153,62,16.9,211,118,62,(CML395/CML444)//CKDHL153298,CKDHL153298,(CML395/CML444),2017
11@2017,KibokoDT2017,Drought,2,2@2017,14,14@2017,70,26@11,5.265463159,62,12.8,234,141.5,62,(CML395/CML444)//CKDHL153301,CKDHL153301,(CML395/CML444),2017
11@2017,KibokoDT2017,Drought,1,1@2017,4,4@2017,18,26@11,4.124572552,64,16.7,213.5,130,64,(CML395/CML444)//CKDHL153301,CKDHL153301,(CML395/CML444),2017
11@2017,KibokoDT2017,Drought,2,2@2017,14,14@2017,68,27@11,4.603512318,63,18.2,220.5,131,63,(CML395/CML444)//CKDHL153303,CKDHL153303,(CML395/CML444),2017
11@2017,KibokoDT2017,Drought,1,1@2017,7,7@2017,31,27@11,4.657084783,63,18.3,220,130,62,(CML395/CML444)//CKDHL153303,CKDHL153303,(CML395/CML444),2017
11@2017,KibokoDT2017,Drought,2,2@2017,13,13@2017,61,28@11,4.69232474,60,15.9,201,123.5,59,(CML395/CML444)//CKDHL153305,CKDHL153305,(CML395/CML444),2017
11@2017,KibokoDT2017,Drought,1,1@2017,8,8@2017,39,28@11,4.482696507,62,16.4,195.5,118,61,(CML395/CML444)//CKDHL153305,CKDHL153305,(CML395/CML444),2017
11@2017,KibokoDT2017,Drought,2,2@2017,15,15@2017,73,29@11,4.479508245,62,15.7,238,135,62,(CML395/CML444)//CKDHL153306,CKDHL153306,(CML395/CML444),2017
11@2017,KibokoDT2017,Drought,1,1@2017,3,3@2017,12,29@11,3.586794858,65,17.5,196.5,108,65,(CML395/CML444)//CKDHL153306,CKDHL153306,(CML395/CML444),2017
11@2017,KibokoDT2017,Drought,2,2@2017,12,12@2017,60,30@11,3.846444991,63,12.5,230,141.5,63,(CML395/CML444)//CKDHL153307,CKDHL153307,(CML395/CML444),2017
11@2017,KibokoDT2017,Drought,1,1@2017,2,2@2017,9,30@11,4.957312797,64,13.4,229.5,135,63,(CML395/CML444)//CKDHL153307,CKDHL153307,(CML395/CML444),2017
11@2017,KibokoDT2017,Drought,1,1@2017,4,4@2017,17,31@11,3.895041835,65,13.3,216,129,64,(CML395/CML444)//CKDHL153313,CKDHL153313,(CML395/CML444),2017
11@2017,KibokoDT2017,Drought,2,2@2017,10,10@2017,50,31@11,5.047163819,62,15.4,218,122.5,62,(CML395/CML444)//CKDHL153313,CKDHL153313,(CML395/CML444),2017
11@2017,KibokoDT2017,Drought,1,1@2017,5,5@2017,22,32@11,3.660704571,62,15.8,190,113.5,64,(CML395/CML444)//CKDHL153315,CKDHL153315,(CML395/CML444),2017
11@2017,KibokoDT2017,Drought,2,2@2017,14,14@2017,66,32@11,3.589113594,64,18.8,218,125.5,65,(CML395/CML444)//CKDHL153315,CKDHL153315,(CML395/CML444),2017
11@2017,KibokoDT2017,Drought,1,1@2017,6,6@2017,27,33@11,4.491947298,61,13.5,228,129,62,(CML395/CML444)//CKDHL153316,CKDHL153316,(CML395/CML444),2017
11@2017,KibokoDT2017,Drought,2,2@2017,17,17@2017,83,33@11,4.44463059,59,15.2,237.5,138,60,(CML395/CML444)//CKDHL153316,CKDHL153316,(CML395/CML444),2017
11@2017,KibokoDT2017,Drought,2,2@2017,16,16@2017,77,34@11,5.279858645,61,15.6,232.5,135,62,(CML395/CML444)//CKDHL153317,CKDHL153317,(CML395/CML444),2017
11@2017,KibokoDT2017,Drought,1,1@2017,8,8@2017,36,34@11,2.504645565,66,14.3,212,116.5,68,(CML395/CML444)//CKDHL153317,CKDHL153317,(CML395/CML444),2017
11@2017,KibokoDT2017,Drought,2,2@2017,18,18@2017,89,35@11,3.690775679,65,16.5,218.5,127.5,65,(CML395/CML444)//CKDHL153319,CKDHL153319,(CML395/CML444),2017
11@2017,KibokoDT2017,Drought,1,1@2017,6,6@2017,29,35@11,3.664689898,62,13.3,229,135,63,(CML395/CML444)//CKDHL153319,CKDHL153319,(CML395/CML444),2017
11@2017,KibokoDT2017,Drought,2,2@2017,11,11@2017,54,36@11,4.959486612,63,14.8,222.5,143,61,(CML395/CML444)//CKDHL153320,CKDHL153320,(CML395/CML444),2017
11@2017,KibokoDT2017,Drought,1,1@2017,8,8@2017,40,36@11,4.419366028,62,14.5,205,128,62,(CML395/CML444)//CKDHL153320,CKDHL153320,(CML395/CML444),2017
11@2017,KibokoDT2017,Drought,1,1@2017,4,4@2017,16,37@11,4.32057821,62,14,200,125,61,(CML395/CML444)//CKDHL153322,CKDHL153322,(CML395/CML444),2017
11@2017,KibokoDT2017,Drought,2,2@2017,13,13@2017,64,37@11,3.067108137,63,14.2,193.5,117,62,(CML395/CML444)//CKDHL153322,CKDHL153322,(CML395/CML444),2017
11@2017,KibokoDT2017,Drought,1,1@2017,9,9@2017,41,38@11,3.958227392,62,14.2,207.5,123,62,(CML395/CML444)//CKDHL153323,CKDHL153323,(CML395/CML444),2017
11@2017,KibokoDT2017,Drought,2,2@2017,12,12@2017,59,38@11,3.137467284,63,15.1,215.5,120.5,62,(CML395/CML444)//CKDHL153323,CKDHL153323,(CML395/CML444),2017
11@2017,KibokoDT2017,Drought,1,1@2017,1,1@2017,5,39@11,3.692587191,65,16,211.5,127,65,(CML395/CML444)//CKDHL153324,CKDHL153324,(CML395/CML444),2017
11@2017,KibokoDT2017,Drought,2,2@2017,10,10@2017,49,39@11,4.877171481,65,14.8,214.5,138.5,65,(CML395/CML444)//CKDHL153324,CKDHL153324,(CML395/CML444),2017
11@2017,KibokoDT2017,Drought,1,1@2017,3,3@2017,13,40@11,3.921320843,65,15,209.5,124.5,65,(CML395/CML444)//CKDHL153328,CKDHL153328,(CML395/CML444),2017
11@2017,KibokoDT2017,Drought,2,2@2017,13,13@2017,65,40@11,2.551865659,67,13.4,216,127.5,67,(CML395/CML444)//CKDHL153328,CKDHL153328,(CML395/CML444),2017
11@2017,KibokoDT2017,Drought,2,2@2017,17,17@2017,82,41@11,2.601235415,66,15.2,256.5,160.5,71,H517,H517,,2017
11@2017,KibokoDT2017,Drought,1,1@2017,7,7@2017,34,41@11,1.918512563,68,15.5,240,149,73,H517,H517,,2017
11@2017,KibokoDT2017,Drought,1,1@2017,2,2@2017,6,42@11,1.874867187,64,14.7,221,118,65,Pioneer 30G19,Pioneer 30G19,,2017
11@2017,KibokoDT2017,Drought,2,2@2017,15,15@2017,74,42@11,3.676645881,60,14,232.5,128.5,65,Pioneer 30G19,Pioneer 30G19,,2017
11@2017,KibokoDT2017,Drought,1,1@2017,2,2@2017,7,43@11,3.195218304,67,15.2,228,131.5,67,WH505,WH505,,2017
11@2017,KibokoDT2017,Drought,2,2@2017,18,18@2017,88,43@11,2.928563656,66,15.8,216,124.5,65,WH505,WH505,,2017
11@2017,KibokoDT2017,Drought,2,2@2017,17,17@2017,81,44@11,3.492258056,59,12.9,231,132.5,62,DK 8031,DK 8031,,2017
11@2017,KibokoDT2017,Drought,1,1@2017,9,9@2017,43,44@11,3.19939686,60,11.1,217.5,122.5,62,DK 8031,DK 8031,,2017
11@2017,KibokoDT2017,Drought,2,2@2017,13,13@2017,62,45@11,2.787579673,59,11.9,199.5,110,62,PAN 4M19,PAN 4M19,,2017
11@2017,KibokoDT2017,Drought,1,1@2017,2,2@2017,8,45@11,3.006144701,60,11.1,201.5,116,61,PAN 4M19,PAN 4M19,,2017
12@2017,KibokoDT2017,Drought,1,1@2017,2,2@2017,7,1@12,4.207813653,63,15.4,224.5,123.5,65,(CML395/CML444)//CKDHL153560,CKDHL153560,(CML395/CML444),2017
12@2017,KibokoDT2017,Drought,2,2@2017,11,11@2017,66,1@12,4.028019073,61,13.9,228.5,139,62,(CML395/CML444)//CKDHL153560,CKDHL153560,(CML395/CML444),2017
12@2017,KibokoDT2017,Drought,1,1@2017,6,6@2017,33,2@12,3.408143896,64,10.7,236,132.5,64,(CML395/CML444)//CKDHL153561,CKDHL153561,(CML395/CML444),2017
12@2017,KibokoDT2017,Drought,2,2@2017,11,11@2017,62,2@12,4.631667924,63,12.1,248.5,144.5,63,(CML395/CML444)//CKDHL153561,CKDHL153561,(CML395/CML444),2017
12@2017,KibokoDT2017,Drought,2,2@2017,16,16@2017,96,3@12,3.202840253,60,12.7,218.5,115.5,62,(CML395/CML444)//CKDHL153563,CKDHL153563,(CML395/CML444),2017
12@2017,KibokoDT2017,Drought,1,1@2017,1,1@2017,5,3@12,3.17632166,59,14,210.5,110,60,(CML395/CML444)//CKDHL153563,CKDHL153563,(CML395/CML444),2017
12@2017,KibokoDT2017,Drought,1,1@2017,7,7@2017,41,4@12,3.049268794,67,14,229,138,66,(CML395/CML444)//CKDHL153564,CKDHL153564,(CML395/CML444),2017
12@2017,KibokoDT2017,Drought,2,2@2017,17,17@2017,100,4@12,3.603623103,67,13.4,255,158.5,67,(CML395/CML444)//CKDHL153564,CKDHL153564,(CML395/CML444),2017
12@2017,KibokoDT2017,Drought,1,1@2017,3,3@2017,15,5@12,1.566985352,65,14,215,123,65,(CML395/CML444)//CKDHL153566,CKDHL153566,(CML395/CML444),2017
12@2017,KibokoDT2017,Drought,2,2@2017,15,15@2017,87,5@12,2.671655856,65,17.8,227,136.5,65,(CML395/CML444)//CKDHL153566,CKDHL153566,(CML395/CML444),2017
12@2017,KibokoDT2017,Drought,1,1@2017,4,4@2017,22,6@12,3.769850603,64,11.5,225,136,64,(CML395/CML444)//CKDHL153567,CKDHL153567,(CML395/CML444),2017
12@2017,KibokoDT2017,Drought,2,2@2017,18,18@2017,104,6@12,4.594290744,61,14.8,241.5,141.5,61,(CML395/CML444)//CKDHL153567,CKDHL153567,(CML395/CML444),2017
12@2017,KibokoDT2017,Drought,1,1@2017,4,4@2017,21,7@12,4.143893257,64,12.8,223.5,121,63,(CML395/CML444)//CKDHL153569,CKDHL153569,(CML395/CML444),2017
12@2017,KibokoDT2017,Drought,2,2@2017,12,12@2017,67,7@12,4.621252544,60,14.3,243,139.5,61,(CML395/CML444)//CKDHL153569,CKDHL153569,(CML395/CML444),2017
12@2017,KibokoDT2017,Drought,1,1@2017,5,5@2017,26,8@12,4.956834621,64,13.6,217.5,130,64,(CML395/CML444)//CKDHL153571,CKDHL153571,(CML395/CML444),2017
12@2017,KibokoDT2017,Drought,2,2@2017,16,16@2017,93,8@12,3.554894882,64,12.5,208,124.5,64,(CML395/CML444)//CKDHL153571,CKDHL153571,(CML395/CML444),2017
12@2017,KibokoDT2017,Drought,2,2@2017,17,17@2017,97,9@12,3.679214634,65,15.1,230,139,65,(CML395/CML444)//CKDHL153573,CKDHL153573,(CML395/CML444),2017
12@2017,KibokoDT2017,Drought,1,1@2017,5,5@2017,28,9@12,3.111120887,64,15.2,240,150.5,64,(CML395/CML444)//CKDHL153573,CKDHL153573,(CML395/CML444),2017
12@2017,KibokoDT2017,Drought,2,2@2017,13,13@2017,73,10@12,5.148595808,62,15,244.5,132,62,(CML395/CML444)//CKDHL153581,CKDHL153581,(CML395/CML444),2017
12@2017,KibokoDT2017,Drought,1,1@2017,1,1@2017,3,10@12,4.658014158,64,14.4,219,122,64,(CML395/CML444)//CKDHL153581,CKDHL153581,(CML395/CML444),2017
12@2017,KibokoDT2017,Drought,1,1@2017,8,8@2017,47,11@12,4.946197637,65,16.3,234,135,64,(CML395/CML444)//CKDHL153586,CKDHL153586,(CML395/CML444),2017
12@2017,KibokoDT2017,Drought,2,2@2017,18,18@2017,108,11@12,4.630806132,63,14.9,231.5,132,62,(CML395/CML444)//CKDHL153586,CKDHL153586,(CML395/CML444),2017
12@2017,KibokoDT2017,Drought,1,1@2017,7,7@2017,40,12@12,4.316498023,63,14.9,229.5,144.5,64,(CML395/CML444)//CKDHL153587,CKDHL153587,(CML395/CML444),2017
12@2017,KibokoDT2017,Drought,2,2@2017,13,13@2017,75,12@12,4.720161723,62,14.8,234,141,62,(CML395/CML444)//CKDHL153587,CKDHL153587,(CML395/CML444),2017
12@2017,KibokoDT2017,Drought,1,1@2017,5,5@2017,27,13@12,3.07684616,63,12,209,120.5,63,(CML395/CML444)//CKDHL153588,CKDHL153588,(CML395/CML444),2017
12@2017,KibokoDT2017,Drought,2,2@2017,14,14@2017,84,13@12,3.562158563,62,14.9,209,118,64,(CML395/CML444)//CKDHL153588,CKDHL153588,(CML395/CML444),2017
12@2017,KibokoDT2017,Drought,2,2@2017,17,17@2017,102,14@12,2.947823482,63,18,219,129.5,62,(CML395/CML444)//CKDHL153590,CKDHL153590,(CML395/CML444),2017
12@2017,KibokoDT2017,Drought,1,1@2017,6,6@2017,36,14@12,3.595522252,63,17.5,209,121,63,(CML395/CML444)//CKDHL153590,CKDHL153590,(CML395/CML444),2017
12@2017,KibokoDT2017,Drought,1,1@2017,6,6@2017,35,15@12,2.009306611,64,11.3,208,124,66,(CML395/CML444)//CKDHL153591,CKDHL153591,(CML395/CML444),2017
12@2017,KibokoDT2017,Drought,2,2@2017,13,13@2017,74,15@12,3.392016062,63,13.9,230.5,138.5,63,(CML395/CML444)//CKDHL153591,CKDHL153591,(CML395/CML444),2017
12@2017,KibokoDT2017,Drought,2,2@2017,10,10@2017,59,16@12,3.932532442,63,13.2,242.5,141.5,63,(CML395/CML444)//CKDHL153596,CKDHL153596,(CML395/CML444),2017
12@2017,KibokoDT2017,Drought,1,1@2017,4,4@2017,24,16@12,3.491737788,64,13,215.5,123.5,64,(CML395/CML444)//CKDHL153596,CKDHL153596,(CML395/CML444),2017
12@2017,KibokoDT2017,Drought,1,1@2017,3,3@2017,14,17@12,2.61591018,64,17,219,124.5,64,(CML395/CML444)//CKDHL153597,CKDHL153597,(CML395/CML444),2017
12@2017,KibokoDT2017,Drought,2,2@2017,10,10@2017,55,17@12,4.446259381,63,13.6,242.5,136,63,(CML395/CML444)//CKDHL153597,CKDHL153597,(CML395/CML444),2017
12@2017,KibokoDT2017,Drought,1,1@2017,7,7@2017,39,18@12,4.732276066,64,14.2,234,136,64,(CML395/CML444)//CKDHL153598,CKDHL153598,(CML395/CML444),2017
12@2017,KibokoDT2017,Drought,2,2@2017,15,15@2017,85,18@12,4.531552236,65,14.4,224,130.5,66,(CML395/CML444)//CKDHL153598,CKDHL153598,(CML395/CML444),2017
12@2017,KibokoDT2017,Drought,2,2@2017,10,10@2017,60,19@12,4.044516248,63,14,256.5,138,63,(CML395/CML444)//CKDHL153601,CKDHL153601,(CML395/CML444),2017
12@2017,KibokoDT2017,Drought,1,1@2017,8,8@2017,45,19@12,2.697657373,63,17,221,117.5,64,(CML395/CML444)//CKDHL153601,CKDHL153601,(CML395/CML444),2017
12@2017,KibokoDT2017,Drought,2,2@2017,13,13@2017,78,20@12,4.68108558,61,17.7,233.5,137,62,(CML395/CML444)//CKDHL153604,CKDHL153604,(CML395/CML444),2017
12@2017,KibokoDT2017,Drought,1,1@2017,2,2@2017,8,20@12,3.493953826,62,14,208,120,63,(CML395/CML444)//CKDHL153604,CKDHL153604,(CML395/CML444),2017
12@2017,KibokoDT2017,Drought,2,2@2017,11,11@2017,65,21@12,4.070123802,60,13,262,162,62,(CML395/CML444)//CKDHL153605,CKDHL153605,(CML395/CML444),2017
12@2017,KibokoDT2017,Drought,1,1@2017,5,5@2017,29,21@12,3.757416166,62,12.8,230,137,62,(CML395/CML444)//CKDHL153605,CKDHL153605,(CML395/CML444),2017
12@2017,KibokoDT2017,Drought,1,1@2017,1,1@2017,2,22@12,3.197497138,63,14,209,109.5,64,(CML395/CML444)//CKDHL153608,CKDHL153608,(CML395/CML444),2017
12@2017,KibokoDT2017,Drought,2,2@2017,12,12@2017,68,22@12,5.274171315,62,15,232.5,130,62,(CML395/CML444)//CKDHL153608,CKDHL153608,(CML395/CML444),2017
12@2017,KibokoDT2017,Drought,1,1@2017,7,7@2017,37,23@12,5.884197433,61,13.1,227,133.5,63,(CML395/CML444)//CKDHL153609,CKDHL153609,(CML395/CML444),2017
12@2017,KibokoDT2017,Drought,2,2@2017,10,10@2017,58,23@12,5.098858058,62,16.5,240.5,131,62,(CML395/CML444)//CKDHL153609,CKDHL153609,(CML395/CML444),2017
12@2017,KibokoDT2017,Drought,1,1@2017,3,3@2017,17,24@12,3.448549663,58,14.6,199.5,91,59,(CML395/CML444)//CKDHL153610,CKDHL153610,(CML395/CML444),2017
12@2017,KibokoDT2017,Drought,2,2@2017,12,12@2017,69,24@12,4.210472899,59,14.5,240,126,58,(CML395/CML444)//CKDHL153610,CKDHL153610,(CML395/CML444),2017
12@2017,KibokoDT2017,Drought,1,1@2017,7,7@2017,42,25@12,4.449583439,60,12.7,222.5,122.5,59,(CML395/CML444)//CKDHL153614,CKDHL153614,(CML395/CML444),2017
12@2017,KibokoDT2017,Drought,2,2@2017,18,18@2017,105,25@12,4.66453916,61,12.7,243,133,62,(CML395/CML444)//CKDHL153614,CKDHL153614,(CML395/CML444),2017
12@2017,KibokoDT2017,Drought,1,1@2017,4,4@2017,20,26@12,3.712849172,63,11.3,220,121.5,62,(CML395/CML444)//CKDHL153615,CKDHL153615,(CML395/CML444),2017
12@2017,KibokoDT2017,Drought,2,2@2017,15,15@2017,88,26@12,4.090585223,62,12.1,226.5,121.5,62,(CML395/CML444)//CKDHL153615,CKDHL153615,(CML395/CML444),2017
12@2017,KibokoDT2017,Drought,1,1@2017,9,9@2017,50,27@12,5.380048704,62,12.6,231.5,125.5,62,(CML395/CML444)//CKDHL153617,CKDHL153617,(CML395/CML444),2017
12@2017,KibokoDT2017,Drought,2,2@2017,10,10@2017,57,27@12,4.01302388,63,18.1,257,155,63,(CML395/CML444)//CKDHL153617,CKDHL153617,(CML395/CML444),2017
12@2017,KibokoDT2017,Drought,1,1@2017,6,6@2017,31,28@12,3.312952737,61,14.3,214,123,61,(CML395/CML444)//CKDHL153620,CKDHL153620,(CML395/CML444),2017
12@2017,KibokoDT2017,Drought,2,2@2017,16,16@2017,91,28@12,3.373795302,63,11.6,216,116,62,(CML395/CML444)//CKDHL153620,CKDHL153620,(CML395/CML444),2017
12@2017,KibokoDT2017,Drought,1,1@2017,9,9@2017,54,29@12,5.094081264,62,15.9,208,112.5,62,(CML395/CML444)//CKDHL153621,CKDHL153621,(CML395/CML444),2017
12@2017,KibokoDT2017,Drought,2,2@2017,13,13@2017,77,29@12,3.947503012,62,16.5,245.5,143.5,63,(CML395/CML444)//CKDHL153621,CKDHL153621,(CML395/CML444),2017
12@2017,KibokoDT2017,Drought,1,1@2017,2,2@2017,9,30@12,3.425207392,62,16.2,214,130,62,(CML395/CML444)//CKDHL153624,CKDHL153624,(CML395/CML444),2017
12@2017,KibokoDT2017,Drought,2,2@2017,17,17@2017,101,30@12,5.579442912,60,17.3,249,142,61,(CML395/CML444)//CKDHL153624,CKDHL153624,(CML395/CML444),2017
12@2017,KibokoDT2017,Drought,2,2@2017,10,10@2017,56,31@12,3.063303704,63,14.2,239.5,141,63,(CML395/CML444)//CKDHL153627,CKDHL153627,(CML395/CML444),2017
12@2017,KibokoDT2017,Drought,1,1@2017,7,7@2017,38,31@12,2.184324396,65,14.7,209,124,65,(CML395/CML444)//CKDHL153627,CKDHL153627,(CML395/CML444),2017
12@2017,KibokoDT2017,Drought,2,2@2017,15,15@2017,89,32@12,4.299705377,62,14.4,224.5,123.5,63,(CML395/CML444)//CKDHL153629,CKDHL153629,(CML395/CML444),2017
12@2017,KibokoDT2017,Drought,1,1@2017,5,5@2017,30,32@12,4.82360147,62,13.7,233,131.5,62,(CML395/CML444)//CKDHL153629,CKDHL153629,(CML395/CML444),2017
12@2017,KibokoDT2017,Drought,1,1@2017,2,2@2017,11,33@12,2.842537037,62,13.2,209,118.5,62,(CML395/CML444)//CKDHL153633,CKDHL153633,(CML395/CML444),2017
12@2017,KibokoDT2017,Drought,2,2@2017,14,14@2017,81,33@12,3.110135981,61,16.9,240.5,138,64,(CML395/CML444)//CKDHL153633,CKDHL153633,(CML395/CML444),2017
12@2017,KibokoDT2017,Drought,1,1@2017,6,6@2017,32,34@12,2.933443855,62,12.4,219.5,127,64,(CML395/CML444)//CKDHL153646,CKDHL153646,(CML395/CML444),2017
12@2017,KibokoDT2017,Drought,2,2@2017,12,12@2017,70,34@12,4.561542621,62,12.2,252.5,142,63,(CML395/CML444)//CKDHL153646,CKDHL153646,(CML395/CML444),2017
12@2017,KibokoDT2017,Drought,1,1@2017,4,4@2017,23,35@12,2.631471694,63,12.4,206.5,120,66,(CML395/CML444)//CKDHL153647,CKDHL153647,(CML395/CML444),2017
12@2017,KibokoDT2017,Drought,2,2@2017,11,11@2017,61,35@12,2.786889851,64,13.6,227,136.5,65,(CML395/CML444)//CKDHL153647,CKDHL153647,(CML395/CML444),2017
12@2017,KibokoDT2017,Drought,1,1@2017,2,2@2017,10,36@12,2.805504574,60,15.6,206.5,113.5,61,(CML395/CML444)//CKDHL153648,CKDHL153648,(CML395/CML444),2017
12@2017,KibokoDT2017,Drought,2,2@2017,18,18@2017,103,36@12,4.861298745,60,14.9,237.5,136,60,(CML395/CML444)//CKDHL153648,CKDHL153648,(CML395/CML444),2017
12@2017,KibokoDT2017,Drought,1,1@2017,8,8@2017,44,37@12,4.230269508,62,16.6,223,118.5,64,(CML395/CML444)//CKDHL153650,CKDHL153650,(CML395/CML444),2017
12@2017,KibokoDT2017,Drought,2,2@2017,14,14@2017,82,37@12,3.190602797,61,16.4,238.5,129.5,65,(CML395/CML444)//CKDHL153650,CKDHL153650,(CML395/CML444),2017
12@2017,KibokoDT2017,Drought,1,1@2017,4,4@2017,19,38@12,4.98443661,62,15.3,223.5,120.5,63,(CML395/CML444)//CKDHL153651,CKDHL153651,(CML395/CML444),2017
12@2017,KibokoDT2017,Drought,2,2@2017,16,16@2017,92,38@12,4.52229412,64,11.7,226,123.5,67,(CML395/CML444)//CKDHL153651,CKDHL153651,(CML395/CML444),2017
12@2017,KibokoDT2017,Drought,1,1@2017,6,6@2017,34,39@12,5.032672378,62,11.9,217.5,118.5,63,(CML395/CML444)//CKDHL153653,CKDHL153653,(CML395/CML444),2017
12@2017,KibokoDT2017,Drought,2,2@2017,12,12@2017,72,39@12,6.424886172,61,16.9,240.5,147.5,63,(CML395/CML444)//CKDHL153653,CKDHL153653,(CML395/CML444),2017
12@2017,KibokoDT2017,Drought,1,1@2017,9,9@2017,49,40@12,4.198801763,65,12.1,226,134,65,(CML395/CML444)//CKDHL153656,CKDHL153656,(CML395/CML444),2017
12@2017,KibokoDT2017,Drought,2,2@2017,16,16@2017,95,40@12,3.093885033,65,15.1,215.5,121,67,(CML395/CML444)//CKDHL153656,CKDHL153656,(CML395/CML444),2017
12@2017,KibokoDT2017,Drought,2,2@2017,18,18@2017,106,41@12,4.626103206,64,14.6,240,140,63,(CML395/CML444)//CKDHL153658,CKDHL153658,(CML395/CML444),2017
12@2017,KibokoDT2017,Drought,1,1@2017,1,1@2017,4,41@12,5.038089361,61,13.3,207,121,62,(CML395/CML444)//CKDHL153658,CKDHL153658,(CML395/CML444),2017
12@2017,KibokoDT2017,Drought,1,1@2017,8,8@2017,43,42@12,3.123998532,62,12.5,217.5,126.5,62,(CML395/CML444)//CKDHL153661,CKDHL153661,(CML395/CML444),2017
12@2017,KibokoDT2017,Drought,2,2@2017,11,11@2017,63,42@12,2.181689773,63,10.5,243,141.5,64,(CML395/CML444)//CKDHL153661,CKDHL153661,(CML395/CML444),2017
12@2017,KibokoDT2017,Drought,2,2@2017,14,14@2017,79,43@12,4.189001949,63,13.2,232,138,60,(CML395/CML444)//CKDHL153663,CKDHL153663,(CML395/CML444),2017
12@2017,KibokoDT2017,Drought,1,1@2017,3,3@2017,13,43@12,3.589760552,63,12.7,216.5,121.5,61,(CML395/CML444)//CKDHL153663,CKDHL153663,(CML395/CML444),2017
12@2017,KibokoDT2017,Drought,2,2@2017,18,18@2017,107,44@12,4.304876133,64,11.7,250.5,147,63,(CML395/CML444)//CKDHL153666,CKDHL153666,(CML395/CML444),2017
12@2017,KibokoDT2017,Drought,1,1@2017,8,8@2017,46,44@12,5.523254028,64,16.3,241.5,143.5,62,(CML395/CML444)//CKDHL153666,CKDHL153666,(CML395/CML444),2017
12@2017,KibokoDT2017,Drought,2,2@2017,12,12@2017,71,45@12,3.611945558,61,13.2,233.5,139.5,63,(CML395/CML444)//CKDHL153668,CKDHL153668,(CML395/CML444),2017
12@2017,KibokoDT2017,Drought,1,1@2017,3,3@2017,18,45@12,4.426561262,64,15.2,218.5,123,64,(CML395/CML444)//CKDHL153668,CKDHL153668,(CML395/CML444),2017
12@2017,KibokoDT2017,Drought,1,1@2017,2,2@2017,12,46@12,4.269567255,61,15,226,138.5,62,(CML395/CML444)//CKDHL153671,CKDHL153671,(CML395/CML444),2017
12@2017,KibokoDT2017,Drought,2,2@2017,11,11@2017,64,46@12,5.229850548,60,11.5,256.5,157,60,(CML395/CML444)//CKDHL153671,CKDHL153671,(CML395/CML444),2017
12@2017,KibokoDT2017,Drought,1,1@2017,3,3@2017,16,47@12,3.56501479,64,18.2,228.5,135.5,64,(CML395/CML444)//CKDHL153673,CKDHL153673,(CML395/CML444),2017
12@2017,KibokoDT2017,Drought,2,2@2017,16,16@2017,94,47@12,2.821164578,66,13.2,213,122.5,67,(CML395/CML444)//CKDHL153673,CKDHL153673,(CML395/CML444),2017
12@2017,KibokoDT2017,Drought,2,2@2017,13,13@2017,76,48@12,3.620268013,65,13,234.5,141,64,(CML395/CML444)//CKDHL153674,CKDHL153674,(CML395/CML444),2017
12@2017,KibokoDT2017,Drought,1,1@2017,5,5@2017,25,48@12,2.699257845,65,12.3,226,125.5,65,(CML395/CML444)//CKDHL153674,CKDHL153674,(CML395/CML444),2017
12@2017,KibokoDT2017,Drought,2,2@2017,17,17@2017,98,49@12,2.739023423,67,17.6,252.5,160.5,71,H517,H517,,2017
12@2017,KibokoDT2017,Drought,1,1@2017,8,8@2017,48,49@12,2.827024768,68,17.4,250,156,70,H517,H517,,2017
12@2017,KibokoDT2017,Drought,1,1@2017,9,9@2017,51,50@12,2.233766675,65,13.6,221.5,119,68,Pioneer 30G19,Pioneer 30G19,,2017
12@2017,KibokoDT2017,Drought,2,2@2017,15,15@2017,86,50@12,3.018342747,62,20.4,230,128.5,67,Pioneer 30G19,Pioneer 30G19,,2017
12@2017,KibokoDT2017,Drought,1,1@2017,1,1@2017,6,51@12,3.330705667,67,16.5,213,133.5,67,WH505,WH505,,2017
12@2017,KibokoDT2017,Drought,2,2@2017,14,14@2017,80,51@12,3.383939833,64,16.2,252.5,151.5,65,WH505,WH505,,2017
12@2017,KibokoDT2017,Drought,1,1@2017,1,1@2017,1,52@12,2.852361474,61,12.9,225.5,116,65,DK 8031,DK 8031,,2017
12@2017,KibokoDT2017,Drought,2,2@2017,17,17@2017,99,52@12,3.578163284,60,13.5,242.5,130.5,64,DK 8031,DK 8031,,2017
12@2017,KibokoDT2017,Drought,2,2@2017,15,15@2017,90,53@12,2.254449699,58,12.8,200.5,105,61,PAN 4M19,PAN 4M19,,2017
12@2017,KibokoDT2017,Drought,1,1@2017,9,9@2017,53,53@12,2.218303651,61,10.8,209,113,63,PAN 4M19,PAN 4M19,,2017
12@2017,KibokoDT2017,Drought,2,2@2017,14,14@2017,83,54@12,4.305639435,61,14.7,236,124.5,62,DH04,DH04,,2017
12@2017,KibokoDT2017,Drought,1,1@2017,9,9@2017,52,54@12,3.498779866,61,14.4,213,108,62,DH04,DH04,,2017
13@2017,KibokoDT2017,Drought,2,2@2017,21,21@2017,121,1@13,0.864403589,66,17.3,163,103.5,66,(CML395/CML444)//CKDHL153675,CKDHL153675,(CML395/CML444),2017
13@2017,KibokoDT2017,Drought,1,1@2017,6,6@2017,31,1@13,3.696543984,64,18.1,188.5,112,63,(CML395/CML444)//CKDHL153675,CKDHL153675,(CML395/CML444),2017
13@2017,KibokoDT2017,Drought,2,2@2017,25,25@2017,149,2@13,1.263585679,65,12.8,188,104,67,(CML395/CML444)//CKDHL153676,CKDHL153676,(CML395/CML444),2017
13@2017,KibokoDT2017,Drought,1,1@2017,13,13@2017,78,2@13,1.988570101,66,13.7,222,125,67,(CML395/CML444)//CKDHL153676,CKDHL153676,(CML395/CML444),2017
13@2017,KibokoDT2017,Drought,2,2@2017,15,15@2017,87,3@13,3.132833498,66,16,187.5,110,65,(CML395/CML444)//CKDHL153678,CKDHL153678,(CML395/CML444),2017
13@2017,KibokoDT2017,Drought,1,1@2017,12,12@2017,70,3@13,3.696876556,66,20.6,196.5,120.5,65,(CML395/CML444)//CKDHL153678,CKDHL153678,(CML395/CML444),2017
13@2017,KibokoDT2017,Drought,2,2@2017,18,18@2017,104,4@13,1.912529761,64,17,175,107,66,(CML395/CML444)//CKDHL153680,CKDHL153680,(CML395/CML444),2017
13@2017,KibokoDT2017,Drought,1,1@2017,6,6@2017,36,4@13,3.830879542,65,17.3,201,112.5,65,(CML395/CML444)//CKDHL153680,CKDHL153680,(CML395/CML444),2017
13@2017,KibokoDT2017,Drought,1,1@2017,4,4@2017,22,5@13,4.388176129,64,17.9,192.5,115,64,(CML395/CML444)//CKDHL153687,CKDHL153687,(CML395/CML444),2017
13@2017,KibokoDT2017,Drought,2,2@2017,16,16@2017,95,5@13,2.420819406,63,12.9,152,92,64,(CML395/CML444)//CKDHL153687,CKDHL153687,(CML395/CML444),2017
13@2017,KibokoDT2017,Drought,2,2@2017,19,19@2017,114,6@13,3.176519279,62,15.9,197,115.5,62,(CML395/CML444)//CKDHL153691,CKDHL153691,(CML395/CML444),2017
13@2017,KibokoDT2017,Drought,1,1@2017,10,10@2017,60,6@13,4.200248878,62,15.4,200.5,119,62,(CML395/CML444)//CKDHL153691,CKDHL153691,(CML395/CML444),2017
13@2017,KibokoDT2017,Drought,2,2@2017,23,23@2017,138,7@13,1.237668775,68,17.3,171,101,70,(CML395/CML444)//CKDHL153692,CKDHL153692,(CML395/CML444),2017
13@2017,KibokoDT2017,Drought,1,1@2017,7,7@2017,42,7@13,3.458849625,67,18.2,214,123.5,67,(CML395/CML444)//CKDHL153692,CKDHL153692,(CML395/CML444),2017
13@2017,KibokoDT2017,Drought,2,2@2017,17,17@2017,98,8@13,2.493296468,65,16.7,179,111,66,(CML395/CML444)//CKDHL153693,CKDHL153693,(CML395/CML444),2017
13@2017,KibokoDT2017,Drought,1,1@2017,11,11@2017,63,8@13,3.154688266,68,20,220.5,131.5,67,(CML395/CML444)//CKDHL153693,CKDHL153693,(CML395/CML444),2017
13@2017,KibokoDT2017,Drought,2,2@2017,15,15@2017,88,9@13,3.654117227,63,16.4,190.5,113.5,64,(CML395/CML444)//CKDHL153699,CKDHL153699,(CML395/CML444),2017
13@2017,KibokoDT2017,Drought,1,1@2017,12,12@2017,67,9@13,3.406897041,64,17.1,206,123,65,(CML395/CML444)//CKDHL153699,CKDHL153699,(CML395/CML444),2017
13@2017,KibokoDT2017,Drought,2,2@2017,22,22@2017,132,10@13,1.109462054,67,16.6,173.5,97.5,69,(CML395/CML444)//CKDHL153715,CKDHL153715,(CML395/CML444),2017
13@2017,KibokoDT2017,Drought,1,1@2017,13,13@2017,73,10@13,3.631692335,65,16,206.5,120,64,(CML395/CML444)//CKDHL153715,CKDHL153715,(CML395/CML444),2017
13@2017,KibokoDT2017,Drought,1,1@2017,6,6@2017,34,11@13,3.127417316,64,17.2,195.5,102.5,64,(CML395/CML444)//CKDHL153716,CKDHL153716,(CML395/CML444),2017
13@2017,KibokoDT2017,Drought,2,2@2017,22,22@2017,128,11@13,1.520569246,61,13.5,187.5,95.5,64,(CML395/CML444)//CKDHL153716,CKDHL153716,(CML395/CML444),2017
13@2017,KibokoDT2017,Drought,1,1@2017,8,8@2017,44,12@13,3.220347591,63,14.2,212,109,62,(CML395/CML444)//CKDHL153717,CKDHL153717,(CML395/CML444),2017
13@2017,KibokoDT2017,Drought,2,2@2017,20,20@2017,119,12@13,3.151457561,62,17.6,201,113,62,(CML395/CML444)//CKDHL153717,CKDHL153717,(CML395/CML444),2017
13@2017,KibokoDT2017,Drought,1,1@2017,3,3@2017,18,13@13,4.259898142,66,20.3,185,119.5,66,(CML395/CML444)//CKDHL153718,CKDHL153718,(CML395/CML444),2017
13@2017,KibokoDT2017,Drought,2,2@2017,16,16@2017,96,13@13,0.978048383,64,12.4,172.5,94.5,64,(CML395/CML444)//CKDHL153718,CKDHL153718,(CML395/CML444),2017
13@2017,KibokoDT2017,Drought,2,2@2017,24,24@2017,142,14@13,1.218023239,67,17.3,173,105,72,(CML395/CML444)//CKDHL153721,CKDHL153721,(CML395/CML444),2017
13@2017,KibokoDT2017,Drought,1,1@2017,10,10@2017,58,14@13,4.370383497,66,20.7,206,126.5,67,(CML395/CML444)//CKDHL153721,CKDHL153721,(CML395/CML444),2017
13@2017,KibokoDT2017,Drought,2,2@2017,20,20@2017,117,15@13,2.521470115,62,14.4,198.5,110,63,(CML395/CML444)//CKDHL153729,CKDHL153729,(CML395/CML444),2017
13@2017,KibokoDT2017,Drought,1,1@2017,3,3@2017,13,15@13,3.679701559,67,18.9,194.5,97.5,68,(CML395/CML444)//CKDHL153729,CKDHL153729,(CML395/CML444),2017
13@2017,KibokoDT2017,Drought,2,2@2017,26,26@2017,155,16@13,1.657161547,62,12.8,178,91,63,(CML395/CML444)//CKDHL153731,CKDHL153731,(CML395/CML444),2017
13@2017,KibokoDT2017,Drought,1,1@2017,12,12@2017,68,16@13,2.884045469,60,15.1,206.5,119.5,61,(CML395/CML444)//CKDHL153731,CKDHL153731,(CML395/CML444),2017
13@2017,KibokoDT2017,Drought,1,1@2017,8,8@2017,45,17@13,3.223744582,67,19.7,223.5,128.5,67,(CML395/CML444)//CKDHL153733,CKDHL153733,(CML395/CML444),2017
13@2017,KibokoDT2017,Drought,2,2@2017,22,22@2017,127,17@13,1.450396436,65,15.2,191,109,66,(CML395/CML444)//CKDHL153733,CKDHL153733,(CML395/CML444),2017
13@2017,KibokoDT2017,Drought,1,1@2017,2,2@2017,11,18@13,3.253272274,63,17,207.5,118,63,(CML395/CML444)//CKDHL153737,CKDHL153737,(CML395/CML444),2017
13@2017,KibokoDT2017,Drought,2,2@2017,25,25@2017,148,18@13,1.738523048,61,13.9,196,96.5,62,(CML395/CML444)//CKDHL153737,CKDHL153737,(CML395/CML444),2017
13@2017,KibokoDT2017,Drought,2,2@2017,19,19@2017,109,19@13,3.150887436,65,17.1,198,110.5,68,(CML395/CML444)//CKDHL153742,CKDHL153742,(CML395/CML444),2017
13@2017,KibokoDT2017,Drought,1,1@2017,2,2@2017,10,19@13,3.882499554,67,21.8,184,106.5,68,(CML395/CML444)//CKDHL153742,CKDHL153742,(CML395/CML444),2017
13@2017,KibokoDT2017,Drought,2,2@2017,19,19@2017,111,20@13,2.742868418,65,15.1,207,130.5,65,(CML395/CML444)//CKDHL153743,CKDHL153743,(CML395/CML444),2017
13@2017,KibokoDT2017,Drought,1,1@2017,2,2@2017,7,20@13,3.420318719,66,15.8,199.5,118,65,(CML395/CML444)//CKDHL153743,CKDHL153743,(CML395/CML444),2017
13@2017,KibokoDT2017,Drought,1,1@2017,10,10@2017,57,21@13,2.662195817,66,15.1,206.5,121.5,65,(CML395/CML444)//CKDHL153745,CKDHL153745,(CML395/CML444),2017
13@2017,KibokoDT2017,Drought,2,2@2017,17,17@2017,99,21@13,1.453199548,67,16.2,179.5,114,68,(CML395/CML444)//CKDHL153745,CKDHL153745,(CML395/CML444),2017
13@2017,KibokoDT2017,Drought,1,1@2017,9,9@2017,53,22@13,4.138960507,64,18.2,210.5,135.5,66,(CML395/CML444)//CKDHL153751,CKDHL153751,(CML395/CML444),2017
13@2017,KibokoDT2017,Drought,2,2@2017,18,18@2017,106,22@13,2.365826158,64,15.6,187.5,121.5,65,(CML395/CML444)//CKDHL153751,CKDHL153751,(CML395/CML444),2017
13@2017,KibokoDT2017,Drought,1,1@2017,1,1@2017,4,23@13,3.141527894,62,16.3,187,107.5,63,(CML395/CML444)//CKDHL153753,CKDHL153753,(CML395/CML444),2017
13@2017,KibokoDT2017,Drought,2,2@2017,22,22@2017,131,23@13,1.821547411,63,14.8,184,91.5,63,(CML395/CML444)//CKDHL153753,CKDHL153753,(CML395/CML444),2017
13@2017,KibokoDT2017,Drought,2,2@2017,16,16@2017,91,24@13,1.624569436,64,16.6,160,90.5,64,(CML395/CML444)//CKDHL153755,CKDHL153755,(CML395/CML444),2017
13@2017,KibokoDT2017,Drought,1,1@2017,10,10@2017,55,24@13,3.59926651,61,18.1,187.5,99.5,61,(CML395/CML444)//CKDHL153755,CKDHL153755,(CML395/CML444),2017
13@2017,KibokoDT2017,Drought,2,2@2017,14,14@2017,79,25@13,3.06555882,61,15.1,212.5,120.5,62,(CML395/CML444)//CKDHL153756,CKDHL153756,(CML395/CML444),2017
13@2017,KibokoDT2017,Drought,1,1@2017,12,12@2017,72,25@13,3.292468326,64,17.5,201.5,122.5,65,(CML395/CML444)//CKDHL153756,CKDHL153756,(CML395/CML444),2017
13@2017,KibokoDT2017,Drought,2,2@2017,17,17@2017,97,26@13,0.998287799,66,17.6,157.5,108.5,69,(CML395/CML444)//CKDHL153763,CKDHL153763,(CML395/CML444),2017
13@2017,KibokoDT2017,Drought,1,1@2017,9,9@2017,52,26@13,3.574679896,66,16.4,200.5,130.5,65,(CML395/CML444)//CKDHL153763,CKDHL153763,(CML395/CML444),2017
13@2017,KibokoDT2017,Drought,1,1@2017,5,5@2017,27,27@13,3.336510434,61,13.3,218,115,63,(CML395/CML444)//CKDHL153764,CKDHL153764,(CML395/CML444),2017
13@2017,KibokoDT2017,Drought,2,2@2017,18,18@2017,103,27@13,1.28577302,60,12.7,179.5,90.5,61,(CML395/CML444)//CKDHL153764,CKDHL153764,(CML395/CML444),2017
13@2017,KibokoDT2017,Drought,2,2@2017,25,25@2017,145,28@13,1.983557757,64,16.5,194.5,96,66,(CML395/CML444)//CKDHL153767,CKDHL153767,(CML395/CML444),2017
13@2017,KibokoDT2017,Drought,1,1@2017,12,12@2017,69,28@13,3.819263258,64,18.8,215.5,118.5,64,(CML395/CML444)//CKDHL153767,CKDHL153767,(CML395/CML444),2017
13@2017,KibokoDT2017,Drought,2,2@2017,23,23@2017,137,29@13,1.831429567,66,16.2,182.5,110,69,(CML395/CML444)//CKDHL153770,CKDHL153770,(CML395/CML444),2017
13@2017,KibokoDT2017,Drought,1,1@2017,9,9@2017,51,29@13,2.193102224,65,18.3,220,134,67,(CML395/CML444)//CKDHL153770,CKDHL153770,(CML395/CML444),2017
13@2017,KibokoDT2017,Drought,2,2@2017,14,14@2017,82,30@13,3.720536718,65,18,214.5,130,66,(CML395/CML444)//CKDHL153772,CKDHL153772,(CML395/CML444),2017
13@2017,KibokoDT2017,Drought,1,1@2017,13,13@2017,76,30@13,3.28396397,64,18.2,223.5,125.5,66,(CML395/CML444)//CKDHL153772,CKDHL153772,(CML395/CML444),2017
13@2017,KibokoDT2017,Drought,2,2@2017,16,16@2017,94,31@13,1.770616299,66,15.3,187,101.5,68,(CML395/CML444)//CKDHL153775,CKDHL153775,(CML395/CML444),2017
13@2017,KibokoDT2017,Drought,1,1@2017,10,10@2017,56,31@13,3.751323435,64,18.6,199,113.5,64,(CML395/CML444)//CKDHL153775,CKDHL153775,(CML395/CML444),2017
13@2017,KibokoDT2017,Drought,1,1@2017,1,1@2017,1,32@13,2.979470038,64,19.6,185.5,109.5,64,(CML395/CML444)//CKDHL153780,CKDHL153780,(CML395/CML444),2017
13@2017,KibokoDT2017,Drought,2,2@2017,15,15@2017,85,32@13,3.8066255,65,17.4,215,125.5,65,(CML395/CML444)//CKDHL153780,CKDHL153780,(CML395/CML444),2017
13@2017,KibokoDT2017,Drought,2,2@2017,23,23@2017,133,33@13,1.121007073,64,14.2,173.5,92.5,64,(CML395/CML444)//CKDHL153782,CKDHL153782,(CML395/CML444),2017
13@2017,KibokoDT2017,Drought,1,1@2017,8,8@2017,48,33@13,2.66972621,63,15.5,207.5,112.5,63,(CML395/CML444)//CKDHL153782,CKDHL153782,(CML395/CML444),2017
13@2017,KibokoDT2017,Drought,1,1@2017,4,4@2017,23,34@13,4.444570932,66,19.7,207.5,118.5,68,(CML395/CML444)//CKDHL153783,CKDHL153783,(CML395/CML444),2017
13@2017,KibokoDT2017,Drought,2,2@2017,26,26@2017,152,34@13,1.740589749,66,14.8,174,96,68,(CML395/CML444)//CKDHL153783,CKDHL153783,(CML395/CML444),2017
13@2017,KibokoDT2017,Drought,2,2@2017,21,21@2017,125,35@13,1.258620846,63,15.9,186,94,64,(CML395/CML444)//CKDHL153784,CKDHL153784,(CML395/CML444),2017
13@2017,KibokoDT2017,Drought,1,1@2017,4,4@2017,19,35@13,4.10945657,63,18.4,194.5,102.5,63,(CML395/CML444)//CKDHL153784,CKDHL153784,(CML395/CML444),2017
13@2017,KibokoDT2017,Drought,2,2@2017,21,21@2017,123,36@13,1.387872795,65,12.8,185.5,111,65,(CML395/CML444)//CKDHL153785,CKDHL153785,(CML395/CML444),2017
13@2017,KibokoDT2017,Drought,1,1@2017,7,7@2017,40,36@13,4.381690964,65,19.1,213.5,128,65,(CML395/CML444)//CKDHL153785,CKDHL153785,(CML395/CML444),2017
13@2017,KibokoDT2017,Drought,1,1@2017,7,7@2017,41,37@13,3.923524755,63,15.3,220.5,114,62,(CML395/CML444)//CKDHL153788,CKDHL153788,(CML395/CML444),2017
13@2017,KibokoDT2017,Drought,2,2@2017,24,24@2017,143,37@13,1.924739925,61,15.6,192,102,63,(CML395/CML444)//CKDHL153788,CKDHL153788,(CML395/CML444),2017
13@2017,KibokoDT2017,Drought,1,1@2017,8,8@2017,47,38@13,3.812991889,61,16.4,222,120.5,61,(CML395/CML444)//CKDHL153793,CKDHL153793,(CML395/CML444),2017
13@2017,KibokoDT2017,Drought,2,2@2017,14,14@2017,83,38@13,2.524510778,64,13.6,205.5,111,65,(CML395/CML444)//CKDHL153793,CKDHL153793,(CML395/CML444),2017
13@2017,KibokoDT2017,Drought,2,2@2017,19,19@2017,110,39@13,3.50626497,65,18,196.5,113.5,65,(CML395/CML444)//CKDHL153802,CKDHL153802,(CML395/CML444),2017
13@2017,KibokoDT2017,Drought,1,1@2017,2,2@2017,8,39@13,2.315203863,67,16.7,182,107,67,(CML395/CML444)//CKDHL153802,CKDHL153802,(CML395/CML444),2017
13@2017,KibokoDT2017,Drought,1,1@2017,10,10@2017,59,40@13,2.55719791,61,15.9,211.5,119,62,(CML395/CML444)//CKDHL153811,CKDHL153811,(CML395/CML444),2017
13@2017,KibokoDT2017,Drought,2,2@2017,15,15@2017,89,40@13,1.470540831,62,15.2,174,96,65,(CML395/CML444)//CKDHL153811,CKDHL153811,(CML395/CML444),2017
13@2017,KibokoDT2017,Drought,2,2@2017,24,24@2017,144,41@13,1.510021945,66,14.1,181,105,68,(CML395/CML444)//CKDHL153812,CKDHL153812,(CML395/CML444),2017
13@2017,KibokoDT2017,Drought,1,1@2017,7,7@2017,37,41@13,4.080047654,69,18.6,210.5,123,69,(CML395/CML444)//CKDHL153812,CKDHL153812,(CML395/CML444),2017
13@2017,KibokoDT2017,Drought,2,2@2017,22,22@2017,129,42@13,1.682151999,64,15.7,187.5,102,67,(CML395/CML444)//CKDHL153821,CKDHL153821,(CML395/CML444),2017
13@2017,KibokoDT2017,Drought,1,1@2017,9,9@2017,50,42@13,2.747239372,63,16.8,202,122,62,(CML395/CML444)//CKDHL153821,CKDHL153821,(CML395/CML444),2017
13@2017,KibokoDT2017,Drought,2,2@2017,20,20@2017,120,43@13,3.886822997,65,19,214.5,129,65,(CML395/CML444)//CKDHL153824,CKDHL153824,(CML395/CML444),2017
13@2017,KibokoDT2017,Drought,1,1@2017,9,9@2017,54,43@13,4.19659058,64,19.7,209,126.5,65,(CML395/CML444)//CKDHL153824,CKDHL153824,(CML395/CML444),2017
13@2017,KibokoDT2017,Drought,1,1@2017,4,4@2017,21,44@13,4.44744531,66,18.6,194.5,115.5,66,(CML395/CML444)//CKDHL153825,CKDHL153825,(CML395/CML444),2017
13@2017,KibokoDT2017,Drought,2,2@2017,19,19@2017,112,44@13,1.73298809,65,17.1,203.5,120,65,(CML395/CML444)//CKDHL153825,CKDHL153825,(CML395/CML444),2017
13@2017,KibokoDT2017,Drought,1,1@2017,3,3@2017,17,45@13,5.937465391,66,20.4,194.5,118,65,(CML395/CML444)//CKDHL153828,CKDHL153828,(CML395/CML444),2017
13@2017,KibokoDT2017,Drought,2,2@2017,25,25@2017,146,45@13,2.127632941,66,14.7,189,115,66,(CML395/CML444)//CKDHL153828,CKDHL153828,(CML395/CML444),2017
13@2017,KibokoDT2017,Drought,2,2@2017,15,15@2017,86,46@13,3.505362273,64,17.1,205,103,65,(CML395/CML444)//CKDHL153829,CKDHL153829,(CML395/CML444),2017
13@2017,KibokoDT2017,Drought,1,1@2017,13,13@2017,74,46@13,3.107653004,65,15.6,209.5,111.3,66,(CML395/CML444)//CKDHL153829,CKDHL153829,(CML395/CML444),2017
13@2017,KibokoDT2017,Drought,2,2@2017,20,20@2017,118,47@13,2.831380229,65,17.8,210,121.5,64,(CML395/CML444)//CKDHL153831,CKDHL153831,(CML395/CML444),2017
13@2017,KibokoDT2017,Drought,1,1@2017,3,3@2017,16,47@13,4.650077018,66,21.7,201.5,114,66,(CML395/CML444)//CKDHL153831,CKDHL153831,(CML395/CML444),2017
13@2017,KibokoDT2017,Drought,2,2@2017,18,18@2017,107,48@13,2.538193764,65,15.2,201,125,64,(CML395/CML444)//CKDHL153839,CKDHL153839,(CML395/CML444),2017
13@2017,KibokoDT2017,Drought,1,1@2017,11,11@2017,66,48@13,3.695118673,65,15,206,133.5,64,(CML395/CML444)//CKDHL153839,CKDHL153839,(CML395/CML444),2017
13@2017,KibokoDT2017,Drought,2,2@2017,14,14@2017,81,49@13,3.0597388,64,14.7,208.5,115,64,(CML395/CML444)//CKDHL153840,CKDHL153840,(CML395/CML444),2017
13@2017,KibokoDT2017,Drought,1,1@2017,5,5@2017,26,49@13,4.605084702,64,16.8,214.5,123,63,(CML395/CML444)//CKDHL153840,CKDHL153840,(CML395/CML444),2017
13@2017,KibokoDT2017,Drought,1,1@2017,4,4@2017,24,50@13,3.516147126,65,15.9,192,119,66,(CML395/CML444)//CKDHL153841,CKDHL153841,(CML395/CML444),2017
13@2017,KibokoDT2017,Drought,2,2@2017,26,26@2017,153,50@13,1.927257974,64,14.6,172,98.5,67,(CML395/CML444)//CKDHL153841,CKDHL153841,(CML395/CML444),2017
13@2017,KibokoDT2017,Drought,2,2@2017,21,21@2017,122,51@13,0.987075353,66,15.2,179.5,108.5,66,(CML395/CML444)//CKDHL153842,CKDHL153842,(CML395/CML444),2017
13@2017,KibokoDT2017,Drought,1,1@2017,12,12@2017,71,51@13,3.915614279,65,18.4,188,122,65,(CML395/CML444)//CKDHL153842,CKDHL153842,(CML395/CML444),2017
13@2017,KibokoDT2017,Drought,2,2@2017,24,24@2017,140,52@13,1.223914524,64,16.9,171,92.5,64,(CML395/CML444)//CKDHL153843,CKDHL153843,(CML395/CML444),2017
13@2017,KibokoDT2017,Drought,1,1@2017,11,11@2017,64,52@13,3.666564943,65,17.9,215,122.5,64,(CML395/CML444)//CKDHL153843,CKDHL153843,(CML395/CML444),2017
13@2017,KibokoDT2017,Drought,2,2@2017,17,17@2017,100,53@13,2.089363341,67,17.8,159,109,67,(CML395/CML444)//CKDHL153847,CKDHL153847,(CML395/CML444),2017
13@2017,KibokoDT2017,Drought,1,1@2017,5,5@2017,29,53@13,4.910481331,66,21.7,202.5,125,65,(CML395/CML444)//CKDHL153847,CKDHL153847,(CML395/CML444),2017
13@2017,KibokoDT2017,Drought,1,1@2017,11,11@2017,65,54@13,3.918037307,66,16.7,218.5,130,65,(CML395/CML444)//CKDHL153848,CKDHL153848,(CML395/CML444),2017
13@2017,KibokoDT2017,Drought,2,2@2017,16,16@2017,93,54@13,2.229400143,67,13.9,173.5,98.5,66,(CML395/CML444)//CKDHL153848,CKDHL153848,(CML395/CML444),2017
13@2017,KibokoDT2017,Drought,2,2@2017,26,26@2017,156,55@13,1.87342873,64,15.2,189.5,104,66,(CML395/CML444)//CKDHL153850,CKDHL153850,(CML395/CML444),2017
13@2017,KibokoDT2017,Drought,1,1@2017,7,7@2017,39,55@13,2.753700781,64,16,215,120.5,64,(CML395/CML444)//CKDHL153850,CKDHL153850,(CML395/CML444),2017
13@2017,KibokoDT2017,Drought,1,1@2017,6,6@2017,32,56@13,1.93842291,62,15,195,92,66,(CML395/CML444)//CKDHL153854,CKDHL153854,(CML395/CML444),2017
13@2017,KibokoDT2017,Drought,2,2@2017,21,21@2017,126,56@13,1.724246183,63,15.6,200,94,64,(CML395/CML444)//CKDHL153854,CKDHL153854,(CML395/CML444),2017
13@2017,KibokoDT2017,Drought,2,2@2017,18,18@2017,108,57@13,2.839005642,67,18.7,204.5,120.5,68,(CML395/CML444)//CKDHL153856,CKDHL153856,(CML395/CML444),2017
13@2017,KibokoDT2017,Drought,1,1@2017,1,1@2017,6,57@13,2.869626073,70,20,167.5,102.5,71,(CML395/CML444)//CKDHL153856,CKDHL153856,(CML395/CML444),2017
13@2017,KibokoDT2017,Drought,1,1@2017,3,3@2017,14,58@13,4.043987286,71,19.7,196,108.5,71,(CML395/CML444)//CKDHL153868,CKDHL153868,(CML395/CML444),2017
13@2017,KibokoDT2017,Drought,2,2@2017,26,26@2017,151,58@13,1.407637107,69,17.7,176,104,71,(CML395/CML444)//CKDHL153868,CKDHL153868,(CML395/CML444),2017
13@2017,KibokoDT2017,Drought,1,1@2017,5,5@2017,30,59@13,3.610407691,64,17.4,220.5,116,64,(CML395/CML444)//CKDHL153870,CKDHL153870,(CML395/CML444),2017
13@2017,KibokoDT2017,Drought,2,2@2017,25,25@2017,150,59@13,1.78106858,63,14.8,194,102,64,(CML395/CML444)//CKDHL153870,CKDHL153870,(CML395/CML444),2017
13@2017,KibokoDT2017,Drought,2,2@2017,23,23@2017,134,60@13,0.954602018,64,14.5,177.5,94,67,(CML395/CML444)//CKDHL153872,CKDHL153872,(CML395/CML444),2017
13@2017,KibokoDT2017,Drought,1,1@2017,2,2@2017,9,60@13,3.590239541,61,16.5,186,102,63,(CML395/CML444)//CKDHL153872,CKDHL153872,(CML395/CML444),2017
13@2017,KibokoDT2017,Drought,2,2@2017,21,21@2017,124,61@13,2.032184616,64,15.3,190.5,103,65,(CML395/CML444)//CKDHL153876,CKDHL153876,(CML395/CML444),2017
13@2017,KibokoDT2017,Drought,1,1@2017,7,7@2017,38,61@13,3.267905467,66,18.6,216,123.5,64,(CML395/CML444)//CKDHL153876,CKDHL153876,(CML395/CML444),2017
13@2017,KibokoDT2017,Drought,1,1@2017,6,6@2017,35,62@13,5.056290643,66,17.5,204,118.5,64,(CML395/CML444)//CKDHL153877,CKDHL153877,(CML395/CML444),2017
13@2017,KibokoDT2017,Drought,2,2@2017,17,17@2017,101,62@13,1.936284944,66,14.2,167.5,105,66,(CML395/CML444)//CKDHL153877,CKDHL153877,(CML395/CML444),2017
13@2017,KibokoDT2017,Drought,2,2@2017,15,15@2017,90,63@13,2.743866136,65,16.3,186.5,112.5,66,(CML395/CML444)//CKDHL153878,CKDHL153878,(CML395/CML444),2017
13@2017,KibokoDT2017,Drought,1,1@2017,13,13@2017,77,63@13,3.471534893,64,17.9,217,128,65,(CML395/CML444)//CKDHL153878,CKDHL153878,(CML395/CML444),2017
13@2017,KibokoDT2017,Drought,2,2@2017,14,14@2017,80,64@13,2.602617819,65,17,212,126,66,(CML395/CML444)//CKDHL153881,CKDHL153881,(CML395/CML444),2017
13@2017,KibokoDT2017,Drought,1,1@2017,11,11@2017,62,64@13,3.885112624,66,17.4,205.5,119.5,67,(CML395/CML444)//CKDHL153881,CKDHL153881,(CML395/CML444),2017
13@2017,KibokoDT2017,Drought,2,2@2017,23,23@2017,136,65@13,1.464316973,67,16.7,167,98.5,69,(CML395/CML444)//CKDHL153882,CKDHL153882,(CML395/CML444),2017
13@2017,KibokoDT2017,Drought,1,1@2017,3,3@2017,15,65@13,4.354562545,67,20.3,201.5,116.5,68,(CML395/CML444)//CKDHL153882,CKDHL153882,(CML395/CML444),2017
13@2017,KibokoDT2017,Drought,1,1@2017,8,8@2017,43,66@13,3.912288553,65,16.4,226,120,66,(CML395/CML444)//CKDHL153885,CKDHL153885,(CML395/CML444),2017
13@2017,KibokoDT2017,Drought,2,2@2017,22,22@2017,130,66@13,2.737000888,64,15.9,182,95.5,67,(CML395/CML444)//CKDHL153885,CKDHL153885,(CML395/CML444),2017
13@2017,KibokoDT2017,Drought,1,1@2017,9,9@2017,49,67@13,2.818053571,69,19.3,215.5,142,69,(CML395/CML444)//CKDHL153886,CKDHL153886,(CML395/CML444),2017
13@2017,KibokoDT2017,Drought,2,2@2017,20,20@2017,116,67@13,2.204599733,67,19.3,206.5,140.5,70,(CML395/CML444)//CKDHL153886,CKDHL153886,(CML395/CML444),2017
13@2017,KibokoDT2017,Drought,2,2@2017,16,16@2017,92,68@13,2.610884623,65,14.8,182,114.5,66,(CML395/CML444)//CKDHL153890,CKDHL153890,(CML395/CML444),2017
13@2017,KibokoDT2017,Drought,1,1@2017,4,4@2017,20,68@13,5.161050999,68,23.5,191,118,68,(CML395/CML444)//CKDHL153890,CKDHL153890,(CML395/CML444),2017
13@2017,KibokoDT2017,Drought,1,1@2017,5,5@2017,28,69@13,4.063062698,64,19.7,220,114.5,66,(CML395/CML444)//CKDHL153892,CKDHL153892,(CML395/CML444),2017
13@2017,KibokoDT2017,Drought,2,2@2017,26,26@2017,154,69@13,2.099958153,64,15,189,98.5,67,(CML395/CML444)//CKDHL153892,CKDHL153892,(CML395/CML444),2017
13@2017,KibokoDT2017,Drought,1,1@2017,5,5@2017,25,70@13,2.953956972,67,17.1,218.5,123,68,(CML395/CML444)//CKDHL153899,CKDHL153899,(CML395/CML444),2017
13@2017,KibokoDT2017,Drought,2,2@2017,23,23@2017,135,70@13,0.819221231,67,19.8,167,103.5,70,(CML395/CML444)//CKDHL153899,CKDHL153899,(CML395/CML444),2017
13@2017,KibokoDT2017,Drought,1,1@2017,1,1@2017,3,71@13,2.555725089,60,16.6,164,81.5,62,(CML395/CML444)//CKDHL153900,CKDHL153900,(CML395/CML444),2017
13@2017,KibokoDT2017,Drought,2,2@2017,20,20@2017,115,71@13,1.807389322,61,17.3,189.5,103,64,(CML395/CML444)//CKDHL153900,CKDHL153900,(CML395/CML444),2017
13@2017,KibokoDT2017,Drought,1,1@2017,6,6@2017,33,72@13,4.816410808,68,20.8,205,136,69,(CML395/CML444)//CKDHL153901,CKDHL153901,(CML395/CML444),2017
13@2017,KibokoDT2017,Drought,2,2@2017,24,24@2017,139,72@13,2.612856303,67,17.3,166.5,106,68,(CML395/CML444)//CKDHL153901,CKDHL153901,(CML395/CML444),2017
13@2017,KibokoDT2017,Drought,1,1@2017,1,1@2017,5,73@13,2.756361362,68,21.6,238.5,146,72,H517,H517,,2017
13@2017,KibokoDT2017,Drought,2,2@2017,18,18@2017,105,73@13,0.874570807,67,23.3,207.5,137,76,H517,H517,,2017
13@2017,KibokoDT2017,Drought,1,1@2017,8,8@2017,46,74@13,2.163051918,63,18.7,235.5,118,69,Pioneer 30G19,Pioneer 30G19,,2017
13@2017,KibokoDT2017,Drought,2,2@2017,17,17@2017,102,74@13,0.924456691,65,17.2,183.5,103,74,Pioneer 30G19,Pioneer 30G19,,2017
13@2017,KibokoDT2017,Drought,2,2@2017,14,14@2017,84,75@13,1.543469242,70,16.7,226.5,132,74,WH505,WH505,,2017
13@2017,KibokoDT2017,Drought,1,1@2017,13,13@2017,75,75@13,2.743224746,70,18.1,240.5,148.5,69,WH505,WH505,,2017
13@2017,KibokoDT2017,Drought,1,1@2017,11,11@2017,61,76@13,2.108034915,66,13,219.5,127.5,68,DK 8031,DK 8031,,2017
13@2017,KibokoDT2017,Drought,2,2@2017,25,25@2017,147,76@13,1.797792229,64,12,205.5,113.5,66,DK 8031,DK 8031,,2017
13@2017,KibokoDT2017,Drought,2,2@2017,24,24@2017,141,77@13,0.965766954,62,13.5,173,86,67,PAN 4M19,PAN 4M19,,2017
13@2017,KibokoDT2017,Drought,1,1@2017,2,2@2017,12,77@13,5.032202887,61,16.6,189.5,106,61,PAN 4M19,PAN 4M19,,2017
13@2017,KibokoDT2017,Drought,1,1@2017,1,1@2017,2,78@13,3.521444532,64,18.1,191.5,95.5,64,DH04,DH04,,2017
13@2017,KibokoDT2017,Drought,2,2@2017,19,19@2017,113,78@13,2.675023616,62,17.2,211,124,64,DH04,DH04,,2017
14@2017,KibokoDT2017,Drought,1,1@2017,1,1@2017,4,1@14,6.712680092,63,18.4,224,115,64,(CML395/CML444)//CKDHL153905,CKDHL153905,(CML395/CML444),2017
14@2017,KibokoDT2017,Drought,2,2@2017,26,26@2017,104,1@14,3.780184657,64,16.1,239.5,131.5,64,(CML395/CML444)//CKDHL153905,CKDHL153905,(CML395/CML444),2017
14@2017,KibokoDT2017,Drought,1,1@2017,15,15@2017,59,2@14,3.823554533,62,18.3,226,132.5,61,(CML395/CML444)//CKDHL153907,CKDHL153907,(CML395/CML444),2017
14@2017,KibokoDT2017,Drought,2,2@2017,26,26@2017,102,2@14,3.525255829,64,17.5,224,122,64,(CML395/CML444)//CKDHL153907,CKDHL153907,(CML395/CML444),2017
14@2017,KibokoDT2017,Drought,2,2@2017,30,30@2017,120,3@14,1.85327735,63,17.2,197,95.5,64,(CML395/CML444)//CKDHL153908,CKDHL153908,(CML395/CML444),2017
14@2017,KibokoDT2017,Drought,1,1@2017,14,14@2017,56,3@14,3.789922532,64,18,226.5,129,65,(CML395/CML444)//CKDHL153908,CKDHL153908,(CML395/CML444),2017
14@2017,KibokoDT2017,Drought,1,1@2017,3,3@2017,10,4@14,4.053426503,63,16.5,234.5,132,63,(CML395/CML444)//CKDHL153913,CKDHL153913,(CML395/CML444),2017
14@2017,KibokoDT2017,Drought,2,2@2017,22,22@2017,85,4@14,3.676556234,65,18.4,242.5,134.5,65,(CML395/CML444)//CKDHL153913,CKDHL153913,(CML395/CML444),2017
14@2017,KibokoDT2017,Drought,1,1@2017,4,4@2017,14,5@14,5.020208474,63,22.9,222,128.5,64,(CML395/CML444)//CKDHL153910,CKDHL153910,(CML395/CML444),2017
14@2017,KibokoDT2017,Drought,2,2@2017,34,34@2017,133,5@14,3.050425452,66,20.5,233.5,132.5,68,(CML395/CML444)//CKDHL153910,CKDHL153910,(CML395/CML444),2017
14@2017,KibokoDT2017,Drought,2,2@2017,33,33@2017,130,6@14,0.836120047,66,20.1,210,124.5,69,(CML395/CML444)//CKDHL153917,CKDHL153917,(CML395/CML444),2017
14@2017,KibokoDT2017,Drought,1,1@2017,17,17@2017,68,6@14,2.058557554,64,18.6,234,136.5,65,(CML395/CML444)//CKDHL153917,CKDHL153917,(CML395/CML444),2017
14@2017,KibokoDT2017,Drought,2,2@2017,28,28@2017,112,7@14,1.802669472,63,21.5,229,125,65,(CML395/CML444)//CKDHL153918,CKDHL153918,(CML395/CML444),2017
14@2017,KibokoDT2017,Drought,1,1@2017,2,2@2017,6,7@14,4.656651479,66,20.3,215.5,123,66,(CML395/CML444)//CKDHL153918,CKDHL153918,(CML395/CML444),2017
14@2017,KibokoDT2017,Drought,1,1@2017,8,8@2017,31,8@14,4.372014867,66,18.7,250.5,140,66,(CML395/CML444)//CKDHL153931,CKDHL153931,(CML395/CML444),2017
14@2017,KibokoDT2017,Drought,2,2@2017,25,25@2017,99,8@14,2.319358175,65,21,229,131.5,68,(CML395/CML444)//CKDHL153931,CKDHL153931,(CML395/CML444),2017
14@2017,KibokoDT2017,Drought,1,1@2017,2,2@2017,5,9@14,5.655437628,64,23.1,183.1,112,65,(CML395/CML444)//CKDHL153934,CKDHL153934,(CML395/CML444),2017
14@2017,KibokoDT2017,Drought,2,2@2017,32,32@2017,126,9@14,1.247029273,64,22,194.5,107.5,68,(CML395/CML444)//CKDHL153934,CKDHL153934,(CML395/CML444),2017
14@2017,KibokoDT2017,Drought,1,1@2017,11,11@2017,42,10@14,3.795154822,64,18.4,216.5,116,67,(CML395/CML444)//CKDHL153935,CKDHL153935,(CML395/CML444),2017
14@2017,KibokoDT2017,Drought,2,2@2017,27,27@2017,105,10@14,2.434177886,62,21,234.5,118,65,(CML395/CML444)//CKDHL153935,CKDHL153935,(CML395/CML444),2017
14@2017,KibokoDT2017,Drought,2,2@2017,20,20@2017,78,11@14,3.153908534,67,22.5,232.5,130.5,67,(CML395/CML444)//CKDHL153939,CKDHL153939,(CML395/CML444),2017
14@2017,KibokoDT2017,Drought,1,1@2017,6,6@2017,22,11@14,4.392333596,68,21.3,244.5,142.5,69,(CML395/CML444)//CKDHL153939,CKDHL153939,(CML395/CML444),2017
14@2017,KibokoDT2017,Drought,2,2@2017,18,18@2017,71,12@14,3.174547014,63,18.5,223.5,118,64,(CML395/CML444)//CKDHL153941,CKDHL153941,(CML395/CML444),2017
14@2017,KibokoDT2017,Drought,1,1@2017,8,8@2017,29,12@14,4.392101049,62,19.2,235.5,122,64,(CML395/CML444)//CKDHL153941,CKDHL153941,(CML395/CML444),2017
14@2017,KibokoDT2017,Drought,2,2@2017,26,26@2017,101,13@14,2.925722525,63,17.5,234,119.5,66,(CML395/CML444)//CKDHL153958,CKDHL153958,(CML395/CML444),2017
14@2017,KibokoDT2017,Drought,1,1@2017,3,3@2017,12,13@14,3.990319264,61,17.8,224,123,64,(CML395/CML444)//CKDHL153958,CKDHL153958,(CML395/CML444),2017
14@2017,KibokoDT2017,Drought,2,2@2017,32,32@2017,128,14@14,1.603406403,62,21.2,205,112,63,(CML395/CML444)//CKDHL153960,CKDHL153960,(CML395/CML444),2017
14@2017,KibokoDT2017,Drought,1,1@2017,7,7@2017,27,14@14,3.671323943,61,15.8,222.5,117.5,61,(CML395/CML444)//CKDHL153960,CKDHL153960,(CML395/CML444),2017
14@2017,KibokoDT2017,Drought,2,2@2017,18,18@2017,70,15@14,2.264302849,66,14.4,217.5,135,66,(CML395/CML444)//CKDHL153961,CKDHL153961,(CML395/CML444),2017
14@2017,KibokoDT2017,Drought,1,1@2017,1,1@2017,3,15@14,3.774923298,67,22.7,208,122.5,68,(CML395/CML444)//CKDHL153961,CKDHL153961,(CML395/CML444),2017
14@2017,KibokoDT2017,Drought,2,2@2017,29,29@2017,114,16@14,3.224311912,65,16.6,213,122.5,65,(CML395/CML444)//CKDHL153962,CKDHL153962,(CML395/CML444),2017
14@2017,KibokoDT2017,Drought,1,1@2017,5,5@2017,18,16@14,4.038630747,64,17.3,210.5,129,64,(CML395/CML444)//CKDHL153962,CKDHL153962,(CML395/CML444),2017
14@2017,KibokoDT2017,Drought,1,1@2017,13,13@2017,49,17@14,3.111236297,62,21.3,208,115,65,(CML395/CML444)//CKDHL153964,CKDHL153964,(CML395/CML444),2017
14@2017,KibokoDT2017,Drought,2,2@2017,29,29@2017,116,17@14,2.061900406,64,20.3,226.5,114,69,(CML395/CML444)//CKDHL153964,CKDHL153964,(CML395/CML444),2017
14@2017,KibokoDT2017,Drought,2,2@2017,31,31@2017,123,18@14,2.905258455,64,15.3,216,111,67,(CML395/CML444)//CKDHL153968,CKDHL153968,(CML395/CML444),2017
14@2017,KibokoDT2017,Drought,1,1@2017,3,3@2017,9,18@14,3.599234605,64,18,218.5,113.5,65,(CML395/CML444)//CKDHL153968,CKDHL153968,(CML395/CML444),2017
14@2017,KibokoDT2017,Drought,1,1@2017,16,16@2017,64,19@14,1.185985882,64,18.4,230,117.5,70,(CML395/CML444)//CKDHL153971,CKDHL153971,(CML395/CML444),2017
14@2017,KibokoDT2017,Drought,2,2@2017,23,23@2017,89,19@14,3.05807041,65,20.9,229.5,125,65,(CML395/CML444)//CKDHL153971,CKDHL153971,(CML395/CML444),2017
14@2017,KibokoDT2017,Drought,1,1@2017,10,10@2017,37,20@14,3.646674041,66,20.6,228.5,123,67,(CML395/CML444)//CKDHL153978,CKDHL153978,(CML395/CML444),2017
14@2017,KibokoDT2017,Drought,2,2@2017,28,28@2017,111,20@14,1.022912823,62,23.5,229,127.5,65,(CML395/CML444)//CKDHL153978,CKDHL153978,(CML395/CML444),2017
14@2017,KibokoDT2017,Drought,1,1@2017,7,7@2017,28,21@14,4.878675012,62,16.5,227,118.5,63,(CML395/CML444)//CKDHL153979,CKDHL153979,(CML395/CML444),2017
14@2017,KibokoDT2017,Drought,2,2@2017,21,21@2017,81,21@14,3.317446685,62,17.3,205,114,64,(CML395/CML444)//CKDHL153979,CKDHL153979,(CML395/CML444),2017
14@2017,KibokoDT2017,Drought,2,2@2017,31,31@2017,124,22@14,2.644196219,64,19.5,205,113,66,(CML395/CML444)//CKDHL153983,CKDHL153983,(CML395/CML444),2017
14@2017,KibokoDT2017,Drought,1,1@2017,13,13@2017,51,22@14,3.911660494,65,19.9,225,132,65,(CML395/CML444)//CKDHL153983,CKDHL153983,(CML395/CML444),2017
14@2017,KibokoDT2017,Drought,1,1@2017,12,12@2017,45,23@14,4.313471348,66,17.1,238,138,68,(CML395/CML444)//CKDHL153984,CKDHL153984,(CML395/CML444),2017
14@2017,KibokoDT2017,Drought,2,2@2017,33,33@2017,131,23@14,2.419178653,66,17.6,216,114,68,(CML395/CML444)//CKDHL153984,CKDHL153984,(CML395/CML444),2017
14@2017,KibokoDT2017,Drought,2,2@2017,19,19@2017,74,24@14,2.995311991,61,16.9,232.5,123.5,65,(CML395/CML444)//CKDHL153989,CKDHL153989,(CML395/CML444),2017
14@2017,KibokoDT2017,Drought,1,1@2017,4,4@2017,16,24@14,2.86761503,61,17.1,233,126,65,(CML395/CML444)//CKDHL153989,CKDHL153989,(CML395/CML444),2017
14@2017,KibokoDT2017,Drought,1,1@2017,14,14@2017,54,25@14,4.227051348,64,20.1,239.5,136,67,(CML395/CML444)//CKDHL153993,CKDHL153993,(CML395/CML444),2017
14@2017,KibokoDT2017,Drought,2,2@2017,29,29@2017,115,25@14,3.655888686,64,20.9,223.5,127.5,67,(CML395/CML444)//CKDHL153993,CKDHL153993,(CML395/CML444),2017
14@2017,KibokoDT2017,Drought,1,1@2017,6,6@2017,21,26@14,3.802305619,68,22.6,222.5,132.5,68,(CML395/CML444)//CKDHL154010,CKDHL154010,(CML395/CML444),2017
14@2017,KibokoDT2017,Drought,2,2@2017,32,32@2017,127,26@14,2.224828123,64,21.9,188.5,109.5,66,(CML395/CML444)//CKDHL154010,CKDHL154010,(CML395/CML444),2017
14@2017,KibokoDT2017,Drought,1,1@2017,9,9@2017,33,27@14,5.13090049,64,21.2,218,128,67,(CML395/CML444)//CKDHL154017,CKDHL154017,(CML395/CML444),2017
14@2017,KibokoDT2017,Drought,2,2@2017,23,23@2017,91,27@14,2.515743484,65,20.6,219.5,130,68,(CML395/CML444)//CKDHL154017,CKDHL154017,(CML395/CML444),2017
14@2017,KibokoDT2017,Drought,2,2@2017,30,30@2017,119,28@14,1.465215793,63,18.7,218.5,121.5,68,(CML395/CML444)//CKDHL154023,CKDHL154023,(CML395/CML444),2017
14@2017,KibokoDT2017,Drought,1,1@2017,7,7@2017,26,28@14,3.573392903,64,21.7,231,127.5,68,(CML395/CML444)//CKDHL154023,CKDHL154023,(CML395/CML444),2017
14@2017,KibokoDT2017,Drought,2,2@2017,30,30@2017,117,29@14,2.687188208,64,23.6,233,120.5,66,(CML395/CML444)//CKDHL154024,CKDHL154024,(CML395/CML444),2017
14@2017,KibokoDT2017,Drought,1,1@2017,8,8@2017,30,29@14,4.258328818,64,17.7,230,132,66,(CML395/CML444)//CKDHL154024,CKDHL154024,(CML395/CML444),2017
14@2017,KibokoDT2017,Drought,1,1@2017,16,16@2017,63,30@14,2.905200318,61,19.4,230,124,63,(CML395/CML444)//CKDHL154025,CKDHL154025,(CML395/CML444),2017
14@2017,KibokoDT2017,Drought,2,2@2017,24,24@2017,96,30@14,2.096491661,61,17.1,227,131,64,(CML395/CML444)//CKDHL154025,CKDHL154025,(CML395/CML444),2017
14@2017,KibokoDT2017,Drought,2,2@2017,34,34@2017,134,31@14,3.7065547,63,17.2,222,107.5,64,(CML395/CML444)//CKDHL154026,CKDHL154026,(CML395/CML444),2017
14@2017,KibokoDT2017,Drought,1,1@2017,6,6@2017,23,31@14,4.377392499,61,18.6,218.5,105.5,63,(CML395/CML444)//CKDHL154026,CKDHL154026,(CML395/CML444),2017
14@2017,KibokoDT2017,Drought,1,1@2017,16,16@2017,61,32@14,3.398663464,64,21,231,132.5,66,(CML395/CML444)//CKDHL154028,CKDHL154028,(CML395/CML444),2017
14@2017,KibokoDT2017,Drought,2,2@2017,20,20@2017,77,32@14,2.786252911,65,22.7,237,134,68,(CML395/CML444)//CKDHL154028,CKDHL154028,(CML395/CML444),2017
14@2017,KibokoDT2017,Drought,2,2@2017,18,18@2017,69,33@14,2.503011577,61,16.4,225.5,117,66,(CML395/CML444)//CKDHL154037,CKDHL154037,(CML395/CML444),2017
14@2017,KibokoDT2017,Drought,1,1@2017,13,13@2017,52,33@14,2.533475135,62,19.3,237,124,64,(CML395/CML444)//CKDHL154037,CKDHL154037,(CML395/CML444),2017
14@2017,KibokoDT2017,Drought,2,2@2017,29,29@2017,113,34@14,2.043790867,63,21,217.5,113.5,65,(CML395/CML444)//CKDHL154041,CKDHL154041,(CML395/CML444),2017
14@2017,KibokoDT2017,Drought,1,1@2017,4,4@2017,13,34@14,3.446102899,63,18.8,233.5,127,64,(CML395/CML444)//CKDHL154041,CKDHL154041,(CML395/CML444),2017
14@2017,KibokoDT2017,Drought,1,1@2017,11,11@2017,43,35@14,4.038136587,64,19.7,222,111.5,65,(CML395/CML444)//CKDHL154043,CKDHL154043,(CML395/CML444),2017
14@2017,KibokoDT2017,Drought,2,2@2017,21,21@2017,82,35@14,3.281227607,62,17,238.5,132,64,(CML395/CML444)//CKDHL154043,CKDHL154043,(CML395/CML444),2017
14@2017,KibokoDT2017,Drought,2,2@2017,33,33@2017,129,36@14,1.114826729,64,18.4,211,106.5,68,(CML395/CML444)//CKDHL154045,CKDHL154045,(CML395/CML444),2017
14@2017,KibokoDT2017,Drought,1,1@2017,7,7@2017,25,36@14,4.056420536,66,19.8,235,126,67,(CML395/CML444)//CKDHL154045,CKDHL154045,(CML395/CML444),2017
14@2017,KibokoDT2017,Drought,2,2@2017,21,21@2017,83,37@14,2.87438794,63,16.2,232,128,66,(CML395/CML444)//CKDHL154046,CKDHL154046,(CML395/CML444),2017
14@2017,KibokoDT2017,Drought,1,1@2017,5,5@2017,17,37@14,6.352960109,63,16.9,227.5,125.5,66,(CML395/CML444)//CKDHL154046,CKDHL154046,(CML395/CML444),2017
14@2017,KibokoDT2017,Drought,1,1@2017,9,9@2017,34,38@14,5.896791569,62,17.2,216,106,62,(CML395/CML444)//CKDHL154050,CKDHL154050,(CML395/CML444),2017
14@2017,KibokoDT2017,Drought,2,2@2017,31,31@2017,122,38@14,3.253554603,63,17.7,201,93,63,(CML395/CML444)//CKDHL154050,CKDHL154050,(CML395/CML444),2017
14@2017,KibokoDT2017,Drought,2,2@2017,25,25@2017,100,39@14,2.047395334,63,18.1,220.5,128,65,(CML395/CML444)//CKDHL154051,CKDHL154051,(CML395/CML444),2017
14@2017,KibokoDT2017,Drought,1,1@2017,2,2@2017,7,39@14,3.936775489,64,20.8,202.5,112,65,(CML395/CML444)//CKDHL154051,CKDHL154051,(CML395/CML444),2017
14@2017,KibokoDT2017,Drought,1,1@2017,11,11@2017,41,40@14,4.840392086,66,15.9,236,129,66,(CML395/CML444)//CKDHL154056,CKDHL154056,(CML395/CML444),2017
14@2017,KibokoDT2017,Drought,2,2@2017,34,34@2017,135,40@14,3.649173913,64,14.6,227,124.5,66,(CML395/CML444)//CKDHL154056,CKDHL154056,(CML395/CML444),2017
14@2017,KibokoDT2017,Drought,2,2@2017,25,25@2017,97,41@14,2.737999564,62,15.9,212,121,65,(CML395/CML444)//CKDHL154061,CKDHL154061,(CML395/CML444),2017
14@2017,KibokoDT2017,Drought,1,1@2017,14,14@2017,53,41@14,3.511012371,64,16.7,209.5,120.5,65,(CML395/CML444)//CKDHL154061,CKDHL154061,(CML395/CML444),2017
14@2017,KibokoDT2017,Drought,1,1@2017,13,13@2017,50,42@14,3.009729858,64,16.5,205,130,65,(CML395/CML444)//CKDHL154067,CKDHL154067,(CML395/CML444),2017
14@2017,KibokoDT2017,Drought,2,2@2017,23,23@2017,90,42@14,2.929268855,65,17.4,226.5,131,66,(CML395/CML444)//CKDHL154067,CKDHL154067,(CML395/CML444),2017
14@2017,KibokoDT2017,Drought,1,1@2017,1,1@2017,1,43@14,4.909894346,67,20.7,220,129.5,68,(CML395/CML444)//CKDHL154068,CKDHL154068,(CML395/CML444),2017
14@2017,KibokoDT2017,Drought,2,2@2017,18,18@2017,72,43@14,2.277092893,66,18.4,220.5,128,68,(CML395/CML444)//CKDHL154068,CKDHL154068,(CML395/CML444),2017
14@2017,KibokoDT2017,Drought,2,2@2017,26,26@2017,103,44@14,2.833227253,64,17.4,229.5,128.5,66,(CML395/CML444)//CKDHL154069,CKDHL154069,(CML395/CML444),2017
14@2017,KibokoDT2017,Drought,1,1@2017,17,17@2017,65,44@14,2.149163387,64,20.5,224.5,130.5,67,(CML395/CML444)//CKDHL154069,CKDHL154069,(CML395/CML444),2017
14@2017,KibokoDT2017,Drought,2,2@2017,19,19@2017,75,45@14,2.993044665,66,21.4,221,123,68,(CML395/CML444)//CKDHL154071,CKDHL154071,(CML395/CML444),2017
14@2017,KibokoDT2017,Drought,1,1@2017,12,12@2017,47,45@14,3.349043907,63,23.7,195,111,65,(CML395/CML444)//CKDHL154071,CKDHL154071,(CML395/CML444),2017
14@2017,KibokoDT2017,Drought,2,2@2017,27,27@2017,106,46@14,3.57446843,62,19.1,228,120,64,(CML395/CML444)//CKDHL154075,CKDHL154075,(CML395/CML444),2017
14@2017,KibokoDT2017,Drought,1,1@2017,14,14@2017,55,46@14,3.553539267,62,17.4,222.5,116.5,66,(CML395/CML444)//CKDHL154075,CKDHL154075,(CML395/CML444),2017
14@2017,KibokoDT2017,Drought,2,2@2017,27,27@2017,108,47@14,2.730994108,64,19.7,245,135.5,68,(CML395/CML444)//CKDHL154078,CKDHL154078,(CML395/CML444),2017
14@2017,KibokoDT2017,Drought,1,1@2017,1,1@2017,2,47@14,5.75435699,65,19.2,227,119,68,(CML395/CML444)//CKDHL154078,CKDHL154078,(CML395/CML444),2017
14@2017,KibokoDT2017,Drought,1,1@2017,16,16@2017,62,48@14,3.67205065,62,18.5,222.5,123.5,63,(CML395/CML444)//CKDHL154084,CKDHL154084,(CML395/CML444),2017
14@2017,KibokoDT2017,Drought,2,2@2017,34,34@2017,136,48@14,2.27630805,63,20.9,218.5,119,67,(CML395/CML444)//CKDHL154084,CKDHL154084,(CML395/CML444),2017
14@2017,KibokoDT2017,Drought,1,1@2017,15,15@2017,60,49@14,4.162636036,64,17.7,232.5,135.5,64,(CML395/CML444)//CKDHL154091,CKDHL154091,(CML395/CML444),2017
14@2017,KibokoDT2017,Drought,2,2@2017,32,32@2017,125,49@14,2.062656181,64,23.7,208,116.5,67,(CML395/CML444)//CKDHL154091,CKDHL154091,(CML395/CML444),2017
14@2017,KibokoDT2017,Drought,1,1@2017,17,17@2017,67,50@14,1.997456026,63,16.2,230,140,67,(CML395/CML444)//CKDHL154098,CKDHL154098,(CML395/CML444),2017
14@2017,KibokoDT2017,Drought,2,2@2017,28,28@2017,110,50@14,2.625156495,63,17.9,237,143,65,(CML395/CML444)//CKDHL154098,CKDHL154098,(CML395/CML444),2017
14@2017,KibokoDT2017,Drought,2,2@2017,27,27@2017,107,51@14,3.084958571,62,19.6,230.5,114.5,63,(CML395/CML444)//CKDHL154100,CKDHL154100,(CML395/CML444),2017
14@2017,KibokoDT2017,Drought,1,1@2017,3,3@2017,11,51@14,3.21960285,63,22,215.5,107,64,(CML395/CML444)//CKDHL154100,CKDHL154100,(CML395/CML444),2017
14@2017,KibokoDT2017,Drought,1,1@2017,6,6@2017,24,52@14,3.937705674,64,17.4,231.5,134,65,(CML395/CML444)//CKDHL154105,CKDHL154105,(CML395/CML444),2017
14@2017,KibokoDT2017,Drought,2,2@2017,33,33@2017,132,52@14,1.966469238,64,17.5,226,127,68,(CML395/CML444)//CKDHL154105,CKDHL154105,(CML395/CML444),2017
14@2017,KibokoDT2017,Drought,1,1@2017,5,5@2017,19,53@14,4.994221431,63,17,218,120.5,65,(CML395/CML444)//CKDHL154121,CKDHL154121,(CML395/CML444),2017
14@2017,KibokoDT2017,Drought,2,2@2017,23,23@2017,92,53@14,2.330462258,62,21.4,229.5,128.5,65,(CML395/CML444)//CKDHL154121,CKDHL154121,(CML395/CML444),2017
14@2017,KibokoDT2017,Drought,2,2@2017,19,19@2017,73,54@14,2.513127338,61,19.2,224.5,113,63,(CML395/CML444)//CKDHL154127,CKDHL154127,(CML395/CML444),2017
14@2017,KibokoDT2017,Drought,1,1@2017,17,17@2017,66,54@14,2.566671113,61,16.7,241,130,65,(CML395/CML444)//CKDHL154127,CKDHL154127,(CML395/CML444),2017
14@2017,KibokoDT2017,Drought,2,2@2017,24,24@2017,95,55@14,3.014845876,62,19.6,203,127.5,65,(CML395/CML444)//CKDHL154135,CKDHL154135,(CML395/CML444),2017
14@2017,KibokoDT2017,Drought,1,1@2017,5,5@2017,20,55@14,2.816076967,63,17.9,216,113.5,65,(CML395/CML444)//CKDHL154135,CKDHL154135,(CML395/CML444),2017
14@2017,KibokoDT2017,Drought,1,1@2017,12,12@2017,48,56@14,2.129542297,62,18.6,202.5,116,64,(CML395/CML444)//CKDHL154137,CKDHL154137,(CML395/CML444),2017
14@2017,KibokoDT2017,Drought,2,2@2017,24,24@2017,93,56@14,0.196408564,62,17.6,230.5,132,65,(CML395/CML444)//CKDHL154137,CKDHL154137,(CML395/CML444),2017
14@2017,KibokoDT2017,Drought,2,2@2017,24,24@2017,94,57@14,0.218500458,62,21.7,230,124.5,66,(CML395/CML444)//CKDHL154139,CKDHL154139,(CML395/CML444),2017
14@2017,KibokoDT2017,Drought,1,1@2017,10,10@2017,38,57@14,3.16632069,66,18.1,206,107,67,(CML395/CML444)//CKDHL154139,CKDHL154139,(CML395/CML444),2017
14@2017,KibokoDT2017,Drought,2,2@2017,22,22@2017,86,58@14,3.221928313,62,18.5,225.5,134.5,64,(CML395/CML444)//CKDHL154145,CKDHL154145,(CML395/CML444),2017
14@2017,KibokoDT2017,Drought,1,1@2017,15,15@2017,58,58@14,3.130537636,65,15.2,226,130.5,66,(CML395/CML444)//CKDHL154145,CKDHL154145,(CML395/CML444),2017
14@2017,KibokoDT2017,Drought,2,2@2017,22,22@2017,87,59@14,1.860602557,65,23.8,228,131.5,70,(CML395/CML444)//CKDHL154147,CKDHL154147,(CML395/CML444),2017
14@2017,KibokoDT2017,Drought,1,1@2017,4,4@2017,15,59@14,4.558255346,68,20.4,232,139,67,(CML395/CML444)//CKDHL154147,CKDHL154147,(CML395/CML444),2017
14@2017,KibokoDT2017,Drought,1,1@2017,11,11@2017,44,60@14,2.489523894,64,20.7,219,130,66,(CML395/CML444)//CKDHL154150,CKDHL154150,(CML395/CML444),2017
14@2017,KibokoDT2017,Drought,2,2@2017,22,22@2017,88,60@14,2.741313348,64,22.7,225,133,65,(CML395/CML444)//CKDHL154150,CKDHL154150,(CML395/CML444),2017
14@2017,KibokoDT2017,Drought,1,1@2017,8,8@2017,32,61@14,3.828961233,64,16.1,220.5,126.5,64,(CML395/CML444)//CKDHL154151,CKDHL154151,(CML395/CML444),2017
14@2017,KibokoDT2017,Drought,2,2@2017,21,21@2017,84,61@14,2.580391342,67,19.3,226,135.5,66,(CML395/CML444)//CKDHL154151,CKDHL154151,(CML395/CML444),2017
14@2017,KibokoDT2017,Drought,2,2@2017,25,25@2017,98,62@14,2.033210012,64,14.7,217.5,116,67,(CML395/CML444)//CKDHL154156,CKDHL154156,(CML395/CML444),2017
14@2017,KibokoDT2017,Drought,1,1@2017,12,12@2017,46,62@14,2.211340441,64,18.2,189,105,67,(CML395/CML444)//CKDHL154156,CKDHL154156,(CML395/CML444),2017
14@2017,KibokoDT2017,Drought,2,2@2017,19,19@2017,76,63@14,3.769632871,64,17.4,232,119.5,65,(CML395/CML444)//CKDHL154158,CKDHL154158,(CML395/CML444),2017
14@2017,KibokoDT2017,Drought,1,1@2017,15,15@2017,57,63@14,3.318667553,62,19.6,244.5,132.5,65,(CML395/CML444)//CKDHL154158,CKDHL154158,(CML395/CML444),2017
14@2017,KibokoDT2017,Drought,1,1@2017,2,2@2017,8,64@14,3.597723055,69,23.6,231.5,145.5,71,H517,H517,,2017
14@2017,KibokoDT2017,Drought,2,2@2017,31,31@2017,121,64@14,1.455884875,69,20.5,215.5,128,75,H517,H517,,2017
14@2017,KibokoDT2017,Drought,1,1@2017,9,9@2017,35,65@14,2.992347026,67,18.3,232.5,120,71,Pioneer 30G19,Pioneer 30G19,,2017
14@2017,KibokoDT2017,Drought,2,2@2017,28,28@2017,109,65@14,1.380598026,64,19.5,244.5,123.5,70,Pioneer 30G19,Pioneer 30G19,,2017
14@2017,KibokoDT2017,Drought,2,2@2017,30,30@2017,118,66@14,1.829732042,68,19.3,229.5,137.5,69,WH505,WH505,,2017
14@2017,KibokoDT2017,Drought,1,1@2017,10,10@2017,39,66@14,4.622786931,70,17.6,224,128.5,70,WH505,WH505,,2017
14@2017,KibokoDT2017,Drought,1,1@2017,10,10@2017,40,67@14,3.604001804,69,13.9,229,123.5,68,DK 8031,DK 8031,,2017
14@2017,KibokoDT2017,Drought,2,2@2017,20,20@2017,80,67@14,3.028973061,67,17.3,231,127,70,DK 8031,DK 8031,,2017
14@2017,KibokoDT2017,Drought,1,1@2017,9,9@2017,36,68@14,4.111679339,61,15.3,212.5,105.5,63,PAN 4M19,PAN 4M19,,2017
14@2017,KibokoDT2017,Drought,2,2@2017,20,20@2017,79,68@14,3.683358212,60,13.8,219.5,112,61,PAN 4M19,PAN 4M19,,2017
