"X_variables","Coeff"
"X2",0.000120978222476179
"X2.1",-0.00017719198221798
"X2.2",0.000191540087880021
"X2.3",0.000347021159938855
"X2.4",0.000181237499847688
"X0",0.000296818241653116
"X2.5",0.000394981327045477
"X2.6",-0.00022047498968259
"X0.1",-0.0002331431511459
"X0.2",-0.000372776995715389
"X0.3",-0.000239398534013603
"X2.7",-0.000440390095892548
"X0.4",-0.000167890310199745
"X2.11",0.000259737893630199
"X0.6",-0.000405367362623989
"X0.7",-0.000127171228954713
"X0.8",-0.000127719056279597
"X0.9",0.000237117872274876
"X0.10",0.000345031304011226
"X0.11",-0.000200603235847024
"X0.12",0.00029264242675212
"X0.13",0.000393333910755785
"X2.12",-0.000255118454009793
"X2.13",-0.000329858746446577
"X0.14",4.91078545535854e-05
"X0.15",-0.000453399949846014
"X2.14",0.000369386586228638
"X0.16",-0.0002871415801141
"X0.17",4.20040307596958e-05
"X0.18",1.06856201749427e-05
"X2.16",0.000257550729174784
"X0.19",-0.000524897833970448
"X2.17",0.000410784818018766
"X0.20",2.02274229450635e-05
"X0.21",5.63189675179448e-05
"X0.22",0.000308388504333449
"X0.23",-0.000196015573029041
"X2.18",-0.000206729173358737
"X2.19",0.000182921474012182
"X0.24",0.000357873601775346
"X2.21",0.000237355329828631
"X0.26",3.50778577395375e-05
"X2.22",-2.31736767234599e-05
"X2.23",0.000503162625192067
"X2.24",-0.000126625270770375
"X2.25",0.000585752361436974
"X2.26",0.000388287307673683
"X2.27",3.92171982456931e-05
"X0.27",6.16140113001375e-05
"X1.3",-0.000178616710397254
"X2.28",-5.61450694712052e-06
"X2.29",7.17746873602066e-05
"X2.30",0.000427006990946898
"X2.31",9.88885971902071e-05
"X0.28",-0.000224424900735214
"X2.33",0.000110879563355283
"X0.29",-0.000254778890508117
"X0.30",-0.000672155841308288
"X0.31",-0.000182610922435097
"X2.34",0.000376234862239727
"X2.35",0.000155051600078115
"X2.36",0.000548779313581567
"X2.37",0.000287922419897989
"X2.38",0.000262880051942265
"X2.39",0.000424029503492367
"X2.40",-0.000501831434769544
"X2.41",0.000355721478572092
"X2.42",0.000443067332608485
"X2.43",0.000350659926136685
"X2.44",2.22290216297353e-05
"X2.45",0.000476915443045474
"X2.46",0.000610528793948767
"X2.47",0.000605652354315316
"X2.48",-7.70475016946836e-05
"X2.49",0.000450888755978732
"X2.50",0.000385840754626544
"X2.51",0.000235321064800834
"X2.52",7.81656779845852e-05
"X2.53",0.000300734386808264
"X2.54",0.000776715368976751
"X2.55",0.000299574119394311
"X2.56",0.000240018895353782
"X2.57",0.00026215267855319
"X2.58",1.82114897381408e-05
"X2.59",0.00028637115740135
"X2.60",-0.000170785803329553
"X2.61",-0.000162368509015531
"X2.62",-0.000183290374109973
"X2.63",-0.000275658328479942
"X2.64",-0.000419248109381392
"X2.65",-0.000448973879414224
"X2.66",0.000199864381270793
"X2.68",0.000198988204371237
"X2.69",-0.000221153152679997
"X2.70",-0.00034091338495598
"X2.71",0.000121145442109187
"X2.72",0.000189271222139658
"X2.73",0.000340203094030214
"X2.74",-0.00026215957403079
"X2.75",3.62240236660594e-05
"X2.76",0.000204335439268002
"X2.77",0.000255943945056297
"X2.78",3.72281935022578e-05
"X1.5",-0.000113010586891448
"X2.81",0.000233651005467884
"X2.82",-5.09392510502683e-05
"X2.83",-0.000168781634085999
"X2.84",7.2535176672415e-05
"X2.85",7.85869569527674e-06
"X2.88",-0.000150599902123954
"X2.90",-0.000142882770605049
"X2.93",-7.81190732614238e-05
"X2.94",-0.000178089669643001
"X2.95",-0.000209336476433654
"X2.96",-0.000441704984388687
"X2.97",-7.75620228743908e-05
"X2.98",-0.00056745755299048
"X2.99",-0.000162387171744172
"X2.101",1.16457122075337e-05
"X2.102",-0.000206225011202081
"X0.34",-0.000433511621633369
"X0.35",-0.000262100968701669
"X0.36",0.000388233336859807
"X0.37",0.000590777314629512
"X0.38",0.000396220754214064
"X0.39",-6.18794759094721e-05
"X0.40",-0.000263011829798006
"X0.41",0.000285959083073573
"X0.42",9.53038514558536e-05
"X0.43",-1.91303224518691e-05
"X2.104",2.68312901140788e-06
"X2.105",-0.000322461282549433
"X2.106",0.000103399397468525
"X2.107",-0.000157038924970815
"X2.109",0.000455859620990102
"X2.110",0.000230566796787661
"X0.44",0.000325437927878009
"X2.111",0.00019506281620432
"X0.45",0.000186068177162552
"X2.112",0.000514555987272325
"X0.46",8.84743375225527e-05
"X0.47",0.000708730777525566
"X0.48",6.07179363738517e-05
"X0.49",0.000311381714849725
"X0.50",0.000157122077098484
"X0.51",0.000547077806213055
"X0.52",0.000364228672064475
"X0.53",-0.000223202080947863
"X2.113",-0.000295468458482486
"X2.114",-0.000225701279594825
"X2.115",-5.11080135427548e-05
"X2.116",-0.000101101233511582
"X2.117",-0.000227364417829594
"X2.118",-0.000116030630926939
"X2.119",-0.000455957726589384
"X2.120",-0.000185007618946034
"X0.54",0.000179171171237523
"X2.121",-2.25256126014915e-05
"X2.122",0.000275356622355107
"X2.123",0.000247088489987762
"X2.124",0.000168345975795149
"X0.55",0.000397171240991879
"X2.125",-0.000249507721584382
"X0.56",0.000154109397890386
"X0.57",-1.21468472674938e-05
"X0.58",0.000552388598111026
"X0.59",0.000481463746121391
"X2.126",-0.000648462597901301
"X0.60",0.000701697137547313
"X0.61",0.000565831088771981
"X2.127",2.33985885501162e-05
"X2.128",-0.000181375742384727
"X2.129",-0.000283065410833091
"X2.131",-1.82074995432897e-05
"X2.135",0.000554287184382843
"X2.137",0.000693726418748949
"X2.138",0.000316054075650711
"X2.139",0.000327877168520955
"X2.140",0.000224637915196005
"X2.141",0.000623830155964472
"X2.142",0.000426791699477666
"X2.143",0.000376577967905046
"X2.145",-0.000202353022128749
"X2.146",0.000646706422793053
"X2.147",0.000311991539648835
"X2.148",-0.000189363736410398
"X2.149",0.00043110654327652
"X2.150",0.000449955451718699
"X2.151",0.00030110068953751
"X2.152",-2.78781188879514e-06
"X2.153",0.000128651162653244
"X2.154",-0.000413647337450944
"X2.155",0.000458716950700161
"X2.164",0.000382008635283889
"X2.165",0.000345638286665604
"X2.171",0.000291633928707057
"X2.172",-0.000295612664441907
"X2.176",0.000683443238129506
"X2.185",-0.000204285834073295
"X2.186",0.00039011871736878
"X2.192",0.000245243355600446
"X2.193",-0.000392766950746407
"X2.194",0.000164891290849663
"X2.195",0.000558258317620383
"X2.196",-9.11220832880892e-05
"X0.67",0.000765472133090192
"X2.199",-0.000707415809000201
"X2.211",-0.0005116604500202
"X2.213",-6.29897236051331e-06
"X2.214",-0.00019734148022064
"X2.215",-1.99420245038533e-05
"X2.216",-0.00022620894050251
"X2.217",-0.000588848896734848
"X2.218",4.88167207717925e-05
"X2.219",-0.000104049080941541
"X2.220",7.44924126564848e-05
"X2.221",-0.000271645174227775
"X2.222",0.000301602654756203
"X2.223",0.00041133483950879
"X2.226",9.37464304931573e-05
"X2.227",-0.00077395237613228
"X2.228",3.25659229869764e-05
"X2.229",1.69554766939572e-05
"X2.230",0.000231901355272871
"X2.231",0.00024438204456685
"X2.232",-0.000209153525128241
"X2.233",0.000125390130193206
"X2.234",-0.000208220484677172
"X2.235",0.000134535084408063
"X2.236",-0.000381390253614722
"X2.238",-0.000306716892666614
"X2.241",-0.000118436809793184
"X2.242",-0.000149567931145564
"X2.243",5.22916311074667e-05
"X2.244",0.000126211586932312
"X2.245",5.76757616668315e-05
"X2.247",-3.54021708785368e-05
"X2.248",-0.000223447600808043
"X2.249",-0.000137681561798748
"X2.250",-0.000151167429718739
"X2.251",-0.000305059057107102
"X2.252",-0.000146808990806678
"X2.253",-0.000212101175581919
"X2.254",-3.68648722686259e-05
"X2.255",-0.000144513428027699
"X2.256",-0.000347049247883693
"X2.257",-0.000265880902117659
"X2.259",-0.000239148155924252
"X2.260",-1.07255395388597e-05
"X2.261",-0.000538402551022266
"X2.262",0.000203496496670154
"X2.263",-8.91937945319473e-05
"X2.264",-0.000393462533212384
"X2.265",4.69379123659773e-05
"X2.266",-0.000398880103428662
"X2.267",-0.000197524747680211
"X2.268",0.000102342136539132
"X2.269",0.000249812788315117
"X2.270",0.000838408285068429
"X2.272",-0.000283097737303241
"X2.273",0.00049294434917462
"X2.274",0.000156950108432748
"X2.275",0.000315940157860684
"X2.276",0.00032890443916271
"X2.277",-4.16340915307439e-05
"X2.278",2.34130257836059e-05
"X2.279",-0.000144944109436266
"X2.280",-0.000360554602634923
"X2.281",-0.000112758325239078
"X2.282",4.60052798749738e-05
"X2.283",8.5501049164077e-06
"X2.284",-0.000294980031340184
"X2.285",0.000253411552757795
"X2.286",0.000228021789363305
"X2.287",0.000265055556243711
"X2.288",0.000225687079598386
"X2.289",-0.000238879649450605
"X2.290",-0.000110344143864518
"X2.291",-0.00022018580640534
"X2.292",0.000104359430386129
"X2.293",-0.000190834228140758
"X2.294",0.000311162248056021
"X2.295",-0.000133276973430413
"X2.296",0.000186257724361349
"X2.297",-6.8811738269307e-05
"X2.298",0.000125668262133763
"X2.299",-4.45514670246269e-05
"X2.300",0.000260942120663905
"X2.301",0.000534898590781049
"X2.302",0.000349784532337847
"X2.304",9.30453483001763e-05
"X2.305",0.000327154478958811
"X2.306",0.000134813779726188
"X2.307",-0.000617711441029634
"X2.308",-5.19654779482927e-05
"X2.309",7.79000186150583e-06
"X2.310",0.000212066169977578
"X2.311",0.00022391203983623
"X2.312",-0.00029330365996238
"X2.313",1.55098757959263e-06
"X2.314",-5.07676863351839e-07
"X2.315",8.66071387669208e-05
"X2.316",0.000208106980762252
"X2.317",-0.000278885012852137
"X2.318",-1.24026275439818e-05
"X2.319",0.000118924221917242
"X2.320",-0.000164352817747365
"X2.321",-9.85022598158489e-06
"X2.323",0.000439488405192757
"X2.326",3.87270129328436e-05
"X2.327",-0.00014674933638183
"X2.328",-0.000278339167924435
"X2.329",1.68931845537978e-05
"X2.330",6.58093510057095e-05
"X2.331",5.7214013080742e-05
"X2.332",-0.000219941745523997
"X2.333",6.54590045469624e-05
"X2.334",-0.000183798738005106
"X2.335",0.000396822592295034
"X2.336",0.000380354787267908
"X2.337",0.000434090708543982
"X2.338",0.000153653369078468
"X2.339",0.000454841480368531
"X0.70",0.00023396620759204
"X2.340",0.000189389589063849
"X2.342",-0.000858030323092963
"X2.343",0.000109965920152289
"X2.344",-0.000991615918810369
"X2.345",-0.000347474216820649
"X2.346",0.000272611533343961
"X2.347",0.000613247620309876
"X2.348",0.000806698331165291
"X2.349",1.74944808207364e-05
"X2.351",0.000373770423252981
"X2.352",-0.000160377379559754
"X2.353",8.39825068237695e-05
"X2.354",0.000364457163618877
"X2.355",0.000290885995670925
"X2.356",0.000357356046073518
"X2.357",6.40225491023093e-05
"X2.358",5.55388373247445e-05
"X2.360",0.000433958890158692
"X2.361",-7.45264304356893e-05
"X2.362",-0.000184981501659196
"X2.363",0.000163364973263418
"X2.364",0.000568336885118595
"X2.365",0.000544773987144312
"X2.366",0.000478937542982529
"X0.72",-4.58459987596997e-05
"X2.367",0.000682705238939661
"X0.73",-0.000176115588014397
"X0.74",-0.000744217968730781
"X0.75",0.000118025888261756
"X0.76",0.000499328507917286
"X0.77",0.000602833039085654
"X0.78",0.000114866275169038
"X2.369",0.000425460471958074
"X2.370",0.000251749250376737
"X0.79",0.000546071417410121
"X2.372",0.000110514256120162
"X0.80",0.000289708420999216
"X0.81",0.000400164987656654
"X2.373",-0.000427764663456869
"X2.374",-5.60096103003713e-05
"X2.375",9.4644746811096e-05
"X0.82",0.000449166570318449
"X0.83",0.000671731385797812
"X0.84",0.000341874195669339
"X0.85",0.000437539614419526
"X0.87",0.000253479135839271
"X2.378",0.000348523434702159
"X2.379",0.00030684345780188
"X2.380",0.000299126554626068
"X2.381",1.06106523710718e-05
"X2.382",0.00022149946812112
"X2.383",0.000135750641816391
"X2.384",-4.65059610391285e-07
"X2.385",0.000498992023604754
"X2.386",-0.000180387226224605
"X2.387",-0.00023651937962752
"X2.388",-6.94260290866749e-05
"X0.88",-0.000340133066236789
"X2.389",0.000313486804155117
"X2.390",-0.000256114679152819
"X2.391",-1.43844550623298e-06
"X2.392",0.000240061898417414
"X2.393",0.000274839398945935
"X2.397",0.000181108060069717
"X2.398",8.3105198886006e-05
"X2.399",-0.000151487473646995
"X2.401",-8.17807278902873e-06
"X2.402",-0.000151911242406234
"X2.403",-0.00015972802823631
"X2.404",9.1793674990704e-05
"X2.405",-0.000491945482084983
"X2.406",-0.000108212457125288
"X0.89",-0.000189023939189864
"X2.407",-0.000222384310089515
"X0.90",-0.000107385985246852
"X0.91",-0.000297000887425214
"X0.92",-0.000168762933373073
"X0.93",0.000209829813037359
"X0.94",3.53650618868339e-05
"X2.409",0.000353096128721834
"X1.26",-4.50838358539417e-05
"X2.410",-0.000689765366087212
"X2.411",0.000249116841527438
"X2.412",-0.000417330037869953
"X2.413",0.000433851503085001
"X2.414",-0.000252831380574652
"X2.416",-7.32907462323872e-05
"X2.417",0.000213067842923398
"X0.95",-0.000450418676288552
"X0.96",-3.67917186258939e-05
"X2.418",-0.00058663495009965
"X2.419",-0.000105399232608073
"X2.420",-6.16319562472805e-06
"X2.422",0.000535585934149162
"X0.97",-0.000327409433419753
"X2.423",-0.000163705472543926
"X2.424",-0.000272673296351011
"X2.425",-0.000444358278949755
"X2.426",0.00057799551397501
"X2.427",-0.000192162004381175
"X2.428",0.000663175371363969
"X2.429",0.000551153505482364
"X2.430",0.000293710415710918
"X2.431",0.000424160991998986
"X2.432",0.000338934741577844
"X2.433",0.000211530948298629
"X2.434",-0.000580906820538612
"X2.435",0.000417650035985353
"X2.436",-7.65853669867308e-05
"X2.437",0.000407685604697379
"X2.438",-0.000300157673402472
"X2.439",-0.00047131775255447
"X2.440",-0.000405941578234815
"X2.441",-0.000510481067012882
"X2.442",-0.000350728209848811
"X2.443",-0.000446308715460641
"X2.444",-0.000514172682942492
"X0.98",0.000197666696999321
"X2.446",-0.000353680012820056
"X1.27",-0.000170100861505375
"X0.99",8.09361279542072e-05
"X2.447",0.000751522913980273
"X2.448",0.000582287293073867
"X2.449",0.000669271654558472
"X2.450",0.000367163582001958
"X2.451",0.000267843701107647
"X0.100",-0.000364534965468943
"X0.101",-0.000119787894161007
"X0.102",0.000233903378980128
"X2.453",0.000353410441595443
"X2.454",-9.0441677315449e-05
"X2.455",0.00017629751811014
"X2.456",3.77904975536813e-05
"X2.457",-0.00014574924681784
"X2.458",7.95309779445588e-05
"X2.459",0.000307352333094381
"X2.460",0.000263376189568415
"X2.461",0.000599136175041002
"X2.462",0.000455189553747754
"X2.463",0.000432402804409865
"X2.464",0.000304913860914653
"X2.465",0.000279638694776061
"X2.466",-0.000376013640457978
"X0.103",9.54541480497548e-06
"X0.104",2.23390099073487e-05
"X0.105",-1.02222096094196e-05
"X0.106",-0.000113399539065541
"X0.107",-0.000372463770915461
"X0.108",-0.000199494128619707
"X0.109",0.000106491190881491
"X2.468",0.000349587447949585
"X0.110",0.000363862173764497
"X0.111",0.000148607131137423
"X0.112",-0.000354997258546906
"X0.113",-0.000346814163877673
"X0.114",-0.000267668629496415
"X0.115",-0.000110579969553588
"X0.116",-0.000372982539123417
"X0.117",-0.000290782441939166
"X0.118",-0.000204000271256429
"X0.119",-0.000454292534390629
"X2.469",0.00047555096312543
"X0.120",-4.00085185254198e-05
"X2.470",0.000427537499394428
"X0.121",9.96560973508134e-05
"X2.471",0.000583718777368282
"X2.476",0.000555010026864178
"X2.477",-9.78429077345392e-05
"X2.478",-0.000455247273299337
"X2.479",-0.000678149570244175
"X0.122",-0.000278735536767053
"X0.123",-0.000161185088246733
"X2.480",-0.000152714905668824
"X0.124",-1.12842378536738e-05
"X0.125",-0.000300631434172376
"X0.126",0.000438092392634742
"X2.481",-4.27893801278643e-05
"X2.482",0.000728607139296207
"X2.483",-9.75613323688761e-05
"X2.484",-0.000260014466569623
"X0.128",0.000284973976068416
"X2.486",0.000412900816267162
"X0.129",0.000230206849435647
"X2.487",-0.00015286670854811
"X2.488",0.000570606113993055
"X2.489",-7.66982127308067e-05
"X2.490",0.000612256472551623
"X2.491",0.000272618453193354
"X2.494",0.000374741925561254
"X2.495",-8.77210873307944e-05
"X2.496",0.00040195826180082
"X2.497",-0.000193718139224571
"X2.498",0.000531642089595494
"X2.499",3.12858290311851e-05
"X2.500",0.000145179927438041
"X2.503",0.000415244119428135
"X2.504",0.000352775398938222
"X2.505",0.000526030891715511
"X2.506",0.000225701345546049
"X2.507",2.82615166146082e-05
"X2.508",0.000110049108644531
"X0.130",6.00621503845649e-05
"X2.509",8.50798088380705e-05
"X0.131",2.30317297523869e-05
"X2.511",0.000209468367563312
"X2.512",0.00018021442011784
"X2.513",0.000136284820797459
"X2.514",0.000289439173964076
"X2.515",0.000196379818352768
"X2.516",0.000268920954419534
"X2.517",-0.000206281001344707
"X2.518",0.000162170128486088
"X2.519",-0.000235113229465537
"X2.520",3.50375427092916e-05
"X2.521",0.000739670295299948
"X2.522",0.000187574796379503
"X2.523",-8.84412999501262e-05
"X0.132",-0.000452066487204331
"X0.133",-0.000270065382262968
"X2.524",-0.000104405778334887
"X2.525",-3.7234343918673e-05
"X2.526",0.000181448783995967
"X2.527",0.000156200595179068
"X2.528",0.000343658197716343
"X0.134",-0.000198560027486854
"X2.529",0.000189907747821274
"X2.530",8.09269122928998e-05
"X2.531",0.000664299761830708
"X2.532",0.000534715883216514
"X2.533",-0.000121636725088181
"X2.534",8.31036238296654e-05
"X2.535",0.000342400947996936
"X2.536",-0.000250575999565132
"X2.537",-0.000216092288726556
"X2.538",-0.000392965844322388
"X2.539",-0.000278526571708636
"X2.540",7.8522501413752e-05
"X0.135",-0.000203387886584587
"X0.136",0.000215411966943143
"X0.137",0.000503386979869718
"X2.542",3.92480170875073e-05
"X2.543",0.000290654986040586
"X2.544",0.000228188492763074
"X2.545",0.000293239282542894
"X2.546",0.00028495843341341
"X2.547",6.00067604641412e-05
"X0.138",0.000322721541659936
"X2.548",-0.000275172342900943
"X2.549",0.000163960713763563
"X2.550",-8.56329560110709e-05
"X2.551",0.000172427109422416
"X2.552",-0.000270171935803372
"X2.553",-7.97046779811168e-05
"X2.554",0.00026131036829302
"X2.555",-0.000388352935916069
"X2.556",-0.000362966543940579
"X2.557",-0.000261058587567116
"X2.559",0.000107394276964755
"X2.560",-9.05803191758251e-05
"X2.561",0.000210860438901133
"X2.562",-2.74881851491221e-05
"X2.563",2.17312150503929e-05
"X2.564",0.000167092978039512
"X2.565",-4.199957027726e-05
"X2.566",0.000345241637340812
"X0.139",8.86640348265954e-05
"X0.140",0.000105096981056422
"X0.141",2.88713789672617e-05
"X2.567",0.000101967372563879
"X2.568",-8.44755566848316e-05
"X0.142",0.000362136183488406
"X2.569",-0.000563548029943036
"X2.570",-1.52046486812206e-05
"X2.571",-0.000253934962742967
"X2.572",-0.000182583816350486
"X0.143",0.000213143349640276
"X0.144",4.14620532649341e-05
"X2.574",-0.00013633798722389
"X2.575",-3.73737704025997e-05
"X2.577",0.000329826164545698
"X2.578",0.000236127141869896
"X2.579",-0.000664492927033662
"X2.582",0.000537276486439286
"X2.583",-0.00012424441822295
"X2.585",-0.000490080530883699
"X2.586",0.000319340379460405
"X2.587",0.00049102716037451
"X2.588",0.000671168708092073
"X2.589",-2.53756705657892e-05
"X2.590",0.000185598225511879
"X2.591",0.000413722047766713
"X2.592",0.00055273862568204
"X0.145",4.09011174152864e-05
"X2.593",0.000243720853104274
"X2.595",0.000238213568026476
"X2.596",0.000452222638797947
"X2.597",0.000464107723589571
"X0.146",-0.000437814412265016
"X2.598",-4.73884361944637e-05
"X2.599",-6.83206951757724e-05
"X2.600",-9.07984540726586e-05
"X2.601",-5.00401427094392e-05
"X2.602",0.000504397711682851
"X2.603",-0.00017196379848994
"X2.604",-0.000182264182617219
"X2.605",-3.01637342210281e-05
"X2.606",5.98160571480239e-05
"X2.607",9.32995870671937e-06
"X2.608",0.000389284884146264
"X2.609",0.000454186569996884
"X2.611",-0.000169912398759103
"X0.147",0.000127580092020937
"X0.148",-0.00030584694750261
"X0.149",0.000604452811344285
"X0.150",-0.000179304557063369
"X0.151",-0.000262896909027082
"X2.615",2.73735113883412e-05
"X2.616",1.08893361101908e-06
"X2.617",-0.000372660043659828
"X0.152",0.000184520937664928
"X2.618",-0.000460215363574679
"X2.619",-0.000144166428528934
"X2.620",-5.30580058040652e-06
"X2.621",-0.000169193472191211
"X2.622",0.000178376838254103
"X2.623",0.000302525546190839
"X0.153",1.36854639111792e-05
"X2.625",-0.000344734018355437
"X2.626",0.00020848956961576
"X2.627",0.000208170879646957
"X0.154",-0.000355284260338136
"X2.628",0.000186153912564046
"X2.629",-0.000433157651320739
"X2.630",0.000221590509210762
"X2.631",0.000156282211941982
"X2.632",-8.96709096303358e-05
"X2.633",-0.00057159448869023
"X2.634",0.000566036512161381
"X0.156",0.000403298486477531
"X2.635",0.000310472165179253
"X2.636",-7.17288287725341e-08
"X2.639",0.0003394444128607
"X2.640",-0.000191410762609798
"X2.641",7.63745299997632e-05
"X2.642",0.0002216466792737
"X2.643",0.000201784292164078
"X2.646",-1.22515983349662e-05
"X2.647",-0.000123987747272506
"X2.648",-0.000147869483078799
"X2.649",0.000492572382525407
"X2.650",-0.000396672817987632
"X2.651",0.000270629339512483
"X2.652",0.000311825788826861
"X2.653",-0.000277220169740061
"X2.654",-0.000102897877855597
"X2.655",-0.000152714308327468
"X2.656",-0.000240409834352483
"X2.657",-4.91302418288017e-05
"X2.658",5.77774417611504e-05
"X2.659",0.000496010331874615
"X2.660",7.76118346206521e-05
"X2.661",0.000554326241182598
"X0.158",0.000491286031626558
"X2.662",-0.000170279052161097
"X0.159",0.000220156748285044
"X0.160",-0.000146158144323615
"X0.161",-8.33331385990581e-05
"X2.663",-0.000426717764099182
"X0.162",-0.000142335700731019
"X0.163",0.000528174857780621
"X0.164",-0.000206852983431359
"X2.666",-3.61792986638195e-05
"X2.667",-3.43391533478636e-05
"X2.668",-0.000303966503982616
"X0.165",0.000667140164227374
"X0.166",0.000694505160253209
"X2.672",0.000420119809236802
"X2.674",-0.000161508248888332
"X2.675",-0.000346040130981809
"X2.676",2.73341577530986e-05
"X2.677",-0.000351710891973647
"X2.678",-0.000291997128255314
"X2.679",-0.000300699782090568
"X2.680",-0.000444592295930381
"X0.168",0.000607215111867398
"X2.681",-0.000511671983614596
"X2.683",-0.00048732236617215
"X2.684",-0.000567108808480562
"X2.685",-0.000349570086526341
"X2.686",-0.000534500478950472
"X0.169",-0.000177725311671568
"X0.171",-0.000159972440901491
"X2.687",0.000407845755776221
"X2.692",-1.3504532611383e-06
"X0.172",0.000395133833366917
"X2.695",0.000168080627181054
"X2.696",0.000141705327877313
"X2.697",0.000245254398905934
"X2.698",0.000158149248560434
"X2.699",0.00022056032370863
"X0.173",-0.000304722409197846
"X0.174",-0.000151862350825142
"X2.700",8.26043701060914e-05
"X2.701",-0.000346329299228418
"X2.702",7.34862342325482e-05
"X2.703",-0.000114915008862268
"X2.706",-0.000421581687204522
"X2.707",8.29626860067689e-05
"X2.708",-0.000706780759267813
"X2.709",-0.000267589888214074
"X2.710",-0.000374929382811848
"X2.711",-0.000319677598158079
"X2.712",-0.00048373238219196
"X2.713",-0.00059955030962249
"X2.714",-0.000442775895693294
"X2.715",-0.00100675450366878
"X2.716",-0.000640332884591961
"X2.717",-0.00014881656047277
"X2.718",-0.000260519484957777
"X2.719",-0.000107736151139172
"X2.720",-0.000256651854756347
"X2.721",-7.01993700505642e-05
"X2.722",0.000916380340649141
"X2.723",-0.000446935550573229
"X2.724",-0.000440902874978597
"X2.725",3.46868104368212e-05
"X2.726",-5.602468807582e-06
"X2.727",-0.000118107869752621
"X2.728",-8.01770184812495e-05
"X2.729",0.000479331524069095
"X2.730",0.000222788492238604
"X2.731",0.00045174527743821
"X2.734",-0.000149122706043548
"X2.736",0.000216103350059062
"X2.737",-0.000297259743992886
"X2.738",0.000168426768743882
"X2.739",0.000215485248900136
"X2.740",-4.74053989855567e-05
"X2.741",-5.34023514314268e-05
"X2.744",0.000544085644771578
"X2.747",0.000338817941801579
"X2.748",-0.000140211146157427
"X2.749",0.000420113034641826
"X2.751",-0.000130308870547474
"X2.752",5.56321045421507e-05
"X2.753",-7.25451255226701e-05
"X2.754",0.000317816956731543
"X2.755",0.000215817630157417
"X2.756",-9.1942894153796e-07
"X2.757",0.000459719152800658
"X2.758",2.4762610995115e-05
"X2.759",-5.66901131669276e-05
"X2.760",0.000210556121745987
"X2.761",8.2508196743304e-05
"X2.762",-5.89204126355302e-05
"X2.763",-0.000550663828966923
"X2.764",0.000155260249856024
"X2.765",5.28711575470322e-05
"X2.766",-0.000176132502072957
"X2.767",-0.00048642909975197
"X2.768",-0.0002649961343402
"X2.770",-0.000141352155948018
"X2.771",0.000193934726222958
"X2.772",0.000401994975642851
"X2.773",0.0003267433480554
"X2.774",-0.000465081165804174
"X2.775",0.000158290373464629
"X2.776",-5.35940824150511e-05
"X2.777",0.000363851902276609
"X2.778",-0.000316792369308773
"X2.779",-0.000345265438054697
"X2.780",-0.000222408008281437
"X2.781",5.29341712446017e-05
"X2.782",-0.000211718951663311
"X2.783",0.000252636809451886
"X2.784",2.25619591591181e-05
"X2.785",-0.000330599072801002
"X2.786",0.000450049795466311
"X2.787",0.000597514092032879
"X2.791",-6.76721574799983e-05
"X2.792",-0.000229414884607454
"X2.793",-6.59212353157726e-05
"X2.794",-0.000358988675855509
"X2.795",0.000135959786385828
"X2.796",-0.000124781582912487
"X2.798",0.000101299022536986
"X2.803",0.000116722906273692
"X2.804",0.000231730177129685
"X2.805",0.000361781928683221
"X2.806",0.000173307850399097
"X2.807",0.000261721525630506
"X2.808",0.000126150685431558
"X2.809",0.000256220871004295
"X2.810",-0.00015282288673905
"X2.811",-0.000124827971754904
"X2.812",0.000294315885736989
"X2.813",0.000399480142922232
"X2.814",-0.000231712607848281
"X2.815",0.000565287178377665
"X2.816",-0.000358088930152232
"X2.817",0.000208604126665708
"X2.818",-7.13621216138444e-05
"X2.819",0.000364505525480384
"X2.820",-0.000202857993983574
"X2.821",0.000307431340275801
"X2.822",0.000106063903611128
"X2.823",0.000288676389871384
"X2.824",-0.000192203729946789
"X2.825",-0.000207256295821144
"X2.826",0.000301453111483778
"X2.827",6.99225005179143e-06
"X2.828",1.11375746517022e-05
"X2.830",0.000274345255403737
"X2.831",0.000351182805477337
"X2.833",0.000255678310946547
"X2.834",-0.000326084824171962
"X2.835",-0.000275438944610666
"X2.837",0.000155118509654835
"X2.838",-0.000195236954290934
"X2.839",0.000125485711375881
"X2.840",0.000226610152079804
"X2.842",0.000319172079283274
"X2.843",3.45518581655707e-05
"X2.844",9.10748226540134e-05
"X2.845",0.000110470156214287
"X2.846",-0.000350073385443588
"X2.847",-0.000294141509928405
"X2.848",0.000243564862286495
"X2.849",0.000213126223568076
"X2.850",0.000266983554405043
"X2.851",-0.000159831511856942
"X2.852",9.5987844454921e-05
"X2.854",-1.4264235603445e-05
"X2.855",0.000301991724159697
"X2.856",-0.000405847211877316
"X2.857",-0.000284009584463781
"X2.858",-4.59471163458702e-05
"X2.859",-7.40503883234016e-05
"X2.860",0.000639513121172876
"X2.862",-0.000258795939925659
"X2.863",-3.28880771561523e-05
"X2.865",6.89476296136503e-05
"X2.867",-0.000108747085426974
"X2.869",0.000126888355783407
"X2.870",0.000464419308625098
"X2.873",-0.000292502634438424
"X2.876",-0.00041072882330374
"X2.877",-0.000145441712618351
"X2.879",-0.000264520066057558
"X2.880",-5.09522701328891e-05
"X2.881",-0.000467749983945057
"X2.882",-0.000178280478666561
"X2.885",3.55952904319948e-06
"X2.886",-0.000201162811848489
"X2.887",-0.000404242681182326
"X2.888",-0.000148381945338844
"X2.889",0.000462521629761267
"X2.891",0.000342774058751134
"X2.892",-0.00021621676315636
"X2.893",0.000241051609490506
"X2.894",-0.00047288417796264
"X2.895",0.00017392564467852
"X2.897",-0.000106570304138756
"X2.898",-0.000245357276867992
"X2.899",0.000174062947140802
"X2.900",0.000298738976892173
"X2.903",0.000222887289574168
"X2.904",-0.000460966527358265
"X2.907",0.000735109892786323
"X2.908",0.000255232219721584
"X2.909",-4.35415477246855e-06
"X2.911",-0.000504106047744367
"X2.912",-0.000355304332114431
"X2.913",5.9773219379298e-05
"X2.914",0.00060312814534441
"X2.915",-8.49415909078452e-05
"X2.916",-0.000111906860652872
"X2.917",-0.00011962706856984
"X2.919",-0.000264079983400804
"X2.921",4.0254249832049e-05
"X2.922",-0.000134495557267752
"X2.923",0.00041401607127652
"X2.924",0.000643588576019058
"X2.925",0.000658401394509092
"X2.926",0.000794185901354149
"X2.927",-0.000364722530037999
"X2.932",9.59737403928817e-05
"X2.933",-5.9617029751962e-05
"X2.934",0.000174289257511598
"X2.935",0.000452625732928804
"X2.936",-0.000109399190451375
"X2.937",0.000124089055004398
"X2.938",0.000234786854525503
"X2.939",0.000126143438971749
"X2.940",0.000319528262707387
"X2.942",7.44928522270532e-05
"X2.943",1.99334039177752e-05
"X2.944",0.000449505747060128
"X2.945",0.000507802190710414
"X2.946",0.000603076723669042
"X2.947",0.000120867481581861
"X2.949",-0.000407278316056903
"X2.950",0.000367916119755657
"X2.951",0.000130072218138674
"X2.952",-0.000648575666139541
"X2.953",0.000341737166353693
"X2.957",7.7568097013258e-05
"X2.958",-8.98977750749157e-06
"X2.959",-0.000411119682836351
"X2.960",0.000117242685266762
"X2.961",-2.23120330979719e-05
"X2.963",0.000276464782285974
"X2.964",-0.000383861736957508
"X2.965",0.000104546199054571
"X2.966",0.000215029524729411
"X2.967",0.000401671891617607
"X2.968",-0.000208160217783059
"X2.969",0.000248776962037222
"X2.970",0.000378391119252213
"X2.971",0.000564845907317859
"X2.972",0.000599615548282113
"X2.973",9.54141348607591e-05
"X2.974",0.000769620824983855
"X2.975",0.000183555703166468
"X2.976",-7.6602706999834e-05
"X2.977",-3.51741389593276e-06
"X2.978",0.000205458372890606
"X2.979",0.000431956750444108
"X2.980",-0.000456743412213371
"X2.981",-0.000144458797259773
"X2.982",3.18958412366924e-05
"X2.983",8.02665226468003e-05
"X2.984",-0.00036164062340607
"X2.985",-4.86300510976374e-05
"X2.986",-0.000120535129042856
"X2.987",0.000432365000991312
"X2.990",-0.000128676660105406
"X2.991",-0.000199041125691562
"X2.992",0.000210545599389692
"X2.993",7.54215325449014e-05
"X2.994",-0.000113616067390469
"X2.995",1.47380923634464e-05
"X2.996",0.000110109465107096
"X2.999",1.05051601261243e-05
"X2.1000",-0.000331517171365708
"X2.1001",0.000689550929028315
"X2.1002",0.000499636430177154
"X2.1003",0.000218816295087387
"X2.1004",0.000285689859373966
"X2.1005",-7.85421779529855e-05
"X2.1006",-0.000196690040484847
"X2.1007",7.1060330810907e-05
"X2.1009",0.00021474216214191
"X2.1010",6.63685713292388e-05
"X2.1011",-0.000240420179764423
"X2.1012",0.000147430533109638
"X2.1013",0.000100248757461817
"X2.1014",5.91776464171515e-05
"X2.1015",-0.000256616991281993
"X2.1016",0.00051584869624872
"X2.1017",0.000508637404661114
"X2.1018",0.000328617677204746
"X2.1019",-2.08659016512421e-05
"X2.1020",-1.05376431397876e-05
"X2.1021",-0.000277239574889622
"X2.1023",0.00024416152433325
"X2.1025",-0.000332869449224695
"X2.1026",0.000135059264103206
"X2.1027",7.05069760827148e-05
"X2.1028",5.13334949445112e-05
"X2.1029",0.000469060572134476
"X2.1030",-0.000813335353403755
"X2.1031",0.000155955452688589
"X2.1032",-0.000553743077970859
"X2.1033",0.000209765578551966
"X2.1034",-4.19241919201136e-05
"X2.1035",0.000411106178532195
"X2.1036",0.000683081316949183
"X2.1037",6.78252962447808e-05
"X2.1038",0.000227271343201355
"X2.1039",0.000271223024736802
"X2.1040",-0.000164132092071881
"X2.1041",0.000309994101724515
"X2.1042",0.000267615589912191
"X2.1043",0.000141273437075161
"X2.1044",5.57034003592794e-05
"X2.1045",-0.000113042157134752
"X2.1046",0.000391302453699422
"X2.1047",-0.000227434550247809
"X2.1048",0.00013409396041557
"X2.1049",-3.64574580337767e-05
"X2.1050",0.00038459505327038
"X2.1051",-0.000185556122549615
"X2.1052",-7.74892644392544e-06
"X2.1053",0.000249515675707508
"X2.1054",0.000198970701929536
"X2.1055",0.000128718394301582
"X2.1056",0.000574234816689125
"X2.1057",0.000273918591640471
"X2.1058",-4.90886164216047e-06
"X2.1059",-0.000431692992334517
"X2.1061",-6.29129393076455e-06
"X2.1062",0.000596041338747762
"X2.1063",-0.000109509699441329
"X2.1064",0.000121900358417116
"X2.1065",0.000524624584174919
"X2.1066",0.00070284656012105
"X2.1067",0.000228840293695563
"X2.1068",0.000821707601134218
"X2.1069",0.00076385642548805
"X2.1070",0.000434749006477545
"X2.1071",-7.74380309989402e-05
"X2.1072",0.000592134418995425
"X2.1073",0.000349658680107826
"X2.1074",0.000409177229695844
"X2.1075",0.000267920468401311
"X2.1076",0.000370147403811605
"X2.1077",0.000668417206584708
"X2.1078",0.000658280299304857
"X2.1079",0.00022457642683703
"X2.1080",1.06807325262674e-05
"X2.1081",0.000428222426355272
"X2.1082",0.000294684341173512
"X2.1083",9.17070363074927e-06
"X0.187",0.00020580548658128
"X2.1084",0.000468794035274943
"X2.1085",0.000839331805071601
"X2.1086",0.000727602470317932
"X2.1087",0.000426431657781691
"X2.1088",0.000881742477626291
"X2.1089",-0.000251566203441863
"X2.1090",-0.000223587759534713
"X2.1091",0.000317201064528208
"X2.1092",-0.000181584774720178
"X2.1093",4.36338597466571e-05
"X2.1094",0.00030076556465054
"X2.1095",0.000876670258304198
"X2.1096",0.000262310905573284
"X2.1097",0.000234338376201432
"X2.1098",0.00061370646650092
"X2.1099",0.000285849886405193
"X2.1100",-1.04538139428736e-05
"X2.1101",0.000470738018422609
"X2.1102",0.000364983819870589
"X2.1103",0.000379419910787659
"X2.1104",0.000382120215448241
"X2.1106",0.000435434754584307
"X2.1109",-0.000224127276154116
"X2.1110",0.000233738436587351
"X2.1112",0.000258592350219317
"X2.1113",3.68119754760576e-05
"X2.1114",0.000235013502328056
"X2.1115",0.000133585818521914
"X2.1116",-0.000303694086240961
"X2.1117",-0.000177451167757007
"X2.1118",7.19639522560972e-05
"X2.1119",0.000229230430704822
"X2.1122",0.000293899062794978
"X2.1123",-0.000130675335660794
"X2.1124",-8.35521859655443e-05
"X2.1125",0.00046381099021186
"X2.1126",-0.000397411135792991
"X2.1127",-0.000144037016798313
"X2.1128",0.000132780530856499
"X2.1129",-0.000509091610418913
"X2.1130",-0.000449896599347569
"X2.1131",7.71128589612346e-05
"X2.1132",-0.000172356355368211
"X2.1133",-0.000445380817815248
"X2.1134",-0.000968050831809737
"X2.1135",7.56640298774797e-05
"X2.1136",-0.000208195199820851
"X2.1137",7.41789020329238e-05
"X2.1138",0.000145991936592557
"X2.1139",0.000100476763032661
"X2.1140",-0.000265866351380441
"X2.1141",-8.31782951282501e-05
"X2.1142",-4.26533169248074e-05
"X2.1143",-2.94990304961673e-05
"X2.1144",-1.75208758526435e-05
"X2.1145",-0.000166469086215999
"X2.1146",-0.000349851851758132
"X2.1147",7.43542653497459e-05
"X2.1149",-0.000169727029516108
"X2.1150",-0.000414219229967815
"X2.1151",0.000713470004365645
"X2.1152",-0.000253721223495116
"X2.1155",0.000945813413071476
"X2.1156",-0.000259602412039798
"X2.1158",-0.000222237587809149
"X2.1159",-7.59727612085412e-05
"X2.1160",-0.000232217858530393
"X2.1161",0.000105890430990189
"X2.1162",-0.000327913627932391
"X2.1163",-0.00044874186565646
"X2.1165",-8.47585418086727e-05
"X2.1166",-0.000297641113446124
"X2.1167",0.000377967291037686
"X2.1168",6.96232711980608e-05
"X2.1170",0.000104474169212064
"X2.1172",-0.000522926258834721
"X2.1173",0.000110955776792757
"X2.1175",-0.000374567574914867
"X2.1176",0.000137920065158315
"X2.1177",0.000326930080771517
"X2.1178",-0.000124676528838878
"X2.1179",0.000680914852479996
"X2.1181",0.000531023992086329
"X2.1182",-0.000195964681580767
"X2.1183",-2.58897066080025e-05
"X2.1184",0.0003487018461228
"X2.1185",0.000169381985280197
"X2.1186",-0.000308589016808719
"X2.1187",0.000380017661527036
"X2.1189",0.000468883266945995
"X2.1190",3.08272982544457e-05
"X2.1191",-0.00027470323306075
"X2.1192",0.000194770402427034
"X2.1193",0.000206541247487636
"X2.1194",0.000435160765500245
"X2.1195",-0.000202907047273514
"X2.1197",0.00024629583748533
"X2.1198",-0.000687834601313631
"X2.1199",-0.000183749926541235
"X2.1200",0.000451939777342195
"X2.1201",0.000146550896217331
"X2.1202",-0.0004634378949983
"X2.1203",0.000305590304320095
"X2.1204",0.000270391063890352
"X2.1205",0.000755546482619353
"X2.1206",0.00023417365103838
"X2.1207",8.86837541121137e-05
"X2.1208",0.00016104444336017
"X2.1209",-0.000255192499099984
"X2.1210",-2.22972674119235e-05
"X2.1211",-0.000276267149283288
"X2.1213",0.000425479336085914
"X2.1215",-6.53698666359978e-05
"X2.1216",0.000340804131723209
"X2.1217",-0.000230879107535625
"X2.1218",-0.000411187396448676
"X2.1219",0.000194352522182551
"X2.1220",-6.97059325628912e-05
"X2.1221",-0.000339397708598157
"X2.1222",-0.000285483906773105
"X2.1223",0.000176489642475789
"X2.1224",0.000344706021456489
"X2.1225",-0.000209870051475561
"X2.1226",-1.54688420626556e-05
"X2.1227",2.51367052155673e-05
"X2.1228",0.000524162094833371
"X2.1229",0.000286494435098805
"X2.1230",-0.000134419762557684
"X2.1231",-0.000172194368471324
"X2.1232",0.000536116323110557
"X2.1233",-4.3574723465028e-05
"X2.1234",-0.000112772352074411
"X2.1235",-0.00039358670126448
"X2.1236",-0.000263442489396248
"X2.1237",0.000168185281162169
"X2.1239",-0.00019377700250823
"X2.1241",9.57095642849008e-05
"X2.1242",0.000187439047258241
"X2.1243",-0.000111687093852385
"X2.1244",0.000637541985614226
"X2.1245",0.000550288371841741
"X2.1246",0.00047948339633188
"X2.1247",0.000153008476613024
"X2.1248",0.000204001635963257
"X2.1249",0.000118018161141303
"X2.1250",0.000181433701218795
"X2.1251",4.89170486081381e-05
"X2.1252",0.000336182898262864
"X2.1253",0.000106886902846451
"X2.1254",-7.85584293149086e-06
"X2.1255",-0.000518401434009889
"X2.1256",0.000106747731226106
"X2.1257",0.000125304459586297
"X2.1258",-0.000159801433644654
"X2.1259",0.000498012834500333
"X2.1260",0.000200500582691217
"X2.1261",0.000354732979414481
"X2.1262",-4.22184383075579e-06
"X2.1263",0.000408963572583353
"X2.1264",0.000235963338514391
"X2.1265",0.000487701228932936
"X2.1266",5.12776493975386e-05
"X2.1267",0.000289292122599949
"X2.1268",0.000166824319995525
"X2.1269",0.00026087256199223
"X2.1270",-1.31900234953495e-05
"X2.1271",-0.000121210509881947
"X0.189",-4.86761027893252e-05
"X2.1272",6.35047705033771e-05
"X2.1274",0.000598734221809176
"X2.1275",0.000498202349874657
"X2.1276",0.000196500705018081
"X2.1277",-0.000237308875718371
"X2.1278",0.000347563946028652
"X2.1279",0.000100031342380579
"X2.1280",-1.02668419265721e-05
"X2.1281",-0.000158449419465629
"X2.1282",0.000333890802763455
"X2.1283",-9.64844075397209e-05
"X2.1284",-0.000143444395204598
"X2.1285",0.000253723608076234
"X2.1286",-7.38504696167442e-05
"X2.1287",-0.000173202924329621
"X2.1288",-0.000354889588406329
"X2.1289",0.000635753724917931
"X2.1290",0.000430059895127319
"X2.1291",0.000467269352121604
"X2.1292",-2.88258215679726e-05
"X2.1294",0.00022411601043567
"X2.1295",8.83240955026338e-05
"X2.1296",0.000342102051407838
"X2.1297",4.22174945918314e-05
"X0.190",-0.000229196959200091
"X2.1299",0.000516612781692723
"X0.191",-0.000298393566846029
"X2.1300",-0.000286597696225908
"X2.1301",0.00032408683938351
"X2.1302",0.000466500139198638
"X0.192",-9.30133931052125e-05
"X2.1303",0.000337341381107231
"X2.1304",3.23955393384776e-05
"X2.1305",-0.000155412844633094
"X2.1306",-1.37676249911469e-05
"X2.1307",-0.000298518390928431
"X2.1308",-0.000507420741658661
"X2.1309",-0.000460342605210331
"X2.1310",-0.000250726928279748
"X2.1311",0.000311325579901599
"X2.1312",-0.000248406271678901
"X2.1313",-0.000182834896953768
"X2.1314",-0.000111749965500042
"X2.1315",-0.000209571197965256
"X2.1316",2.87909242118048e-05
"X2.1317",0.000222351712273705
"X2.1318",0.000229060609095925
"X0.193",0.000142025551720866
"X2.1319",-7.39662042449343e-05
"X2.1320",0.000167531190163772
"X2.1322",-0.000109082028393196
"X2.1323",0.000168784697530996
"X0.194",-0.00035643122170283
"X2.1324",-0.000132121972490896
"X2.1325",0.000561846126354336
"X2.1326",0.00010665860018802
"X2.1327",0.000249456478398498
"X2.1328",-7.38835380427294e-05
"X2.1329",-4.87601631635464e-05
"X2.1330",-0.000108654999922254
"X2.1331",5.71852960710798e-05
"X2.1332",7.87886946599864e-05
"X2.1333",-0.00033443105640071
"X2.1334",-0.000134906999656744
"X2.1335",-4.08921819950407e-05
"X2.1336",9.7071047869013e-05
"X2.1337",-0.000175146224361564
"X2.1338",-0.000284479939011734
"X2.1339",-8.78588378918747e-05
"X2.1340",0.000168653514881021
"X2.1341",0.000116418226575385
"X2.1342",0.000174714676451019
"X2.1343",-0.000291659584095296
"X2.1344",-0.000276964801404031
"X2.1345",6.92698329768097e-05
"X2.1346",1.50515427692529e-05
"X2.1347",-7.58679900798378e-05
"X2.1348",-3.17284095077949e-05
"X2.1349",6.05909140627712e-05
"X2.1350",0.000187002294012236
"X2.1351",0.000122103181395557
"X2.1353",0.000520182322891366
"X2.1354",-2.46840345644721e-05
"X2.1355",-0.000577077044715749
"X2.1356",7.13039363057336e-05
"X2.1357",9.76584907435847e-05
"X2.1358",2.2180089526278e-05
"X2.1359",-0.000105353599355411
"X2.1362",-0.000349987503116611
"X2.1363",-3.44635582120378e-05
"X2.1364",-0.000204303019775718
"X2.1365",-3.90836280404534e-06
"X2.1366",-0.000173723228820916
"X2.1367",-0.000191905915880839
"X2.1368",-0.000136343274057301
"X2.1369",-0.000953361231824469
"X2.1370",-0.000175632603956886
"X2.1371",-0.000165187291724244
"X2.1372",-1.27947438633888e-05
"X0.197",0.000132284647601382
"X2.1373",0.000122796350962469
"X2.1374",0.000122003247098651
"X2.1375",-8.08595671416712e-05
"X0.198",0.0003536529579808
"X0.199",0.00054536440824591
"X0.200",1.28821445408458e-05
"X2.1376",0.000551664868609864
"X2.1377",-0.000126262490145884
"X2.1378",-0.000159552533538268
"X2.1379",-0.000556540594926804
"X2.1380",0.000171727390533385
"X2.1381",-0.000387048750695456
"X2.1382",-0.000103973364949769
"X2.1383",-0.000718032764677846
"X2.1384",0.000187934427325863
"X2.1385",0.000304810071360535
"X2.1386",0.000209346985158905
"X2.1387",-0.000567558945400873
"X2.1389",-0.000265689407973219
"X2.1391",4.93781182525217e-05
"X2.1392",0.000498333310150576
"X2.1393",-9.49082252910034e-05
"X2.1394",-6.62741378291785e-05
"X2.1395",0.000229584134405518
"X2.1396",-0.000341269591187636
"X2.1397",3.79099232567925e-06
"X2.1398",0.000112819722512211
"X2.1399",0.000560517926913105
"X2.1400",0.000228963089171326
"X2.1401",-3.24048985342055e-05
"X2.1402",9.66006197477831e-05
"X2.1403",0.000317165056962355
"X2.1404",2.50784267239537e-05
"X2.1405",0.000129351288414765
"X2.1406",0.000460581974991623
"X2.1407",-0.000191759396696573
"X2.1408",0.000307338187970743
"X2.1409",0.000412860879591553
"X2.1410",-7.17615907543418e-05
"X2.1411",0.000258325327484975
"X2.1412",0.000256031437654416
"X2.1413",0.000105996449793541
"X2.1414",0.000298163322249888
"X2.1415",-0.000591134137129791
"X2.1416",0.000193696961552604
"X2.1417",-0.000313210515798131
"X2.1418",0.000208357723131665
"X2.1419",0.000253342090004266
"X2.1420",0.000128937965788767
"X2.1421",0.000272212442525777
"X2.1423",-0.000196387183780071
"X2.1424",-4.9843265341229e-05
"X2.1425",-0.000152472049677348
"X2.1428",0.000137710791554119
"X2.1429",0.000516812298807518
"X2.1433",-0.000479275686800886
"X2.1434",-0.00016540483867314
"X2.1435",6.2028327197252e-05
"X2.1436",-0.000131189514067219
"X2.1437",-0.00015629986893161
"X2.1438",-0.000151398570143897
"X2.1439",-0.000148824232474744
"X2.1440",-2.61762592456298e-05
"X2.1441",4.75008766767964e-05
"X2.1442",7.13811281151812e-05
"X2.1443",-0.00014096905498088
"X2.1445",3.38318862713824e-05
"X2.1446",0.000254375859794812
"X2.1447",-0.000426197967753506
"X2.1448",-0.000199733526301046
"X2.1449",-0.000195176912828503
"X2.1450",-0.000117020601235669
"X2.1451",-7.86090348950676e-05
"X2.1453",-0.000351617279779778
"X2.1454",0.000424027082479115
"X2.1455",5.27748754188313e-05
"X2.1456",6.14813380811228e-05
"X2.1457",0.000204906762696807
"X2.1458",6.50789128597843e-05
"X2.1459",-0.000299890296168662
"X2.1460",0.000172051117913647
"X2.1461",-3.46175117352484e-05
"X0.201",0.000166379337407387
"X2.1462",-0.000202827620303112
"X2.1463",7.71547448240262e-05
"X2.1464",0.000183445098940636
"X2.1465",-0.000189315715425615
"X2.1466",0.000139995721155733
"X2.1467",-0.000159918085371133
"X2.1468",-0.000439033212708216
"X0.202",-0.000232908667137109
"X2.1469",0.000234629821798162
"X0.203",0.000163746037180833
"X2.1470",0.000186312691020528
"X2.1471",-7.45612212612386e-05
"X0.204",-8.21835353773158e-05
"X2.1472",-0.000116104528474824
"X2.1473",-0.000129194629879593
"X0.205",0.000187401341214797
"X2.1474",2.48475312012685e-05
"X2.1475",-0.000419442783481699
"X0.206",0.000313254164013314
"X2.1477",0.000180844186268739
"X2.1479",1.03238402739159e-05
"X2.1480",0.000277262169388452
"X2.1481",0.000401155652587348
"X2.1482",-0.000123655490830033
"X2.1483",0.000111924304604823
"X2.1484",-2.99181118524275e-05
"X2.1485",-0.000183590647426777
"X2.1486",-0.000110467153464231
"X2.1487",0.000163495389462024
"X2.1488",-0.000210799199080616
"X2.1489",9.36162011161275e-06
"X2.1490",0.000431973248041893
"X2.1492",0.000229599392191392
"X2.1493",0.000437886582000569
"X2.1494",0.000105493051993729
"X2.1495",4.07325158060249e-06
"X2.1496",-0.00023349252476843
"X2.1497",0.000128493124315562
"X2.1498",0.000209522842023947
"X2.1499",-0.000113239409233321
"X0.207",0.000189437550291352
"X2.1500",-2.57176142284496e-05
"X0.208",4.15606899198447e-05
"X2.1501",-0.000394836406769618
"X2.1503",9.58581121671319e-05
"X2.1504",0.000203549351462255
"X2.1505",0.000181882387455963
"X2.1506",4.64601330153903e-06
"X2.1507",-0.000266778108501346
"X2.1508",-0.000112014214766402
"X2.1509",-0.000255299677279479
"X2.1510",-0.000198033619221707
"X2.1511",-0.000344010449318307
"X2.1512",-0.00030338707748414
"X2.1513",0.000207510233967268
"X2.1514",-0.000166963747543618
"X2.1515",-0.000249946410724781
"X2.1516",-0.000155235184748404
"X2.1517",-0.000845899067785767
"X2.1518",-4.18197948251492e-05
"X2.1519",-0.000315619714536396
"X2.1520",8.44319834884329e-05
"X2.1521",-0.000707324729582145
"X2.1522",-8.23944804984809e-05
"X2.1523",-0.000167251168273354
"X2.1524",-0.000306416882776364
"X2.1525",-3.0803752433752e-05
"X2.1526",9.01830454335083e-05
"X2.1527",0.000332953440749045
"X0.209",4.54777576831267e-05
"X2.1528",-0.000394183559090891
"X2.1529",0.000286268133335505
"X2.1530",0.000955428963631418
"X2.1531",-0.000138759366231973
"X0.210",-0.000148185853469462
"X0.211",0.00011138330930005
"X2.1532",-0.000570261486319338
"X0.212",0.000179124815843943
"X0.213",0.000295947342744788
"X2.1533",0.000115476102700515
"X0.214",-0.000379140211509701
"X2.1534",0.00017800629678663
"X0.216",-0.000186046005231923
"X2.1535",-6.80603066315949e-05
"X2.1536",-8.59947102470783e-05
"X0.217",-0.000325125772580368
"X0.218",-0.000235841089442369
"X2.1537",-0.000327575727364013
"X2.1538",7.53557841308753e-05
"X2.1539",-0.000199348096143785
"X2.1540",0.000149555352716672
"X2.1541",-0.000209696683651995
"X0.219",-9.36952105113143e-05
"X2.1542",0.000442322368681675
"X2.1543",5.7460225800581e-05
"X2.1544",9.24021009417714e-05
"X0.220",0.000533202100095583
"X0.221",0.000670388173855036
"X0.222",8.90326841876532e-05
"X0.223",0.000358793242323632
"X0.224",0.000173763367222886
"X2.1545",-0.000160438848122725
"X0.225",0.000408483732793824
"X2.1546",0.000227789086442268
"X0.226",-0.000301460957755718
"X2.1547",-0.000151924461327267
"X0.227",-1.92139187180943e-05
"X0.228",0.000107297078924236
"X0.229",6.57251803592331e-05
"X0.230",-0.000129019013707268
"X2.1548",-0.000484696783972244
"X2.1549",0.000303738140810858
"X2.1550",-0.000116459267461406
"X2.1551",0.000254076251158491
"X2.1552",-0.000266384333550871
"X0.231",0.000146569315907313
"X0.232",-0.000431416358472211
"X0.233",-0.00026432977666208
"X2.1554",0.000121706404075742
"X2.1555",-2.71456449059435e-06
"X2.1556",0.00035446915600657
"X2.1557",0.00022521144806559
"X2.1558",4.81252393433991e-05
"X2.1559",-0.000316014170833507
"X2.1560",0.000134935412369293
"X2.1561",-0.000535137772152062
"X2.1562",0.000372057717680366
"X0.234",7.15299283410877e-05
"X0.235",0.000144714158465869
"X2.1563",-0.000667335866172293
"X2.1564",-1.96857474495459e-05
"X2.1565",0.000145391500618217
"X2.1566",0.000127444319078884
"X2.1568",0.000518066388670085
"X0.237",0.000275270342460159
"X2.1570",-0.000493844705209161
"X0.238",-0.000249330887254437
"X2.1571",-0.000462439657703716
"X2.1572",-0.00060064322165796
"X0.239",-0.000171612246303715
"X2.1573",-0.000269675908443921
"X0.240",-0.000662185623909842
"X2.1574",-2.06712669817069e-05
"X0.241",-8.98645453402028e-05
"X0.242",-0.000662542770693635
"X0.243",9.17496958786786e-05
"X0.244",-0.000661637417630831
"X0.245",-0.000591084940593767
"X2.1575",-0.000470286496395815
"X2.1576",-0.000214994236516417
"X2.1577",-0.000701986078212808
"X2.1578",0.000181754338294097
"X0.247",0.000192258733864476
"X0.248",-8.10868374742574e-06
"X2.1581",-0.000276760381684612
"X2.1583",0.000126050841472082
"X0.249",-0.000102354964600228
"X0.250",-0.000437754921896725
"X0.251",-0.000392031623557132
"X2.1584",8.14440560743743e-05
"X2.1585",0.000353068073794397
"X2.1586",0.00011317359914235
"X0.252",-0.000351797020489747
"X0.253",-8.33395692495024e-05
"X2.1587",0.000308630271014843
"X2.1588",0.000409830512179539
"X2.1589",0.000435131156563337
"X2.1590",0.000241121501530309
"X2.1591",0.000630225570454357
"X2.1592",0.000316057486657982
"X2.1593",0.000110178721208624
"X2.1594",0.000560669529459171
"X2.1595",-0.000690936074912095
"X2.1596",0.000513550497048424
"X2.1597",0.000527411670124186
"X2.1598",0.00036688780700877
"X2.1599",0.000226517595926927
"X2.1600",7.45189672464753e-06
"X2.1601",0.000318859728720464
"X2.1602",0.000765778133371099
"X2.1603",0.00034510955832526
"X2.1606",8.74095780574784e-05
"X2.1607",1.7309596802465e-05
"X2.1608",0.000377612630704752
"X2.1609",0.00040418605605176
"X2.1610",2.78191416283821e-05
"X2.1611",0.000236163678371343
"X2.1612",0.00049934827666246
"X2.1613",-4.77226581121518e-05
"X2.1614",0.000556366692469043
"X2.1615",0.000231120314391344
"X2.1616",-0.00024191850870434
"X2.1617",7.62063359237713e-05
"X2.1618",0.000495256018599881
"X2.1619",0.000202080890170322
"X2.1620",0.000537262909290577
"X2.1621",0.000821308175058925
"X2.1625",0.000213589438119384
"X2.1626",7.20994648371567e-05
"X2.1628",-0.000450106862697694
"X2.1629",5.31159819115335e-05
"X2.1630",0.000441624689338399
"X2.1632",0.000267721162532175
"X2.1633",8.64381776447124e-05
"X2.1634",7.53027210181152e-06
"X2.1638",0.000509848506466778
"X2.1639",-0.000129791489860926
"X2.1640",-0.000174036491960897
"X2.1641",-0.000204710095021427
"X2.1642",-0.000223391858877272
"X2.1643",-0.000284513711666572
"X2.1644",-0.000453259696046913
"X2.1645",0.000168810940057012
"X2.1646",-0.000442981127729288
"X2.1647",0.000257155129249537
"X2.1648",-3.44449411198267e-05
"X2.1649",-0.000607386325531142
"X2.1650",-5.345024517298e-05
"X2.1651",-0.000552608215865583
"X2.1652",-0.00047503580243429
"X2.1653",2.75511595020011e-05
"X2.1654",-0.0002043029527904
"X2.1655",-0.00011670222225085
"X2.1656",5.66050909214514e-06
"X2.1657",0.000189204299789769
"X2.1658",0.000367795232017259
"X2.1659",6.48092243932228e-05
"X2.1660",-0.00032641215075847
"X0.255",-0.000363737022857289
"X2.1663",-0.000479099071916709
"X2.1664",0.000606061446716015
"X2.1665",0.000334635907825549
"X2.1666",0.000201748592320566
"X2.1667",0.000507117612920124
"X2.1668",0.000296261578590114
"X2.1669",0.000552190034212084
"X2.1670",-0.000150515835079686
"X2.1673",-0.000160874185564768
"X2.1674",-0.000917256754450802
"X2.1675",0.000369439138160769
"X0.257",-0.000144966886286626
"X2.1676",0.000313479136368848
"X0.258",-0.000251312859725221
"X0.259",-0.000395975374029187
"X2.1678",0.00022382755401322
"X2.1679",0.000567108504307949
"X2.1680",0.000503301788620929
"X2.1681",-0.000125871194343179
"X2.1682",-2.53257929975293e-05
"X2.1683",0.000338893122880641
"X2.1686",0.000346312832665096
"X2.1687",0.000233807170633907
"X2.1688",0.000499901649863435
"X2.1689",0.000181879166406687
"X2.1690",-0.000633900121753147
"X2.1691",-0.000184278887266314
"X2.1693",-0.000236912434021808
"X2.1694",0.000623736336681634
"X2.1698",6.46840910559119e-05
"X2.1699",6.95864385176144e-05
"X2.1701",-0.000228471760982475
"X2.1702",-2.2540325975415e-05
"X0.263",0.000157951082886672
"X0.264",0.000107189836076388
"X0.266",-0.000157389615827062
"X0.267",0.000186221921062865
"X0.268",-0.000210042642943406
"X0.269",7.46534281511275e-05
"X2.1705",0.00021466853217392
"X2.1706",0.000354380484004385
"X2.1707",-0.000360094684579175
"X2.1708",-0.000283381947158971
"X2.1709",-6.18005277475709e-05
"X2.1710",0.000253141430408039
"X2.1711",-0.000233513257768736
"X2.1712",0.000126643759284128
"X2.1713",-6.45091635249939e-05
"X2.1714",-6.666401224822e-05
"X2.1715",4.4744507174338e-05
"X2.1717",-0.000311212034624816
"X2.1718",0.000173089964165237
"X2.1719",0.000243105489606492
"X2.1720",0.000411654636623902
"X2.1723",7.03380467374486e-05
"X2.1725",0.000113791812711678
"X2.1726",-0.000386691478926525
"X2.1727",-0.000132929282628455
"X2.1728",-0.000415253462223897
"X2.1729",7.39002665710307e-07
"X2.1730",-0.000123004452135158
"X2.1732",0.00037982297155075
"X2.1733",-8.6762428259413e-05
"X0.270",3.43498562341241e-05
"X0.271",0.000311175894533278
"X0.272",-0.000344394083614653
"X2.1735",-2.88362541178105e-05
"X2.1736",-0.000177835484028045
"X2.1741",0.000608837278226567
"X2.1743",1.18900653872934e-05
"X2.1744",0.000444426132497999
"X2.1746",-2.15610901660149e-05
"X2.1747",-8.80693790511973e-06
"X0.274",6.0958886665419e-05
"X0.275",6.85309923977141e-05
"X0.276",0.000419505899372127
"X2.1751",0.000239899415687702
"X2.1752",-0.000306246560728393
"X2.1753",-7.63205346554449e-07
"X2.1754",-0.000207902530482996
"X0.277",-0.000320488891318331
"X2.1757",-5.88809718901207e-05
"X2.1758",0.000153511802748615
"X0.278",0.000178878732460958
"X0.279",0.00021689100581292
"X0.280",-0.000162279100329363
"X2.1763",-0.00061548757502
"X0.281",-9.82164141581356e-05
"X0.282",-0.000108502307697188
"X0.283",0.000240910333191207
"X0.284",-0.000145290226875308
"X0.285",8.9320687008559e-05
"X0.286",0.000301043277675686
"X0.287",0.000384292014253694
"X2.1765",0.000204839028605216
"X2.1766",-0.00014674533501403
"X0.288",0.000206410631065481
"X0.289",0.000335320574437427
"X0.290",0.000365664802187266
"X0.291",0.000339178687612794
"X0.292",2.4328078529589e-05
"X0.293",0.000445226955525898
"X0.294",8.1640345863284e-05
"X2.1767",5.08611455582939e-05
"X2.1768",0.000163036522204663
"X2.1769",-0.000492319937568408
"X0.295",-0.000170243231605401
"X0.296",-0.000178928447214871
"X0.297",0.000192478321152142
"X0.298",0.000396946354453618
"X2.1773",-0.000152789926080929
"X2.1774",-0.000519670297323379
"X2.1775",3.30902818863078e-05
"X2.1776",-0.000238207103530548
"X2.1777",-0.000260095712721233
"X2.1779",-9.14387871692282e-06
"X2.1780",-0.000560293147166401
"X2.1781",0.000100735338870206
"X2.1782",-0.000214878027588449
"X2.1783",0.000479424907028535
"X2.1784",-2.08921352332383e-05
"X2.1785",-0.0002278506138778
"X2.1786",-0.00031714110713717
"X2.1787",-5.69451250700269e-06
"X2.1788",-0.000294135980252237
"X2.1790",-3.9269017079101e-05
"X2.1792",-0.000529875587035552
"X2.1793",-0.000194442057863407
"X2.1794",0.000175044110794698
"X2.1795",-4.842589387492e-05
"X2.1796",-0.000210427278093878
"X2.1797",-0.000361815981475053
"X2.1798",-0.000263650451643842
"X2.1799",-0.000159325772034543
"X2.1800",-0.00034334262800112
"X2.1801",6.52406770114339e-05
"X2.1802",0.000239188676291726
"X2.1805",-8.86880169080328e-06
"X2.1806",0.000166376547178622
"X2.1807",5.47999663191536e-05
"X2.1808",-0.000188150870085691
"X2.1809",-0.000417415786366866
"X2.1811",0.000421034466597163
"X2.1812",-3.55068969838353e-05
"X2.1813",-0.000182469315113436
"X2.1814",-0.000419402822625887
"X2.1815",-0.000332292699849603
"X2.1816",-0.000244863269158142
"X2.1817",-1.62547386761434e-06
"X2.1818",-3.30649030937708e-05
"X2.1819",9.46132375641442e-05
"X2.1820",0.000106619858742937
"X2.1821",-0.000549489625815883
"X2.1822",-7.38623424952816e-05
"X0.299",-2.00563544778691e-05
"X2.1824",-0.000310819048894784
"X2.1825",2.57409311931569e-05
"X2.1826",-0.000486167423902482
"X2.1827",-0.000302579685382941
"X2.1828",-0.000136679622680867
"X2.1829",-0.000279495289661895
"X2.1830",7.41217647989405e-05
"X2.1831",0.000114084869734276
"X2.1832",0.000279798173442166
"X2.1833",-3.90729944532667e-05
"X2.1834",-3.0616163404513e-05
"X2.1836",-2.99951592076762e-05
"X2.1837",-1.74134921843619e-05
"X2.1838",0.000452081993672213
"X2.1839",0.000119736843849506
"X2.1840",-0.00036252919160695
"X2.1841",-2.05347999261043e-06
"X2.1842",-0.000142824759205201
"X2.1843",-1.27233747241686e-05
"X2.1844",-0.000420679649274892
"X2.1845",-0.000272018858470082
"X2.1846",-0.000491334912527391
"X2.1847",-0.000692713693109408
"X2.1848",-9.18690946592914e-05
"X2.1850",0.000292533538305816
"X2.1852",-0.00011344389539466
"X2.1853",0.000254672182409467
"X2.1854",0.000206276801913547
"X2.1855",-2.09836205218315e-05
"X2.1857",0.000548222948162873
"X2.1858",-9.78542394784659e-05
"X2.1859",-0.000232158400281654
"X2.1862",-0.000370080680730913
"X2.1863",0.000605512368468808
"X2.1864",-0.000111672595416438
"X2.1865",0.000242649727722403
"X0.300",0.000290369915924948
"X2.1866",-0.000119311001649958
"X0.301",-3.66689320454777e-05
"X0.302",0.000344450646115587
"X2.1868",0.00013419377229925
"X2.1869",-2.76312308401009e-05
"X2.1870",-8.71318023642574e-05
"X2.1871",-5.64511087656016e-05
"X0.303",-0.000371025603118401
"X2.1873",0.000351564340914428
"X2.1874",9.2374429343134e-05
"X2.1875",-0.000104258425858369
"X2.1876",-0.000144186458323115
"X0.304",0.00021417181113061
"X0.305",6.27401219092337e-05
"X0.306",-0.000218719807196538
"X2.1879",-0.000373477680753906
"X2.1881",0.00036351687215463
"X2.1882",0.000152988759606179
"X2.1884",0.000170993391269037
"X2.1886",0.000231483798552372
"X2.1888",0.000408706199185855
"X2.1889",-0.000333931622656995
"X2.1890",0.000764495199415664
"X2.1892",0.000786299807937552
"X2.1894",-1.06526880558489e-05
"X2.1896",0.000463467399672192
"X2.1897",-0.000180070974796702
"X0.308",-0.000488621358409935
"X2.1900",-0.000412229468988886
"X2.1901",0.000115028393972422
"X2.1902",0.000329989623642016
"X2.1903",2.7398967263613e-05
"X2.1904",7.51120443943147e-05
"X2.1905",0.000349943517066283
"X2.1906",0.000379030877838146
"X0.309",-0.000202546207232311
"X2.1907",-0.000418320722156995
"X2.1908",-8.73670183127491e-05
"X2.1909",0.000482219932424617
"X2.1910",-0.000273901044979661
"X2.1912",0.000105316683562197
"X2.1913",-0.000189667651264943
"X2.1914",-3.01997639882893e-05
"X2.1915",-0.00012899480085548
"X2.1916",0.000196914546057711
"X2.1917",0.000167525187354449
"X0.310",0.000138092901585456
"X2.1921",-0.000202119383356894
"X1.95",0.00024423640282353
"X2.1922",9.8254457915307e-05
"X2.1923",0.000227875505806086
"X2.1924",7.91871027787909e-05
"X2.1925",-0.00038083764684054
"X2.1926",-0.000328531661632908
"X2.1927",-3.7016716778779e-05
"X2.1928",-0.000524473366681547
"X2.1929",-8.38102953525522e-05
"X2.1930",-0.000217019711315593
"X2.1931",-0.000107558360724025
"X2.1932",-3.00634201200333e-05
"X2.1933",-0.000352086997935147
"X2.1934",-0.000366678006912805
"X2.1935",-0.000386222022295015
"X2.1936",-0.00044513743252803
"X2.1937",-0.000149057881790558
"X2.1938",-0.000126355621584422
"X2.1939",-0.000616047454165918
"X2.1940",-0.000141028814897257
"X2.1941",-0.000492930990663287
"X2.1942",-0.000603810069846182
"X2.1943",-0.000174478121225122
"X2.1944",-3.75784568480072e-05
"X2.1945",-0.000396580554546514
"X2.1946",-4.69984185775126e-05
"X2.1947",-0.000617771982759006
"X2.1948",-0.000262162267160487
"X2.1949",-0.0002068011696371
"X2.1950",-0.000495341725437336
"X2.1952",-0.000194960369279863
"X2.1953",-0.000616703954536554
"X2.1954",-0.000292723822002125
"X2.1955",-0.000864879109608951
"X2.1956",-0.000201152086676916
"X2.1957",-0.000615791816685024
"X2.1958",-0.000308261612914996
"X2.1959",-0.000362529318012848
"X2.1960",-0.000461868575187254
"X2.1961",-0.000313618673809498
"X2.1962",-0.00031732341478481
"X2.1963",-0.000269022983847711
"X2.1964",-0.000200327666138329
"X2.1965",-0.000586972385823377
"X2.1966",0.000100336963276015
"X2.1967",-0.000407629054631458
"X2.1968",-3.10127146962549e-05
"X2.1969",6.00228443606788e-05
"X2.1970",-0.000402324736584706
"X2.1971",0.000227954317600851
"X2.1972",-0.000143982029552316
"X2.1973",-0.000272478991725039
"X2.1974",-1.72161338563832e-05
"X2.1975",0.000341027366652379
"X2.1976",3.55138268485437e-05
"X2.1977",0.000231480074584898
"X2.1978",-0.000211616933623851
"X2.1979",0.000183577207053831
"X2.1980",4.76755733970183e-05
"X2.1981",-0.000138791578179146
"X2.1982",-0.000284148867282404
"X2.1983",-0.000206980957644376
"X2.1984",-0.000142095397784693
"X2.1985",-0.000331463150358495
"X2.1986",-0.000253476510338457
"X2.1987",-7.3952820527544e-05
"X2.1988",-0.00012643671872053
"X2.1989",-0.000347175473312177
"X2.1990",0.000238599739831883
"X2.1991",-0.000938825063316308
"X2.1992",-0.000264282593305133
"X2.1993",0.000248217476546728
"X2.1994",-5.67234591525721e-06
"X2.1995",0.000153641403406793
"X2.1996",-0.000207405624713638
"X2.1997",9.50020520923811e-05
"X2.1998",-0.000117508510133047
"X2.1999",-0.000288796914869079
"X2.2000",8.66520938031155e-05
"X2.2001",0.000243982713045371
"X0.313",-0.000497972205130796
"X2.2002",0.000176422213231961
"X2.2003",-0.000171628012066223
"X2.2004",-0.000143040658344131
"X2.2005",-0.000650074149541613
"X2.2006",-0.000532492793113461
"X2.2007",-0.000321473221821181
"X2.2008",-0.00041377563116939
"X2.2009",-0.000152069023295866
"X2.2010",-0.000553112990747847
"X2.2011",0.000294607934473632
"X2.2012",-0.000335496902569996
"X2.2013",0.000202158374912623
"X2.2014",0.000169248633557225
"X2.2015",0.000187850941079158
"X2.2016",-0.000412594583816317
"X2.2017",7.97105631828776e-05
"X2.2018",0.000110612234419021
"X2.2019",0.000194280620495636
"X2.2020",0.00026077359492772
"X2.2021",-0.000262102122096432
"X2.2022",-0.000120136531380528
"X2.2023",-6.5701642021713e-05
"X0.314",-9.04405332992762e-05
"X0.315",-0.000488532000900559
"X2.2024",4.03409245476528e-05
"X0.316",-0.000151501783139864
"X0.317",-0.00026929869403317
"X2.2026",-0.000285034561548458
"X0.318",-1.84484655836984e-05
"X2.2030",0.000388020010138928
"X2.2031",-0.000364112818457672
"X2.2032",0.000151742527670343
"X2.2033",-6.17134528515513e-06
"X2.2035",-7.2377280195327e-05
"X2.2038",0.000103501366958217
"X0.319",-0.000663209338208231
"X2.2041",-0.000245423154065492
"X0.320",0.000201641325119453
"X1.98",-0.000162542903732411
"X2.2043",0.000128611693704346
"X2.2045",6.87374166238042e-06
"X2.2047",-0.000348051742058975
"X2.2049",-0.000436167211164564
"X0.321",0.000150001039408944
"X0.322",0.000120643154399693
"X2.2050",8.32552792790839e-05
"X0.323",3.62343275578646e-05
"X0.324",0.000455830426302518
"X0.325",5.90183768791244e-05
"X0.326",0.000378291933870204
"X0.327",0.000272786538573863
"X0.328",0.000304744301352495
"X0.329",8.71367051002054e-05
"X0.330",4.41595793794689e-05
"X0.331",-0.000115981053711525
"X2.2053",0.000410073479868357
"X2.2054",0.000371042463328033
"X2.2056",3.88243462221369e-06
"X2.2057",-3.09602874641928e-05
"X2.2058",0.000420426245569713
"X2.2059",0.000177347256504727
"X2.2060",0.00012546531944354
"X2.2061",1.61433786880928e-05
"X2.2062",3.34409231480032e-06
"X2.2063",0.000332953821353772
"X2.2064",0.000144335922415662
"X2.2065",-3.04918503843131e-05
"X2.2069",8.6995355215706e-05
"X2.2070",0.000192982660017458
"X2.2071",0.000191741773495747
"X2.2072",0.000288297591942567
"X2.2073",-0.000239457848676908
"X2.2074",0.000253767531231071
"X2.2075",-2.48194990908572e-05
"X2.2079",-0.00025295204813087
"X2.2080",0.000110318871708938
"X2.2081",0.000191711472668906
"X2.2082",3.4283258834202e-05
"X2.2083",0.00020034153691605
"X2.2084",5.33278241160664e-05
"X2.2085",4.28873092167675e-05
"X2.2086",0.00029258071385242
"X2.2087",0.000269947886145449
"X2.2088",0.000446734950711918
"X2.2089",-0.00012988471978345
"X2.2090",0.000521962973208844
"X2.2093",4.25590495083809e-06
"X2.2094",0.000129475025724479
"X2.2095",0.000124264850642008
"X2.2096",0.000447009269481937
"X2.2097",4.75431331989145e-05
"X2.2098",0.000146238528082817
"X2.2099",4.5629119660101e-05
"X2.2100",-6.80093072427185e-05
"X2.2102",-0.000312780954319873
"X2.2103",-0.000274810681273224
"X2.2105",-7.88996299554997e-05
"X2.2106",-0.000396329223902354
"X2.2107",0.000169306907211195
"X2.2108",-0.0001476965980522
"X2.2109",-0.000104334326062571
"X2.2110",0.000200505235989869
"X2.2111",0.000126688150074233
"X2.2113",-5.22201809847442e-05
"X2.2114",0.000316113075174449
"X2.2115",-0.000540534474386118
"X2.2116",-0.000822953781209176
"X2.2117",-0.000609790786050078
"X2.2118",0.000573590850275879
"X2.2119",-0.000793239372563255
"X2.2120",-0.000118312183035837
"X2.2121",-0.000447083931250306
"X2.2122",-0.000194600590627803
"X2.2123",-0.000549489426930491
"X2.2124",-0.000693651914412719
"X2.2125",0.00057843035013679
"X2.2126",-4.46924410415943e-05
"X2.2127",0.000339822273507186
"X2.2128",0.000461645443105158
"X2.2129",-0.00025983378901363
"X2.2130",-0.000368330385150709
"X0.333",2.14107783142926e-05
"X2.2131",0.000407439501829219
"X2.2132",-0.000117858159120342
"X2.2133",0.000200339005305812
"X2.2134",-3.10477137371749e-05
"X2.2135",-0.000116627247070847
"X2.2136",4.98647352152901e-05
"X2.2137",-0.000480487760135924
"X2.2138",-0.000561922771955476
"X2.2140",-0.00052450152981716
"X2.2141",-0.000187190184282755
"X2.2142",-0.000571498378124591
"X2.2143",-0.000384827628096099
"X0.334",0.000284979727139921
"X2.2144",0.000148383530652141
"X2.2146",-3.48902264479143e-05
"X2.2147",0.000467692734275508
"X2.2148",-8.49287605971294e-05
"X2.2149",-0.000250500463391918
"X2.2150",-9.85877317321585e-05
"X2.2151",0.000164124043998124
"X0.335",0.000311494106545136
"X2.2154",-0.000402239721842889
"X2.2155",-0.000473660438394055
"X2.2156",-0.00036757791049856
"X2.2157",-0.000559670215144705
"X2.2158",1.72160159757206e-06
"X2.2160",0.000901001814974289
"X2.2161",-0.000422221902008536
"X2.2162",6.86146380858469e-06
"X2.2163",-0.000245396715702344
"X2.2164",0.000393052192750525
"X2.2165",-0.000320114389069981
"X2.2166",-0.000498038630143408
"X2.2167",-0.000207699513016328
"X2.2169",-0.000456939257635198
"X2.2170",5.91877910050822e-05
"X2.2171",-0.000228305592781677
"X0.336",-0.000349453999371585
"X0.337",1.01434967544977e-05
"X0.338",-8.08501155129717e-05
"X0.339",0.000137213313081316
"X2.2172",-0.000180237656428442
"X2.2173",0.000369419110355347
"X2.2174",-0.000214180581741067
"X2.2175",0.000367894707076911
"X2.2176",0.000111068889775052
"X2.2177",-0.000193929715235822
"X2.2178",8.66784589428593e-05
"X2.2179",-0.000510843183949067
"X0.340",-0.000365700602158734
"X0.342",-0.000119213468749009
"X0.343",0.000158046785029975
"X2.2183",-0.000300571825173398
"X2.2184",-0.000289749508689983
"X2.2185",0.000306775203713347
"X2.2186",0.000184710947232443
"X2.2187",7.37641222694667e-06
"X2.2188",0.000116850326472398
"X2.2189",-0.000448335508938272
"X2.2190",0.000349859134757754
"X2.2191",0.000443620486076482
"X2.2192",0.000136384888536226
"X2.2193",-0.000335073102654133
"X2.2194",0.000320927690544466
"X2.2195",0.00056129285191845
"X2.2197",7.1216499557058e-05
"X2.2198",5.29552589398206e-05
"X2.2199",0.000258504164173886
"X2.2200",0.000263370027330498
"X2.2201",0.000494026213638939
"X2.2202",0.000231650933169716
"X2.2203",0.00043227900060897
"X2.2204",0.000353877041035097
"X2.2205",0.000632440036140513
"X2.2206",-0.000196722898867909
"X2.2207",-0.000367934371816075
"X2.2208",0.000260130046414411
"X2.2209",-9.08961807757024e-05
"X2.2211",-0.000461008619186649
"X2.2212",-0.000433434151420944
"X2.2214",-5.95178058189415e-06
"X2.2215",5.90655045213778e-05
"X2.2216",0.000527658746049643
"X2.2217",-8.92483050099583e-05
"X2.2218",0.000309881183732811
"X2.2219",0.000277588404185077
"X2.2220",0.000171909275949484
"X2.2221",0.000311368454281936
"X2.2222",0.000256638734118153
"X2.2223",0.0006219092192764
"X2.2224",0.000140606903683134
"X2.2226",6.06133959739193e-05
"X2.2227",-7.59087355169352e-05
"X2.2228",-0.000124571123585278
"X2.2229",-4.80514743668991e-05
"X2.2230",-0.000148385897679815
"X2.2231",-0.000286120935717592
"X2.2232",-9.21522659358287e-05
"X2.2233",-0.0002875140943924
"X2.2234",0.000171975112931989
"X2.2236",3.03723395758175e-05
"X2.2237",-4.74135591883498e-05
"X2.2238",0.000153399851496576
"X2.2239",0.000850019358497501
"X2.2240",0.000213153943279894
"X2.2241",0.000164742605239155
"X2.2242",0.00010200421127879
"X0.344",-0.000199407388256003
"X0.345",0.000162768427387807
"X0.346",-0.000407781385941154
"X0.347",-6.64806462364058e-05
"X0.348",8.12206828044597e-06
"X0.349",0.000182682578568917
"X0.350",-0.000143353456760713
"X2.2243",-1.34174863464163e-05
"X2.2244",0.000389057684548392
"X2.2245",3.15725944329397e-05
"X0.351",-0.000173153200641301
"X2.2246",0.000441665025174149
"X2.2247",0.000569379870039526
"X2.2248",-0.000194371929860182
"X2.2249",5.48421549450073e-05
"X2.2250",2.83319900737882e-05
"X2.2251",0.000405393161575971
"X0.352",0.000120130446945872
"X2.2252",-9.14550404660952e-05
"X2.2253",0.000563667685953513
"X2.2254",0.000644549101846764
"X2.2255",-0.000100969017220226
"X2.2256",-0.000284615107443642
"X0.353",-0.000212319902413489
"X0.354",0.000225003621620719
"X0.355",-4.56599540777119e-05
"X0.356",9.18958168709176e-05
"X0.357",0.000251978924669927
"X0.358",-0.000331446814082147
"X0.359",-0.000143352480847882
"X0.360",-0.000103579963036656
"X0.361",-0.000197096306229031
"X0.362",7.57318142017896e-05
"X0.363",-0.000133164599967904
"X0.364",0.000479195892799738
"X0.365",0.000239597477205853
"X0.366",-7.87021308712411e-05
"X0.367",0.00024604429390862
"X2.2258",0.000110398857934131
"X0.368",0.000205065830630386
"X0.369",-0.000253793765988201
"X0.370",-0.000297718576596228
"X2.2259",1.30029848168325e-05
"X0.371",9.79474620604498e-05
"X0.372",-0.000393965919575932
"X2.2260",3.57698656400019e-05
"X2.2261",0.000455504124708206
"X2.2262",0.000296239511194756
"X2.2263",0.000225985389008648
"X0.373",-0.000255310928523074
"X0.374",0.000187881221502463
"X0.375",0.000270651244742924
"X0.376",0.000155345003826495
"X2.2264",-6.87386953834639e-05
"X2.2265",-0.000212700951332611
"X2.2266",0.000302113913855941
"X2.2267",3.34282552699685e-05
"X2.2268",-0.000259748195620147
"X0.377",-0.000340491687073095
"X0.378",5.86446198046674e-05
"X0.379",-0.000306473844501032
"X0.380",0.000189488056704619
"X0.381",0.000241491467354147
"X0.382",0.000174697904526292
"X0.383",0.000367793905322776
"X0.384",-0.000286292866663367
"X0.385",0.000217391404026979
"X0.386",-0.000324198006043277
"X0.387",-0.000103318627633858
"X0.388",-0.000254381734078447
"X0.389",-7.1493520312619e-05
"X0.390",2.14763554918531e-05
"X0.391",0.000284810456580935
"X0.392",-0.000223527955368213
"X0.393",0.000346172294781398
"X0.394",0.000261160865041636
"X0.395",0.000146718737342108
"X0.396",7.05461494356648e-05
"X0.397",0.000103443133527294
"X0.398",0.000324507419260611
"X0.399",-0.000107237384002938
"X2.2270",0.000330873215220226
"X0.400",0.000489957353647742
"X0.401",0.000311060056213799
"X0.402",-6.67392388485643e-05
"X0.403",6.16983279010424e-05
"X0.404",0.000595413669838946
"X2.2271",-0.000290321530473258
"X0.405",0.000163539511683068
"X2.2272",0.000119705678664805
"X2.2273",1.23954319464574e-05
"X2.2274",0.000517376093631173
"X2.2275",0.000518615727137168
"X0.406",-3.5994181065819e-05
"X0.407",0.000344861303570284
"X0.408",0.000152233608019069
"X0.409",-1.41139602296647e-05
"X0.410",-0.000237500602989275
"X0.411",0.000348374627140197
"X0.412",-0.000149157637377073
"X0.413",-0.000253318144710096
"X0.414",0.000364002845526655
"X0.415",0.000106204635385855
"X0.416",-0.000117527577307953
"X0.417",0.00026635440630218
"X2.2276",-0.000704061518022499
"X0.418",-0.000413996795646086
"X0.419",-1.44618054978071e-05
"X0.420",-0.00019787562666565
"X2.2277",0.000589627729789371
"X0.421",-1.64930946406563e-05
"X0.422",-0.00029209541358253
"X0.423",-0.000162398245265457
"X2.2278",0.000431706379810698
"X0.424",5.88276518195941e-05
"X0.425",0.000181163753772326
"X2.2279",-3.35849543853315e-05
"X0.426",9.6535764344382e-05
"X2.2280",0.000314252298570844
"X0.427",-0.000561111704878891
"X0.428",5.83708336123556e-05
"X0.429",-0.000118487583798902
"X0.430",9.41622845884708e-05
"X0.431",0.000243113977934637
"X0.432",0.000272472046065672
"X0.433",-3.47638872178467e-05
"X0.434",-0.000144413120733591
"X0.435",-0.000101969969167672
"X2.2281",-0.000349200572489296
"X0.436",0.000243446244487284
"X2.2284",0.000397965802681709
"X2.2285",0.000104325798125722
"X2.2286",1.40588759673286e-05
"X0.437",6.43807862280373e-06
"X0.438",0.000224665834475218
"X0.439",-0.000316228789348759
"X0.440",0.00020328166161588
"X0.441",-0.000100021732808529
"X0.442",-1.51069789366222e-05
"X0.443",8.13778856850082e-05
"X0.444",-0.000217619068013106
"X0.445",8.78537434972559e-05
"X0.446",-0.000168226406987872
"X0.447",0.000135146500892403
"X0.448",0.000130682336232417
"X0.449",5.38802692215993e-05
"X0.450",7.37478555938988e-05
"X0.451",-0.0001268477847853
"X0.452",1.81565129220656e-05
"X0.453",0.000233527493573068
"X0.454",-0.000198149886511676
"X2.2289",-0.000246056876076982
"X0.456",0.000305444059257902
"X0.457",-0.000560102662400569
"X0.458",-0.000225512983094013
"X0.459",3.20810777722377e-05
"X0.460",0.000174844152189371
"X0.461",0.000125149144983491
"X0.462",0.000183568227253249
"X0.463",-7.51802521148998e-05
"X2.2291",0.000113360081241394
"X0.464",0.000213240417713845
"X0.465",-1.11010074787921e-05
"X0.466",0.000164137679503778
"X2.2292",-0.000162402497479413
"X0.467",0.000290419449912129
"X0.468",-0.000153144350973839
"X0.469",7.36960937221194e-05
"X0.470",9.56060810251237e-05
"X2.2293",0.000711347341742426
"X0.471",0.000489268870325234
"X0.472",0.000409683282330574
"X0.473",-0.000306314419177072
"X0.474",5.24892606772669e-06
"X0.475",-3.7987943777809e-05
"X0.476",0.000194429173505931
"X0.477",0.000105999285550358
"X0.478",-0.000289096430885769
"X0.479",-9.11400476473264e-05
"X0.480",0.000497098798481331
"X0.481",-0.000111426814655736
"X0.482",0.000257704020852737
"X0.483",0.000109485858338738
"X1.113",-0.000671591531825881
"X0.484",0.000342180181805532
"X0.485",-0.000149450700976963
"X2.2294",-0.000100508543622223
"X0.486",-0.000226593134776451
"X0.487",0.000205408822155505
"X0.488",-0.000700914403408459
"X0.489",9.83246845360404e-05
"X0.490",-0.00015723665862105
"X0.491",3.43490607836222e-05
"X0.492",-0.00037146196734754
"X2.2295",-0.000234374212074084
"X2.2297",-0.000241804475838431
"X0.493",-1.88675699149878e-05
"X0.494",-5.47359018759868e-05
"X0.495",-0.000101730773917393
"X0.496",-7.45803500620625e-05
"X0.497",3.8814144752675e-05
"X0.498",0.000177991793470663
"X0.499",0.000481401127091571
"X0.500",0.000230657952566102
"X0.501",4.65005539716813e-06
"X0.502",6.53230167461921e-05
"X0.503",0.000400605872702162
"X0.504",0.000193530490149584
"X2.2299",1.25750844681317e-05
"X0.505",-0.000177238117452375
"X0.506",4.90483165800873e-05
"X0.507",-0.000188707045431824
"X0.508",0.000149559337021185
"X0.509",0.000215895290942363
"X0.510",0.000569895277813308
"X0.511",-0.000537983818772466
"X0.512",0.000221660091311468
"X0.513",-0.000151205243731643
"X2.2300",1.05246595656648e-05
"X0.514",6.27629074991905e-05
"X0.515",-6.71545210336466e-05
"X0.516",-0.000168465338055311
"X2.2301",-0.000186302939303277
"X0.517",-8.57663881000914e-05
"X0.518",0.000216495334306825
"X2.2304",5.47288947710631e-05
"X0.520",0.000185882342342182
"X0.521",4.52455302574376e-05
"X0.522",0.000201144855938233
"X0.523",-0.00027602515873457
"X0.524",0.000469380617254568
"X0.525",-0.00030180573403542
"X0.526",-0.000412772910988256
"X0.527",8.34093889189907e-05
"X0.528",9.16439670903226e-06
"X2.2305",-0.000297542028129649
"X0.529",-0.000196300353032279
"X0.530",0.000233660161152251
"X0.531",-9.41129067598677e-05
"X0.532",2.98779722017504e-05
"X0.533",8.74665409999744e-05
"X0.534",-0.000242060356578041
"X2.2308",-0.000400124958721288
"X0.535",-7.32197678317817e-05
"X0.536",0.000491805848781676
"X0.537",-0.000113629151439511
"X0.538",9.3740481073489e-05
"X0.539",0.000389295802139732
"X0.540",5.32748190996436e-05
"X0.541",0.000488732239340155
"X0.542",0.000578830658554294
"X0.543",0.00036334550623398
"X0.544",0.000479734710763588
"X0.545",0.000166288962013852
"X0.546",0.000110528365815674
"X0.547",4.08453165352969e-05
"X0.548",0.000464524099351772
"X0.549",0.000360973814393783
"X0.550",0.000153651811888644
"X0.551",-0.000218360455521844
"X0.552",0.000304584508374891
"X0.553",0.000257447268863889
"X0.554",-3.44733988718295e-05
"X0.555",1.02661186450482e-05
"X2.2309",-0.00029548264667163
"X2.2311",0.00067787909588367
"X0.556",0.000362389585122086
"X0.557",-0.000295113453701511
"X0.558",-0.000280459303861598
"X0.559",-0.000328213242408983
"X0.560",0.000217460079867699
"X2.2315",0.000200277085136533
"X2.2316",0.000103981188432679
"X0.562",-0.000253922377573393
"X0.563",-0.000144188264612217
"X0.564",-2.48124102190573e-05
"X2.2317",0.000263366300395814
"X0.565",-0.000125890195111881
"X0.566",9.52746165313745e-05
"X0.567",-5.95310614204498e-05
"X0.568",0.000218354633350237
"X0.569",9.21256660906633e-05
"X0.570",5.9220554182167e-05
"X0.571",-0.000117690183224076
"X0.572",-0.000180320703575508
"X0.573",-6.49530572023899e-05
"X0.574",-4.12362920323036e-05
"X0.575",-0.000506094768559463
"X0.576",0.000122313739504128
"X0.577",7.77578740568767e-05
"X0.578",2.74788111443744e-05
"X0.579",-0.000241039287402938
"X0.580",5.11465626387185e-05
"X0.581",-0.00019597100012658
"X0.582",0.000481760677677267
"X0.583",-0.000162206276504184
"X0.584",0.000484903160558381
"X0.585",0.000273454619027354
"X0.586",-8.76634167512995e-05
"X0.587",-0.00017734340379527
"X0.588",0.000351440374494524
"X0.589",-0.00036315458350724
"X0.590",0.000218821886681448
"X0.591",-7.96191576184477e-07
"X0.592",-3.01990365416675e-05
"X0.593",-8.58077376656634e-05
"X2.2320",-0.00013180786478272
"X0.594",-9.48279508248768e-05
"X0.595",-7.97962383998698e-07
"X0.596",0.000381561408514428
"X0.597",-0.000217725092786835
"X0.598",0.00025805496676719
"X0.599",0.000257790328978629
"X0.600",0.0002864802506072
"X0.601",0.000185549105483976
"X0.602",0.000107510561692437
"X0.603",-0.000302948977756454
"X0.604",9.46760591309694e-06
"X0.605",5.36955662306114e-05
"X0.606",-0.000192609157466372
"X0.607",-0.00041114404243179
"X2.2321",0.000234505074276118
"X0.608",0.00019121739037531
"X2.2322",0.000102842931652484
"X0.609",0.000253322730365676
"X2.2323",-0.000112200007800582
"X2.2324",-0.000388657473815611
"X2.2326",0.000165605687482976
"X0.610",-0.000118011102973796
"X0.611",-3.19567566089652e-05
"X0.612",-0.000271613039279538
"X0.613",5.64440058923771e-06
"X2.2327",0.000293627001138205
"X2.2328",0.000252489187928439
"X0.614",0.000380272688055058
"X2.2329",0.000109645680823505
"X0.615",8.56659398408399e-05
"X0.616",-0.000153049040264928
"X0.617",-0.000270076436223776
"X0.618",-0.000307331009576178
"X0.619",3.73961309140042e-05
"X0.620",0.000278025419874159
"X0.621",-0.00033157795348744
"X0.622",-4.36483740861156e-05
"X0.623",0.000259539393526512
"X0.624",0.000200026043226265
"X0.625",-8.59282103143379e-05
"X0.626",-5.68519327120691e-06
"X0.627",1.92115943087814e-05
"X0.628",-0.000310844829750261
"X0.629",2.81726389880311e-05
"X0.630",0.000534012425258989
"X0.631",-8.1296875259555e-05
"X0.632",-2.1749691717295e-05
"X2.2331",-0.000160285420836616
"X0.633",1.09685100136572e-05
"X0.634",-0.000180107626551538
"X0.635",-0.000201719731679877
"X0.636",8.36077700660371e-05
"X0.637",-0.000115468778831702
"X0.638",-0.000248380395289563
"X0.639",0.000299334433497618
"X0.640",-0.000263864770886442
"X0.641",-0.000147635657595106
"X0.642",0.000474755698566206
"X0.643",-1.23654046226889e-06
"X0.644",0.000121137272421898
"X0.645",6.44470861193376e-05
"X0.646",0.000497140293203074
"X0.647",0.000156134764025758
"X0.648",-0.00041005174202501
"X2.2332",0.000438973370176623
"X0.649",0.000179287102607025
"X2.2333",-9.63914631228757e-06
"X0.650",-3.04544034009056e-06
"X0.651",1.73285067938332e-05
"X0.652",5.95277948973436e-05
"X0.653",-1.27498053143215e-05
"X2.2335",0.000403494440596821
"X0.654",-0.000562285517098713
"X0.655",-0.000233185555869412
"X1.121",-0.000111257468331044
"X0.657",7.75725603911187e-05
"X0.658",0.000240107670518175
"X0.659",0.000132413686721812
"X0.660",4.70953569089117e-05
"X0.661",-0.000552790888834328
"X0.662",5.83968961190002e-05
"X2.2339",0.000168921146589041
"X0.663",-2.55901005045084e-05
"X0.664",0.000131816150066043
"X0.665",-0.000113890112496839
"X0.666",0.000471451325787712
"X0.667",-0.000108030849415768
"X0.668",-1.80285630919335e-05
"X0.669",0.000336926209327038
"X0.670",-7.95439559334435e-05
"X2.2340",-0.000483987883131123
"X0.671",0.000129373674847916
"X0.672",8.86966349817614e-05
"X0.673",-1.62505017575157e-05
"X0.674",-0.000120988227031327
"X0.675",0.000234756757929229
"X0.676",-9.11718056656044e-06
"X0.677",0.000478004037967809
"X0.678",-0.000264503031634346
"X0.679",-0.000292133735422065
"X0.680",0.000176163965177497
"X0.681",0.000186096247708269
"X0.682",-2.84053274061104e-05
"X0.683",0.000119040086147247
"X0.684",2.85663312287726e-05
"X0.685",-0.0002988949665037
"X0.686",-0.000365437391081734
"X0.687",-9.3175643302309e-05
"X0.688",0.000160563017959167
"X0.689",-8.34833234076919e-06
"X0.690",-0.000165380396410411
"X0.691",-0.000214570901790332
"X0.692",0.000190254061111653
"X0.693",-2.33000093097383e-05
"X0.694",-0.000479915184670958
"X0.695",-0.000503532330345477
"X0.696",-0.00032038140726051
"X2.2348",-0.000109758942312412
"X0.697",0.000132760050352188
"X2.2349",0.000146929023523344
"X2.2350",0.000451755983043147
"X0.698",-9.15367509341475e-05
"X2.2351",-0.000131220822787536
"X0.699",7.13077375304824e-05
"X2.2352",-0.000466751037711358
"X0.700",3.61361576873288e-05
"X0.701",-1.29061318396955e-05
"X2.2353",0.000207030772476127
"X2.2354",-9.0658184635685e-05
"X0.702",0.000143156900029553
"X0.703",-6.76153080439069e-05
"X0.704",-4.62669029751636e-05
"X0.705",-1.77601755779305e-05
"X0.706",-0.00012152721382144
"X0.707",5.15177194748991e-05
"X2.2355",-0.000639720948036645
"X2.2356",-0.000317368672933504
"X0.708",-0.000370405479355613
"X2.2357",4.81249174000674e-05
"X0.709",-0.000193307351214998
"X2.2359",0.000100045191932578
"X2.2360",-8.46313667610344e-05
"X2.2361",3.75249813046327e-05
"X0.711",2.06741254597488e-05
"X0.712",0.000237775193804399
"X2.2362",-0.000290213626203532
"X0.713",-0.00024493641490109
"X2.2363",-0.000171439705165477
"X0.714",-4.28994027417586e-06
"X2.2364",0.000220586440222253
"X0.715",7.39927932599749e-06
"X0.716",-0.000154212447142962
"X2.2366",0.000667315266858672
"X2.2367",0.000450083038230721
"X2.2368",-0.000307950502374671
"X0.717",0.000167372023458341
"X0.718",0.000193801538636599
"X0.719",0.000332410303383075
"X2.2369",-6.00340952172743e-06
"X2.2373",1.64209197418212e-05
"X2.2374",0.000163411088680146
"X2.2375",-9.12400726701395e-05
"X2.2376",-0.000278304917794525
"X2.2377",-0.000267651565620822
"X2.2378",0.000106160489983568
"X2.2379",-0.000160088783038225
"X0.720",6.07785512261572e-05
"X2.2380",-9.37542577277101e-05
"X2.2382",-0.000466355472508541
"X2.2383",-2.27944269625968e-05
"X2.2384",0.000295977446262329
"X2.2385",6.4517293675853e-05
"X2.2386",0.000474932169455372
"X2.2387",-0.000214184997330469
"X2.2388",-0.000489837545917754
"X0.721",8.61343505193386e-05
"X2.2389",9.87185324530556e-05
"X2.2390",0.000345982520134423
"X2.2391",-0.000218018143184703
"X2.2392",-0.000237027955889366
"X2.2393",8.45657518358022e-05
"X2.2394",-0.000140925847527813
"X2.2395",0.000283785540746872
"X2.2396",-0.00022229502199489
"X2.2397",0.000254622988745888
"X2.2398",0.000181012132247519
"X2.2399",-2.10766302470685e-05
"X2.2400",-0.000201184606158832
"X2.2401",-0.000362277650543741
"X2.2402",-9.86214209751456e-05
"X2.2403",-0.000260655645870757
"X2.2404",0.000246982264254593
"X2.2405",0.000119002591660708
"X2.2406",0.000471255571031189
"X2.2407",-0.00032632789838893
"X0.723",-0.000246230485448309
"X0.724",0.000296941301943814
"X0.725",0.000253544325540746
"X2.2408",4.60435137333753e-05
"X0.727",-0.0004838604353695
"X0.728",-0.000319192818624819
"X0.729",-0.000219478005177906
"X0.730",-0.000381481631092281
"X0.731",0.000157743616190298
"X0.732",6.19745890616146e-05
"X2.2410",-7.49280106525419e-05
"X0.733",-0.000199458303633093
"X0.734",-0.000256511576548205
"X0.735",-6.52473828120416e-06
"X0.736",0.000197213658864911
"X0.737",-6.69445221887914e-05
"X0.738",-0.000318856017175966
"X0.739",0.000297188695233287
"X0.740",0.000185842818649294
"X0.741",-9.50599772639057e-05
"X0.742",-0.000572593418961908
"X0.743",-6.12029950981775e-05
"X0.744",-0.000431679113196194
"X0.745",-0.000153375790823151
"X2.2411",0.000240537194325488
"X2.2414",-0.00038161803390625
"X0.746",-3.49718718432653e-06
"X0.747",-0.000553358612423172
"X0.748",-0.00102053268351352
"X2.2416",0.000242802035676865
"X0.749",-7.88404586679211e-05
"X0.750",0.000273436714194953
"X0.751",-0.000158322735685353
"X0.752",-0.00011006085242507
"X0.753",-8.58665337836004e-05
"X0.754",-0.000418914682007712
"X2.2422",-0.000280025417620956
"X0.755",-0.000241799535197374
"X0.756",-0.000115861453484892
"X0.757",-0.000379048260491118
"X0.758",-0.000200927782749624
"X0.759",9.70779889588072e-05
"X0.760",-0.000359344008650686
"X0.761",4.67230470743839e-05
"X0.762",-2.22981797511939e-05
"X0.763",4.96851054393453e-05
"X0.764",-5.98066810818451e-05
"X0.765",-0.000102739375405055
"X0.766",0.000308331462426255
"X0.767",-0.000375037920565541
"X0.768",-9.93799148520863e-05
"X0.769",-0.000214321837153756
"X0.771",0.000123578956588137
"X0.772",-5.48819432576084e-05
"X0.773",-0.000198325420620777
"X0.774",-0.000325456823297001
"X0.775",-0.000349580949825915
"X2.2424",0.000309441310254869
"X0.776",-0.00067471364350248
"X0.777",0.000261029723324733
"X0.778",-0.000290655440648581
"X0.779",-0.000665927085509485
"X0.780",7.61678389421123e-05
"X0.781",6.85146014356666e-05
"X0.783",-0.000353218173566239
"X0.784",-0.000174699370914846
"X0.785",-3.88389693504337e-05
"X0.786",-1.46753469829923e-05
"X2.2429",0.000148909957882918
"X0.787",-0.000224440380698921
"X2.2430",0.000571815849497973
"X0.788",-0.000192981959481313
"X0.789",-0.00023264631984079
"X2.2433",-0.000107356288039352
"X0.790",6.04134624916748e-05
"X0.791",-3.2895852216649e-05
"X0.792",6.43730659479106e-05
"X2.2434",-0.000155944700155734
"X0.793",2.32333888164366e-05
"X0.794",4.44605191023902e-05
"X0.795",-0.000274203441373984
"X0.796",-8.28978381883313e-06
"X2.2436",0.000127111760994532
"X2.2437",0.000194377259030778
"X0.797",0.000241578184377549
"X2.2438",0.000207025788470442
"X2.2439",0.000269479464240371
"X0.798",-7.46788933687579e-05
"X0.799",0.000378001142601239
"X0.800",0.000918235130989671
"X0.801",0.000712261715652504
"X2.2442",0.000411281321112831
"X0.802",9.1360662539664e-06
"X2.2447",0.000181397994255356
"X0.804",0.000281412650201612
"X0.805",6.96874592165678e-05
"X0.807",0.000852543687330026
"X0.808",0.000664078894510949
"X2.2448",0.000173148827741562
"X0.809",0.000450474206882232
"X2.2452",-0.000111425360828175
"X2.2453",-5.88561472385966e-05
"X2.2455",0.000308269375215853
"X2.2456",0.000227185180874676
"X2.2457",0.000251814659141287
"X2.2459",0.000105172064049651
"X2.2460",0.000147339592400747
"X2.2461",-0.000442698084763308
"X2.2462",-6.66952280552637e-05
"X2.2463",8.7184112162671e-05
"X2.2465",-0.000294684211463732
"X2.2466",0.000244888634203977
"X2.2467",-0.000525584179405169
"X2.2468",-0.000107709181295013
"X2.2469",5.38629813693083e-05
"X2.2470",-7.54427889135427e-05
"X2.2471",-0.000468270763746666
"X2.2472",-0.000189498268098376
"X2.2473",-5.08409830717188e-05
"X2.2474",-0.000224581248081692
"X2.2475",0.000166231505425098
"X2.2476",-0.00028523896170136
"X2.2477",-0.000338288650136199
"X2.2478",0.000123079257778597
"X2.2479",-0.00015123757962161
"X2.2481",0.000142535417752944
"X2.2482",0.000481285950256598
"X2.2483",8.08526588617661e-05
"X2.2484",-0.000275471170384452
"X2.2487",-0.000166847400053943
"X2.2488",-0.000131251072389157
"X2.2489",-3.07744602974583e-05
"X2.2490",2.05030531074524e-05
"X2.2491",-0.000579526149907062
"X2.2493",-0.000381429966455763
"X2.2494",0.000293048687119558
"X2.2495",-6.75517943208201e-05
"X2.2496",0.000249639421494893
"X2.2497",0.000250453498480557
"X2.2498",-0.000638661358706797
"X2.2499",0.000174198995355184
"X2.2500",-4.10700316611525e-05
"X2.2501",0.000296838488594436
"X2.2502",-0.000181158961600194
"X2.2503",-0.000141491877970883
"X2.2504",-0.000429031391963223
"X2.2505",-0.000346659378790384
"X2.2506",-0.000380581056658277
"X2.2507",-0.000124097740874553
"X2.2508",-4.71208492821673e-05
"X2.2509",-0.000325419583211408
"X2.2510",2.51094180415795e-05
"X2.2511",0.000268328833606282
"X2.2512",2.2224811056798e-05
"X2.2513",-0.000291189740654158
"X2.2514",0.000109112456832031
"X2.2517",-0.00028531835429405
"X2.2518",-8.81898690169758e-05
"X2.2519",-0.000104731194421868
"X2.2520",-0.000247902223818956
"X2.2521",-0.00010204158381248
"X2.2526",-0.000348703021624762
"X2.2527",-1.94125989878491e-05
"X2.2528",-0.000240141118080328
"X2.2529",-0.000395559972296849
"X2.2530",-0.000225443656945654
"X2.2531",-0.000493512688984422
"X2.2532",-0.000157909757830525
"X2.2536",-0.000104049036038956
"X2.2537",-3.86385385894019e-05
"X2.2538",-0.000374395872598362
"X0.810",0.000218717215297542
"X2.2541",-0.000149823002883629
"X0.811",4.89526047711929e-05
"X0.812",-3.6403260600428e-05
"X2.2542",-2.53306831287478e-05
"X2.2543",0.000227104075928969
"X2.2544",-8.53338605554397e-05
"X0.813",0.000169930571610823
"X0.814",0.000138892446313434
"X0.815",0.000277932676548528
"X0.816",0.00026859875797101
"X0.817",0.000657483904008924
"X0.819",5.17210115594216e-05
"X0.820",0.000580805519280437
"X0.821",7.23007084439643e-05
"X0.822",-0.000113141939985116
"X2.2546",-5.47478192287534e-05
"X0.823",0.00060800052807596
"X0.824",0.000714358326592794
"X2.2549",0.000321354255488553
"X0.825",0.000442397225024722
"X0.826",0.000461599366288641
"X2.2551",-0.000168241250538376
"X2.2553",0.000105499360362657
"X2.2554",-0.000133126275014108
"X2.2555",-0.000461397925610278
"X2.2556",4.36965164569882e-05
"X2.2557",-0.000441555596035993
"X1.127",-0.000464645498529461
"X2.2560",-0.000212380540458013
"X0.827",0.000773186292813094
"X0.828",0.000507348313625448
"X0.829",0.00048615106491674
"X0.830",0.000660055625968751
"X0.831",-0.000266410478371732
"X0.832",0.000906969143492661
"X0.833",0.000698514933397616
"X2.2562",0.000276811330800377
"X0.834",0.000632187555776088
"X0.835",0.000639225729043428
"X2.2564",-0.000525451229598297
"X0.836",0.000583451859872776
"X0.837",0.000242722804092635
"X0.838",0.000348607331872413
"X2.2565",0.000213882767343418
"X2.2566",0.000118698097050095
"X2.2571",-0.000156052887441553
"X2.2572",-0.000124183517249433
"X2.2573",0.00014120221655736
"X2.2574",-0.000117267220644807
"X2.2575",-6.985839107993e-05
"X2.2576",0.000127759981400296
"X2.2578",0.000187676733489734
"X2.2579",0.000186867343201231
"X2.2580",0.000221841102049091
"X2.2581",0.000106878839886372
"X2.2582",0.00012926237276703
"X2.2583",-9.77984761738033e-06
"X2.2584",4.39571264079585e-05
"X2.2585",0.000199656968168553
"X2.2586",0.000125251960855255
"X0.839",0.000278799672664146
"X0.840",1.0876459926058e-06
"X0.841",0.000105412622802076
"X0.842",-0.000125466650961515
"X2.2590",0.000136378289480925
"X0.844",-0.000359886889273593
"X0.845",-0.000195227903040459
"X0.846",-7.23448446632184e-06
"X2.2593",-0.000526240246592438
"X2.2598",0.000127896856005794
"X2.2599",0.000273581591187451
"X2.2601",-3.60467543847481e-06
"X2.2602",-8.01536730719836e-05
"X2.2603",-0.000439089473470032
"X2.2605",-0.000459509209915252
"X2.2606",-3.80257947585611e-05
"X0.847",2.73064118602191e-05
"X2.2608",-0.000198536631594693
"X2.2609",-0.000421715777677937
"X2.2610",-0.000433819821006553
"X0.848",6.41751936984466e-05
"X2.2611",-8.90249919131301e-05
"X0.849",-0.000253752316893821
"X0.850",4.27391516102714e-05
"X0.851",8.02965122241227e-06
"X0.852",0.000277961674938218
"X2.2612",0.000360147867869769
"X0.853",0.000176637880854613
"X0.854",-3.46365121913113e-06
"X0.855",0.000298448331095917
"X0.856",-0.000158047226400058
"X0.857",0.000587347285962082
"X2.2614",-2.79565964831176e-06
"X2.2615",-0.000101521731026443
"X2.2616",-0.000268592773672678
"X2.2617",-8.59835322359604e-05
"X0.858",0.000185918722524366
"X0.859",-0.000151394725104638
"X0.860",4.85639658376913e-05
"X0.861",0.000247571960423452
"X0.862",6.36316060776659e-05
"X0.863",0.000106303071049312
"X0.864",-0.000488505141063971
"X2.2621",-9.76316300188638e-05
"X2.2622",0.000447211904444288
"X2.2623",0.000470954201168098
"X2.2624",0.000153802038235552
"X2.2625",0.000177216025176595
"X2.2626",-0.000308329858573069
"X2.2627",0.000127174919451571
"X2.2628",-0.000158147516733834
"X2.2629",5.69779260972963e-05
"X2.2630",0.000600214981414036
"X2.2631",0.000279964457578717
"X2.2632",0.000193240632035522
"X2.2635",0.000352485130678722
"X2.2637",-4.27368999598162e-05
"X2.2638",0.000184531469891317
"X2.2639",0.00028375886505684
"X2.2640",-0.000310128666032944
"X2.2641",-0.00043233147471264
"X2.2642",2.33062326579115e-05
"X2.2643",0.000180519374547919
"X2.2644",6.26459619701894e-05
"X2.2645",0.000105185776150687
"X2.2646",0.000273008394527243
"X2.2647",1.56049455120711e-05
"X2.2648",-0.000365254679469492
"X2.2649",0.000320396272253903
"X2.2650",2.98695305820109e-05
"X0.865",-0.000168010782994302
"X0.866",0.000201049701902783
"X2.2651",0.000121212379704213
"X2.2652",-9.34390995181378e-06
"X2.2653",-0.000141423879448077
"X2.2654",0.000223167036809486
"X0.868",-0.000379823963710866
"X2.2656",0.000224768620986437
"X2.2657",0.000416416359156662
"X2.2658",7.45827298361382e-05
"X2.2659",0.000118956611117786
"X2.2660",-0.000339943547062264
"X2.2661",-0.0005559038240686
"X2.2662",-0.000170746221144643
"X2.2664",-1.0015146993744e-05
"X2.2665",-8.7316491776619e-06
"X2.2666",-0.00035655558209974
"X2.2667",-0.000137230111696937
"X2.2668",-3.58485240352072e-05
"X2.2669",-3.99251774983829e-05
"X2.2670",0.000225294276417152
"X2.2671",-0.000347625682254267
"X2.2672",0.000550131350080872
"X2.2673",8.33868949644948e-05
"X2.2674",6.30366433438023e-05
"X2.2675",-0.000396543933101421
"X2.2676",0.000671759880331826
"X2.2677",-8.56525238578549e-05
"X2.2678",-0.00022173180800862
"X2.2679",-0.000342936194569855
"X2.2680",-6.57859223385167e-05
"X2.2682",5.16867954772078e-05
"X2.2683",8.87547942059832e-05
"X2.2684",0.000296329774457779
"X2.2685",0.000354852500906232
"X2.2686",0.000260170083542031
"X2.2687",0.000453437906714555
"X2.2688",0.000346299138610875
"X0.870",-6.66329247249435e-05
"X0.871",-0.000456893444098135
"X2.2689",0.000217856781997675
"X0.872",-0.000290301033247395
"X2.2691",-7.51436820397815e-05
"X2.2692",0.00024086298179201
"X2.2694",-8.93582310609362e-05
"X2.2695",0.000104490459786177
"X2.2696",4.72866710572928e-05
"X2.2698",-8.39429754271424e-05
"X2.2699",0.000219980258656122
"X2.2700",0.000255386328069438
"X2.2701",-8.13461738087832e-05
"X2.2702",-7.9036378507013e-05
"X2.2703",-0.00016937440979851
"X2.2704",-7.46265383302971e-05
"X2.2705",-0.000307716374085428
"X2.2706",-0.000369532260966764
"X2.2707",0.000470293754884917
"X0.873",-8.93870700973337e-05
"X2.2708",-0.000202527662208663
"X2.2711",-7.39783326271161e-05
"X2.2712",1.42803414354689e-05
"X2.2713",0.00041149741574176
"X0.874",-9.13758847357207e-05
"X0.875",0.000107687319708305
"X0.876",-0.000294725688487725
"X2.2714",0.000450583802747876
"X2.2715",-0.000123058967874632
"X2.2716",0.000107118582905916
"X2.2717",0.000451691233823229
"X2.2718",-0.000172252275761887
"X2.2719",0.000477077167282257
"X2.2720",-7.60011984954054e-05
"X2.2721",-0.000138160393043305
"X2.2722",0.000164906051750728
"X0.877",-0.000479411142090881
"X2.2724",2.20311828802709e-05
"X0.878",-0.000347552911902878
"X2.2725",0.00054943208596421
"X0.879",-0.000144520340962991
"X2.2726",0.000222320942962576
"X0.880",-5.51560310703294e-05
"X0.881",0.000414218267087847
"X0.882",6.68401122780375e-05
"X2.2728",0.000265984364984917
"X2.2729",-5.95838447561434e-05
"X0.883",0.000210014871999912
"X2.2730",-7.92508221103348e-05
"X2.2731",-0.00066564807473964
"X2.2732",0.000160682548967243
"X2.2733",-0.000424408875126897
"X2.2734",7.31853341738719e-05
"X2.2735",0.000121273947115443
"X2.2736",5.58657602018529e-05
"X2.2737",-0.000530562207201743
"X2.2740",-0.000678364798076265
"X2.2744",0.000560877039316687
"X2.2752",4.50850830015047e-05
"X2.2765",-0.000558351081742232
"X2.2767",0.000336000844734241
"X2.2769",-0.000278111377855374
"X2.2772",0.000269412879836335
"X2.2773",-8.12334756565137e-05
"X2.2774",-0.000597645165686129
"X2.2776",-0.000237092388198131
"X2.2777",0.000413406176735387
"X2.2779",0.000161109196211616
"X2.2781",5.56852438664483e-05
"X2.2785",0.000136129166859714
"X2.2792",-0.000540691466449149
"X1.147",-0.000745586271748284
"X2.2802",-0.000290101554213876
"X2.2806",0.000394807586861113
"X2.2807",0.000480449159998759
"X2.2808",3.62281738904266e-05
"X2.2809",0.000389719581859234
"X2.2814",3.10523086561653e-05
"X2.2815",8.38725900693917e-05
"X2.2816",0.000286571095523969
"X2.2818",0.00101571733366296
"X2.2827",0.00012980685297853
"X2.2832",0.000250882343749383
"X0.886",-3.4866746061835e-05
"X2.2835",7.10878627198227e-05
"X2.2836",0.000205259144510383
"X0.887",-0.000465804630807158
"X0.888",6.48598188430912e-05
"X1.153",0.000267489748460378
"X2.2838",-0.000120460840292446
"X0.889",0.000285579671183285
"X2.2839",0.000488628543654753
"X0.890",0.00019672727289778
"X0.891",0.000257233862091491
"X0.892",0.000308458640313903
"X1.154",-0.000431420638717723
"X0.893",-0.000506738991230168
"X0.894",0.000158122075959802
"X2.2841",2.09698209529118e-05
"X2.2842",-0.000380946713809163
"X0.895",-0.000405826739715683
"X0.896",8.2166841581551e-05
"X0.897",0.000136370381726978
"X0.898",0.00019482477123093
"X0.899",-0.000185986064017887
"X2.2843",0.000447312833175815
"X2.2844",0.00039715659844805
"X0.900",0.000132163312385112
"X0.901",-0.000221281954820013
"X0.902",-0.000476820343020707
"X2.2845",-0.000363691133935816
"X2.2846",0.000296342285170111
"X0.903",-0.000121387793747369
"X0.904",-0.000265495862513317
"X0.905",0.000185885491077364
"X0.906",0.000281753720297967
"X0.907",0.000442846072252441
"X0.908",-6.54118961468804e-05
"X2.2852",5.54096496443979e-05
"X2.2853",-0.000151739435756923
"X2.2854",-0.000415405226092038
"X2.2855",0.000156615177767545
"X2.2856",-6.03440596651814e-05
"X2.2858",-0.000153792548957236
"X2.2859",-0.000131918739112366
"X2.2861",-0.000453074196860738
"X2.2864",0.000128333119059426
"X2.2865",-0.000152448901272997
"X0.910",-0.000359046614012164
"X0.911",2.50781275756191e-05
"X0.912",-0.000227857936321145
"X1.160",0.000897032118101722
"X2.2867",0.000594598483706645
"X2.2868",0.000363749810665677
"X0.913",-9.72352009542088e-05
"X0.914",-0.00030801939707449
"X2.2869",-4.78989800055971e-05
"X0.915",-4.60416188681106e-05
"X2.2871",0.000146254425368278
"X0.916",-4.6375946874694e-05
"X0.917",0.000119452629843705
"X0.918",0.000194112182325313
"X0.919",4.63628346582124e-06
"X2.2872",0.000110831664653292
"X2.2873",-0.000141591077493316
"X2.2874",-0.000144627335619183
"X2.2875",0.000415695533516162
"X2.2876",1.4532383331624e-05
"X2.2877",-0.000334285017796052
"X2.2878",-0.000176829685354103
"X2.2879",-0.000149429696328827
"X2.2880",-0.000309087740109551
"X2.2881",-0.000468631999971806
"X2.2882",-0.000387236845868657
"X2.2883",0.000422642565942189
"X2.2884",-0.000806876413782547
"X2.2885",0.000279989873196644
"X2.2886",0.000191325955116982
"X2.2887",0.000359122709659005
"X2.2888",-0.000211675254473231
"X2.2889",-0.000191809541819996
"X2.2890",0.000335187187834085
"X2.2891",-5.64526884355688e-05
"X2.2892",-0.000325422506785865
"X2.2893",0.000149579859993725
"X2.2894",-0.000244684723360869
"X2.2895",-0.000543611365483649
"X2.2896",0.000244231338584075
"X2.2897",0.000126624399227556
"X2.2898",-9.50420943024883e-05
"X2.2899",-0.000334098198941669
"X2.2900",-1.50617784239725e-05
"X2.2901",-0.000257938010586966
"X0.920",0.000557728437834407
"X2.2902",-0.000480808013845204
"X2.2903",-0.000187658174869807
"X2.2905",-0.000129039297355068
"X2.2910",-1.84376852899815e-05
"X2.2912",-0.000193866647478732
"X2.2913",-0.000386587600004655
"X0.921",-0.000245759729559346
"X0.922",-0.00041765287220324
"X0.923",-0.000138551082049309
"X2.2917",-3.65995073415722e-06
"X2.2918",0.000369840025895429
"X2.2919",3.06927855648282e-05
"X2.2920",0.000467030876098805
"X2.2921",0.000257149963053033
"X2.2922",-0.000300480534368829
"X2.2923",-3.29741702318407e-05
"X2.2924",5.31436804493079e-05
"X2.2925",0.000188386444335953
"X2.2927",5.61423977770075e-05
"X2.2929",-0.000235882389009836
"X0.925",0.000111400785863377
"X2.2931",-3.34624222424936e-06
"X0.926",7.67747373310519e-05
"X0.927",0.000272674000912196
"X2.2932",8.43859875119056e-05
"X0.928",0.000208707767940598
"X2.2933",-1.22543992792856e-05
"X2.2934",-0.000129452605836241
"X2.2935",-0.000161885102692365
"X0.929",0.000493123384496563
"X2.2936",-0.000438438615532986
"X2.2937",0.000211402811400273
"X2.2938",-0.00029223007901387
"X0.930",-0.000685605309363564
"X2.2939",0.000292364860914851
"X0.931",-0.000509326254399608
"X2.2940",0.000344471284608187
"X0.932",-0.000288380073296982
"X2.2941",0.000398714640596988
"X2.2942",0.000561140115905577
"X2.2943",0.000424164775121064
"X2.2944",6.86283266392958e-05
"X0.933",-0.000336905730304807
"X0.934",-0.000463899222182469
"X0.935",-6.63133652918368e-05
"X0.936",-0.000635861500817485
"X2.2945",0.000545959375255609
"X2.2946",-1.5969408439045e-05
"X2.2947",0.000352788421501294
"X2.2950",0.000289237742882167
"X2.2951",-0.000631292649785778
"X2.2952",-0.000145161512828084
"X2.2953",-1.81190080569774e-06
"X2.2954",-0.000530055960760698
"X2.2955",0.000394123971085603
"X2.2956",0.00032269830544828
"X2.2957",8.16757904016411e-05
"X2.2958",0.000184798845382704
"X2.2959",0.000474407309789406
"X2.2961",3.7210031862334e-05
"X2.2962",-6.32181164887746e-06
"X2.2963",-0.000178025159666577
"X2.2964",0.000138658413378929
"X2.2965",-0.000150663950274249
"X2.2966",-0.000197930220486095
"X2.2967",9.75362437369193e-05
"X2.2968",0.00017308657512353
"X2.2969",-0.000388302950077245
"X2.2970",0.000298899596761522
"X2.2971",0.000132080014634588
"X2.2972",0.00029929265483525
"X2.2973",-1.39003484475097e-05
"X0.939",-0.000509041276500091
"X0.940",-0.000466163514596293
"X0.941",-0.000419144786071672
"X0.942",-4.30576172758759e-05
"X2.2974",-0.000415413439691073
"X2.2975",6.09339176087885e-05
"X2.2976",-0.000330358656391916
"X2.2977",-0.000355167325004972
"X0.943",-0.000502870048547476
"X2.2978",5.66051694254546e-05
"X2.2979",-0.000215618706080047
"X0.945",-0.00046187639063732
"X2.2982",-0.000504372565603073
"X0.946",-0.000485064372135175
"X0.947",-8.3643262283253e-05
"X0.948",-5.94688464217221e-05
"X2.2984",0.00020076477044229
"X2.2985",-0.000117650371369471
"X0.949",-0.000724163444400302
"X2.2987",-0.000642347007475059
"X2.2988",-0.000247910422186319
"X0.950",0.000351804198606101
"X2.2990",0.000312697765470149
"X2.2991",0.000471655220353451
"X2.2993",-0.000104937004614532
"X2.2995",4.1574576145756e-05
"X2.2996",-0.000377734054291271
"X0.951",-0.000508328354164011
"X2.2997",6.77772001203212e-05
"X2.2998",0.000145490875977421
"X2.2999",0.00017115273050638
"X0.952",0.000276239669848977
"X0.953",0.00014450506578751
"X0.954",0.000101574617691102
"X0.955",-8.87316093734439e-05
"X0.956",0.000240746361862558
"X2.3003",0.00024159871222274
"X2.3004",2.27437112902271e-05
"X2.3006",-0.000220685775428661
"X2.3007",-0.000172012574871931
"X2.3008",-0.000236610663067144
"X2.3009",-0.000241321601901482
"X0.957",-8.50211647128463e-05
"X0.958",0.000131323906427123
"X0.959",0.000231000419220242
"X0.960",-0.000370105475421592
"X0.961",-0.000184469310758813
"X0.962",9.74549912693366e-05
"X2.3015",0.000246941923036957
"X0.964",-0.00030259277158831
"X0.965",0.000176622581300529
"X0.966",-0.000310949778929498
"X2.3016",-0.000271351711218264
"X0.968",-0.000417138812577616
"X0.969",1.57385549859777e-06
"X0.970",3.8715272772339e-05
"X0.971",0.000240861861945106
"X0.972",0.000222256022506689
"X2.3017",-0.00110084845000061
"X2.3018",0.000251169654804685
"X2.3019",0.000185605586550313
"X0.973",0.000447449434971385
"X2.3021",0.000192029897902252
"X2.3022",-0.000362372973308185
"X2.3023",-0.000169353141253269
"X2.3024",-0.000416410137062453
"X2.3025",-6.71048207154679e-05
"X2.3026",0.000208310525877716
"X0.975",-0.000213553916445108
"X0.976",0.000375254646908713
"X0.977",5.00658675936683e-05
"X0.978",6.64676624451985e-05
"X0.979",-0.000198070706706431
"X2.3028",-8.55969114426849e-05
"X2.3029",-0.000117521619125359
"X2.3030",-0.000351206427858379
"X2.3031",-0.000202739820048329
"X2.3033",5.26566881991592e-05
"X2.3034",0.000430413749433943
"X2.3035",-0.000293587968207508
"X2.3036",5.5447846552779e-05
"X2.3037",3.97568645494643e-06
"X2.3039",-0.000745929571586511
"X2.3040",2.67970623479671e-05
"X2.3041",0.000260773343425534
"X2.3042",-0.000248425846890197
"X2.3043",0.000128128824457998
"X2.3044",0.000141961243075159
"X2.3045",-0.00035236802643821
"X2.3046",-0.000323222923772615
"X2.3047",0.000282089661308697
"X2.3048",0.000154107228824987
"X2.3049",0.000287608948203816
"X2.3050",-0.000279136519545932
"X2.3051",-0.000744784554194839
"X2.3052",-0.000462498425863381
"X2.3053",0.00010255415922938
"X2.3054",-0.000725314788927142
"X2.3055",-8.66216419178289e-05
"X2.3056",-0.000292293670335137
"X2.3057",-0.000343774801539692
"X2.3058",-0.000572133008074049
"X2.3059",-0.000349222505655884
"X2.3061",-0.000363851999289999
"X2.3062",-0.000697521804637125
"X2.3063",0.000328251734023177
"X2.3064",-0.000219535360206575
"X2.3065",-0.000291802889521945
"X2.3066",-0.000928881042540645
"X2.3067",-0.000485008876437618
"X2.3068",-0.00056632709379912
"X2.3069",-0.000898648006422089
"X2.3070",-0.00040458525959762
"X2.3071",-0.0004328840826814
"X2.3072",-0.000527758633555535
"X2.3073",-0.00020867938952087
"X2.3074",0.000422873676847392
"X2.3075",-0.000182702399999938
"X2.3076",-0.000113577739146061
"X2.3077",5.5515679649476e-05
"X2.3078",-4.65731359762814e-05
"X2.3079",-0.000164635682825971
"X2.3080",0.000332831467316761
"X2.3081",4.14344616303332e-05
"X0.980",0.000280822421978204
"X2.3082",-0.000140103988810677
"X2.3083",0.000131638763111224
"X2.3084",-0.000381927693677657
"X2.3085",0.000107162197325645
"X2.3086",0.000359179693459237
"X2.3087",0.00013877183937136
"X2.3089",0.000161900509659681
"X2.3090",0.000451840704728031
"X2.3091",-0.000686688536147118
"X2.3092",-0.000645385858073202
"X2.3093",-0.000656859638554215
"X2.3094",-0.000347074432319649
"X2.3095",-0.000276089615787096
"X2.3096",-0.000374307848140814
"X2.3097",-0.00084220345294643
"X2.3098",-0.000286343870842688
"X2.3099",-0.000273746241327915
"X2.3100",6.98234439085382e-05
"X2.3101",-0.000230976678756751
"X2.3102",-0.000216804573784732
"X0.981",-0.000270447727047407
"X2.3103",-0.000191804062355856
"X2.3104",0.000159064842903224
"X2.3105",-0.000479765070840829
"X2.3106",-0.000155104766084176
"X2.3107",-0.000587095500150997
"X2.3108",-0.000277600859864642
"X1.177",0.000131787229785695
"X1.178",4.61131976724339e-05
"X0.982",0.000110707365817844
"X2.3109",-0.000513619252741813
"X1.179",0.000180482078478344
"X1.180",-6.34451114061357e-05
"X1.181",-0.000131621861330793
"X1.182",-0.000596223247499963
"X0.983",7.21728799648134e-05
"X2.3110",0.00021495165550967
"X1.183",-0.000272863943624717
"X2.3111",0.000492285823298657
"X2.3112",-0.000118548859139143
"X1.184",0.000212878925275755
"X1.185",0.000170276175106217
"X2.3113",-9.11160554295154e-05
"X2.3114",0.000514404804805358
"X0.984",-0.000335027656110848
"X2.3115",8.5027175474719e-05
"X2.3116",-8.48763913259999e-05
"X2.3117",-0.000149277163174045
"X2.3118",-0.000146115744466237
"X2.3119",0.000215682991549157
"X2.3120",0.000288193274909876
"X2.3121",-6.50725398039487e-05
"X2.3122",6.60615414844806e-06
"X1.186",-2.67155448039953e-05
"X2.3123",0.000529777282914122
"X1.187",0.000607019477983977
"X1.188",-0.000143423956258869
"X2.3125",-5.67266435076693e-05
"X1.189",-0.000111225273880944
"X2.3126",-0.000286366550667099
"X0.985",0.000307026647947215
"X1.190",5.65711045774245e-05
"X0.986",-0.000169855710741488
"X1.191",0.000352485538475325
"X1.192",-0.000160365485990929
"X2.3127",-3.77727793157969e-05
"X2.3128",7.29261201257798e-05
"X1.193",0.000354854708352511
"X2.3129",0.000232716409761195
"X2.3130",-0.000549820538458355
"X1.195",0.000169734828504937
"X2.3132",1.76008022795921e-05
"X2.3133",4.94721184650338e-05
"X2.3134",-6.01369863423496e-05
"X2.3135",0.000299854341076216
"X2.3136",-0.000183377062835753
"X2.3137",-0.000334397384146055
"X2.3138",-8.27794824138462e-05
"X2.3139",-8.02189142404094e-05
"X2.3140",-0.00035646276326989
"X2.3141",-2.29622231376477e-05
"X2.3142",0.000548110636919619
"X2.3144",0.000287589344558636
"X2.3145",-0.000111272567160367
"X2.3146",-3.64543402446835e-05
"X2.3147",-0.000357613828141851
"X2.3148",-0.000212086639225639
"X2.3149",0.000317888287509364
"X2.3150",-0.000253297897125881
"X2.3151",7.71096347525832e-05
"X1.196",0.000428122051175401
"X0.987",0.000187284660381606
"X2.3152",-0.000218072936777389
"X2.3153",-0.000190456157313842
"X1.197",0.000204800543125252
"X1.198",0.000422314144248236
"X2.3154",0.00010021221120176
"X2.3155",4.9818791252919e-05
"X2.3156",7.14773338904014e-06
"X2.3157",0.000282181580614045
"X2.3158",0.000315612604690296
"X2.3159",0.000380240258149079
"X2.3160",0.000177301463899835
"X2.3161",0.000488458551613457
"X2.3162",-4.19693834017569e-05
"X2.3164",0.000329714603164904
"X2.3165",-0.00047475615287885
"X2.3166",0.00020079346927776
"X2.3167",-0.00012644476329037
"X2.3168",-0.00028155267247359
"X2.3169",-0.000123195554311238
"X2.3170",0.000119627915808375
"X2.3171",-2.69555815580087e-06
"X2.3172",5.00027568235725e-05
"X2.3175",-0.000200769735438172
"X2.3176",0.000413823440032483
"X2.3177",0.000314406808149785
"X2.3178",-0.000107245384768786
"X2.3179",0.000290760401179887
"X2.3180",0.000349000692866929
"X2.3181",-3.92832338738084e-05
"X2.3182",0.000136476018931055
"X2.3183",5.4602652564597e-05
"X2.3184",7.51377426527565e-05
"X2.3185",4.40996735186602e-05
"X2.3186",7.41191437409713e-05
"X2.3187",0.00034659068389435
"X2.3188",0.000371706310533599
"X2.3189",0.000239816027520204
"X2.3190",0.000100974934785351
"X2.3192",0.000146481449492231
"X2.3193",0.000359324473286278
"X2.3194",-4.99690747678877e-05
"X2.3195",-0.000318054922791445
"X2.3196",9.1462677527414e-05
"X2.3197",0.00014100372066389
"X2.3198",-2.24423134998174e-05
"X2.3199",0.000281866238535579
"X0.988",-0.000116463761197252
"X0.989",0.000273984355473323
"X0.990",0.000306807855382984
"X0.991",0.000214231697819688
"X2.3202",-0.000118346543621719
"X2.3203",-0.000204830632712272
"X2.3204",-0.000181031814003241
"X2.3205",0.000331993429939514
"X0.992",-1.22581627025307e-05
"X0.993",1.14706718123691e-06
"X0.994",-8.75647325966609e-05
"X0.995",0.000480107010056913
"X2.3207",-0.000302614647412481
"X2.3208",-0.000199066744574082
"X0.996",-7.638471559366e-05
"X2.3209",0.000222670969470637
"X2.3211",-0.000101226523075317
"X2.3212",-0.000534225558900079
"X2.3213",-0.000289438579469518
"X2.3214",-0.000434510058204562
"X0.997",0.000164056113485451
"X1.199",0.000776187137473324
"X2.3216",-0.000825672121888248
"X2.3217",-0.000244274032641745
"X2.3218",9.73168443062073e-05
"X2.3219",0.000349189078760211
"X2.3220",-0.000328607198539779
"X2.3221",-4.61279452479458e-05
"X2.3222",-0.000273449188676162
"X2.3224",-0.000134089400303985
"X2.3225",-5.21024777039538e-05
"X2.3226",0.000401399260164742
"X2.3227",-1.10792629408713e-05
"X2.3228",9.66145797178752e-05
"X2.3229",-0.00035057511625818
"X2.3230",5.3478604360872e-05
"X2.3231",-0.000169030920768154
"X2.3232",0.000369455637920728
"X2.3233",-0.00017780754610947
"X2.3234",-6.82180731502597e-05
"X2.3235",-9.57815263805114e-05
"X2.3236",0.000186739829129345
"X2.3237",0.000112333641409471
"X1.200",-2.4028197468978e-05
"X2.3239",-0.000264588501316803
"X2.3240",-0.000353448572772947
"X2.3241",-6.27600600918189e-05
"X2.3242",0.000181289790335796
"X2.3243",-5.01151857613308e-05
"X2.3244",0.000161402999785714
"X2.3245",-0.000103244675455643
"X2.3246",3.45444398878906e-05
"X2.3247",1.68825927149261e-05
"X2.3248",2.56150649599557e-05
"X2.3249",-0.00012720096279465
"X2.3250",-5.35777387700582e-05
"X2.3251",-0.000251331790422962
"X2.3252",-4.79544586341209e-05
"X2.3253",-0.000237781882777319
"X2.3254",-0.000188086841576198
"X2.3255",9.48309443866071e-05
"X2.3256",-0.000472508956907848
"X2.3257",-0.000137150776156326
"X2.3258",5.22104978954996e-06
"X2.3259",-4.33539373987343e-06
"X2.3260",-0.000258667138860118
"X2.3261",-5.10115079602231e-05
"X2.3262",-0.000115914306275875
"X2.3263",-0.000249680336509394
"X2.3264",-0.00017031209154156
"X2.3265",-0.000219834806773496
"X2.3266",1.85175087652846e-05
"X2.3267",-0.000258804040834564
"X2.3268",0.000157926207845058
"X2.3269",0.000299266519115837
"X0.1000",0.000776698270209888
"X2.3270",-0.000343922957673405
"X2.3271",0.000276170021148458
"X2.3272",0.000237017135898612
"X2.3273",0.000238909667748299
"X0.1001",0.000684440790504435
"X0.1002",0.0007563094084453
"X0.1003",0.000601183079426705
"X2.3274",0.000452189592912446
"X2.3275",0.000151382813335818
"X2.3276",0.000259233273091624
"X2.3277",0.000446513621400334
"X2.3278",0.000102939255603953
"X2.3279",-0.0001329489391342
"X2.3280",-0.000416111227193364
"X0.1004",-7.21626566104837e-05
"X0.1005",5.62195021570152e-05
"X2.3281",0.000381205043852217
"X2.3282",0.000310054551692039
"X2.3283",-0.000413364709372659
"X2.3284",-0.000410085593528026
"X0.1006",5.72352362355378e-05
"X2.3286",-0.000246831096063353
"X0.1007",3.64904033446434e-05
"X2.3287",-0.000313854967828261
"X2.3288",-0.000277396710563589
"X2.3289",0.000553208709790255
"X2.3290",-0.00011824863399638
"X2.3291",-5.34802436776695e-05
"X2.3292",0.000225526065858165
"X0.1008",-0.000264049481805571
"X0.1009",0.00014447881229286
"X0.1010",-9.59822911896719e-05
"X2.3293",0.00030652609747639
"X0.1011",0.000548571081147399
"X2.3294",-0.000319239838341784
"X2.3295",0.000501728310634989
"X2.3297",8.28205454639162e-05
"X2.3298",0.000468192005189758
"X0.1012",0.000154910237637842
"X2.3299",-3.9769917021306e-05
"X0.1013",0.00033337185283888
"X2.3300",-0.000190905251759794
"X0.1014",9.93230267977462e-05
"X2.3301",-0.000171708972134448
"X2.3302",-0.000225724066677458
"X2.3303",-0.000188948329262367
"X0.1015",0.000432626985565356
"X2.3304",-0.000164155727224253
"X2.3305",-9.78751317076183e-05
"X2.3306",9.23251075405346e-05
"X2.3308",-3.0491402787438e-05
"X2.3309",-8.508243500473e-05
"X0.1016",0.000434159222905487
"X0.1017",0.000323495016898094
"X2.3310",-0.000464224059530594
"X2.3311",-1.66581630162328e-05
"X0.1018",0.000243721096620354
"X2.3312",0.000234680351364211
"X0.1019",-0.000115507101819484
"X2.3313",-0.000101177167988531
"X0.1020",0.00020335458768158
"X2.3314",0.000153352672257205
"X0.1021",-0.000256797043999264
"X2.3315",-0.000198054434849303
"X0.1022",0.000114226058481664
"X0.1023",5.04450380688818e-05
"X2.3316",-0.000376266884357358
"X0.1024",-0.000257442112939242
"X2.3317",0.000191912016268649
"X2.3319",-0.000455355128186784
"X2.3320",-0.000237842591378487
"X2.3321",-0.000174200984219604
"X0.1025",-0.000134306570424271
"X2.3322",0.000556632437730266
"X2.3323",1.26878898702336e-05
"X0.1026",-0.000199248954189215
"X2.3324",-0.000371951332646242
"X2.3325",0.000158257053181735
"X2.3326",1.56252211024871e-05
"X2.3327",0.000338840050093195
"X0.1027",-3.17956466680419e-05
"X2.3328",-0.000492188577418802
"X2.3329",-0.000190147824411802
"X2.3330",0.000313974331676656
"X2.3332",0.000191334868463513
"X0.1028",9.71409207990503e-05
"X2.3334",-0.000190645038004262
"X2.3336",-0.000172070170116588
"X2.3337",-7.13671222097228e-05
"X2.3339",0.000280515563913428
"X2.3340",-9.38131859194485e-05
"X2.3341",0.000316339384483276
"X2.3342",-0.000140490464039937
"X2.3343",0.00017910038946914
"X2.3344",0.00091581760163138
"X2.3345",-1.64758843239168e-06
"X2.3346",0.000212070327480241
"X2.3347",-0.000192518721265886
"X2.3348",-0.000249977579443341
"X2.3349",-0.000314648881961621
"X2.3350",0.000141406809923523
"X2.3351",-0.000368753540188474
"X2.3353",6.87932329538206e-05
"X2.3354",0.00027851245645707
"X2.3355",6.52855059735868e-06
"X2.3356",-0.000163109624169854
"X2.3357",0.000195783919464244
"X0.1029",0.000173440001904541
"X2.3358",-0.000132693360770347
"X2.3359",-0.000110760184339832
"X2.3360",-0.000467616577286965
"X2.3361",-0.000129828195599982
"X2.3362",0.000333819141443662
"X2.3363",-2.44387131196524e-05
"X2.3364",-0.000252542730663166
"X2.3365",-0.000205220422640179
"X2.3366",0.00012380040543925
"X2.3367",-4.80979682155535e-05
"X2.3368",0.00016783403429179
"X2.3369",-0.000238919060399758
"X2.3370",-0.000105854181906875
"X2.3371",-0.000366402637051791
"X2.3372",0.000213941710055579
"X2.3373",-0.000618103199820036
"X2.3374",-2.18197357934978e-05
"X2.3375",-0.000126037905697406
"X2.3376",-0.00034720082276633
"X2.3377",-0.000137790392047019
"X2.3379",4.52354293328336e-05
"X2.3380",0.00013865833891913
"X2.3381",-0.000229769284084082
"X2.3382",-0.000365734623798978
"X2.3383",-4.21820715862071e-05
"X2.3384",-2.02221515082442e-05
"X2.3385",0.0001824947578312
"X2.3386",-0.000242454864835402
"X2.3388",-0.000118159303632823
"X2.3389",0.000251700938071115
"X2.3390",2.13468745563462e-05
"X2.3391",-0.00032214561670054
"X2.3392",-7.87374797763307e-05
"X2.3393",-0.000118743200081008
"X2.3394",-0.000192932896736004
"X2.3395",-0.000131817894222912
"X2.3396",-0.000203875192674462
"X2.3397",-0.00015856969822337
"X2.3398",-0.000524368314926167
"X2.3399",0.000223538803593726
"X2.3400",-0.000103728769412858
"X2.3401",0.000218310276963923
"X2.3402",5.3024536404316e-05
"X2.3403",0.000217804640523409
"X2.3404",-0.000256532494983933
"X2.3405",0.000138011648769082
"X2.3406",-0.000551742982035417
"X2.3407",-0.000202875818503416
"X2.3408",-0.000376180126504973
"X2.3409",-0.000228047331041173
"X2.3410",5.02846654807876e-05
"X2.3411",0.000157576140799419
"X2.3412",-0.000128918245975548
"X2.3414",-0.000151738403751579
"X2.3415",8.71189400345468e-05
"X2.3416",-0.00012168051960255
"X2.3417",0.000156442237119767
"X2.3418",0.000333476902727186
"X2.3419",9.82538061891587e-05
"X2.3420",0.000242063931279012
"X2.3421",0.000286481830020418
"X2.3422",0.000326017226538591
"X2.3423",-0.000306919822930083
"X2.3424",2.52809971738676e-05
"X2.3426",-9.21486695569818e-05
"X2.3427",0.000474572089562275
"X2.3428",-0.000219225067445153
"X2.3429",-0.000111998475972752
"X2.3430",6.49297263523166e-06
"X2.3431",0.000570964010642374
"X2.3432",-0.000319341015647567
"X2.3433",-0.000122327001212153
"X2.3434",7.09259259801992e-05
"X2.3435",-7.59547113687161e-05
"X2.3436",-3.94849546550512e-05
"X2.3438",-0.000719526773015799
"X2.3439",-0.000100905846274261
"X2.3440",-0.000201607581885949
"X2.3441",-0.000240485780730713
"X2.3443",-0.000136364084622768
"X2.3444",-3.01913935553735e-05
"X0.1032",0.000238010460084175
"X2.3446",0.000166786969234652
"X2.3447",-0.00052946890688172
"X2.3448",0.000274267852355888
"X2.3449",2.47022794985928e-05
"X2.3450",-0.000153825654494552
"X2.3451",-0.00024648059213635
"X0.1033",3.85475934825785e-06
"X2.3454",-0.000203443396595546
"X2.3455",2.58613821441046e-05
"X2.3457",-0.000229624123171008
"X2.3458",-5.04910174604267e-05
"X2.3459",-0.000164270093592983
"X2.3461",0.000175191698298739
"X2.3462",1.13596249919157e-05
"X2.3463",-5.68949335842704e-06
"X2.3464",-0.000777943145644288
"X2.3465",9.8219893392743e-05
"X2.3468",-9.21679390878134e-05
"X2.3469",-1.90903394080485e-05
"X2.3470",-3.26408424093675e-05
"X1.204",0.000181956948081827
"X1.205",6.67432819577903e-05
"X2.3473",0.000175740480716149
"X2.3474",4.54359869797393e-05
"X2.3475",9.685963717976e-05
"X0.1034",0.000326957590766688
"X2.3476",0.000320411575389367
"X2.3477",-0.000335585510740788
"X2.3479",-2.15682076036694e-05
"X2.3481",6.97314490462928e-05
"X2.3482",-0.000266277895331752
"X2.3483",0.000248658601483895
"X2.3484",2.62058054982866e-06
"X2.3485",0.000245446928321085
"X2.3486",4.75756607191292e-05
"X2.3487",-9.64859860206442e-05
"X2.3488",-0.000150395489058345
"X2.3489",0.000281145374185707
"X2.3490",5.95490900361042e-05
"X2.3491",-0.000133101560120975
"X2.3492",0.000120602129688259
"X2.3493",-4.94121796877311e-05
"X2.3494",0.000114455999719678
"X2.3495",0.000431577377902492
"X2.3497",0.000145702233746511
"X2.3499",2.22045072328863e-05
"X2.3500",-9.23037634880325e-05
"X2.3501",0.000261509571087569
"X2.3502",-0.000297023868020266
"X2.3505",8.8018683395924e-05
"X2.3506",0.00020152345005169
"X2.3507",0.000457248382688097
"X2.3508",0.000414252401218505
"X2.3509",5.56065964409831e-05
"X2.3510",6.63067982358248e-05
"X2.3511",8.70396957638e-05
"X2.3512",-4.80680275248786e-05
"X2.3514",-0.000110434894046218
"X2.3515",0.000108751747274341
"X2.3516",-0.000114102742214373
"X2.3517",0.000279581838287245
"X2.3518",0.000169934960751715
"X2.3520",-6.61939054773205e-05
"X2.3521",0.000314517623721707
"X2.3522",-8.41023854496819e-05
"X2.3523",-0.000426261753346827
"X2.3524",-3.64302592908669e-05
"X2.3526",-0.000152700249451805
"X2.3527",-0.000275800685378037
"X2.3528",-0.000304070944422094
"X2.3529",-0.000555785572914592
"X2.3530",-0.00033678121971192
"X2.3531",-0.000142715563854436
"X2.3532",-0.000369497171544327
"X2.3533",-0.000397120735951419
"X2.3534",-3.46093989560014e-05
"X2.3535",-2.71307375770984e-05
"X2.3538",-0.000355089398024379
"X2.3539",-5.61573259551913e-05
"X2.3540",-0.000201000449107724
"X2.3541",0.000254091082969029
"X2.3542",-0.000183459885747793
"X2.3543",0.00014064416822902
"X2.3544",0.000107116653943549
"X2.3546",-0.000442316781189812
"X2.3547",0.000261560854153476
"X2.3548",-0.000199358021527171
"X2.3549",1.15021004066576e-06
"X2.3550",-0.000134659391711985
"X2.3551",-0.000231309450261845
"X2.3552",0.000154410138216939
"X2.3553",0.000189202083598966
"X2.3554",-0.000175603709498286
"X2.3555",0.000174024479718796
"X2.3556",9.10420253558033e-05
"X2.3557",-0.000164608405365008
"X2.3558",-0.000206059431180189
"X2.3559",-0.000238137396980592
"X2.3560",-0.000136799652255618
"X2.3561",-0.000436682728160187
"X2.3562",0.000591848417359072
"X2.3563",-0.000420888994518264
"X2.3564",-0.000204490056597383
"X2.3565",0.000307883184011964
"X2.3566",0.00019219849393368
"X2.3567",-3.53202278772346e-06
"X2.3568",-0.00014671358356565
"X2.3569",-0.00010955848130473
"X2.3570",-0.000378136615860398
"X2.3571",-0.000241629951602834
"X2.3572",0.000364483592989235
"X2.3573",-0.000396283082801114
"X2.3574",-3.91015877859771e-05
"X2.3575",1.22138767980751e-05
"X2.3576",0.000397982333341326
"X2.3577",-6.23541817778951e-05
"X2.3578",-0.000112582523256801
"X2.3579",-7.12942698004675e-06
"X2.3580",6.98333172474893e-05
"X2.3581",0.00029091189192965
"X2.3583",0.000174500109345803
"X2.3584",-0.000358097173560263
"X2.3585",0.000507717930307869
"X2.3586",-0.000111528618951026
"X2.3587",0.000390945922404502
"X2.3588",0.000140396982859987
"X2.3589",-6.77462699039073e-05
"X2.3590",6.23302849167528e-05
"X2.3591",0.000295355100496334
"X2.3592",0.00014095935457633
"X2.3593",0.0002645647691432
"X2.3597",0.000195193713575497
"X2.3598",6.28136551583406e-06
"X2.3599",0.000301834711471275
"X2.3602",-0.000191243810776342
"X2.3605",0.000190673386064171
"X2.3606",-4.524504155211e-05
"X2.3607",4.78382825618904e-05
"X2.3608",0.000659397703179853
"X2.3609",0.000520768847497114
"X2.3610",-0.000231926381470458
"X2.3611",0.000187060620067167
"X2.3612",-0.000228512004042961
"X2.3613",-0.000310442391032711
"X2.3615",9.93200667647742e-05
"X2.3616",-0.000136216316364169
"X2.3618",-5.54830012634267e-05
"X2.3619",0.00031382910223664
"X2.3621",0.000555819145746934
"X2.3622",-5.62145112119091e-05
"X2.3625",0.000312503449891764
"X2.3626",0.000303047474401973
"X2.3627",0.000500594604651687
"X2.3628",-6.24947609229914e-06
"X2.3629",0.000562569241328967
"X2.3630",-0.000263168551110642
"X2.3631",2.11308731706807e-05
"X2.3632",0.000661517109451964
"X2.3633",-4.66014232182364e-05
"X2.3634",0.000293712392463022
"X2.3635",0.000660595944186664
"X2.3636",0.000218445708105634
"X2.3637",0.000268531222095763
"X2.3639",0.000360303702232908
"X2.3640",-0.000197749219841904
"X2.3641",0.000501770730202888
"X2.3642",3.05177446917909e-05
"X2.3644",0.000474385235231675
"X2.3645",0.000292382296465229
"X2.3646",-0.000468529935299524
"X2.3647",-0.000529959082782831
"X2.3649",-1.96158320832938e-05
"X2.3650",-0.000738272770229221
"X0.1038",0.000727396244886788
"X2.3656",-7.70036838453073e-06
"X2.3657",9.56937939818831e-05
"X2.3658",-5.90131988619076e-05
"X2.3659",0.000169421550114767
"X2.3660",0.000661161764880781
"X2.3661",-0.000206294964333963
"X2.3662",0.000715110912146624
"X2.3663",0.000595440559134064
"X2.3664",0.00010842548089656
"X2.3665",0.000205391881300322
"X2.3666",0.000105253700656715
"X2.3667",-0.000134610191596212
"X2.3668",-8.96348650611901e-05
"X0.1039",0.000351502110569803
"X0.1040",6.04046734201259e-06
"X2.3669",0.000503399105834543
"X2.3670",9.69501394200494e-05
"X2.3671",0.000151915991270455
"X2.3672",0.000492428810408759
"X2.3673",0.000498521478678278
"X2.3674",-0.000255867803994837
"X2.3675",0.000426052626910425
"X2.3676",-7.31130666334501e-05
"X2.3677",0.000217407791401492
"X2.3678",0.000772053775216294
"X2.3679",-0.000134439213062131
"X0.1041",-0.000700538234526683
"X2.3680",0.000161546166231677
"X2.3681",-2.62559905758196e-05
"X2.3682",-0.000156500124044298
"X2.3683",0.000125495337603928
"X2.3684",2.76758579992515e-05
"X2.3685",-0.000179357208096139
"X2.3686",0.000404774586623804
"X2.3687",0.000198357486788768
"X2.3688",-0.000315013823824482
"X2.3689",0.000406913856854723
"X2.3690",0.000149153871023886
"X2.3691",0.000229410191077178
"X2.3692",0.000453903208295781
"X2.3693",0.000388509334798566
"X2.3694",0.000312109701684687
"X2.3695",0.000293495024867564
"X2.3696",-0.000128876655289577
"X2.3697",0.000324292978046099
"X2.3698",0.000451404029340659
"X2.3699",0.000578465689527648
"X2.3700",0.000251672679629096
"X2.3701",0.000543310810585937
"X2.3702",0.00061736369928628
"X2.3703",0.000415361052918047
"X2.3704",0.00010685251553466
"X2.3705",0.000215140062797936
"X2.3706",0.000277069643261927
"X2.3708",0.00018313100762182
"X2.3709",0.00027006139563611
"X2.3710",0.000527762935173833
"X2.3711",0.000339466475866273
"X2.3712",0.000597984393605005
"X2.3713",0.000283617753364194
"X2.3714",0.000269450784904627
"X2.3715",-0.000287027570046397
"X2.3716",0.000260829338558731
"X2.3717",0.000128121030094864
"X2.3718",0.000126702997475485
"X2.3719",7.18325090929703e-05
"X2.3720",0.000155739007145672
"X2.3721",0.000160596584632572
"X2.3723",-0.000207274023959348
"X2.3724",-0.00011906996823113
"X2.3725",2.51760163551707e-06
"X2.3726",0.000340872520758931
"X2.3727",2.10342304603411e-05
"X2.3728",0.000121105922143884
"X2.3729",-6.97632279230046e-05
"X2.3730",-0.000124669951316061
"X2.3731",-0.00017799179693361
"X2.3732",-5.27858993437711e-05
"X2.3733",-0.000365238997372599
"X2.3734",0.000133127608011877
"X2.3735",0.000122466225614514
"X2.3737",1.58676783255199e-05
"X2.3738",0.000165512107827721
"X2.3739",-1.76754334803941e-05
"X2.3740",5.25798080153135e-05
"X2.3741",-0.000403748831967244
"X2.3742",-0.000417439649118035
"X2.3743",-0.000303049738651398
"X2.3744",0.000378291797792782
"X2.3745",0.000137127673413838
"X2.3747",-0.000571503159030916
"X2.3749",0.000202832782163827
"X2.3750",0.000169139785104689
"X2.3751",0.000216764353868289
"X2.3752",0.000193113279332818
"X2.3753",-0.000150087303295811
"X2.3754",-0.000203466195558263
"X2.3755",-0.000101651483656025
"X2.3756",0.00037969198158531
"X2.3757",0.000426412107781099
"X2.3758",-0.000274989278671944
"X2.3759",5.53513934745837e-05
"X2.3760",-0.000137081871735592
"X2.3761",7.39212419919235e-05
"X2.3762",-0.000148200070202369
"X2.3763",-7.53444874010414e-05
"X2.3764",6.81616630147556e-05
"X2.3766",0.000240453823348518
"X2.3767",0.000108248534076113
"X2.3768",3.65647814007671e-05
"X2.3769",-0.000231480308662955
"X2.3770",0.000179157705752294
"X2.3771",-4.14337008781548e-05
"X2.3772",-0.000137493184537228
"X2.3773",0.000134810533770497
"X2.3774",-6.73641838351611e-05
"X2.3775",-0.000158263660810704
"X2.3776",0.00021286749056345
"X2.3777",5.94420385274739e-07
"X2.3778",0.000193377717522978
"X2.3779",-0.000233507416417117
"X2.3780",-3.01559098300986e-06
"X2.3781",-0.000399734996987392
"X2.3782",0.000103604695059588
"X2.3783",0.000272495104145913
"X2.3784",-0.0004723621753027
"X2.3785",-0.000295652387353207
"X2.3786",8.06880673533221e-05
"X2.3787",-0.000114118454269708
"X2.3788",-0.000334556215207633
"X2.3791",-0.000298632242495568
"X2.3793",-0.00012506381420495
"X0.1044",-0.000177435091133606
"X0.1045",-0.000299762862287511
"X2.3794",-0.000229378908562685
"X0.1046",0.000133935790510448
"X2.3797",0.000271593549490655
"X0.1047",4.32930488417734e-05
"X2.3799",0.000348599741826962
"X0.1048",0.000356666001441056
"X2.3800",3.35277444117452e-05
"X2.3801",-0.000159240879150049
"X0.1049",0.000645567933629066
"X2.3802",4.31398805601908e-05
"X2.3803",8.65539878996934e-05
"X2.3805",-0.000318972032818598
"X2.3808",0.000461712736578926
"X0.1051",0.0004061107242767
"X2.3810",6.9641860123475e-05
"X0.1052",0.000385912864804012
"X2.3811",-0.00046332800370814
"X2.3812",-3.87462981956708e-05
"X2.3813",-0.000448528198363325
"X2.3814",-0.000214236968462804
"X2.3815",-0.000183321415266306
"X2.3816",-0.000178692174866865
"X2.3817",-0.000371644350745778
"X0.1053",0.000490226873428936
"X0.1054",0.000506519076648256
"X0.1055",1.46013232110953e-05
"X2.3818",0.000106060429436426
"X0.1056",0.00053564635793225
"X1.213",0.000331759058410305
"X2.3819",-0.000347219323707556
"X0.1057",0.000210806894500302
"X2.3820",0.000286924457287365
"X2.3821",0.000380605403324759
"X2.3823",7.27927838931803e-05
"X2.3826",-0.000434466144457896
"X2.3827",-0.000324020143815743
"X2.3828",-0.000279412737755314
"X0.1058",7.32221310862938e-05
"X0.1059",0.000178455166414559
"X0.1060",0.000529100961874201
"X2.3829",-0.000305197438521829
"X0.1061",-0.000166727719536585
"X2.3830",0.000160972466113052
"X2.3831",0.000171363655811264
"X2.3832",0.000659970490752335
"X2.3833",9.13596287651132e-06
"X2.3834",0.000203156028797841
"X2.3835",0.000450137684255171
"X2.3836",-0.000267249537787407
"X2.3837",7.96184932354747e-05
"X0.1062",-0.000672248036550069
"X0.1063",0.00047504872794799
"X2.3839",3.29416449187213e-05
"X2.3840",0.000109257025627186
"X2.3841",0.000174364576422528
"X2.3842",0.000107596456799374
"X2.3843",0.000212784847328311
"X2.3844",0.000368077028595288
"X2.3845",0.000257456224780873
"X2.3846",-0.000170001706985052
"X2.3847",0.00023518100862294
"X2.3848",0.000181462412254898
"X2.3849",-2.08535420089869e-05
"X2.3852",0.000105457590886807
"X2.3853",0.000377383875996312
"X2.3854",3.92353902203986e-05
"X2.3855",0.000178838229762077
"X2.3856",0.000381974470501063
"X2.3857",0.00030725138218168
"X2.3858",0.00028034004843071
"X0.1064",3.56596153855566e-07
"X2.3859",-4.24299474423129e-05
"X2.3860",-0.000500903429176173
"X2.3861",-8.4693044290309e-05
"X2.3862",8.59292249256721e-05
"X2.3863",2.064290123945e-06
"X2.3864",0.000513622355708996
"X2.3865",5.83167676839399e-05
"X2.3866",0.000594248654185199
"X2.3867",-0.000289997917448405
"X2.3868",-7.98773391507681e-05
"X2.3869",0.000203219193767817
"X2.3870",-8.98211720407916e-05
"X2.3871",1.52863254805107e-06
"X2.3872",0.000509929499420932
"X2.3873",0.000323595410010366
"X2.3874",0.000161466423467058
"X0.1065",0.000189322033670422
"X2.3875",0.000188340635069755
"X2.3876",8.41586617536995e-05
"X2.3877",0.000171748912375046
"X2.3878",0.000389237306038971
"X2.3879",-4.12325355568748e-05
"X0.1066",0.00029748936316442
"X2.3880",0.000970128848453274
"X2.3881",0.000890788669886717
"X2.3882",-0.000455045059163191
"X0.1067",-0.000130396309272345
"X0.1068",-0.000521068552741575
"X2.3883",-0.000484839645885451
"X2.3884",-0.000337140796076348
"X2.3885",0.000110690481010241
"X2.3886",-0.000635983837986662
"X2.3888",-0.00014080716152438
"X2.3889",0.000582080929801225
"X2.3890",0.000240359043844464
"X2.3891",0.000446366896138302
"X2.3893",-0.000341630599462509
"X2.3894",-0.000312301812392071
"X2.3895",-0.000238500515100708
"X2.3896",0.00023425526826341
"X2.3897",0.000101038113584954
"X2.3898",2.84468024983668e-05
"X2.3899",0.000336052647362247
"X2.3900",0.00071227862619779
"X2.3901",9.86830668864336e-05
"X2.3902",0.000332094920076432
"X2.3903",-9.00073572071308e-05
"X2.3904",2.25824446660597e-05
"X2.3905",0.000554699511092544
"X2.3906",-3.14727350947619e-05
"X2.3907",0.000131409757348707
"X2.3908",7.09670179081245e-05
"X2.3909",-5.76174617249109e-06
"X2.3910",0.000530013058723353
"X2.3911",-9.57446919091992e-05
"X2.3912",0.000330691153183356
"X2.3913",7.99560759123373e-05
"X2.3914",0.000133019284022155
"X2.3916",0.000204633833419982
"X2.3918",6.51644072960517e-05
"X2.3919",0.000251139587083521
"X2.3920",2.33022917519579e-05
"X2.3921",2.87015446372418e-05
"X2.3923",-0.000226304995613821
"X2.3924",-0.000302892596291109
"X2.3925",-7.56147209481778e-05
"X2.3926",-0.000183553534336002
"X2.3927",0.000252649514456566
"X2.3928",-0.000354316705646143
"X2.3929",8.60256850923325e-05
"X2.3930",0.000365775964986802
"X2.3931",0.000269093683637512
"X2.3934",0.000144025682919307
"X2.3935",0.000286876269874472
"X2.3936",0.000323875356850162
"X2.3937",0.000268255552822074
"X2.3938",-0.00017988869594246
"X2.3939",0.00015575959636064
"X2.3942",5.17422585968846e-06
"X2.3943",-0.000261856699454797
"X2.3944",-0.000159179024603628
"X2.3945",0.000231567761353401
"X2.3946",-0.00026038888310379
"X2.3947",-0.000149939680207094
"X2.3948",0.00044147014453686
"X2.3949",0.00023459877252549
"X2.3950",0.000616710522669146
"X2.3951",0.00057563063643276
"X2.3952",0.000347862945648879
"X2.3953",0.000567685644004165
"X2.3954",0.000756323266514738
"X2.3955",0.000654855473780162
"X2.3956",0.000469063282375967
"X2.3957",0.000424358139070716
"X2.3958",0.000322265145896022
"X2.3959",-0.00010694219044371
"X2.3960",-0.000189385130681431
"X2.3961",-0.00108736389419397
"X2.3962",0.000536713097857322
"X2.3963",-0.000452902199070498
"X2.3964",0.000120541108102468
"X2.3965",0.000492254792175031
"X2.3966",-0.000279458736362216
"X2.3967",-0.000302878288072401
"X2.3968",-0.000387486943433061
"X2.3969",-0.000881340785742788
"X2.3970",8.29126747874126e-05
"X2.3971",-0.000229970412686497
"X2.3972",8.59900282036777e-05
"X2.3973",-2.4156440650168e-05
"X2.3974",0.000249128247259094
"X0.1072",-0.000789374111177869
"X2.3975",0.00037876856603539
"X2.3976",-0.000103392569701077
"X2.3977",-0.000181855010678206
"X2.3978",-0.000248999968072088
"X2.3979",-1.4172027853157e-05
"X0.1074",-0.000878424392718697
"X2.3980",0.000359163025946744
"X2.3981",-0.000787631687601261
"X2.3983",9.72049330494932e-05
"X0.1075",-0.000236126293208871
"X2.3984",-9.22315907040843e-05
"X0.1076",-0.000345637332836364
"X2.3985",-0.000397768335745515
"X2.3987",-0.00027826176488462
"X0.1077",-4.92091221069869e-05
"X0.1078",-6.441998311517e-05
"X0.1079",0.000368447497501489
"X0.1080",0.00067538375381348
"X2.3988",0.000122720565315164
"X2.3989",0.000185698164150081
"X0.1081",4.64531768513216e-05
"X2.3991",0.000808650418581162
"X2.3992",0.000425297018675745
"X2.3993",0.000335261766357617
"X2.3994",0.000384215711417222
"X2.3995",0.000245534213638668
"X2.3996",0.000834957565993675
"X2.3997",2.08802663641494e-05
"X2.3998",0.000247314361606123
"X2.4001",0.000257003668311961
"X2.4002",-3.17969552777136e-05
"X2.4004",0.000523542348533528
"X2.4005",0.0005569325566552
"X2.4006",0.000257920686742807
"X2.4007",-0.000204949281710138
"X2.4008",0.000308572286019396
"X2.4009",0.000442652748749499
"X2.4011",7.57749872481409e-06
"X2.4012",8.54500088963496e-05
"X2.4013",0.000498964212421445
"X0.1082",0.000145667544547826
"X0.1083",-0.00026371783540994
"X0.1084",-0.000111772348321092
"X0.1085",0.000217844560690953
"X0.1086",0.000120699804107509
"X0.1087",-1.80340626217111e-05
"X0.1088",-0.000280635399649873
"X0.1089",4.16324627829079e-05
"X0.1090",-0.000101556282305195
"X0.1091",-2.30280848197426e-06
"X0.1092",-9.31372121837925e-05
"X0.1093",0.000492987561292024
"X0.1094",1.04146766361232e-05
"X0.1095",0.000526588148788932
"X0.1097",0.000314434994595584
"X2.4019",3.20996649143886e-05
"X0.1098",-0.000154295971212705
"X0.1099",-8.19828019770329e-05
"X2.4020",0.000361071277027857
"X2.4021",0.000473310755701051
"X2.4025",0.000353765881763647
"X2.4026",-3.52849683665925e-05
"X2.4027",9.12956213593669e-05
"X2.4028",-0.000307344248207263
"X0.1100",0.00035045247766881
"X0.1101",-0.000216884263950436
"X2.4031",0.000326687326835907
"X2.4032",-0.000189708797626269
"X0.1102",9.03395821469127e-05
"X2.4033",0.000368508057887664
"X2.4034",7.46161701644856e-05
"X2.4035",5.63879816348153e-05
"X2.4036",0.000238279080266573
"X2.4037",-0.000252523819789764
"X2.4038",-1.58983949864293e-05
"X1.217",0.000152452847595911
"X2.4040",0.000244636524913457
"X2.4041",0.000115877101031357
"X2.4042",-5.67825520990329e-05
"X2.4043",-0.000227420900801411
"X2.4044",0.000306080648289443
"X2.4047",8.05848311099628e-05
"X2.4048",4.32084836268734e-05
"X2.4049",-5.87247412001193e-05
"X2.4050",5.76094123305204e-05
"X2.4051",5.34986322132508e-05
"X2.4053",-0.000177127089868302
"X2.4054",-6.8717513699379e-05
"X2.4055",-3.68442064555084e-05
"X2.4057",-0.000208601310898
"X2.4058",0.000168522064123749
"X2.4059",8.4005206042889e-05
"X2.4061",0.00026988590132063
"X2.4062",0.000159631436247938
"X2.4063",0.000452181267780751
"X2.4064",0.000465367935652555
"X2.4065",1.849190674109e-05
"X2.4066",-4.03302779388958e-05
"X2.4068",0.000322519828602497
"X2.4069",0.000439660584511921
"X0.1103",1.85369033247012e-06
"X0.1104",-0.000394054351383722
"X0.1105",-0.000224565623491015
"X0.1106",0.000456108802855919
"X0.1107",0.000125872443137399
"X0.1108",-0.000391415425866465
"X2.4075",-0.000499754966588284
"X2.4076",-5.87697328397857e-05
"X2.4077",-0.000198298483202407
"X2.4079",-0.000140278342802125
"X0.1110",-0.00037015874058472
"X0.1111",-1.52948435659869e-05
"X2.4082",-0.000358813013646103
"X2.4083",-0.000375388354064907
"X0.1112",-0.000353791263196736
"X2.4084",-2.85177312753045e-05
"X2.4085",0.000286906907037277
"X0.1113",-0.000144525875110505
"X2.4086",-0.000193811152454183
"X2.4088",5.27537219320645e-05
"X2.4089",0.000109675342362004
"X0.1116",0.000113261345683689
"X0.1117",-1.65905578264351e-06
"X0.1118",5.15986288609315e-05
"X2.4091",-0.000147571457287838
"X2.4093",0.000231206041329672
"X2.4094",6.34243142453571e-05
"X2.4095",0.000257956138787506
"X2.4096",3.00509316455333e-05
"X2.4097",5.10839317659209e-05
"X0.1120",-0.00040532829121125
"X0.1121",0.000191757409352438
"X2.4102",-0.00010052991187874
"X2.4103",0.000226993302022374
"X2.4104",-0.000327041406873215
"X2.4105",-0.000430332102033574
"X2.4106",8.08778479172123e-05
"X2.4107",0.000101512434779996
"X0.1123",0.000458945194404874
"X0.1124",0.000359827863579338
"X0.1125",0.000196120300605789
"X0.1126",-0.000170298059824075
"X0.1127",0.000221935446796269
"X2.4108",0.000188097316711684
"X2.4109",4.41830622528782e-05
"X2.4110",-0.000302200326741991
"X0.1128",-6.0446617854852e-05
"X0.1129",0.000215917332209941
"X1.219",1.59186005153011e-05
"X0.1130",0.000189783944582105
"X0.1131",0.000154476991429717
"X2.4112",-0.000966916277394564
"X2.4113",-0.000181565339215941
"X0.1132",0.000205234481810691
"X2.4114",-0.000566748353300723
"X2.4115",-0.000547869324151797
"X0.1133",0.000418019521652321
"X1.220",0.000509870969405398
"X0.1134",-9.62847193309602e-05
"X2.4116",9.49815878066084e-05
"X2.4120",-0.00023224078938264
"X2.4121",-0.000417313499937428
"X0.1136",-8.10764469763879e-05
"X0.1137",-0.000401355261057052
"X2.4122",6.73507587283684e-05
"X2.4123",0.000570832771564389
"X0.1138",-0.000136093160587934
"X2.4124",0.000219450357870873
"X2.4125",-0.000215053789799206
"X0.1139",-0.000236243698256594
"X2.4126",0.000593059942600973
"X2.4127",0.000685872450398539
"X2.4128",0.000125009885577091
"X2.4129",-0.00020391844671307
"X2.4130",0.000230768130086645
"X2.4131",5.38623868032289e-05
"X2.4132",0.000162114675757125
"X2.4133",-0.000205707210788892
"X2.4135",8.25478200074578e-05
"X0.1140",0.000251912558381551
"X0.1141",0.000210650926769383
"X0.1142",5.52409728690378e-06
"X2.4137",-0.000263386787923624
"X2.4138",-8.92474461433394e-05
"X0.1143",1.49684143306398e-05
"X2.4139",-0.000375259528118026
"X0.1144",0.000484622828930194
"X2.4141",0.000180830489280823
"X2.4142",-7.79772030909342e-05
"X2.4145",-0.000384866704207737
"X2.4146",-0.000392852717506408
"X2.4147",0.000616191868155749
"X2.4148",-0.000500241263281557
"X2.4149",0.000485787048479828
"X2.4150",0.000379864026173905
"X0.1145",-4.65948970816383e-05
"X0.1146",-7.567521792817e-05
"X0.1147",-0.000140298235283364
"X2.4152",-0.000168371845810488
"X2.4153",3.49024547227257e-05
"X0.1148",0.000183063435619834
"X2.4154",-0.00065214837504468
"X2.4155",0.000155136844533386
"X2.4156",-0.000233843249386886
"X2.4158",-8.20897583894598e-05
"X2.4159",0.000444401090714617
"X2.4160",0.000171580907749268
"X2.4161",7.23944606494895e-05
"X2.4162",0.000155517605259432
"X2.4163",-0.000312558024080336
"X0.1149",0.000352910334263217
"X2.4165",-0.000237431660551916
"X0.1150",0.000430702867105231
"X0.1151",0.00025023511456291
"X0.1152",7.6952867528321e-05
"X2.4166",-0.000172086720482377
"X0.1154",-0.000356789097579408
"X2.4167",-0.000109241273337499
"X2.4168",0.000212313675758522
"X2.4169",0.000626278832096915
"X0.1155",9.58669559601068e-05
"X0.1156",-0.000203390242078886
"X2.4170",-4.0381338306598e-05
"X0.1157",0.000466880101195474
"X0.1158",-0.000405178606365745
"X0.1159",-0.000200497269756571
"X0.1160",0.000109121972120828
"X2.4171",-2.84022225772759e-05
"X2.4172",0.000256463548564736
"X2.4173",-0.000404322407111676
"X2.4174",0.000337554424261109
"X2.4175",0.000190845384983224
"X2.4176",-0.000404074865389209
"X2.4177",0.000195657558250966
"X2.4179",0.0002368877595667
"X2.4180",-0.00100556029343946
"X2.4182",-0.00054738310936563
"X2.4183",-0.000473135143219401
"X2.4184",-0.00059170482370236
"X2.4185",-9.42755646990175e-05
"X2.4186",-8.08380881380972e-05
"X2.4187",-0.000314413834198006
"X2.4188",-0.000116705597737825
"X2.4189",8.78517092530707e-05
"X2.4190",-0.000475322764758996
"X0.1162",-0.000572643068481359
"X0.1163",-5.3608885038703e-05
"X2.4191",0.000189046418338509
"X2.4192",0.000414451330712346
"X2.4194",0.000372581854187001
"X2.4195",0.000124600214732933
"X2.4196",3.18755827790088e-05
"X2.4197",0.000379112766781512
"X2.4198",0.000283866673147065
"X2.4199",-8.62740151437315e-05
"X2.4200",0.00034603381208617
"X2.4201",0.000109333637326369
"X2.4202",7.17436074801899e-05
"X2.4203",3.06866824970259e-05
"X0.1164",-7.63341749115937e-05
"X2.4205",0.00038276323247918
"X2.4206",0.000648086613657903
"X2.4207",0.000567226779614381
"X2.4209",-0.00033546024977574
"X2.4210",-0.000546843817325677
"X0.1165",-0.000368071150533682
"X2.4211",-0.000330942482127293
"X2.4212",-0.000927602435272608
"X2.4214",0.000377744188783453
"X0.1166",-3.69306963631683e-06
"X2.4215",-0.000619543430253632
"X2.4216",-0.000443116495292556
"X2.4217",0.000421521945369036
"X2.4218",-0.000237628337766044
"X2.4219",-0.000173905045375392
"X2.4220",-0.000407535847529312
"X2.4221",-0.000441464967589132
"X2.4222",-0.000154398507602036
"X2.4224",-0.000490991877353805
"X0.1167",0.000290559908177862
"X2.4225",0.000376998654224767
"X2.4226",-0.00059697881901617
"X2.4227",-0.000378261865474196
"X0.1168",0.00036801238043831
"X2.4228",-0.000207787814136905
"X0.1169",2.36156881127146e-05
"X2.4229",-0.000433612011280751
"X2.4230",0.000557683653087562
"X2.4231",-0.000117831445914459
"X0.1171",-0.000514672719557928
"X2.4232",-0.000579201502632337
"X0.1172",0.000708422514332324
"X0.1173",0.000555237763750215
"X2.4234",-0.00091793891270285
"X0.1174",-2.62458007400157e-05
"X2.4235",0.000610740905976366
"X0.1175",-0.000545811343233572
"X2.4237",0.000218778457619254
"X2.4238",0.000283522404257691
"X0.1176",-4.59577082484812e-06
"X2.4239",0.00070356778314127
"X2.4240",0.000826991678988442
"X0.1177",0.00043214375011374
"X2.4241",0.000570590785778181
"X2.4242",-5.58189674849922e-05
"X2.4243",0.000269085031011471
"X0.1178",5.88835612601324e-05
"X2.4244",0.000174768689541678
"X2.4245",0.000242553025224001
"X0.1179",0.00021181934671137
"X2.4246",0.000310515696116842
"X2.4247",0.000108800343483564
"X2.4248",-6.30621885791658e-05
"X2.4249",6.34110048634835e-06
"X2.4250",3.38546534234018e-05
"X2.4251",0.000718681170308951
"X0.1180",0.000600634221322423
"X0.1181",0.000123011805418827
"X0.1182",-9.5415852938395e-05
"X2.4252",0.00013288788635834
"X1.223",0.000176379055844938
"X2.4253",-0.000104735427701529
"X2.4254",8.78774585436056e-05
"X0.1183",-0.000160409920084068
"X0.1184",-4.6368809453253e-05
"X0.1185",0.000114170120779603
"X0.1186",-0.000144591832970264
"X0.1187",-0.000214728955074924
"X0.1188",0.000128948715811814
"X0.1189",5.88858675440218e-05
"X1.224",0.000437625399512072
"X0.1190",0.000363799214916403
"X0.1191",0.000697238493155622
"X1.225",0.000266701950529212
"X2.4262",0.000112501180322723
"X2.4263",0.000399962858743167
"X2.4264",-0.000649944243868429
"X2.4265",0.00034230808011991
"X2.4266",0.000341315938253741
"X2.4267",-5.67044361213237e-05
"X2.4268",-9.6283431705782e-05
"X0.1192",0.000133827097659414
"X2.4269",0.000243649683249344
"X0.1193",0.000336021306277453
"X2.4271",-0.000420597548874943
"X2.4275",0.000928071929177561
"X2.4276",-1.71440875460867e-05
"X2.4279",0.000338269444062618
"X2.4280",2.18835622277822e-05
"X2.4282",0.000260658936672849
"X2.4283",0.000224916089742059
"X0.1194",0.000322020055397397
"X2.4284",0.000491738296041303
"X2.4285",-8.46253297751485e-05
"X0.1196",0.000474298023526805
"X2.4286",-0.000238561791084151
"X0.1197",-3.41097844887021e-06
"X2.4287",3.40403291564262e-05
"X2.4288",0.000203461792707312
"X0.1198",-0.000528458234479096
"X0.1199",-0.000423678122020035
"X0.1200",-0.000225311435827353
"X2.4289",0.000327031747116188
"X2.4290",0.000217369419220764
"X0.1201",0.000184001748750707
"X0.1202",0.000310788066044841
"X0.1203",7.1549313168712e-05
"X2.4300",1.1591366034681e-05
"X0.1204",-0.000464725300016866
"X0.1205",0.00042689865305773
"X2.4305",9.15197565850964e-05
"X2.4306",0.000257278011699401
"X0.1208",-5.11634703123566e-05
"X0.1209",7.67905160671106e-05
"X0.1210",7.72354443774607e-05
"X0.1211",8.12945412301608e-05
"X0.1212",4.28879801844596e-05
"X0.1213",4.65415420530099e-05
"X2.4312",-0.000640731126471317
"X2.4313",-8.62863192022274e-05
"X2.4314",-0.000466990853314318
"X2.4315",0.000173238279521533
"X1.235",0.000233072579104543
"X0.1216",-0.000350333630666848
"X2.4316",0.000167408870994475
"X2.4317",0.000829335651870156
"X2.4318",0.000411114380774305
"X2.4319",0.000212602942278257
"X2.4320",0.000129857336503423
"X2.4321",0.000194663053458469
"X2.4322",0.00035214233240313
"X2.4323",0.000666370106139859
"X2.4324",0.000187266984789617
"X2.4326",0.000235684009375203
"X2.4327",0.000497557996351449
"X0.1217",-4.05472501001558e-06
"X2.4328",-0.000347234164921584
"X0.1218",-0.000323627653254838
"X0.1219",-0.000466869913382761
"X0.1220",8.4264699957298e-05
"X0.1221",-0.000238001194431099
"X0.1222",-0.00019990156512049
"X0.1223",-0.00054577821065236
"X0.1224",-0.000204177975231927
"X1.239",6.09521667227477e-05
"X0.1225",0.000405172163137883
"X1.241",-3.32979963390626e-05
"X2.4331",0.00019281864003646
"X0.1227",2.52277652383835e-05
"X2.4336",0.000346496095019104
"X0.1228",-0.000639541893444329
"X0.1229",6.3872393433093e-05
"X2.4339",0.000435394780298705
"X2.4342",-0.000777365765423501
"X2.4343",0.000285042091711
"X2.4344",0.000626923356930048
"X2.4345",-0.000174170237541943
"X2.4346",-5.91823432392496e-05
"X2.4347",-0.000491185886357107
"X2.4348",-1.68884639313081e-05
"X2.4349",0.000124026209964343
"X2.4350",-4.48998815429802e-05
"X2.4351",-2.38972853963176e-05
"X2.4352",0.000264796483778976
"X2.4353",6.62951912994582e-05
"X2.4354",0.000259025261741279
"X2.4355",-0.000242907987277822
"X2.4356",0.000334515649683029
"X2.4357",1.23191328436458e-05
"X2.4358",-0.000283018325218032
"X2.4359",0.000151513065818031
"X2.4361",7.29908149534257e-05
"X2.4362",0.0001315790140527
"X2.4363",0.000516443649225238
"X2.4364",3.59795221525399e-05
"X2.4365",-2.95223598129948e-05
"X2.4366",-0.000135715765661193
"X2.4367",-6.84056961240826e-05
"X2.4368",-0.000381912352763611
"X2.4369",0.000240059057978472
"X2.4370",8.03870488341138e-05
"X2.4371",-0.000284317857102883
"X2.4372",-0.000162091744108596
"X2.4373",-0.000243868262623496
"X2.4374",-0.000383167561175655
"X2.4375",0.000275988420723451
"X2.4376",-0.00025869449642346
"X2.4377",-0.00012096634446147
"X2.4378",-0.000290517151611595
"X2.4379",0.00024259319721502
"X2.4380",-0.000368530747227519
"X2.4381",0.000165289546131361
"X2.4382",-0.000162328526417589
"X2.4383",0.000113594515714082
"X2.4384",-9.39653986998318e-05
"X2.4385",0.000696264363851721
"X2.4386",-0.000102689666117677
"X2.4387",0.000208902300350747
"X2.4388",0.000107644174225609
"X2.4389",-0.000372345722793307
"X2.4390",0.000213502950530875
"X2.4391",-8.46859699317565e-05
"X2.4392",-0.000250988456638047
"X2.4393",0.000434654732320026
"X2.4394",8.83887266041804e-05
"X2.4395",0.000428113985230436
"X2.4396",0.000272997564781443
"X0.1230",2.04199493283093e-05
"X2.4398",-0.00017451583833514
"X2.4399",0.000210784026472832
"X2.4400",-0.000291370350018057
"X2.4401",-0.000421291138440076
"X2.4402",-0.00015586283964358
"X2.4403",1.60909581619338e-05
"X2.4404",5.40517776291117e-08
"X2.4405",0.000145259979981156
"X2.4406",0.000202989066068979
"X2.4407",-0.000362766626786057
"X2.4408",0.000202809426681589
"X1.247",-1.58610124295911e-05
"X2.4409",-0.000143085571710281
"X2.4410",0.000170171797417995
"X2.4411",0.000244186103157566
"X2.4412",0.000448071949692995
"X2.4413",-0.000189856166061749
"X2.4414",0.000617886862705127
"X2.4415",4.76078567412956e-05
"X2.4416",-7.25584465794906e-05
"X2.4418",-6.48263135494505e-05
"X2.4419",-9.47201116374329e-05
"X2.4420",-6.82436051439568e-05
"X2.4421",0.000373738953746938
"X2.4422",-0.000128778855780789
"X2.4424",0.00036585572083665
"X2.4426",8.48528155187544e-05
"X2.4427",-0.000181041958327468
"X2.4429",0.000273561830779891
"X2.4430",-0.000535197607657609
"X2.4432",-0.000627981038791004
"X2.4433",-0.000285373545651611
"X2.4434",-6.55726011107791e-05
"X2.4435",-5.6634008512557e-05
"X2.4436",0.00033971519737628
"X2.4437",-0.0002770326649077
"X2.4438",0.000425916024575591
"X2.4439",1.76150066302605e-05
"X2.4440",0.000530455237728906
"X2.4441",-7.54060886463463e-05
"X2.4442",-1.38147536827469e-05
"X2.4443",0.000400047147300669
"X2.4444",-0.000178253775720173
"X2.4445",0.000321879595941402
"X2.4446",5.96435432917509e-05
"X2.4447",7.19003338917684e-05
"X2.4448",0.000132994199910888
"X0.1231",1.97342856964381e-05
"X2.4450",0.00016612469828449
"X0.1233",6.03771033062379e-05
"X2.4452",0.000197013680031468
"X0.1234",-0.000504396190855424
"X0.1235",-0.000378718645039701
"X0.1236",-0.000454645163285864
"X0.1237",-0.000333252107576682
"X2.4457",-0.000260133149290348
"X0.1238",-0.00016416369185892
"X0.1239",-0.00035448360391822
"X0.1240",-0.000231153418295662
"X0.1241",-0.000437124088029762
"X2.4458",-0.000440394037421689
"X2.4459",-2.5653141836635e-05
"X0.1242",-0.000363531011312912
"X0.1243",4.50190120512523e-06
"X2.4460",-0.000192178987235919
"X2.4461",0.000115277131362651
"X0.1244",-0.000112175290580051
"X2.4462",-0.000524126885785062
"X0.1245",-0.000573714845203047
"X0.1246",-0.000498827608429583
"X0.1247",-0.000985882070922411
"X0.1248",-4.2422276846725e-06
"X0.1249",-0.000376825073073128
"X0.1250",-3.00289996000715e-05
"X0.1251",-0.000572204128106461
"X0.1252",-0.00044968763821354
"X0.1254",-0.000395319360491851
"X2.4466",0.00015184051409097
"X0.1255",-1.84368213651333e-05
"X2.4469",-0.000422071511194582
"X2.4470",0.000173122949660186
"X2.4471",-0.000138142392173707
"X2.4472",-0.000116788368642855
"X2.4475",0.000118283728916224
"X2.4476",6.15189300384306e-05
"X2.4477",3.10370189933476e-06
"X2.4478",0.000266479023369867
"X2.4479",-0.000401788601918067
"X2.4481",0.000321066933782087
"X2.4482",-5.91978169777834e-05
"X2.4483",-0.000117290384478012
"X2.4484",-6.91756477769817e-05
"X2.4485",0.000120717843207519
"X2.4486",0.000145723052480043
"X2.4487",-1.00462613509377e-05
"X0.1256",0.000410025209248805
"X0.1257",0.000157461350389489
"X0.1258",-1.94757307922444e-05
"X2.4490",3.58936308201701e-05
"X2.4492",0.000715828298208925
"X2.4494",-0.000226231231762439
"X2.4495",0.00038731977752805
"X0.1259",-9.37362164251341e-05
"X2.4499",-2.35246642063189e-05
"X2.4501",0.000340598164624065
"X2.4503",0.000195903652884439
"X2.4507",0.000391870646427039
"X2.4508",0.000126379272393133
"X2.4509",0.000624072743763894
"X2.4510",0.00071365601788545
"X2.4511",0.00067561701647663
"X2.4513",0.00010348355891461
"X2.4516",-4.80264092209078e-05
"X2.4517",0.000323403307671363
"X2.4518",0.000203946814028254
"X2.4519",0.000205276874369121
"X2.4520",5.01233593333306e-05
"X2.4522",-0.000278479256982623
"X2.4523",0.000179418141008713
"X2.4524",6.99314148280103e-05
"X2.4525",0.000292661957175486
"X2.4526",-8.77669744229175e-06
"X2.4527",-0.000162375206726037
"X2.4528",0.00011677876314131
"X2.4529",-7.10084754478621e-05
"X2.4530",0.00035228667892737
"X2.4532",-0.000261197140937348
"X2.4533",-0.000402718183215244
"X2.4534",-0.000191177087347593
"X2.4535",0.000244610831425868
"X2.4536",-0.00039770761426667
"X2.4537",0.000243583116062957
"X2.4538",1.85502980822875e-05
"X2.4539",-4.8449318905491e-05
"X2.4540",-0.000104577374633873
"X2.4541",-9.98208129388563e-05
"X2.4542",-0.000199123023221931
"X2.4546",0.000236541428460407
"X2.4548",-9.70686112954572e-05
"X2.4549",-8.36482455735702e-05
"X2.4552",5.53881784873609e-05
"X2.4553",0.000114488741960777
"X2.4555",-0.000255205643856886
"X2.4556",-0.000295813112673723
"X2.4557",-0.000703568771234837
"X2.4558",-0.00027381768192865
"X2.4559",-0.000433165389727772
"X2.4560",0.000102091169475823
"X2.4561",-0.000411009826239907
"X2.4562",-0.000484106549490049
"X2.4563",1.90511503022244e-05
"X2.4564",0.0002812927375052
"X2.4565",-0.000304690077211229
"X2.4566",-6.71755805363565e-05
"X2.4567",-0.000166222117057257
"X2.4568",4.49717457217826e-05
"X2.4569",-0.000254433779897986
"X2.4570",-0.000537017649806716
"X2.4572",-0.000452754645349847
"X2.4573",-0.000169232186572816
"X2.4574",0.000222221594792888
"X2.4575",-0.000426875889690099
"X2.4576",-9.30882010225928e-05
"X2.4577",4.44005722534474e-05
"X2.4578",-0.000445551987028314
"X2.4579",-0.000186786545220719
"X2.4580",-0.000241317814952603
"X2.4581",-8.11952072279807e-05
"X2.4582",-0.000486017980094514
"X2.4583",-0.000159351834315482
"X2.4584",0.000339577753768337
"X2.4586",-0.000336590308503527
"X2.4587",-0.000220727752311824
"X2.4588",-0.000206333281118947
"X2.4590",-9.79758670275661e-05
"X2.4591",-0.000169981687126186
"X2.4594",-0.00018408302425489
"X2.4597",-0.000283534318794559
"X2.4598",-0.000215065914952742
"X0.1262",0.000138685860655567
"X2.4602",-0.000154334943023576
"X2.4603",-0.000766412928680581
"X2.4605",6.64981852705964e-05
"X2.4607",0.000435560675338842
"X2.4612",-0.000249154809745059
"X2.4615",-1.93166043249782e-05
"X2.4617",0.000166416461768915
"X2.4620",0.000445194736115802
"X2.4621",0.000142047571535723
"X2.4625",0.000606764948436208
"X2.4628",0.000358702268877438
"X2.4630",-0.000207251388668979
"X2.4631",-2.7969036469017e-05
"X2.4632",-0.000112437602246194
"X2.4633",0.00030963538310959
"X2.4634",0.000576114103077244
"X2.4635",0.000360655837764156
"X2.4637",0.000284854553625303
"X2.4639",-0.000134331002650915
"X2.4640",0.000340197314554665
"X2.4644",-0.000241095090498504
"X0.1266",-0.000160896631618027
"X0.1267",-7.23740251199851e-05
"X2.4645",8.63223989004116e-05
"X0.1268",-0.000281023602933967
"X2.4646",-9.9494947860479e-05
"X2.4647",1.68274877892875e-05
"X0.1269",-0.000219989381044826
"X0.1270",-9.60392680410626e-05
"X0.1271",-0.000254176124708862
"X0.1272",-0.00028541667596889
"X2.4648",-3.96289410238228e-05
"X2.4650",0.00011609360930865
"X2.4651",-0.000214890435675941
"X2.4652",-3.51877674175934e-05
"X2.4653",-0.000447799806872172
"X0.1273",0.000153668495195857
"X2.4654",0.000446535151365526
"X2.4655",0.000237890010392285
"X0.1274",-5.95450750819549e-05
"X2.4656",5.24522318770408e-05
"X2.4657",0.000105006338458524
"X2.4658",3.27363590371602e-05
"X2.4659",0.000239898288132456
"X2.4660",-0.000251375484592965
"X2.4661",0.000724610156957102
"X2.4664",-0.000356530346670018
"X2.4666",0.000107879751772023
"X2.4667",-4.183082140939e-05
"X2.4668",-3.23098822121664e-05
"X2.4672",-0.000542879373411958
"X2.4673",8.21104161782832e-05
"X2.4675",0.000884711499511107
"X2.4676",-4.05039981871323e-05
"X0.1277",-0.000180977284165667
"X2.4678",0.000258235687911919
"X2.4679",0.000284846691309722
"X2.4680",-5.95764431552706e-05
"X2.4681",0.000443564028547312
"X2.4682",0.000553455137719691
"X2.4683",-0.000263124995241079
"X2.4685",-0.000106279519252033
"X0.1278",-0.000236630614418639
"X2.4686",3.06399888438216e-05
"X2.4687",2.22454581877154e-05
"X2.4688",-8.69363612307361e-05
"X0.1279",0.000599558742252419
"X2.4689",-0.000392825119002591
"X2.4690",0.000607230723390521
"X2.4691",0.000704359684509486
"X2.4692",-0.000196163574359033
"X2.4694",-0.000402503825332895
"X2.4695",0.000342042911950268
"X2.4696",-0.000232998655130713
"X2.4697",0.000198989737455596
"X2.4698",-8.12204061427135e-05
"X2.4700",-0.000330044193919389
"X2.4701",7.82279919093416e-05
"X2.4703",3.61711880551274e-05
"X0.1281",0.000717078470022096
"X2.4704",0.000243740025792561
"X0.1282",0.000405272141092221
"X0.1283",-9.67446717862495e-05
"X2.4706",0.000969035900933814
"X2.4707",-0.000140787430342049
"X2.4708",-0.000480485267381085
"X0.1285",-1.40499947474967e-05
"X2.4709",-0.000445357945805874
"X2.4710",0.000185713093823086
"X2.4711",3.88223260569229e-05
"X2.4712",2.43376752692514e-05
"X2.4713",0.000186870634522671
"X2.4714",-0.000342378052865789
"X0.1286",1.92173249142577e-05
"X2.4716",-0.000495562699392389
"X0.1287",0.000282566703532768
"X2.4717",-0.000425098127860671
"X2.4718",7.31499014742365e-05
"X2.4719",0.000220410625768165
"X2.4720",0.000419525059826215
"X2.4722",-0.000817715026581357
"X2.4723",0.00019608733460882
"X2.4724",-0.000194222594509005
"X0.1288",-0.000511478413355503
"X2.4725",0.000410282297275887
"X2.4726",-0.000151520699776325
"X0.1289",7.16870205980316e-05
"X0.1290",-0.000301263051928287
"X0.1291",-0.000377358763330522
"X2.4728",4.43090102522265e-05
"X0.1292",-0.000345612468785943
"X2.4735",0.000509220714142963
"X2.4736",0.000259387967471086
"X2.4737",0.000469685795314353
"X0.1294",0.000391618229844566
"X2.4738",0.000218486393895751
"X2.4739",-8.41977582961012e-05
"X2.4740",-8.7615818723025e-05
"X0.1295",0.000111727918764739
"X2.4741",2.12966324344329e-05
"X2.4742",-0.000180094365716138
"X2.4743",2.39385156528484e-05
"X2.4744",0.000204300707936183
"X2.4745",0.000164051491135323
"X2.4746",0.000120728116565716
"X2.4747",3.08461159974777e-05
"X2.4748",0.000181351352202465
"X2.4749",-2.81720541943547e-06
"X2.4750",0.000108459968548586
"X2.4751",1.30498627635668e-05
"X2.4752",-0.000274806615789916
"X2.4753",0.000281367283805251
"X2.4754",0.000558527429348274
"X2.4755",0.00037381612330295
"X2.4756",-1.45153956291608e-05
"X2.4757",0.000197983022871914
"X2.4758",9.46211562680566e-05
"X2.4759",0.000236839242692685
"X2.4760",0.000164744580608959
"X2.4761",0.000693468120619125
"X2.4762",-0.000683877116964264
"X2.4763",-0.000835453529947986
"X0.1296",-0.000523006634132069
"X2.4764",-0.000489962960295751
"X2.4765",-0.000559537765311367
"X2.4766",-0.000157653800268846
"X2.4767",-0.000243008396236429
"X2.4768",-0.000244685162767609
"X2.4769",-0.000875715350143823
"X2.4770",-0.000305431978952006
"X0.1297",0.000484126506556043
"X0.1298",0.000859373288410115
"X0.1299",0.000628517144175262
"X2.4772",7.08610125636717e-05
"X2.4773",-0.000363156242284364
"X2.4774",-0.00015166232692148
"X2.4775",-0.000286905314795827
"X2.4777",-0.000268262287073847
"X2.4778",0.000272922364869766
"X2.4779",-0.00028077984169416
"X2.4780",9.79225349658188e-06
"X2.4781",0.000493963278239665
"X2.4782",5.46276382200634e-05
"X2.4783",-0.000440710994427972
"X2.4787",-0.000216994019801063
"X2.4788",0.00019767308649138
"X2.4789",0.000160257345287567
"X2.4790",0.000165150187373046
"X0.1302",9.29028774371259e-05
"X0.1303",0.000180854112460577
"X0.1304",0.000633906803695927
"X2.4791",-0.000214886254123948
"X2.4792",-3.11535957745629e-05
"X2.4793",-0.000324527146383208
"X0.1305",0.0002919888552142
"X0.1306",9.77130359672218e-05
"X2.4794",0.000486408805359678
"X2.4795",0.000135474243616112
"X0.1307",0.00019360391536136
"X0.1308",1.53304325609631e-05
"X2.4796",-2.43884847926907e-05
"X0.1309",0.000449923462523513
"X2.4797",-7.98144428707195e-05
"X2.4798",-0.000137383109809811
"X2.4799",0.000292822211394403
"X0.1310",-2.36661357106068e-06
"X2.4800",-0.000270383466701019
"X2.4801",-0.000563538068097558
"X2.4802",-5.46942202205223e-05
"X0.1311",-0.0002494345296557
"X2.4803",-0.000228977305367237
"X2.4805",-2.18398060283093e-05
"X0.1312",-3.59373939267542e-05
"X0.1313",-0.000401414201397057
"X2.4806",-9.66320602962931e-05
"X2.4808",0.000464897935318931
"X2.4809",0.000777093878965907
"X2.4810",-0.000215072084431166
"X0.1314",8.08753130283304e-05
"X0.1315",0.00062095781211429
"X2.4813",1.80218337132864e-05
"X2.4814",-0.000260146240858954
"X2.4815",-0.000317779389517011
"X2.4816",-0.000654526474578925
"X2.4820",-0.000399783052525807
"X2.4821",-0.000333662631132556
"X2.4822",4.52448874712273e-06
"X2.4823",-0.00025056529661644
"X2.4824",-0.000635432501398
"X2.4825",-0.000969628461643957
"X2.4826",0.000132211922351337
"X2.4827",-0.000513899367997859
"X2.4828",-0.000532556880093759
"X2.4829",-0.000357046581532933
"X2.4830",-0.000310085794688171
"X0.1317",0.000227954583003656
"X0.1318",0.000262530893098679
"X2.4831",-0.00029256475373585
"X0.1319",0.000100164287060369
"X0.1320",-0.000105802967313661
"X2.4832",-0.000270203648579755
"X0.1321",-0.00035191298348352
"X2.4833",-9.22071659179728e-05
"X0.1322",0.000555374618441413
"X0.1323",0.000397478939603902
"X0.1324",9.2265865979436e-05
"X0.1325",0.000500053441107834
"X0.1326",0.000533511559045883
"X0.1327",-0.00018789087234653
"X0.1328",-0.000261855529334661
"X2.4834",0.000574753115886595
"X0.1329",0.000401689815833527
"X2.4835",-0.000228350865976935
"X0.1330",0.000364076007277876
"X0.1331",0.000813212679198082
"X0.1332",0.000434124992128935
"X0.1333",0.000508918558976394
"X0.1334",0.000535549947130566
"X0.1335",0.000302866641531799
"X0.1336",0.000532016756537024
"X0.1337",0.000563068018672147
"X0.1338",0.000336256937532507
"X0.1339",0.000446031723913415
"X2.4836",-0.00024226872382894
"X2.4837",3.37644213183179e-05
"X2.4838",0.000208695628586336
"X2.4839",0.000243113512850501
"X2.4840",-0.000194866437519222
"X2.4841",-5.25100258299807e-05
"X2.4842",-0.000536271521733471
"X2.4843",-0.000448807974343322
"X2.4844",-0.000589807379124144
"X0.1340",0.000127963345424111
"X2.4845",-0.000182640529083326
"X2.4846",0.000303942076829836
"X2.4847",0.000538110096510271
"X2.4848",0.000102801380512061
"X2.4850",2.79758330009195e-05
"X2.4851",0.000623225711087568
"X2.4852",0.000351361101748043
"X2.4853",8.34788723333974e-05
"X2.4854",0.000284853983369205
"X2.4855",0.000414367226106281
"X2.4856",0.000241834012498765
"X2.4857",0.000162820109122318
"X2.4858",0.000370111480072219
"X2.4859",8.36865171868516e-05
"X2.4860",-0.000224551045154293
"X2.4861",0.000546193064322952
"X2.4862",0.000106754848084748
"X2.4863",-0.000729383102918369
"X2.4864",0.000146198833469496
"X2.4865",2.68830338378326e-05
"X2.4866",0.000166087000121431
"X2.4867",9.71574032610059e-05
"X2.4868",0.00040986823737627
"X2.4869",0.000279032409821441
"X2.4870",0.000208220759059805
"X2.4871",7.39633503427924e-05
"X2.4872",0.000158878038474705
"X2.4873",-3.08166215271904e-05
"X2.4875",0.000179062428749347
"X2.4877",-6.02067427123501e-05
"X2.4878",0.000160416114719339
"X2.4879",0.000143811451229759
"X2.4880",0.000589266940512057
"X2.4883",0.000352565175758475
"X2.4884",0.000145521316816796
"X2.4885",0.00017613327411615
"X2.4886",0.000401792728520565
"X2.4887",9.46491789890012e-05
"X2.4888",0.000297933990586617
"X2.4889",-0.000354570669751581
"X2.4890",-0.000138331152354203
"X2.4891",-0.000360551065037167
"X2.4892",-0.000198483682208697
"X2.4893",-0.000270637772651851
"X0.1341",-0.00020597695995583
"X0.1342",-0.000562035202215753
"X0.1343",0.000444934464930299
"X0.1344",4.17764818855559e-05
"X0.1345",-0.000247851580753075
"X0.1346",0.000261286631487197
"X2.4894",1.62487884695065e-05
"X0.1347",-8.26783527533212e-05
"X0.1348",-6.53670664475182e-05
"X0.1349",-5.67340354724174e-06
"X0.1350",-0.000142811819818371
"X2.4895",0.000636524620736537
"X2.4896",2.84789774228238e-05
"X2.4897",-0.000263006037493049
"X2.4898",-0.000543399012349452
"X2.4899",-0.00031004701038683
"X2.4900",0.000126995668330634
"X2.4902",0.000342028286220198
"X2.4903",0.000187726593352208
"X0.1351",-0.000707532578076165
"X2.4904",-0.000222782234139648
"X0.1352",-0.000304266271395266
"X0.1353",-0.000526583598484489
"X2.4905",-0.000103399968586721
"X2.4906",0.000207886672260237
"X2.4907",-0.000189624105797503
"X2.4908",7.93519882600112e-05
"X2.4909",0.000174256497125967
"X2.4910",-0.000476624023838502
"X2.4911",0.000277616864351508
"X2.4915",4.24326316142603e-05
"X2.4916",0.000637796520620645
"X2.4917",9.29330040755827e-05
"X0.1355",-0.000218096389268739
"X2.4919",-0.000242465566474803
"X2.4920",-0.000131845204419389
"X2.4923",-5.57499158988484e-05
"X2.4925",-2.92521994944606e-05
"X2.4927",-5.4186437479405e-05
"X2.4928",-0.000378464339734586
"X2.4929",0.000377109185088442
"X2.4930",7.17098677365325e-05
"X2.4931",0.000396628097337915
"X2.4932",0.000315009973276337
"X2.4933",0.000500279664815998
"X2.4934",4.75061896973534e-05
"X2.4937",0.000523960256184326
"X2.4938",0.000186795262072683
"X2.4939",0.000546210809652816
"X2.4940",9.12105573217116e-05
"X2.4941",-0.000142546562234595
"X2.4942",-0.000483661804634142
"X2.4943",-0.000362415662289928
"X2.4945",0.000216865271619653
"X2.4946",-9.476635636805e-05
"X2.4947",8.77925135650928e-05
"X0.1356",-0.000406516224607085
"X2.4951",0.000587397009317905
"X2.4953",-5.80326471493632e-05
"X0.1357",-0.000217855043743464
"X2.4954",0.000475736438628018
"X2.4955",1.81734533955724e-05
"X2.4957",0.000422433019457468
"X2.4958",-0.000546273331145173
"X2.4959",0.000139182894909358
"X2.4964",0.000427881273248683
"X2.4967",0.000864778933744389
"X2.4968",8.82554011812879e-06
"X2.4969",0.000262140140437787
"X2.4970",0.000435952396782072
"X2.4971",5.10858898300115e-06
"X2.4972",-9.28232938072721e-06
"X2.4974",0.000682976459455404
"X2.4975",0.000334524626014975
"X2.4976",-0.000271903517530936
"X2.4977",-6.76352306282255e-06
"X0.1359",0.000125354823233631
"X2.4978",-0.000350661166770624
"X2.4979",4.85692796020023e-05
"X2.4983",2.48739526836623e-05
"X0.1360",0.000169587085106858
"X2.4984",0.000136114454190144
"X2.4985",8.85504011567816e-05
"X2.4987",0.000101800052656567
"X0.1361",-0.000160183022342083
"X2.4989",8.11821247704351e-05
"X2.4990",0.000217269028896151
"X2.4993",0.000619997554157762
"X2.4995",0.000198285565351865
"X2.4996",-1.2661939490125e-05
"X2.4997",0.000454617838734143
"X2.4998",0.000530484760815419
"X2.5000",0.000109975379422063
"X2.5002",0.000302011155527043
"X2.5003",0.000280415110140409
"X2.5004",0.000262219228754048
"X0.1362",-0.000582295701559374
"X0.1363",0.000186179826277276
"X2.5006",6.46277816964091e-05
"X2.5007",-5.13197425697386e-07
"X2.5009",0.00010499182457612
"X2.5010",0.000282024824191692
"X2.5011",0.000177489473766948
"X2.5012",0.000305270639131482
"X2.5013",0.000755142739692673
"X2.5014",0.000634404439331183
"X0.1364",-0.000401326645681954
"X2.5015",0.000327617549820333
"X2.5016",-0.000679774302322979
"X2.5017",0.00044467863082928
"X2.5018",0.000205100007960567
"X2.5019",0.000204759090236588
"X2.5020",0.000829413750275494
"X2.5021",0.000512305459863826
"X2.5022",0.000480847004394108
"X2.5023",0.000330226955327174
"X2.5024",0.000429065542730231
"X2.5025",-0.000328190814987385
"X2.5026",0.000321728176992568
"X2.5028",0.000238644267195256
"X2.5029",-0.000312338201859422
"X2.5030",-1.77777359056446e-05
"X2.5031",-0.000326276722704133
"X2.5032",9.67647818822128e-05
"X2.5034",-0.000136492879632558
"X2.5035",-0.00034158150152735
"X2.5036",0.000106781126571312
"X2.5037",-5.90408639793142e-05
"X2.5038",0.000509288008506864
"X2.5039",-0.000448250670977553
"X2.5040",-6.11978750443541e-06
"X2.5041",-0.000119302211264434
"X2.5042",6.27505598418351e-05
"X2.5043",8.25313542627892e-05
"X2.5044",-0.000213641509692835
"X2.5045",8.00669530143903e-05
"X2.5046",0.000137892313870085
"X2.5047",0.000209161847926394
"X2.5048",0.000167112789988726
"X2.5049",-0.000128940745417212
"X2.5050",0.000192367230259551
"X2.5051",-0.000333857276353972
"X2.5052",-1.78706769398335e-05
"X2.5053",-0.000318223360181592
"X2.5054",-0.000209820808794129
"X2.5055",-0.000498488861369571
"X2.5056",0.000142720051823008
"X2.5057",-0.000684485271544483
"X2.5058",-0.000649214317987641
"X2.5060",-0.000817132069567739
"X2.5061",0.00015359486217743
"X2.5062",-3.09713701542363e-05
"X2.5063",-8.06513286563681e-05
"X2.5064",-0.000145467486181534
"X2.5065",-0.000332599944207909
"X2.5066",-7.8637284468762e-05
"X2.5067",-0.000222810141247438
"X2.5068",-0.000224233250474317
"X2.5069",-5.29789656080445e-05
"X2.5070",-8.3106861576519e-05
"X2.5071",-0.000285377834536908
"X2.5072",-0.000380155356775409
"X2.5073",-0.000334969067267706
"X2.5074",-1.90478117062069e-05
"X2.5075",7.51966106003707e-05
"X2.5076",0.00015731375961218
"X2.5077",6.63790188261782e-05
"X2.5078",0.000523399451601985
"X2.5079",-0.000109978524873222
"X2.5080",0.000136627812025463
"X2.5081",0.000257855135288549
"X2.5082",5.79186119362532e-05
"X2.5083",0.000381362230748264
"X2.5084",0.000231294420103688
"X2.5086",0.000170628761991453
"X2.5087",0.000348341007226691
"X2.5089",-0.000159362196414087
"X2.5090",0.00019931027978853
"X2.5091",0.000392898398469978
"X2.5092",-1.35405104391322e-05
"X2.5093",7.32681764856783e-05
"X2.5094",0.000299643425696335
"X2.5095",0.000620694086460029
"X2.5096",0.000390650917378503
"X2.5097",0.000163077187845748
"X2.5098",2.1851652412747e-05
"X2.5099",-0.000194194724432546
"X2.5100",0.000518161262814549
"X2.5101",-0.000222742719146455
"X0.1366",0.000582505360787717
"X2.5102",5.27253704258355e-07
"X2.5104",0.000172784251916725
"X2.5106",0.000115946891284897
"X2.5109",0.000182648282242371
"X2.5110",0.000353921474437352
"X2.5112",-0.000108864758400005
"X2.5114",0.000595775643039978
"X2.5117",0.000359427815768393
"X2.5118",-6.89019622654046e-05
"X2.5120",0.000195422718053161
"X2.5122",-0.00017705348929747
"X2.5123",6.84019447175763e-05
"X2.5124",0.000181643635873367
"X2.5125",-5.07657588279869e-07
"X2.5126",7.62281723206343e-05
"X2.5127",0.000272572157558082
"X2.5128",0.000188632089832797
"X2.5129",-0.000183774547033115
"X2.5130",-3.51858772602122e-05
"X2.5131",-1.62870251434135e-05
"X2.5132",0.000183271299546705
"X2.5133",-6.8189871507064e-05
"X2.5134",0.000155790190920597
"X2.5135",-6.47258882762911e-05
"X2.5136",0.000182037401934875
"X2.5137",-8.17659413744029e-05
"X2.5138",0.000247039283404571
"X2.5139",-0.000198966401269359
"X2.5140",-2.64679118989748e-05
"X2.5142",-0.000276988735767059
"X2.5146",0.000495034266874601
"X2.5148",-0.000124828928829047
"X2.5149",0.000272578103622559
"X2.5150",-0.000267077049409784
"X2.5151",0.000105975991079106
"X2.5152",0.000200693711238229
"X2.5153",0.000200922634112195
"X2.5154",-0.000297039235681258
"X2.5155",-0.000185289078683097
"X0.1370",0.000216608459380356
"X0.1371",0.000460084637772201
"X0.1372",1.02892375571457e-05
"X0.1373",-4.04985685614207e-05
"X0.1374",-6.45409959317546e-05
"X2.5156",-0.000258970730933918
"X0.1375",-1.44265404869105e-05
"X0.1377",-0.000185499243134574
"X0.1378",-0.000243155930184117
"X0.1379",0.000226063049573716
"X0.1380",-8.49090526570029e-05
"X0.1381",7.64056345898127e-06
"X0.1382",-5.17199328644281e-05
"X0.1383",3.00837573856435e-05
"X0.1384",0.00025639656535646
"X0.1385",0.00062297119106715
"X0.1386",0.000346737292634677
"X2.5158",0.000335369369780331
"X0.1387",6.17564244531384e-05
"X0.1388",-9.42905966776135e-05
"X0.1389",0.000137752330076638
"X0.1390",0.0007887910253996
"X2.5159",0.000179259338569601
"X2.5160",0.000478681317621394
"X2.5161",0.000325505710621697
"X2.5162",0.000689776665555404
"X0.1391",0.000104414152645136
"X2.5165",0.000426852417255885
"X0.1392",-0.000277405512258075
"X2.5166",0.000219902441645902
"X0.1393",9.17898385280547e-05
"X0.1394",0.000328938984199919
"X2.5167",0.000223065213845921
"X0.1395",0.000134228908284768
"X2.5168",-7.87022186036023e-05
"X0.1396",-0.000123365229299104
"X0.1397",-0.00026105866508767
"X0.1398",4.67054790595644e-05
"X2.5169",3.49642289533652e-05
"X2.5170",-0.000247339694623664
"X2.5171",-0.000322650866880118
"X2.5173",-0.000332461225480347
"X2.5174",0.000244955583438122
"X2.5175",0.000523234593012818
"X2.5176",-0.000368208831071568
"X2.5177",0.000319332490724863
"X2.5178",0.000931302264900717
"X2.5179",0.000223434528426434
"X2.5180",0.000677844838813414
"X2.5181",0.000494965299248412
"X2.5182",-0.000106370015539472
"X2.5183",0.000683556664223597
"X2.5184",0.000543894139604502
"X2.5185",0.000473363167787469
"X2.5186",0.000137046192127398
"X2.5187",0.000237186992386883
"X2.5188",9.91343968473428e-05
"X2.5189",6.8746886209743e-05
"X2.5190",1.6164237881311e-05
"X2.5191",3.14976650894494e-05
"X2.5192",0.000361721264766932
"X2.5193",0.000523136572044576
"X0.1399",-2.74960658414031e-05
"X2.5194",-0.000151470742780243
"X2.5195",-6.23479672489241e-05
"X2.5196",0.000389071877378297
"X2.5197",0.000379757649542045
"X2.5198",0.000552254163055479
"X2.5200",0.000187167684826699
"X2.5201",0.000782806792013568
"X2.5202",0.000219315343697167
"X2.5203",0.000247551103543987
"X2.5204",0.000431359053110502
"X2.5206",-2.69893592231914e-05
"X2.5207",0.000190789618407448
"X2.5208",5.1763303341009e-05
"X2.5209",-0.000269941812096514
"X2.5210",0.000345897593732292
"X2.5211",4.1784410345523e-06
"X2.5212",-0.000173990938497879
"X2.5213",-0.000246365870437588
"X2.5214",-0.000608424000775976
"X2.5217",6.98998296020174e-05
"X2.5219",0.00034224253594397
"X1.275",0.000285962386237843
"X2.5220",-7.34740060165226e-06
"X2.5222",-0.000191680964453775
"X1.276",-0.000101503906225304
"X0.1402",4.28690772421094e-05
"X0.1403",-0.000552462939675514
"X0.1404",9.27708016382812e-05
"X0.1405",-2.02083939351832e-05
"X2.5225",0.000315942381838096
"X2.5226",-3.29795820068623e-06
"X0.1407",0.000233023423496152
"X1.278",0.000654165328625651
"X2.5227",0.000277392810568953
"X2.5228",0.000487790786623359
"X2.5230",0.000209058001895285
"X2.5231",0.000105992087025755
"X2.5232",0.000129705040053762
"X2.5233",0.00060339273363001
"X2.5234",0.000244496238624326
"X2.5235",0.000264177358280942
"X2.5236",0.000249088098152523
"X2.5237",-0.000217439741536345
"X2.5238",0.00013200467643742
"X2.5239",9.19165339544116e-05
"X2.5240",-0.000121103027803578
"X2.5242",-0.000445004392823178
"X2.5243",0.00034744488306274
"X2.5244",0.000614634650891124
"X2.5245",6.98774239134906e-05
"X2.5246",0.00047334315650648
"X2.5247",-3.48044916931615e-06
"X2.5248",8.53892993494751e-05
"X2.5249",-9.39847844750512e-06
"X2.5250",0.00048911257811336
"X2.5251",0.000376959011175851
"X0.1411",0.00044298021935492
"X0.1412",0.000390764578061576
"X0.1413",-0.000375979535187724
"X0.1414",0.000304880001500188
"X0.1415",0.000530254924956315
"X0.1416",0.000260025489318238
"X0.1417",2.65185169104145e-05
"X0.1418",0.000380439894541816
"X0.1419",0.000618924316015655
"X0.1420",0.000515733696712287
"X0.1422",-0.000148352931130815
"X0.1423",7.79345322897155e-05
"X0.1424",0.000794593753026918
"X0.1426",0.000221266756407726
"X0.1427",0.000110988615183614
"X0.1428",0.000129644501599623
"X0.1429",-0.000168517311326322
"X0.1430",-0.000220473513961122
"X0.1431",-0.00026552611803645
"X0.1432",-0.000442557321822823
"X0.1433",-4.47181673992611e-05
"X0.1434",-0.000356892481162978
"X0.1435",-0.000453249275500204
"X0.1436",-0.000343584614125228
"X0.1437",-0.000331365099020333
"X2.5255",-0.000247825750070212
"X0.1438",-0.000375699636262045
"X0.1439",-0.000386492344786187
"X2.5256",0.000329105312562884
"X0.1440",-0.000379784074365653
"X2.5257",0.000185056441118857
"X2.5258",-0.00056571768447002
"X2.5259",-0.000222343716452863
"X0.1441",-0.000578518503907108
"X2.5260",0.000383880406006893
"X2.5261",-0.000231763714192203
"X2.5263",-0.000224267405011677
"X2.5264",-0.000264617893051876
"X2.5265",-0.000187851385591925
"X2.5266",-0.000521968606403221
"X2.5267",-0.000104945117459686
"X2.5268",-0.000200189754094683
"X2.5269",0.000204180572449978
"X0.1442",0.000602397332478273
"X2.5270",0.000511069564250914
"X2.5271",-0.000219925619553879
"X2.5272",-0.000274571785015767
"X2.5273",-0.000263626278503527
"X2.5274",0.000117428369021385
"X2.5275",0.000149399213638881
"X2.5276",-0.000171156806006485
"X2.5277",0.000108777696168673
"X2.5278",9.56236324517263e-05
"X2.5279",0.000230104271541686
"X2.5280",5.27271958713069e-05
"X2.5281",0.000386638508083733
"X2.5282",-0.000347899243532517
"X2.5283",-0.000241263409554199
"X2.5284",2.54365375598145e-05
"X2.5285",0.000110878072034719
"X2.5287",7.79907232515536e-05
"X0.1443",-0.000135644213911327
"X2.5288",0.000196010223963856
"X2.5289",-8.30060561969254e-05
"X2.5290",-0.000367827071029759
"X0.1444",2.12413082040934e-05
"X2.5291",-0.000359779162370665
"X0.1445",-0.000277131808575212
"X0.1446",0.000405930097378468
"X2.5292",0.000320362018306221
"X0.1447",0.000160492339869955
"X2.5293",-0.000497348151545702
"X0.1448",0.000191797488687426
"X2.5294",0.00029773172874097
"X2.5296",-0.000854841323370894
"X0.1449",2.09887285954844e-05
"X0.1451",0.000312790959729571
"X2.5297",-0.000679365268833292
"X0.1452",-0.000482852317944559
"X0.1453",-0.000202158970874527
"X0.1454",-2.18315238515275e-06
"X2.5298",0.000152248018119116
"X2.5299",-0.000189212575530647
"X2.5300",-0.00019692899656541
"X2.5301",7.00101855050956e-05
"X2.5302",0.000124821319598493
"X0.1455",-0.000367490923929898
"X2.5303",8.06537776937886e-05
"X0.1456",0.000265213093921277
"X0.1457",-3.119101814224e-05
"X2.5304",0.000320346989679399
"X2.5305",2.94785667067557e-05
"X0.1458",-8.80711175138136e-05
"X2.5306",0.000507598323797841
"X0.1459",0.000143868123097773
"X2.5307",0.000723852530883418
"X2.5308",0.000531116046995391
"X2.5309",-9.93912732004467e-05
"X2.5310",-0.000354402575526595
"X2.5311",3.98372900813722e-05
"X2.5312",-0.00010950644391995
"X2.5313",0.000191226721995681
"X2.5314",7.9000310670203e-05
"X2.5315",5.33136563531971e-05
"X2.5316",-0.000311816955274243
"X2.5317",8.70547276361414e-05
"X2.5318",-1.31902729384739e-05
"X2.5319",-0.000296704706919193
"X2.5320",-4.11021503863104e-05
"X0.1460",8.5166282926153e-05
"X2.5321",-0.000120029256092762
"X2.5322",0.000350395685797779
"X2.5323",-9.49694062698922e-05
"X2.5324",-0.000149726822140535
"X2.5325",5.83062671141163e-05
"X2.5326",-0.000161581708393023
"X2.5327",-0.000473314854736974
"X2.5328",-0.000156362209232733
"X2.5329",-0.000430746195073599
"X2.5330",0.000185856066955089
"X0.1462",-4.85938409619605e-05
"X2.5332",-3.53862361661212e-05
"X2.5333",-0.000148924823142647
"X2.5334",-0.000331438413593816
"X2.5335",-4.32812623582726e-05
"X2.5336",-0.000195739388939321
"X2.5337",0.000129529346848388
"X2.5338",5.48270240750681e-05
"X2.5340",0.000313128800996481
"X0.1463",-5.27837262027223e-05
"X2.5343",-0.000326148695984998
"X2.5345",0.000108712320819299
"X2.5346",0.000302895506293221
"X0.1465",3.71579047434936e-05
"X2.5347",-0.000263821619027556
"X0.1468",-9.90565788680364e-06
"X2.5349",-7.85729706808997e-05
"X2.5350",0.000254473679280276
"X2.5351",-0.000273377223985438
"X2.5352",-2.1791125756667e-05
"X2.5353",-0.000304511132760173
"X2.5354",-0.000105464029913011
"X2.5355",-4.14578723477796e-05
"X0.1469",0.000281764838579128
"X2.5356",0.000180079726790357
"X0.1470",0.000135590876443407
"X0.1471",0.000331993076747824
"X0.1472",-2.11288198256972e-05
"X0.1473",0.000139022155276377
"X2.5358",0.000515991224704198
"X0.1474",0.000279078331737464
"X2.5359",-3.34074134244894e-05
"X0.1475",0.000112418538054078
"X2.5360",0.000129106080370361
"X0.1476",0.000578716394050818
"X2.5362",-0.000219997674802056
"X0.1478",-0.000291839588291559
"X2.5365",0.000132901825845964
"X2.5366",0.000201478529112734
"X2.5367",6.04169434523638e-05
"X2.5368",-2.51229594246067e-05
"X0.1479",0.000111759615582532
"X2.5369",5.59831068729135e-05
"X0.1480",-9.65296318812712e-05
"X0.1481",-5.96670346656089e-05
"X0.1482",0.000403658543645179
"X0.1483",-0.000146844433340688
"X2.5370",2.21427276864095e-05
"X2.5371",0.000230961935236541
"X2.5372",-2.65900519166949e-05
"X2.5373",0.000208635137660437
"X2.5374",0.000107117832879279
"X2.5375",0.000293380568929168
"X2.5376",-0.000164797092562643
"X2.5377",-0.000215728993767264
"X2.5378",0.000263167823152532
"X2.5379",-0.000330181923085858
"X2.5380",0.000274279536336802
"X2.5381",0.000256042721917366
"X2.5382",0.000226824215091948
"X2.5383",0.000482922313563753
"X2.5385",-0.00042659926243212
"X2.5386",0.000317278447886519
"X2.5387",-0.000322337353490192
"X2.5388",-2.8412731154282e-05
"X2.5389",0.000114196264636405
"X2.5390",0.000164553928572433
"X2.5391",0.000121262658488209
"X2.5392",3.22059697159987e-05
"X0.1484",4.97380042060903e-05
"X0.1485",0.000354023675925858
"X0.1486",-0.000210136896259637
"X0.1487",8.47532253136744e-05
"X0.1488",0.000148192686287339
"X2.5393",-7.12670685660854e-05
"X2.5394",0.000131103445992054
"X2.5395",-9.56186650382452e-05
"X0.1489",0.000154347755337141
"X0.1490",0.000319796119593763
"X2.5398",0.000195199424603656
"X2.5399",0.000239578161665932
"X2.5400",0.000262576071918632
"X2.5401",0.000519753688492124
"X2.5402",-0.000167272088113776
"X2.5403",0.000149069443638334
"X2.5404",5.83932144450862e-05
"X2.5405",-0.000113084060108019
"X2.5406",0.000364676007540575
"X0.1491",0.000394998614398463
"X2.5407",-0.000146287119675668
"X2.5409",-4.99477180156761e-05
"X2.5412",0.000416832574781062
"X2.5413",0.000376977624751256
"X2.5414",0.000122829513098471
"X2.5415",0.000795010857273841
"X2.5416",-0.000286836796317142
"X2.5418",0.000507562010639933
"X2.5419",0.000213037400166785
"X2.5420",0.000417345277309662
"X2.5421",0.000192419783770045
"X0.1492",0.000924462178208847
"X0.1493",0.000813852587345946
"X2.5422",0.000520241039184567
"X2.5423",0.000374187206452368
"X2.5424",0.00061970241036965
"X2.5425",-0.000320898219658382
"X0.1494",-0.0001553417360735
"X2.5426",-0.000362003885720985
"X2.5427",-0.000240678598272238
"X2.5428",0.00026565267139688
"X2.5429",-0.000164820240372445
"X2.5430",4.86874498253731e-05
"X2.5431",-2.9219919368878e-05
"X2.5432",-0.000247490725298035
"X2.5433",-0.000694095929018066
"X2.5434",0.000227922178200351
"X2.5435",-0.000385116798123577
"X2.5436",8.30417861777613e-05
"X2.5437",-0.000377185396731101
"X2.5438",-0.00026092144512304
"X2.5439",-0.000356154501982546
"X2.5440",3.9168710594639e-05
"X2.5441",-0.000433038108107174
"X2.5443",-0.000329930354277962
"X2.5444",-0.000259398197731169
"X2.5445",0.000240636800121762
"X2.5446",-3.04290021754619e-05
"X2.5447",0.000334717647655509
"X2.5448",3.03158244708549e-05
"X2.5449",0.000256559046202143
"X2.5450",-0.000509973294971847
"X2.5451",5.14098023771855e-05
"X2.5452",-0.000470907529796887
"X2.5453",3.82904267476272e-05
"X2.5454",7.80291559977512e-05
"X2.5455",3.81753533669038e-05
"X2.5457",2.99735562880279e-05
"X2.5458",0.00082683561260325
"X2.5459",-0.000202568845166062
"X2.5460",0.000161545393316372
"X2.5461",0.000122319782437312
"X2.5462",0.000142298140902629
"X2.5463",3.34518740366823e-05
"X2.5464",0.000181428832384555
"X2.5465",0.000256518275166446
"X2.5466",1.35052560984976e-05
"X2.5467",0.000209695072575693
"X2.5468",-0.000120548139361238
"X2.5469",0.00041720817145062
"X2.5471",0.000596635059775577
"X2.5473",-6.53996726638104e-05
"X2.5474",0.000322067881011093
"X2.5475",0.000253987572923254
"X2.5477",-0.000206137478269318
"X2.5479",-7.55838836239471e-05
"X2.5482",1.46265037856853e-06
"X2.5483",0.000620650518026027
"X2.5484",9.09074619889144e-05
"X2.5486",-2.7921354721281e-05
"X2.5487",-4.60532618410717e-05
"X2.5490",-0.000119070612890405
"X2.5491",0.000425164705225007
"X2.5492",-0.000373631519762298
"X2.5494",-5.77554205755645e-05
"X2.5495",0.000303447358822721
"X2.5496",0.000237914884733757
"X2.5497",-0.000112140633598393
"X0.1496",-0.000196022914720447
"X0.1498",0.000516229799676752
"X0.1499",0.000148364018022425
"X0.1500",-6.21961148454548e-05
"X1.286",0.000452107915902089
"X2.5498",-0.00023695045277119
"X2.5499",0.000397581322965499
"X2.5500",0.000527268248265051
"X2.5502",-4.8772447358109e-05
"X2.5503",0.000276926056606104
"X2.5504",0.000283885868363602
"X2.5505",-0.000541958896955497
"X2.5506",-7.52405577052553e-06
"X2.5507",-0.000627633329265227
"X0.1501",3.58892653503602e-05
"X0.1502",0.000275405403511265
"X2.5508",0.000207886803800651
"X2.5509",-1.64364192478383e-05
"X2.5510",-0.000326868191537278
"X2.5511",-9.35717358893485e-05
"X2.5512",-0.000309214139356
"X0.1503",2.7627270336115e-05
"X0.1504",0.00032678526518406
"X0.1505",0.000535188119941611
"X0.1507",0.000428473867817673
"X0.1508",0.000192669893883693
"X2.5514",-0.000176090254677812
"X2.5515",-0.000224558451245404
"X2.5516",-0.0005093998539274
"X0.1509",0.000231519152741162
"X0.1510",0.000210470073384075
"X0.1511",-0.000186396858086798
"X2.5517",-0.000408135932664075
"X2.5519",-0.000278705017087368
"X2.5520",-0.000194340222616261
"X2.5521",-0.000403321383436575
"X2.5522",-0.000220228508052716
"X2.5523",-0.000557775614617471
"X0.1512",-0.000163994231276315
"X0.1513",-0.000135832674749366
"X0.1514",0.000249317658585586
"X2.5524",-0.000418090852126727
"X2.5525",0.000288562876238989
"X2.5526",1.25303079752719e-06
"X0.1515",-1.66012936843889e-05
"X0.1516",0.000284181398362568
"X0.1517",-0.000145093924474763
"X2.5527",-0.000108805284048119
"X0.1518",-4.68385285369277e-05
"X0.1519",0.000221529227996052
"X2.5528",-2.23309689189237e-05
"X0.1520",0.000276539298207991
"X0.1521",0.000473831095215932
"X0.1522",-8.57639214296313e-05
"X0.1523",2.18897591525077e-06
"X2.5529",-0.000447419857583089
"X0.1524",0.000767340206976282
"X0.1525",7.54183692077515e-05
"X2.5530",-8.14041484866659e-05
"X2.5531",-0.000122747429415825
"X0.1526",-0.000297265986138801
"X0.1527",1.6994475477211e-05
"X2.5532",-0.000372982130151865
"X2.5533",-3.75572709129711e-05
"X2.5534",-0.000177555786333683
"X2.5535",5.49169650191988e-05
"X2.5536",-0.00030286602385453
"X2.5537",0.0001772080823172
"X2.5538",-0.000192635344836881
"X2.5539",0.000120684555396668
"X2.5540",0.000140053780689261
"X2.5541",-0.000376460714684443
"X2.5542",0.000113218760131455
"X2.5543",-0.000107950980180067
"X2.5544",0.000670807312362401
"X2.5545",0.000641010982596654
"X2.5546",-0.000504452004981918
"X2.5550",0.00023722505097427
"X2.5551",-0.000792374069919607
"X2.5552",0.000178981932918657
"X2.5553",6.29349008195722e-05
"X2.5554",-0.000404855639705453
"X2.5555",0.000153635788093747
"X2.5556",0.000577704832556969
"X2.5557",-0.000133169172424975
"X2.5558",0.000400968790346136
"X2.5559",0.000316176565986671
"X2.5560",0.000215513588412587
"X2.5561",-8.65440761832006e-05
"X2.5563",-0.000100627044952257
"X2.5564",0.000221986075172693
"X2.5565",-0.00012534432831117
"X2.5566",0.000595044338846312
"X2.5567",-0.000220498119299445
"X2.5568",-0.000354007964967632
"X2.5569",-6.82041851507855e-05
"X2.5570",0.000205436255268788
"X2.5571",-0.000298652135590762
"X2.5572",-0.000175245741216697
"X2.5573",0.000221119297570112
"X2.5574",0.000275732785744064
"X2.5575",0.000346989863002369
"X2.5576",0.00032478132444677
"X2.5577",6.5697772825002e-06
"X2.5578",0.000113775458214386
"X2.5580",-0.000148268966294696
"X2.5581",-0.000186781945692065
"X2.5582",0.000407483912947546
"X2.5583",-0.000343583396070264
"X2.5584",0.000273879265184488
"X2.5585",-0.00012383312098777
"X2.5586",-8.20574319007219e-05
"X2.5587",-0.000402944210721675
"X2.5588",4.86787552419214e-05
"X2.5589",0.000342553779344637
"X2.5590",0.000431392602778284
"X0.1528",-0.000123259735173516
"X2.5593",0.000600825630422991
"X2.5594",0.000113003419489166
"X2.5595",0.000295681714741897
"X2.5596",6.00294460598439e-05
"X2.5597",0.000506986076414086
"X0.1529",-0.000158087589056688
"X2.5598",0.000133881249571064
"X0.1530",-9.30986866561311e-05
"X2.5599",9.24295736467373e-05
"X0.1532",0.000101614588177601
"X2.5600",-8.79448300625675e-06
"X2.5601",0.000443686341658326
"X2.5602",4.40819706274744e-05
"X2.5603",-0.000128498923600631
"X2.5604",4.40427420249758e-05
"X2.5605",8.62514347618099e-05
"X2.5606",-8.82014856943177e-05
"X2.5607",-0.000125271815954857
"X2.5608",6.94147929791102e-05
"X2.5609",-0.000443139490726714
"X2.5610",-0.000468979786882467
"X2.5611",-0.000650830788472046
"X2.5612",0.000291062973177587
"X2.5613",0.000188815125153792
"X2.5614",0.000445879787237427
"X2.5615",-0.000490552728982385
"X2.5616",7.37365695379438e-05
"X0.1534",0.000653421542892014
"X2.5617",0.000137085068972536
"X2.5618",-0.00055640473709712
"X2.5619",-0.00054716005813474
"X2.5620",0.000237767552661018
"X2.5621",0.000378376155623818
"X2.5624",0.000175963755300897
"X2.5625",0.000196086428924361
"X2.5626",0.000521876453394401
"X2.5627",-0.000741970909436571
"X2.5628",0.00027088104147449
"X2.5629",-0.00062413143949318
"X2.5630",0.00024902756370521
"X2.5631",-0.000377855004876865
"X2.5632",0.000738375939972076
"X2.5634",-0.000349268980242656
"X2.5635",-0.000352641549674828
"X2.5636",-0.000723979867011209
"X2.5637",-4.89628021189519e-05
"X2.5638",0.000105898942561702
"X2.5639",-0.000877988413225669
"X2.5640",-0.000474583228044287
"X2.5641",-0.000213698869632006
"X2.5642",0.000108631417653075
"X2.5643",0.000135952678997433
"X2.5644",-0.000462247722133905
"X2.5645",-0.000726931714953171
"X0.1535",-0.000435959101426085
"X0.1536",-0.000440546955543034
"X0.1537",-0.00048554125831114
"X0.1538",7.94105174338286e-05
"X0.1539",-0.000419495718669909
"X0.1540",-0.000409671742979768
"X2.5646",-0.000410750763511374
"X0.1541",-0.000368087484950726
"X0.1542",-0.000356016236780394
"X2.5647",-0.000619598076725131
"X2.5648",-0.000316563532345934
"X0.1543",-0.000677825194685314
"X0.1544",-0.000159001591446669
"X2.5649",-0.000661902489039155
"X2.5650",-0.000362677951008845
"X2.5651",-0.000180734114486144
"X2.5652",0.000566712983098024
"X2.5653",-7.76255976261127e-05
"X2.5654",0.000337018199653623
"X2.5655",-8.86266748769441e-05
"X2.5657",0.000272467557879545
"X0.1545",-0.000237035283406265
"X2.5658",0.000472362062139488
"X2.5659",0.000644749966489405
"X2.5660",0.000378628230128534
"X2.5661",3.74671668456551e-05
"X2.5662",0.000412828021326196
"X2.5664",9.1936826041025e-05
"X2.5665",-0.000130355997090224
"X0.1546",-0.000165708138756464
"X0.1547",-0.00025545361482593
"X0.1548",-0.000177480178730036
"X2.5666",-0.000580549231155728
"X0.1549",-1.2073207425917e-05
"X2.5667",-0.000132971967422044
"X2.5668",-0.00040299004165499
"X2.5669",-3.94346025367141e-05
"X2.5670",-0.000287839109811324
"X2.5671",-4.23101598060734e-06
"X0.1550",-3.64252284666663e-05
"X0.1551",-0.000269225476374944
"X0.1552",-0.000441670468416948
"X2.5672",1.85291772670463e-05
"X0.1553",-0.000360465967542781
"X0.1554",5.72654895717891e-05
"X2.5677",-0.000238615183395548
"X2.5682",0.000921991435332939
"X2.5683",0.000305759351667755
"X0.1555",2.64278483649066e-05
"X0.1556",-3.23587367288611e-05
"X0.1560",0.000197871151389681
"X2.5690",-0.000210981363848632
"X2.5691",6.05803954687378e-05
"X2.5695",-9.02763466038736e-05
"X2.5697",-0.000121075009621979
"X2.5698",7.6638786676025e-06
"X2.5699",-0.000220129398919993
"X2.5700",-0.000244166194300859
"X2.5701",-0.000150538451326668
"X2.5702",-0.000210146332268155
"X2.5703",-0.000211342109461515
"X2.5704",0.000126126801045084
"X2.5705",0.000115422847076601
"X2.5706",-0.000149843298429483
"X2.5707",0.000437999154476274
"X2.5708",-0.000203435558115166
"X2.5711",-5.99423996688655e-05
"X2.5712",0.000414928401006536
"X2.5713",0.000402950786049853
"X2.5714",0.000193249173014317
"X2.5715",-0.000295785456216104
"X2.5716",0.000362007524177938
"X2.5717",-7.08589814384466e-05
"X2.5718",6.27262676506768e-05
"X2.5719",0.000451828279003833
"X2.5720",-0.000146893163652429
"X2.5721",-0.000259734670824179
"X2.5722",-0.000256815832720918
"X2.5723",-6.9101383846642e-05
"X2.5724",-3.94952656385158e-05
"X2.5726",-0.000212932761132092
"X2.5728",0.000138501752786631
"X2.5729",-0.000351038412057913
"X2.5730",-0.000193494932631194
"X2.5731",-0.00018570671912534
"X2.5732",-0.000150421066742176
"X2.5733",-0.00023602017917818
"X2.5735",-0.000337524241546868
"X2.5736",1.61959980150267e-05
"X2.5737",8.33524925432638e-05
"X2.5738",-0.00015349572050098
"X2.5739",-9.48203219335559e-05
"X2.5740",-0.000370061068663319
"X2.5741",0.000386708932450395
"X2.5742",-0.000171546449129754
"X2.5743",7.60991253168591e-05
"X2.5744",-9.77822180521281e-05
"X2.5745",-0.000148000037373342
"X2.5746",6.43433989386421e-05
"X2.5747",-0.000124896349851662
"X2.5748",2.00286548853097e-05
"X2.5749",0.000366192577856831
"X2.5750",-0.00014277524941366
"X2.5751",-0.000180824994038512
"X2.5752",-4.4976090897334e-05
"X2.5753",-0.000201080611107979
"X2.5754",-9.26974700326017e-05
"X2.5755",0.000160633342292306
"X2.5756",0.00033413335166772
"X2.5757",3.09042342263797e-05
"X2.5758",-0.000251184208519434
"X2.5759",0.000390782904473155
"X2.5760",-0.000144314919266588
"X2.5761",-0.000330809615301766
"X2.5762",-4.80995909779471e-05
"X2.5763",-9.85552165539757e-05
"X2.5764",2.92833071697912e-05
"X2.5765",-0.000185662197689277
"X2.5766",1.07224282502464e-06
"X2.5767",0.000327623861060797
"X2.5768",-4.74091083630742e-05
"X2.5769",4.97727863918369e-05
"X2.5770",-0.000190493384544482
"X2.5771",-0.000135983809749098
"X2.5772",0.000131153243702482
"X2.5773",3.78384282938783e-05
"X2.5774",-0.000202101372543013
"X2.5775",0.000499938744860932
"X2.5776",2.66742853548836e-05
"X2.5777",-0.000168891226197071
"X2.5778",-4.88489278172725e-05
"X2.5779",-1.27386615786534e-05
"X2.5780",-0.000349273513664725
"X2.5781",3.5181655196127e-05
"X2.5783",-0.000167545619089133
"X2.5784",-0.000473813261632801
"X2.5786",-3.88449251634994e-05
"X2.5787",5.24139332807814e-05
"X2.5788",2.95539146540281e-06
"X2.5789",-2.32231845909605e-05
"X2.5790",0.000170150954295622
"X2.5791",0.000537085941156337
"X2.5800",0.000246962924122952
"X2.5801",0.000242154785948701
"X2.5802",-0.0010902695842264
"X2.5803",-0.00042501146835927
"X2.5804",0.000394313626761193
"X2.5808",0.000138596775695683
"X2.5809",-1.35014435774974e-05
"X2.5810",0.000452973890237654
"X2.5811",-0.00035107111463043
"X2.5812",0.00039258682190699
"X2.5813",-7.2228157571991e-06
"X2.5814",0.000228359406620181
"X2.5815",0.000105519487008921
"X2.5816",-8.07322981575928e-05
"X2.5818",-0.000127828336759894
"X2.5819",0.000126062312603636
"X2.5820",-0.000344164364240358
"X2.5821",-0.000150880366727508
"X2.5822",0.000381987568440406
"X2.5823",0.000281761759174463
"X2.5824",0.000240307803279381
"X2.5825",-3.46525528871682e-05
"X2.5826",0.000293952060970509
"X2.5827",0.000118598229875107
"X2.5829",0.000192276962691546
"X2.5830",-0.000121989677361369
"X2.5832",0.000307795623217419
"X2.5833",-0.000329912744689381
"X2.5834",3.52810072856858e-05
"X2.5835",-4.16864363949345e-05
"X2.5836",-0.00011595114802591
"X2.5837",-0.000339923376137153
"X2.5838",-9.32097270826982e-05
"X2.5839",0.000282645059904025
"X2.5840",0.000293878267854237
"X2.5841",-0.000464779654514348
"X2.5843",0.000273782885807333
"X2.5847",-0.000404598444805679
"X2.5849",0.000252061196017634
"X2.5854",9.28622438711538e-05
"X2.5856",0.000252252312569355
"X2.5857",0.0003393168163488
"X2.5863",0.000481384472797503
"X2.5869",-1.64833567384206e-06
"X2.5870",-3.45728924763215e-05
"X2.5873",-0.000197591078779934
"X2.5875",-0.000307404520223553
"X2.5876",-0.000331501565453828
"X2.5877",-7.63470654638944e-05
"X2.5878",0.000143443126441612
"X2.5879",-0.000140535608190775
"X2.5881",-0.000469916457595208
"X2.5882",-0.000253587164572801
"X2.5883",0.000124771802324701
"X2.5885",-7.33502717800216e-05
"X2.5886",0.000263416792620575
"X2.5887",0.000160276147446526
"X2.5891",0.000150709874474154
"X2.5892",0.000281671095611247
"X2.5893",-0.000216432187289546
"X2.5894",6.11556382135367e-05
"X2.5895",-0.000503856817567092
"X2.5896",-0.00033224383151599
"X2.5897",-0.00013968970148689
"X2.5898",0.000271298794329663
"X2.5899",-0.000267465128032775
"X2.5900",3.66585719341106e-06
"X2.5901",0.000127269574564444
"X2.5902",-0.000195007064178376
"X2.5906",-8.41446857211859e-05
"X2.5907",-0.000528731176838395
"X2.5908",3.43798852178236e-05
"X2.5909",-0.000171664005506077
"X2.5910",-0.000384622283822532
"X2.5911",-0.000276103562615484
"X2.5912",0.000195625068782652
"X2.5913",4.94068128894056e-05
"X2.5914",-0.000121453126728397
"X2.5915",0.000156856317137644
"X2.5917",-0.000428236967987313
"X2.5918",-0.000169357346246345
"X2.5919",0.000434339958989084
"X2.5925",-0.000341491750698829
"X2.5926",-0.000145493409790755
"X2.5928",5.14522589581534e-05
"X2.5931",1.83574412935603e-05
"X2.5932",-0.000695301968689496
"X2.5933",-5.42866866511809e-05
"X2.5934",-1.093398332709e-05
"X2.5935",0.000242416962456178
"X2.5937",0.000112948832321844
"X2.5938",-0.000590674697793111
"X2.5939",-2.62235747710858e-05
"X2.5940",-0.000327624682888536
"X2.5941",-0.0001953964311421
"X2.5942",-0.000172649761852303
"X1.312",0.000737554460505118
"X2.5944",-0.00047195365865905
"X2.5945",-0.000106015423999636
"X2.5946",-0.000194503179530639
"X2.5947",-0.000195928463896334
"X2.5948",-8.66298450536762e-06
"X2.5949",0.000255337333082353
"X2.5950",-8.7735114595499e-05
"X2.5952",-0.00037919560562308
"X2.5953",-0.000457223418614243
"X2.5954",-0.000331098511281861
"X2.5955",-0.000114780800877731
"X2.5956",-5.93611016382605e-05
"X2.5957",-0.000481352595600579
"X2.5960",8.8111549121872e-05
"X0.1575",0.000436009724968719
"X2.5962",2.42931065500342e-06
"X0.1576",0.000137187791627566
"X0.1577",-6.01108904911688e-07
"X0.1578",-3.73227883049022e-06
"X0.1579",-5.32342084728118e-05
"X0.1580",-0.000136337118849862
"X0.1581",7.53986437449741e-05
"X2.5964",0.000260432927898484
"X0.1582",-0.000136059646816429
"X0.1583",-8.08830815839602e-05
"X0.1584",-0.000238562546861765
"X0.1585",-0.000310809586635156
"X0.1586",0.000186952216340184
"X0.1587",8.06709107840013e-05
"X0.1588",-9.74597252895625e-05
"X0.1589",-0.000372230247953291
"X0.1590",-0.000228874244715067
"X0.1591",0.000192009973860715
"X0.1592",-0.000508173877807587
"X0.1593",-0.000320209209511516
"X2.5965",0.000600737026615912
"X0.1594",0.000149089563572681
"X0.1596",-0.000394100984092087
"X0.1597",-0.000271302506755524
"X0.1598",2.12897487883757e-05
"X2.5967",0.000113211323837492
"X2.5968",9.90087393115628e-05
"X2.5971",-0.000216609425365055
"X2.5972",5.04029493820009e-05
"X2.5973",4.89798485626041e-05
"X2.5974",-0.000116871556650719
"X2.5975",-0.000244636880770993
"X2.5976",-0.000122946685342558
"X2.5977",-0.000225562004667604
"X2.5978",0.000245491307843455
"X0.1599",-0.000297625218678837
"X2.5979",-0.000699855924804528
"X2.5980",9.80074234738165e-06
"X0.1600",5.02044299274141e-05
"X0.1601",-0.000192678816825616
"X0.1602",0.000357613368646073
"X0.1603",-0.000287985267309843
"X0.1604",-0.000378372678847943
"X0.1605",-9.61610895086558e-06
"X0.1606",0.000437037815983023
"X2.5983",-8.83910378158697e-06
"X2.5984",-5.12228986791778e-05
"X2.5985",4.82775598937229e-05
"X0.1607",-0.000395222895958042
"X0.1608",0.00013735374307292
"X0.1609",-0.000441959364827277
"X0.1610",-0.000128631811582713
"X0.1611",-0.000226383536756014
"X0.1612",-0.000108140031149227
"X0.1613",6.81097962812055e-05
"X0.1614",-0.000132181471354206
"X0.1615",-0.000318838198311274
"X0.1616",-0.00014045836318089
"X0.1617",-0.000106340236577865
"X0.1618",0.000567706298366355
"X0.1619",-0.000204816679262082
"X2.5986",-0.000385359713032185
"X2.5987",-0.000226423825196772
"X0.1620",-2.28073593176398e-05
"X0.1621",0.000206441082842596
"X2.5989",-0.000782661336494294
"X2.5990",0.000282060283353821
"X0.1622",0.000166769256414722
"X0.1623",0.000183593641004627
"X0.1624",-0.000205931778961044
"X0.1625",-0.000185441684341915
"X0.1626",-0.000260543123674297
"X0.1627",-2.50966371927477e-05
"X0.1628",0.000204232731996945
"X0.1629",0.000322949283575413
"X0.1630",0.000243271092248288
"X0.1631",6.54801955905872e-05
"X0.1632",0.000504930712557736
"X0.1633",0.0002251849900097
"X0.1634",-7.99698433334395e-05
"X1.314",-4.41768009203841e-05
"X2.5992",-0.000348939210192417
"X0.1635",-0.000243511621051149
"X0.1636",0.00015621279310241
"X0.1637",0.000195073575986456
"X2.5993",-0.000106386335327976
"X0.1638",0.000179998566980508
"X0.1639",5.72777872465075e-05
"X0.1640",0.000113490330968364
"X0.1642",0.00036879532032358
"X0.1643",0.000175138303366474
"X0.1644",0.000340163484039506
"X2.5994",0.000497555170791941
"X0.1645",-4.37521058887733e-05
"X2.5995",-0.00014827775389999
"X2.5996",3.26541106342612e-05
"X0.1646",-3.24810807659196e-05
"X0.1647",5.41010170483019e-05
"X2.5997",-2.16808073504648e-05
"X2.5998",0.000337878572731396
"X0.1648",0.000383648543818464
"X2.5999",0.000113412626108282
"X0.1649",0.000242438830943892
"X2.6000",0.000124918656120187
"X2.6001",0.000400788484005785
"X0.1650",-4.91855656016591e-05
"X2.6002",0.000599550669044406
"X0.1651",0.000272445545283258
"X2.6003",0.000235556454647381
"X2.6004",-9.80352540015575e-05
"X0.1652",0.000322673327348912
"X2.6006",6.30770336446239e-05
"X0.1653",0.000315704234082884
"X2.6007",-0.000190555165608991
"X0.1654",-0.000270168409382283
"X0.1655",0.000129012198964929
"X0.1656",-0.000188405316838794
"X0.1657",0.000129112616974537
"X2.6009",0.000123901987742753
"X0.1658",3.41190180285826e-05
"X0.1659",7.19806278523916e-05
"X0.1660",6.42304369629086e-05
"X0.1661",-0.000366801234729317
"X0.1662",-0.000155303416512606
"X0.1663",-3.97099532005246e-05
"X2.6010",-3.41461020474416e-05
"X0.1664",-2.04089437441384e-05
"X0.1665",-0.000385944960773332
"X2.6011",-0.000464469330987559
"X0.1666",0.000120941440469745
"X2.6012",0.000641413100451516
"X2.6013",0.000422557335928561
"X2.6014",0.000160743989595912
"X0.1667",-0.000217716113242206
"X0.1668",9.24890076713225e-05
"X0.1669",-7.61530214599214e-05
"X0.1670",8.90657430101813e-05
"X2.6015",0.000227654695929704
"X0.1671",-0.000233408581884608
"X0.1672",-0.000339425751529356
"X0.1673",4.1258422847176e-05
"X2.6016",0.000219845486760574
"X0.1674",0.000231630710082675
"X0.1675",-0.000305626101236354
"X0.1676",-0.000150759004636956
"X0.1677",0.000140442868064311
"X0.1678",-5.64483010792236e-05
"X0.1679",0.000174408084813945
"X2.6018",-0.000444077090921593
"X0.1680",0.000189319189562157
"X0.1681",-9.15367334260078e-05
"X2.6019",-0.000162803858932845
"X0.1682",-4.84698514727025e-05
"X0.1683",-0.000189771991173304
"X0.1684",-0.000407753162076643
"X0.1685",-0.000306151109384532
"X0.1686",-0.000366104613498764
"X0.1687",3.49696112332087e-05
"X2.6022",0.000317429177937639
"X0.1688",0.000117749329820988
"X0.1689",-5.34847677977331e-06
"X0.1690",-0.000647980052558793
"X0.1691",-0.000365381120563137
"X0.1692",0.000236931553278395
"X2.6024",0.000472771978890075
"X2.6025",-0.00039451028533734
"X2.6026",-0.000214481770828582
"X2.6027",2.63659118753634e-05
"X0.1693",0.000338570019325381
"X0.1694",0.00033294396879713
"X2.6028",-0.000264065739148384
"X0.1695",0.00098916288022594
"X2.6029",7.78588172049375e-05
"X0.1696",0.000480340665201383
"X0.1697",0.000347757855178443
"X0.1698",0.0003600332699541
"X2.6030",5.20521859205891e-05
"X2.6031",5.2321447885837e-05
"X2.6032",0.000129309456138435
"X2.6033",0.000103706572292346
"X2.6034",0.000459929278002202
"X2.6035",0.000558092888308485
"X2.6036",0.000426547490371598
"X2.6037",0.0005796553133743
"X2.6038",0.000407429152827849
"X2.6039",2.95873883969837e-05
"X0.1699",0.000360794244212863
"X0.1700",0.000241513604256842
"X0.1701",0.000155348679232261
"X0.1702",0.000551962779006403
"X0.1703",0.000149354390935746
"X0.1704",0.00015450480473185
"X0.1705",0.000355336469963094
"X2.6040",0.000295254666362256
"X2.6041",0.000449446057442885
"X2.6042",-0.000136575046574739
"X2.6043",0.000806423323627643
"X2.6044",0.000207535500751332
"X2.6045",0.000242518473839036
"X2.6046",9.19574533650864e-05
"X0.1706",0.000570729751271664
"X2.6047",0.000431415875519963
"X2.6048",0.000447918186040415
"X0.1708",0.000629845516871893
"X2.6049",-0.000257193440852995
"X2.6050",0.000386971568307214
"X2.6051",-0.000190464506292149
"X2.6052",4.40324393594666e-05
"X2.6053",-2.55955491935411e-05
"X2.6054",7.37636209090386e-05
"X2.6055",4.82858429848497e-05
"X2.6056",-0.000215062247855589
"X2.6057",7.38121640253304e-05
"X2.6058",-7.64772658456196e-05
"X2.6059",-0.000109508908906016
"X2.6060",0.000371147372073496
"X2.6061",0.000176289006296861
"X2.6062",0.000103237948381085
"X2.6063",-0.000170963219859678
"X2.6064",4.8299747287596e-05
"X2.6065",6.53164822973578e-05
"X2.6066",-0.000152417666312679
"X2.6067",-0.000220611844800405
"X2.6068",0.000176350850572388
"X2.6072",-0.000403118113469076
"X2.6074",8.7457229549893e-05
"X2.6075",-0.00063215002607784
"X2.6076",0.000282296845681704
"X2.6077",-0.00016854874173776
"X2.6078",-2.59211591106333e-05
"X2.6079",0.000216738654172876
"X2.6080",-0.000168919362666468
"X2.6081",0.000128835407516853
"X2.6082",-0.000313397104636997
"X2.6083",0.000291064905255136
"X2.6084",-0.000233496123308269
"X2.6085",5.90700961896308e-05
"X2.6086",5.95272876893426e-05
"X0.1709",-4.32899775459505e-05
"X0.1710",-7.905486452252e-05
"X0.1711",0.000206415381440123
"X0.1712",9.12614349666649e-05
"X0.1713",-7.84346963673932e-05
"X0.1714",0.00017284865558823
"X0.1715",0.00033262721120765
"X0.1716",-0.00030805002961141
"X0.1717",0.000675119732108284
"X0.1718",0.000240162279521333
"X2.6087",0.000296308047267262
"X0.1719",0.000214114773852966
"X0.1720",0.000140918589501988
"X0.1721",-0.000150457319826818
"X2.6088",0.000303847486515431
"X0.1722",4.00628787483108e-05
"X0.1723",-5.96533198071803e-06
"X0.1724",0.000147988883079117
"X2.6089",0.000389696736577317
"X2.6090",0.000257039978177975
"X2.6091",0.000208980768594141
"X0.1725",-0.00020424150607008
"X0.1726",1.40217779844028e-05
"X2.6092",-0.000149616579847201
"X2.6093",0.000271241191570009
"X2.6094",0.000541181822686239
"X2.6096",-0.000739566312374708
"X2.6097",-2.69541461711985e-05
"X0.1728",0.000338328531270921
"X0.1729",0.000381186001545912
"X2.6098",0.000122040327995064
"X0.1730",-8.17814025903769e-05
"X2.6101",0.000245874982192346
"X0.1731",-1.5470576582639e-05
"X2.6102",0.000132063648266402
"X0.1732",0.000407483359865256
"X2.6104",-0.000372195169744557
"X0.1733",0.000430248475872433
"X2.6105",0.000449575569348429
"X0.1734",0.000465258308553323
"X2.6106",-6.89435969771767e-05
"X2.6107",-2.67101126201604e-05
"X2.6108",7.34100373039164e-05
"X2.6109",0.000579507856698352
"X2.6110",0.000266607481346412
"X2.6111",0.000503813311214164
"X2.6112",0.000381465910184819
"X2.6113",0.000121742727050209
"X2.6114",-0.000153572353012151
"X2.6115",6.47126420628781e-05
"X2.6116",-0.000314207863059396
"X2.6117",-0.000158074169138482
"X2.6118",0.000232471548943009
"X2.6119",2.06771184274645e-06
"X2.6121",-6.55685135552073e-05
"X2.6122",0.000161868885764907
"X2.6123",3.48348470905361e-05
"X2.6124",0.000258090327686843
"X2.6125",0.000336503275494246
"X2.6126",2.97729524419456e-05
"X2.6127",6.0749270077953e-06
"X2.6128",-2.39126126040147e-06
"X2.6129",-0.000175407066563114
"X2.6131",0.000221928629814073
"X2.6133",-9.09349464029807e-05
"X2.6134",0.000289718939031503
"X2.6135",0.000396587436636916
"X2.6136",7.47877160822924e-05
"X2.6137",0.000101079617321686
"X2.6138",0.00043650386275135
"X2.6139",-4.37919581725718e-05
"X2.6140",0.000542491316297198
"X2.6141",-7.23081249435617e-05
"X2.6142",0.000200623658380152
"X2.6143",0.000328993175540582
"X2.6144",0.00020835786208762
"X2.6145",0.000186704462937397
"X2.6146",-0.000113814068340655
"X2.6147",0.000176979887898005
"X2.6148",0.000396024436936354
"X2.6149",4.66470354760694e-05
"X2.6150",-3.95266862762342e-05
"X2.6151",0.000208415753626922
"X2.6152",-0.000173559875381097
"X2.6153",-0.000393775574165801
"X2.6154",0.000301152349758955
"X2.6155",0.000501622080571102
"X2.6156",5.36628634749725e-05
"X2.6157",0.000188490065768104
"X2.6158",0.000166016362553316
"X2.6159",-0.00014650957986914
"X1.318",-2.05280471438985e-05
"X2.6160",0.000611676812937235
"X0.1736",-0.000165205480127004
"X0.1737",-0.000213936360740229
"X0.1738",7.05075709207172e-05
"X0.1739",-0.000430906392911256
"X0.1740",0.000176827847125637
"X0.1741",-7.68012624149719e-05
"X0.1742",-0.000292128830667965
"X0.1743",-3.5259617182456e-05
"X0.1744",-0.000204813834163567
"X0.1745",-0.000259856918374478
"X0.1746",-0.000106103000588444
"X0.1747",-4.27300372219732e-05
"X0.1748",-0.000312331126884877
"X0.1749",-1.9555735291822e-05
"X0.1750",-2.93499214515231e-05
"X0.1751",0.00019968183815556
"X0.1752",-3.09318489191439e-07
"X0.1753",-0.000176717262353866
"X2.6161",0.000590782510290749
"X0.1754",-0.000269796189788743
"X0.1755",-6.65012846946775e-05
"X2.6162",-0.000161304357046595
"X0.1756",-0.000205706461577104
"X0.1757",0.00017306237593075
"X0.1758",-0.000103843198366831
"X0.1759",-0.000426783825103959
"X0.1760",-0.000254752916297963
"X0.1761",-0.000149078979847356
"X0.1762",-1.54072102603568e-05
"X0.1763",-0.000205956296360451
"X0.1764",-0.000251907734902602
"X0.1765",2.13269579784921e-05
"X0.1766",3.42030035268008e-05
"X2.6163",-1.71909488590113e-05
"X0.1767",-0.000283058409916172
"X2.6164",-2.28492843877299e-07
"X2.6165",-0.00037271443723089
"X0.1768",-0.000106427417123988
"X0.1769",-0.000285653595934744
"X0.1770",-0.000516570886555893
"X0.1771",-0.000129246694061654
"X2.6166",0.000525877256267129
"X2.6167",-0.000529381888244889
"X2.6168",0.000237427999764048
"X2.6169",-0.000337673062357576
"X2.6170",-7.33898310522368e-05
"X2.6171",7.78926377469253e-06
"X2.6172",0.000279890680913409
"X2.6173",-0.000140622585601665
"X2.6174",-3.83033680965203e-05
"X2.6175",-0.00026982801635923
"X0.1772",-3.00648491307411e-05
"X2.6176",-5.67942416615295e-05
"X2.6177",0.000201648748477699
"X2.6178",-0.000149945314537196
"X2.6181",-5.921914019296e-06
"X2.6182",0.000138174855516391
"X2.6183",0.000391571448945953
"X0.1773",0.000423224634487234
"X2.6184",-0.000309161792549491
"X2.6185",-0.00039716022613886
"X2.6186",3.78595174035165e-05
"X0.1774",5.24514077621063e-05
"X0.1775",0.000933720739955634
"X0.1776",-6.25667776547118e-05
"X0.1777",-0.000198297838049252
"X0.1778",-7.30416185603328e-05
"X0.1779",-0.000125815318830272
"X0.1780",-0.00011528013667842
"X2.6187",0.000234561567554963
"X2.6188",-0.000243525656083269
"X2.6189",-0.00022683298866986
"X2.6190",0.000365821943796616
"X2.6191",7.89466459371244e-05
"X0.1782",6.65471005537489e-05
"X0.1783",-0.000105168969328528
"X2.6194",0.00020793065575384
"X0.1784",0.000153712490609784
"X0.1785",1.51807207011281e-05
"X0.1786",-3.77704487624528e-05
"X0.1787",-0.000113219376487928
"X0.1788",0.000114712666584027
"X0.1789",-0.000197195531731258
"X0.1790",-0.000341695505784962
"X0.1791",0.000368199784408831
"X0.1793",0.000340414074740599
"X0.1794",0.000151820470705147
"X0.1795",-0.000124632693377568
"X0.1796",-2.2976833747848e-05
"X0.1797",9.08404186510787e-05
"X0.1798",7.27448690448832e-05
"X0.1799",9.46077278144311e-05
"X0.1800",-5.42863509193566e-06
"X0.1801",-0.000164829543107053
"X0.1802",-4.81598167725391e-05
"X0.1803",2.80905013370049e-05
"X0.1804",-0.000225671333798637
"X2.6196",0.000107329636536507
"X0.1805",0.000242966969831736
"X2.6197",0.000270616692841544
"X0.1806",0.000473385070283217
"X0.1807",0.000379284942114148
"X2.6198",-2.65705286056123e-05
"X0.1808",7.37817486714086e-05
"X0.1809",-0.0005075914116362
"X0.1810",-0.000287477716393207
"X2.6199",-0.000172616902763988
"X2.6200",2.88845708304527e-05
"X2.6201",-0.000135738232134068
"X2.6203",5.37685427311587e-05
"X2.6204",-0.000156186035227707
"X2.6205",0.000184356106672712
"X2.6206",-0.000435384586872079
"X2.6208",0.000163622842832317
"X2.6209",-2.77013059656982e-05
"X2.6210",-0.00021672214818307
"X2.6211",0.000203043866235036
"X2.6212",-0.000212055817834616
"X2.6213",0.000120056656564927
"X2.6214",6.03018313873905e-05
"X2.6215",-0.00060471059036883
"X2.6216",-0.000127015770074954
"X2.6217",-0.000179767630092516
"X2.6218",9.01250225222402e-06
"X2.6219",-0.000175486809670976
"X2.6220",-9.98879247687976e-05
"X2.6221",0.000291214857548126
"X2.6222",-3.69979777601675e-05
"X2.6223",0.000219961918588659
"X2.6224",5.45410432953414e-05
"X2.6225",2.56015347392304e-05
"X2.6226",-0.000227996766602172
"X2.6227",0.00017625626053163
"X2.6228",0.000136990878952635
"X2.6229",0.000168226082582123
"X2.6230",-0.000391128827149066
"X2.6231",-0.000336122992980174
"X2.6232",-7.08550307561543e-05
"X2.6233",8.15326075415067e-05
"X2.6234",-0.000221895022554861
"X2.6235",0.000128713007478484
"X2.6236",-1.23909788430243e-05
"X2.6239",6.57919803327288e-05
"X2.6240",0.000226710966282777
"X2.6241",-8.58711882495614e-05
"X2.6242",-0.000263931630174131
"X2.6243",-9.45991816210269e-05
"X2.6244",8.498973132492e-05
"X2.6245",0.000322363766462762
"X2.6246",0.000727979346586954
"X2.6247",0.000212469689926557
"X2.6248",-0.00011457117660608
"X2.6249",-8.74263560500523e-05
"X2.6250",0.000228837453521727
"X2.6251",0.000221825324395944
"X2.6252",4.03621525023924e-06
"X2.6253",-0.000346478472018756
"X2.6254",0.000236672346788738
"X2.6255",-1.05671403249432e-05
"X0.1811",-6.65940774325226e-05
"X0.1812",3.36882406806831e-05
"X2.6257",0.000289968776917786
"X0.1813",0.000211134605531501
"X0.1814",-7.12351229196361e-05
"X0.1815",-0.000106843723511609
"X0.1816",-0.00030010194696816
"X0.1818",-0.000349325136630579
"X0.1819",-0.000236155923956594
"X2.6259",-0.000214048186011011
"X0.1820",-0.000179930213142292
"X2.6260",8.48605933113916e-05
"X0.1821",-0.000218913075589109
"X2.6261",-5.77364251972841e-05
"X0.1823",-0.000381189401159393
"X0.1824",-0.00015092012465309
"X0.1825",-0.000589729420695892
"X2.6262",0.000467746759588345
"X0.1826",0.00045320563487771
"X2.6265",-0.000237236669583899
"X2.6266",-0.000169310407404099
"X2.6267",-0.000442435204765359
"X2.6268",0.000338052175972533
"X2.6269",8.36720732537244e-05
"X2.6270",-0.000520751811327721
"X2.6271",-7.68841967922673e-06
"X2.6273",1.03314318171355e-05
"X0.1827",-2.1998170509109e-05
"X2.6274",-0.000461822975771766
"X1.324",9.49360414705677e-06
"X0.1828",4.51313955115002e-05
"X0.1829",-0.000211549089016809
"X0.1830",5.58313105157143e-05
"X0.1831",-2.24785140795554e-05
"X0.1832",0.000270986843332811
"X0.1833",0.000185564005707744
"X0.1834",0.000394271449693967
"X0.1835",0.000172309547050361
"X0.1836",-0.000200247295176467
"X0.1837",-0.000144310865182028
"X0.1838",0.000200407748930644
"X2.6276",0.000108687028086194
"X0.1839",-0.000229711422798305
"X0.1840",9.6069132017412e-05
"X0.1841",0.000113162412766082
"X0.1842",-0.000246219108517189
"X0.1843",0.000167399494778598
"X0.1844",-0.000350450572861864
"X0.1845",-0.000278187627527716
"X0.1846",-0.000425754558416527
"X0.1847",-0.000147773704729654
"X0.1848",0.000298785032501231
"X0.1849",-8.13857237146882e-05
"X0.1850",5.80931667548915e-05
"X0.1851",0.00034786134106678
"X0.1852",-9.89736406667983e-05
"X0.1853",4.72903602483417e-05
"X0.1854",-9.3838292138313e-05
"X0.1855",0.000164153423259672
"X2.6277",-0.000391406528876278
"X2.6278",1.60179431487986e-05
"X2.6280",8.64391714733425e-05
"X2.6281",0.000711943179939379
"X2.6282",-2.93082410751553e-08
"X2.6283",8.60414731719513e-05
"X2.6284",8.06104564601683e-05
"X2.6285",0.000374401219699263
"X2.6286",-5.02609622667059e-06
"X0.1856",-0.000142174428499198
"X2.6287",0.000361867614869733
"X2.6288",0.000808902678205801
"X2.6289",0.000218198423940176
"X2.6290",0.00024779134284315
"X2.6292",0.000587066373532668
"X2.6293",0.000386592819533902
"X2.6294",0.000599709340944803
"X2.6295",-0.000101091146230334
"X2.6296",0.000809912098248645
"X2.6297",0.000426092675422187
"X2.6298",-0.000232491410606292
"X2.6299",0.00022717037613996
"X2.6300",0.000417458633214278
"X2.6301",0.000395091608381485
"X0.1858",-0.000785043540702621
"X2.6302",-0.000227124581160262
"X2.6303",0.000180199833538266
"X2.6304",0.000165366796048187
"X0.1860",-2.15921428246388e-05
"X0.1861",5.10211248044709e-05
"X2.6306",-0.000352357663023297
"X2.6307",-2.46645890306667e-06
"X2.6309",-2.95283310819071e-05
"X2.6314",-3.85917780243042e-05
"X2.6315",0.000375661107579263
"X2.6316",0.000105105199949723
"X2.6317",0.000109183010954086
"X2.6318",-0.00031030762590237
"X2.6319",-0.000596826445003748
"X2.6320",8.2323914745687e-05
"X0.1862",-0.000401577649356642
"X0.1863",-3.71393030576983e-05
"X2.6321",0.000459209651479722
"X2.6323",5.12650657957066e-05
"X0.1864",-0.000271339418804687
"X2.6324",-0.000274390292141526
"X2.6325",0.000149073725270205
"X2.6326",0.000168994621169181
"X2.6327",-0.000182096950522408
"X0.1865",-3.1280960052375e-05
"X0.1866",-0.000642256965484109
"X2.6328",2.85184572281651e-05
"X2.6329",-0.000376154101653454
"X2.6330",8.102339752464e-05
"X0.1867",-0.000109616568822608
"X2.6331",3.77240261996096e-05
"X2.6332",0.000142045207296108
"X2.6333",9.24310649396144e-05
"X2.6334",0.000403316285421447
"X2.6335",-0.000323126163897607
"X2.6336",-0.000263829428343184
"X2.6337",7.26565353438773e-05
"X2.6338",-0.000288726330036332
"X2.6339",-0.000642034312476494
"X2.6340",0.000367945184571546
"X0.1868",-0.000134104156871609
"X2.6342",2.87701945172204e-05
"X0.1870",-0.000247725822468111
"X0.1871",-0.000244644114775035
"X2.6344",0.00023623680390027
"X2.6345",0.000136884134161591
"X2.6346",0.000690020244205328
"X2.6347",-3.43999752378207e-05
"X0.1872",-0.000224747497641389
"X0.1873",-1.90935228287088e-06
"X0.1874",-0.000199001985252618
"X0.1875",-4.06350897732034e-05
"X2.6348",-0.000662155388647461
"X2.6349",5.1638837399568e-05
"X2.6350",0.000184567272720313
"X2.6351",0.000453696504650308
"X2.6352",-0.000255130610919655
"X2.6355",0.000227867894118284
"X2.6356",3.82911775910621e-05
"X2.6360",-0.000186133156929426
"X2.6361",0.00029795731228503
"X2.6362",-9.11352335404433e-05
"X2.6363",-0.000425680346728978
"X2.6364",-0.000246431961180121
"X2.6365",-0.000110138164085456
"X2.6366",0.00016091577023338
"X2.6367",-0.000340312464365138
"X0.1876",0.000344250165295609
"X2.6369",-0.00042011898733192
"X2.6370",-0.000189721463793164
"X0.1879",-0.000207153669887226
"X0.1880",-0.000170455100247952
"X0.1881",-7.69354748598937e-05
"X0.1882",8.643596512153e-05
"X0.1883",0.000202555957506933
"X0.1884",-0.000174137029523237
"X0.1885",0.000273480160255105
"X0.1886",0.000259009746226344
"X0.1887",-0.000309564259087621
"X0.1888",0.00045786734665074
"X0.1889",0.000154057638895882
"X0.1890",0.00015109928719287
"X0.1891",0.000175919889653734
"X2.6385",-0.000487760646156081
"X0.1892",0.000370298879088533
"X2.6388",0.000944917908702562
"X2.6389",0.000138573405593908
"X2.6390",0.000858809300511909
"X2.6391",0.000291227565720983
"X0.1893",-0.000484893158532453
"X0.1894",5.47469957111685e-05
"X0.1895",-0.000223538874379593
"X0.1896",-0.000463535590010095
"X0.1897",-8.27687763176961e-06
"X0.1898",-0.000443392519657307
"X0.1899",-0.000458809631417873
"X2.6393",0.000461920890839959
"X0.1901",-0.00058693161461477
"X2.6395",-0.000324702774003859
"X2.6396",0.000201805477053841
"X2.6397",0.000368267532119598
"X2.6399",0.000106706810013838
"X2.6400",-0.000196057751560953
"X2.6401",0.000257010405680723
"X2.6403",0.000160212193409641
"X2.6404",0.000105443495409398
"X2.6405",-0.000202704877477687
"X2.6406",0.00021325360883137
"X2.6407",0.000291379217028869
"X2.6408",6.4657170382051e-05
"X2.6409",-0.000111188509635039
"X0.1903",-0.000345851349312748
"X2.6410",0.000118702002803361
"X2.6411",9.24649385767974e-05
"X2.6412",-7.36466090787708e-05
"X2.6413",-0.00012208246674487
"X2.6414",-0.000346484236801315
"X2.6415",0.000136693166906947
"X2.6416",0.000283231300910738
"X2.6417",-0.000198902215182566
"X2.6418",-3.15026841248383e-06
"X2.6419",-7.28365136526883e-06
"X2.6420",6.84208696892794e-05
"X2.6421",-2.5130783342805e-05
"X2.6422",4.66818484332536e-05
"X2.6423",-0.000223147727684772
"X0.1904",2.49409821401964e-05
"X2.6424",6.24107852849969e-05
"X2.6425",0.000295178328821898
"X2.6426",-0.000284104305363551
"X2.6427",-0.000289945172096467
"X2.6428",-0.000298626516206402
"X2.6429",0.000263996241743369
"X2.6430",-8.48503479663642e-05
"X2.6431",0.000188141828751793
"X2.6432",-1.78617178624372e-05
"X2.6433",0.000230149787272175
"X2.6436",-0.000437286537814015
"X2.6437",-5.08618654261003e-05
"X2.6438",-2.96740593039199e-05
"X2.6439",-0.00050088874488688
"X2.6440",0.000257058225647824
"X2.6441",-0.000223545834458521
"X2.6442",-0.000525829588438687
"X2.6443",-0.000202311080494106
"X2.6444",-0.000366424950221279
"X2.6445",-2.61341245377146e-05
"X2.6446",-3.50729527024364e-05
"X2.6447",-0.000223489747519658
"X2.6449",-1.27578668861496e-05
"X2.6450",5.8007948832883e-05
"X2.6451",-0.000438255772705699
"X2.6452",-0.000185052206775775
"X2.6453",-0.000465771517258757
"X2.6454",-0.000165271565986734
"X2.6455",-0.00101661808683038
"X2.6456",-0.00033193550226621
"X2.6457",-0.000280776072963826
"X2.6459",-0.000177444110551599
"X2.6460",-0.000409588190589535
"X2.6461",-0.00028886663903418
"X2.6462",0.000183448781615726
"X2.6463",-0.000341203703782137
"X2.6464",0.0004471610393297
"X2.6465",-0.000225278226107136
"X2.6466",-0.000369886805949896
"X2.6467",-0.000283938129889501
"X2.6468",-0.000711195357278303
"X2.6469",0.000251226700145505
"X0.1907",-7.01088716638243e-05
"X0.1908",-0.000120047847565624
"X1.336",-0.00117125409994317
"X0.1911",-8.75663649372551e-05
"X0.1912",8.23590577410346e-05
"X0.1913",-0.000119732547710464
"X2.6473",-0.000328045535420643
"X2.6475",0.000298051345530712
"X2.6478",1.67373477969352e-05
"X2.6482",-0.000129175110241148
"X2.6485",0.00028489041586612
"X0.1915",0.000324923550223225
"X2.6488",0.000298762345912591
"X0.1916",-0.000373547413636609
"X2.6489",-0.000259104129284366
"X2.6490",0.000112169184791566
"X2.6491",0.000106280319179133
"X2.6493",0.000132691106367616
"X2.6494",-1.4581256913848e-06
"X2.6497",-0.000115355215986546
"X2.6498",0.000102356583346078
"X2.6499",-7.21763541168313e-05
"X2.6500",8.76799103132433e-05
"X2.6501",-0.00010072701989439
"X2.6502",-0.000548268887546283
"X2.6504",0.000336701367359531
"X2.6505",-0.000126367220696669
"X2.6506",-9.22261188631583e-05
"X2.6507",-0.000335066047264383
"X2.6508",0.000792050543457565
"X2.6509",0.000930452600878215
"X2.6513",0.000467263515770944
"X0.1917",2.51918593049955e-05
"X0.1918",0.000102987659014012
"X2.6516",0.000111252916506631
"X0.1919",0.000441581089892561
"X0.1921",0.000245895198689268
"X0.1922",0.000171049454487007
"X2.6520",-0.000327965631826829
"X0.1923",-5.01208555300888e-05
"X2.6522",-0.000627536861604915
"X0.1924",0.000361011660305488
"X0.1925",-3.19122834947845e-05
"X0.1926",0.000102095506243457
"X0.1927",-0.000274124821984266
"X2.6525",0.00034298925629075
"X0.1928",-0.000421174213495956
"X0.1929",0.000223671900896746
"X0.1930",0.000127243863390979
"X0.1931",-0.000368066297372455
"X2.6526",0.000269654991202169
"X0.1932",0.000136981678412908
"X0.1933",-0.000388453547434867
"X0.1934",-0.00056913905993436
"X2.6528",4.79669071462293e-05
"X2.6529",0.000328053051546734
"X0.1937",-0.000253235298352467
"X0.1938",-8.68173252078138e-05
"X0.1939",0.000634211156461222
"X2.6532",-0.000126333366292948
"X0.1941",-0.000245747973827053
"X2.6533",-0.000298952339557272
"X0.1942",0.000125052008907968
"X0.1943",-0.000546537394801358
"X0.1944",-0.000180471630120161
"X2.6535",0.000409068222060737
"X2.6536",-1.3908517630521e-05
"X0.1946",-2.35123172674669e-05
"X0.1947",-5.74912233452706e-05
"X2.6541",-0.000484846759079452
"X2.6544",0.000159930260967368
"X2.6545",-4.21782952015942e-05
"X2.6546",0.000110348209848166
"X2.6547",0.00041471976466416
"X2.6548",9.43892253872438e-05
"X0.1948",0.000196204649479826
"X2.6552",-4.75363179128148e-06
"X2.6554",0.000224713317346766
"X2.6555",0.000282406465765472
"X0.1949",8.05741886405358e-05
"X2.6557",0.000203190444771357
"X2.6558",-0.000506676701864865
"X2.6560",-5.31820726026438e-05
"X2.6561",-0.000210141578965027
"X2.6562",-0.000213887942765836
"X2.6563",3.9250103349354e-05
"X2.6566",-0.000212918470640998
"X0.1950",-9.18560934525907e-05
"X2.6568",0.000221144620039088
"X2.6571",-0.000387746243285292
"X2.6575",-0.00011019486772612
"X2.6576",0.000112292883086454
"X2.6577",0.000235954217778747
"X2.6578",0.000295205666546514
"X2.6579",-0.000255208103849476
"X2.6581",-0.000104532824104198
"X2.6582",0.000176206907929448
"X2.6584",-0.000284719937824835
"X2.6585",0.000224714364760269
"X2.6586",0.000209828535122383
"X0.1951",0.000205732460162458
"X0.1952",-0.000307908153016576
"X2.6589",9.11091636629788e-05
"X2.6590",0.000224062235424535
"X2.6591",-0.000363566115282798
"X2.6592",7.87212152814297e-05
"X2.6593",-0.000613248589404386
"X2.6597",-5.46305680428449e-05
"X0.1953",3.66526259269868e-05
"X2.6598",-0.000128453014897078
"X2.6599",8.93215190138625e-05
"X2.6601",-0.000144790186679711
"X2.6603",0.000319239705853016
"X2.6604",-0.000291835508016562
"X2.6605",-7.95200294998104e-05
"X2.6606",0.000157080408246186
"X2.6607",-0.000102246315394528
"X2.6608",0.000257900594642337
"X2.6609",0.000207793115605396
"X2.6610",-0.000161670447178278
"X2.6613",-1.85433403343557e-06
"X2.6614",0.000161057197875074
"X2.6615",0.000691605655312889
"X2.6616",0.000175125359682103
"X2.6617",0.000290108018049158
"X2.6618",0.000204611415671389
"X2.6619",0.000311190679492726
"X2.6620",0.000332793314431
"X2.6621",0.000112055628280149
"X2.6622",0.000708823185033828
"X1.343",0.000659410539681908
"X2.6625",-0.000241737865287418
"X2.6626",0.000173812632938932
"X2.6627",0.000217797762115815
"X2.6628",0.00101201635988418
"X2.6629",0.000346649981763575
"X2.6630",7.40641991306724e-05
"X2.6632",0.000177373567873071
"X2.6633",-0.000373719923592407
"X2.6634",0.000482564607851392
"X2.6635",-0.000408018014387684
"X2.6636",-0.000317889969202871
"X2.6638",0.00045176341850506
"X2.6639",0.000216269118890592
"X2.6640",-9.78398676187305e-05
"X2.6641",-0.00048502194846863
"X2.6643",0.000286339114192043
"X2.6649",0.000140532242411998
"X2.6658",0.000404935260862209
"X2.6660",2.25780507631318e-05
"X0.1955",-0.000601283912348219
"X0.1956",-0.000514367039439887
"X2.6661",0.000355910530581781
"X2.6662",0.000626495521775723
"X2.6663",0.000649191223062753
"X2.6664",0.000476402157296096
"X2.6666",0.000586833323417139
"X2.6667",-0.000695594319198464
"X2.6668",-0.00019744343906076
"X2.6670",3.05226695006002e-05
"X2.6671",-0.00064716562215418
"X2.6672",0.000457244167847823
"X2.6673",-0.000227034797426814
"X2.6674",0.000716501058227783
"X2.6675",-0.000138818572455803
"X2.6676",-0.000177836192445572
"X2.6677",-0.000220490949497185
"X2.6678",-0.000430416292454447
"X2.6679",-0.000290772014227863
"X2.6680",-0.000448999755323639
"X2.6681",-0.000571808635204461
"X2.6682",-0.000158884570231042
"X2.6683",-0.000505198076215301
"X2.6684",-0.000455782002649573
"X2.6685",-0.000132509351040649
"X2.6686",-0.000286446189004953
"X2.6687",-0.000175063158085751
"X2.6688",-0.000399363157664189
"X2.6689",-0.000587801955107494
"X2.6690",0.000227283081951328
"X2.6691",4.39812237162817e-05
"X2.6692",0.000134350666635747
"X2.6693",6.82808636154454e-05
"X2.6694",-0.000184329646410047
"X2.6695",4.36751221482933e-05
"X2.6696",0.000262384105373431
"X2.6697",0.000193277127516492
"X2.6698",0.000125374701983494
"X2.6699",0.000346570990292149
"X2.6700",-2.64642614187737e-05
"X2.6701",3.28502395002252e-05
"X2.6702",0.000146457341720234
"X2.6703",9.08858138818872e-05
"X2.6704",4.67143948358363e-05
"X2.6707",0.000281816825940729
"X2.6708",0.000101017621532542
"X2.6709",0.000399650371328043
"X2.6710",2.65911018106771e-05
"X2.6711",7.9468950655395e-05
"X2.6712",0.000133683002807129
"X2.6713",0.000135792250994966
"X2.6714",8.11615849615984e-05
"X2.6715",0.000111525363367713
"X2.6716",0.000225730283104149
"X2.6717",-0.000187920487063655
"X2.6718",-0.000300824428036638
"X2.6719",-8.43799908885573e-05
"X2.6720",3.91187067472871e-05
"X0.1957",0.000251674054800875
"X0.1958",0.000501332696016826
"X2.6721",0.000612376689579339
"X2.6722",0.000199501227419222
"X0.1960",-0.000281654756037262
"X0.1961",8.37823715467423e-05
"X0.1962",-0.000137692602937549
"X0.1963",-0.000220682756705008
"X2.6723",-0.000710914628377434
"X0.1964",0.000172614163381071
"X0.1965",0.000367686430546411
"X0.1966",0.000373351560494261
"X0.1967",0.000272902477917129
"X0.1968",-0.000147004189490888
"X2.6724",-0.000624023281677332
"X0.1969",0.000477864373564909
"X2.6725",0.000118244603605411
"X2.6726",1.89548927154944e-05
"X2.6727",-0.000239970285924026
"X2.6728",-0.000425858273351145
"X2.6729",-2.74231659427221e-05
"X2.6730",-0.000459819457009531
"X2.6733",-0.000244482652831823
"X2.6734",0.000329493290598393
"X2.6735",0.00032356121194155
"X2.6736",-1.13748188639548e-05
"X2.6737",7.4663020743491e-05
"X2.6738",-9.14437184026021e-05
"X2.6739",-0.000225508370187492
"X2.6740",-0.000105375345759544
"X2.6741",-0.000221715096931762
"X2.6742",6.71677492963493e-05
"X2.6743",-0.000361838855586502
"X2.6744",-0.000275726712145437
"X2.6745",-0.000448862846065414
"X2.6746",-0.000139391927616455
"X2.6747",-0.000556781213183704
"X2.6748",-0.000523679659018386
"X2.6749",-0.000264336553313145
"X2.6750",5.05389567850671e-05
"X2.6751",0.000459562970795333
"X2.6753",-0.000326130023180335
"X2.6754",0.000124701907644592
"X2.6755",-0.000130201593798704
"X2.6756",0.000137865627010138
"X2.6757",-0.000494996699425547
"X2.6759",-0.000201315549529702
"X2.6760",-0.000417732890087592
"X2.6761",-0.000826122638007739
"X2.6762",-2.39703580198158e-05
"X2.6763",0.000113266526739465
"X2.6764",-9.75462764201998e-05
"X2.6765",-0.000278687126207502
"X2.6766",-0.000477743128277574
"X2.6767",0.0002979010980691
"X2.6768",9.43610284654243e-05
"X2.6769",-0.000256514113797464
"X2.6772",4.53639563682624e-05
"X0.1970",2.90774298341627e-07
"X2.6773",-7.35197757656338e-05
"X2.6774",-0.000232802595334108
"X2.6775",-0.000163158726239668
"X2.6776",-0.000180420598086822
"X2.6777",-0.000234843762141295
"X2.6778",-6.58100878315048e-05
"X2.6780",-0.000436400044989836
"X2.6781",0.000650070339253112
"X2.6782",-6.46468379058593e-05
"X2.6783",0.000228491944932466
"X2.6784",6.97809076490589e-05
"X2.6785",0.000340418311714453
"X2.6786",0.000217695996124893
"X2.6787",1.492828611161e-05
"X2.6788",2.48068867111776e-05
"X2.6789",-0.000154147569645097
"X2.6790",-0.000109176487192309
"X2.6791",0.000122834216003437
"X2.6792",0.00024312740848324
"X2.6793",0.000128134562973865
"X2.6794",5.85428430930351e-05
"X2.6795",-9.66431309410962e-05
"X2.6796",-0.000306941005100184
"X2.6798",0.000357732686174837
"X2.6799",-0.000238037866830598
"X2.6800",-0.000237320001230556
"X2.6801",-8.85140327292704e-05
"X2.6802",0.00020195927408934
"X2.6803",-0.000302678935194053
"X2.6804",0.000304799742015112
"X2.6805",-5.29054702373233e-05
"X2.6806",0.000155814648586564
"X2.6807",-1.45688757530096e-05
"X2.6808",-0.000385397912075317
"X2.6809",-0.000245746489389811
"X2.6810",6.48123924771221e-05
"X2.6811",2.45439587078908e-05
"X2.6812",8.57901284450862e-05
"X2.6816",0.000143247670209362
"X2.6817",0.000444244650705809
"X2.6818",0.000297381053595011
"X2.6819",5.38831297225397e-05
"X2.6820",-0.000365397921310855
"X0.1974",0.000159256712284894
"X2.6823",0.000206040380960972
"X2.6824",-0.000225770527874379
"X2.6825",0.000281258161908435
"X2.6826",-0.000164823419750739
"X2.6827",2.37930780837372e-05
"X2.6828",0.000206170165553031
"X2.6829",-0.000133244516073954
"X2.6830",-0.000110506000121274
"X2.6831",-1.85382133709098e-05
"X2.6833",5.65210063125754e-05
"X2.6834",0.000158404001340552
"X2.6835",0.00021987965386308
"X2.6836",-0.000154603003603225
"X2.6837",0.000113060762069797
"X2.6838",8.16891165055146e-05
"X2.6839",8.38951350618254e-05
"X2.6840",-0.000202680298940053
"X2.6841",0.00012079490361762
"X2.6842",-4.44828068892893e-05
"X2.6843",0.000117188455465906
"X2.6844",0.000419290934036815
"X2.6845",3.68955331955076e-06
"X2.6846",-0.000268152828674546
"X2.6847",-0.00034002034129705
"X2.6848",-8.81832345044383e-05
"X2.6850",0.000623400091118201
"X2.6851",-0.000200558203726761
"X2.6852",0.000565282859421947
"X2.6853",0.0004070283870149
"X2.6854",0.000317514109784119
"X2.6855",-0.000889439216894929
"X2.6856",0.000373227384569988
"X2.6857",-4.8803732373895e-05
"X2.6858",-0.00014103119882239
"X2.6859",4.77468338015886e-05
"X2.6860",0.000202684476098623
"X2.6862",0.000209285380993596
"X2.6863",0.000129279304230589
"X2.6864",0.000156872976536746
"X2.6865",0.000167267171550866
"X2.6867",-0.000430355694464373
"X2.6869",0.00064369991590104
"X0.1975",0.000193032721575188
"X2.6872",-0.000288531332695829
"X2.6873",-0.000123163650950545
"X2.6874",6.93315729881372e-05
"X2.6875",-1.57768138376149e-06
"X2.6877",0.000315680470049504
"X2.6878",0.000158309384669434
"X2.6879",-0.000135866690433873
"X2.6880",0.000380797281096216
"X2.6881",-7.97243203398539e-05
"X2.6882",0.000176214505831889
"X2.6883",0.000204029320148185
"X2.6887",0.000199015836519719
"X2.6888",0.000206473937184031
"X2.6889",5.18366863258471e-05
"X2.6890",-0.00014113920901898
"X2.6893",-0.000342107895553372
"X2.6896",0.000512840148141104
"X2.6897",0.000468076488620663
"X2.6898",5.71149198111295e-05
"X2.6899",0.000147566457410583
"X2.6900",0.000514223586557798
"X2.6901",0.000424715234233332
"X2.6904",5.83441371974924e-05
"X2.6906",0.000532484450487992
"X2.6911",0.000338344367686984
"X2.6915",-0.000368452739496223
"X0.1979",0.00039905565040383
"X2.6917",-0.000226396741889782
"X2.6918",0.000183143681946637
"X2.6919",6.69859444850642e-06
"X2.6920",9.89646295440554e-05
"X2.6921",0.000105844958345531
"X2.6922",-0.000149852320659505
"X2.6923",-0.000209944376185737
"X2.6926",2.58552998254473e-05
"X2.6927",-8.63306559485661e-05
"X2.6928",-8.10334595843229e-05
"X2.6929",-0.000109669435769394
"X2.6933",0.000275294879511663
"X2.6934",-0.000310915316667739
"X2.6935",-0.000415139579359321
"X2.6936",-0.000159372740193815
"X2.6937",8.31166501656631e-05
"X2.6938",0.00017103066486624
"X2.6939",0.000361292680469588
"X2.6941",-2.4748177987519e-05
"X2.6942",-6.37870052920429e-05
"X2.6943",-0.000499135990111311
"X2.6945",2.43841310432123e-05
"X2.6946",0.000366548450583598
"X2.6948",0.000489346482848503
"X2.6949",-0.000672564268437954
"X2.6950",-2.493518710614e-05
"X2.6951",-5.45276299846152e-05
"X2.6952",2.29237032169121e-05
"X2.6954",-3.36329975212731e-05
"X2.6955",0.000614763206408903
"X2.6956",0.000234813658603893
"X2.6957",-0.000512747616180217
"X2.6958",0.000311500499890842
"X2.6959",0.000396580305866458
"X2.6960",-0.000170725244220525
"X2.6961",0.000136780243849611
"X2.6962",0.000322000925388208
"X2.6963",0.000173050767357225
"X2.6964",0.000194704944881921
"X2.6965",0.000482000997364132
"X2.6966",0.000180609361940841
"X2.6967",-0.000143962909933915
"X0.1983",0.000550938625174705
"X0.1984",0.000259341898230499
"X2.6968",0.000417203212400911
"X2.6969",-7.53352527269656e-05
"X2.6970",-0.000352165669424523
"X2.6971",-0.000110763892762041
"X2.6972",-2.77735566364978e-05
"X2.6973",-7.19024824311084e-05
"X2.6974",0.000335523773512557
"X2.6975",-3.50107472440602e-05
"X2.6976",3.22661957295761e-05
"X2.6977",-7.96264872359696e-05
"X2.6978",-0.000307295539213747
"X2.6979",-0.000185631752329452
"X2.6980",-0.000121968950781753
"X2.6981",-0.000260286485771635
"X2.6982",-0.000219263777798485
"X2.6983",-4.05959391669885e-05
"X2.6984",0.000259876374632295
"X2.6985",0.00030696683457834
"X2.6986",-0.000219674404756466
"X2.6987",-0.000620348749768655
"X2.6989",-0.000372063394133397
"X2.6990",-0.000325075570889376
"X2.6991",-0.000677492506742403
"X2.6992",-0.000429546075245041
"X2.6993",-8.62597630125339e-05
"X2.6994",2.34267103657738e-05
"X2.6995",-0.000166744587650023
"X2.6996",-0.000145662606989334
"X2.6997",-3.99003848496282e-05
"X2.6999",-0.000411364841294551
"X2.7000",0.000473838742107877
"X2.7001",-0.000248847771218994
"X2.7002",0.000136894632938222
"X1.359",-4.83523205412447e-05
"X1.360",0.000215010132797109
"X2.7004",0.000256934861967409
"X2.7005",9.2910037408959e-05
"X2.7007",-5.96903936979883e-05
"X2.7008",0.000110985894056191
"X2.7009",-3.98164425170137e-05
"X2.7010",9.20163341812078e-05
"X2.7011",-0.000438448846122938
"X2.7012",-0.000100623874590696
"X2.7013",0.000182821525067209
"X2.7016",-1.44501217361324e-06
"X2.7017",-4.87244622680343e-05
"X2.7018",-7.52493860379711e-05
"X2.7019",0.000350569605330658
"X2.7020",-0.000250511242892584
"X2.7021",-0.000300660084039295
"X2.7022",0.000122776594090846
"X2.7024",-0.000280028271647809
"X2.7027",-0.000202552228508403
"X0.1988",0.000388557050730703
"X0.1989",0.000166173904825598
"X0.1990",0.000246908283788195
"X2.7029",-0.000512540884781405
"X0.1991",5.78249073570033e-05
"X0.1992",0.000395948803124605
"X0.1993",0.000158545365363023
"X2.7031",-7.81251910272542e-06
"X0.1994",0.000545224331248289
"X0.1995",7.60849935767135e-05
"X2.7032",-3.69867313405124e-05
"X2.7033",0.000369272953193539
"X2.7034",0.000126753603331522
"X2.7038",3.65288684730574e-07
"X2.7040",0.000215862527501082
"X2.7041",6.93922347702026e-07
"X2.7042",0.000196931089819658
"X2.7043",0.000370230556644717
"X2.7044",-6.87927158170727e-05
"X2.7045",-0.000305916817041696
"X2.7047",0.000122376032008488
"X2.7049",-0.000222962029514243
"X2.7050",0.000184267274599408
"X2.7051",0.000166856759631493
"X2.7054",0.000354607236065192
"X2.7055",-2.76152035345131e-05
"X2.7056",-0.000426374657857088
"X0.1996",-0.000235993811203076
"X2.7057",0.000331354349062177
"X0.1997",-0.000161224440256098
"X0.1998",-3.72554042530116e-05
"X0.1999",-0.000264055721960853
"X0.2000",-0.000301613095661458
"X0.2001",-0.000535457545825108
"X0.2002",-0.000245066974564472
"X2.7058",0.000271232543481785
"X0.2003",3.35820480171581e-05
"X2.7059",-0.000161403668218605
"X2.7061",0.000192618446735498
"X2.7062",0.00028067420438203
"X0.2004",-0.00042515172634722
"X2.7063",0.000156214859361873
"X2.7066",-0.000163380603017666
"X2.7071",0.00019097328530136
"X2.7072",0.000235116272473785
"X2.7073",0.000163334660791415
"X2.7074",0.000219468765971301
"X2.7075",0.000368068525804509
"X2.7077",-0.000366560371003166
"X0.2007",0.000166765716030852
"X0.2008",0.000272673571011083
"X1.364",-0.000654729144463541
"X0.2009",0.000726292800701822
"X0.2010",4.44651414036089e-05
"X0.2011",-0.000130780150280621
"X0.2012",0.000136585323280545
"X2.7083",0.000553383701702839
"X2.7084",-0.000119303090581587
"X2.7085",-8.36908464016676e-05
"X2.7086",-0.000365990397127972
"X2.7087",-0.000254582881510092
"X2.7088",-0.000469800245218242
"X2.7089",-2.40071936892652e-05
"X2.7090",0.000141965424293161
"X2.7091",0.000237708811812979
"X2.7092",-0.000124709315562603
"X2.7093",-0.000373319370653116
"X2.7094",7.36487133419461e-05
"X2.7095",6.80670977028397e-05
"X2.7096",6.61614936761071e-05
"X2.7097",0.000106197047113728
"X2.7098",5.35911517334072e-05
"X2.7099",8.9702229235124e-05
"X2.7100",-0.00041270582333072
"X2.7101",0.000113359297020034
"X2.7102",0.000251787257876831
"X2.7103",0.000317984066723593
"X2.7104",-0.000319386825093961
"X2.7105",-0.000365274574350174
"X2.7106",-0.000289479930405181
"X2.7108",0.000151648521549113
"X2.7109",4.97751317235708e-05
"X0.2014",-0.00016181642305185
"X2.7110",0.000364878375078837
"X2.7111",0.000222412966285886
"X2.7112",0.000448380649974523
"X2.7113",-0.000376327031896571
"X0.2015",-6.99004671963141e-06
"X2.7114",7.95143008688243e-05
"X2.7115",-0.000194309911561619
"X2.7116",-0.000183329032064966
"X2.7117",-7.10034526728259e-05
"X2.7118",0.000158174693320459
"X2.7119",0.000512966908461592
"X2.7120",8.36792769393304e-05
"X0.2016",-0.000345175393522617
"X0.2017",-0.000562122031223248
"X2.7121",-0.000250600769464706
"X0.2018",0.000113853672185751
"X0.2019",-0.000557338652116936
"X2.7122",-0.000260571693928264
"X2.7123",-0.000516499198984943
"X0.2020",-0.000460785758692843
"X0.2021",-0.000187388129477283
"X0.2022",7.14903127189432e-05
"X0.2023",0.000102864749977717
"X0.2024",0.000234407986626217
"X1.367",0.000164784963824704
"X0.2025",-0.000222948938569671
"X2.7124",-0.000241378304367301
"X2.7125",3.75454215364328e-05
"X2.7126",0.000389984579513286
"X0.2026",1.18079007981032e-05
"X2.7131",-0.000316342436591757
"X2.7132",-0.000249249507254527
"X2.7133",-0.000261613666884863
"X2.7134",-0.00051687818580724
"X2.7135",-0.000169753844746647
"X2.7136",-0.000107861722063588
"X2.7137",-3.13773366094153e-05
"X2.7138",-0.000102767378568694
"X2.7139",-0.000308794578310855
"X2.7140",-0.000115204088486627
"X2.7141",-0.000171815090705313
"X2.7142",0.000189972625595082
"X2.7143",-3.82058616931411e-05
"X0.2028",-0.000298019986826272
"X0.2029",-0.000636214268741567
"X0.2030",-0.000329227178669992
"X0.2031",-0.000582139767858074
"X0.2032",0.000167283779349136
"X0.2033",-0.000513181561429673
"X0.2034",-0.000143402077852746
"X0.2035",0.000167542550776725
"X0.2036",-0.000385077410474769
"X0.2037",-0.000110862048404659
"X0.2038",-6.10292631055389e-05
"X2.7146",4.94650371263459e-05
"X2.7147",-0.000354958740450808
"X2.7148",-0.000435623866729848
"X2.7149",-0.000216598543718535
"X2.7150",3.90422120996199e-05
"X2.7151",-0.000358889167011258
"X2.7152",-0.000275287694243958
"X0.2039",-6.62918551898746e-05
"X0.2040",0.000125873108108457
"X2.7155",-0.000337609970789176
"X0.2042",-0.000537429336862341
"X0.2043",-0.000139572865555368
"X0.2044",-0.000647015856964165
"X0.2045",-0.000536394599137816
"X0.2046",-0.000289865568273482
"X0.2047",2.02260708402952e-05
"X2.7157",-0.000276986973123875
"X2.7159",-0.000398255331360297
"X2.7161",-5.47172409895271e-05
"X2.7162",-1.03384556327924e-05
"X2.7163",0.00031829671688495
"X2.7164",0.000217099324091509
"X0.2050",5.17488720402279e-05
"X2.7165",-0.00031067827398638
"X2.7166",-0.00012441571070943
"X2.7167",-0.000423219767792451
"X2.7169",-0.000246970441359506
"X0.2052",-0.000471376574040856
"X0.2053",-0.00036636328488185
"X2.7171",5.41019957165324e-05
"X0.2055",5.86288143594139e-05
"X2.7172",4.05382404543856e-06
"X2.7173",0.000465625865966124
"X2.7174",-6.67670993834465e-05
"X0.2056",0.000172867070119273
"X0.2057",0.000115725555925388
"X0.2058",5.54051192206819e-05
"X0.2059",2.99722000813842e-06
"X2.7175",0.000587869080786898
"X2.7176",0.000358412831676214
"X2.7177",-7.52875800551485e-05
"X2.7178",0.000574961149732016
"X2.7179",0.000227488746732349
"X2.7180",-0.000752288050306013
"X2.7181",0.000231410058350022
"X2.7182",0.000513517080081517
"X2.7183",-0.000101314868759669
"X2.7184",1.35907288309744e-05
"X2.7185",0.000335684063751512
"X2.7186",0.000315653997344686
"X2.7187",0.000403935023929878
"X2.7189",0.000191573413083949
"X2.7190",9.47712014280945e-05
"X2.7191",0.000485317100526164
"X2.7192",-0.000195038347063765
"X2.7194",-0.000170865119977703
"X2.7195",-0.000567243258420532
"X2.7196",-0.000561257264574558
"X2.7197",-0.000130648230465891
"X2.7198",-0.000410815754989848
"X2.7199",-0.000198605466859665
"X2.7202",8.74787352546848e-05
"X2.7203",-3.45776047948207e-06
"X2.7204",0.000331677545647811
"X2.7205",6.27125682830894e-05
"X2.7206",-0.000471673190901155
"X2.7207",-9.07055218155787e-05
"X2.7209",-3.24088291325215e-05
"X2.7210",-0.000651666705917968
"X2.7211",-0.0001468539390296
"X2.7212",-0.000329060865132215
"X2.7215",-0.000428898702523304
"X2.7216",2.21008943605703e-05
"X2.7217",2.22231196417069e-05
"X2.7218",-0.000247296878922062
"X2.7219",8.5766519442658e-05
"X2.7220",-0.000432347162092593
"X2.7221",-2.1650773690254e-05
"X2.7222",-0.000274710096964004
"X0.2060",-0.000190217254251025
"X2.7223",-0.000255636616735141
"X2.7226",-0.000304879484197558
"X2.7227",0.000283679215732941
"X2.7228",0.000165591126970493
"X2.7229",0.000311218284290653
"X2.7230",1.60426204470938e-05
"X2.7232",3.33094270570164e-05
"X2.7233",2.0711124887142e-05
"X2.7234",0.000356027261671307
"X2.7236",-2.58372002785169e-05
"X0.2061",-0.000211049261735328
"X2.7237",0.000178318593313531
"X0.2062",-9.05144215088178e-05
"X0.2063",-0.000388415812276317
"X2.7238",-0.000183221457601128
"X0.2064",-0.000470782211297015
"X2.7239",7.89577314214915e-05
"X0.2065",0.00022010527792207
"X2.7240",0.000246705906211196
"X2.7241",-0.00015354093183012
"X2.7242",0.000447636042663754
"X2.7243",-0.000198421551472929
"X2.7244",0.000367188110716843
"X2.7246",-1.3157380258174e-05
"X2.7247",0.000464081652858435
"X2.7248",0.000208379326900101
"X2.7249",-3.06994221314493e-05
"X2.7251",-0.000432041103803365
"X2.7252",-0.000482309131073845
"X2.7253",0.000175271538576814
"X2.7254",-1.52644517860088e-05
"X2.7255",-0.00053804216713771
"X0.2066",5.17871696648445e-05
"X2.7256",-3.3158246855175e-05
"X0.2067",-8.48305208984148e-05
"X0.2068",0.000483734087665651
"X0.2069",-0.00020282344038116
"X0.2070",0.000239544658534647
"X2.7257",0.000263130922133656
"X2.7260",-0.000280657728403141
"X0.2071",-0.000750055521557544
"X2.7261",-0.000172607894969183
"X2.7262",-0.000367067413537985
"X2.7263",-7.9286774418612e-06
"X0.2072",0.000128424090358941
"X1.372",-0.00018106487925094
"X2.7264",0.000211581343247875
"X0.2074",0.000177951768077396
"X2.7265",6.10167785926859e-05
"X2.7266",-0.000109324152925819
"X2.7267",0.000275657258653506
"X2.7268",0.000117977963354961
"X2.7269",0.000143560995821596
"X2.7270",0.000240472261329184
"X0.2075",-0.000350375451147117
"X2.7271",0.000277617085327982
"X2.7272",0.000331548826416779
"X2.7273",-0.000302711426732841
"X2.7274",0.000249159596537306
"X2.7275",-5.61890121289058e-05
"X2.7276",-4.55740315841558e-05
"X2.7277",-0.000187731447556182
"X2.7278",9.96127655718672e-05
"X2.7279",0.000188723836234082
"X0.2077",0.00023523352259976
"X2.7280",0.000394333371822482
"X2.7281",-0.000613799204002018
"X2.7282",8.3783954452033e-05
"X0.2078",0.000323210748587605
"X2.7283",-0.000136466796103635
"X2.7284",0.000334594467876298
"X2.7285",-0.000123709085563771
"X2.7286",-0.000244397522516055
"X0.2079",-0.000482535363824908
"X2.7287",7.70535373259619e-05
"X2.7288",-0.00045735430828877
"X0.2080",0.000485529547357914
"X0.2081",0.000191681700157023
"X2.7289",9.46013848576983e-05
"X2.7290",0.000460711158403329
"X2.7291",-5.50996577945621e-05
"X0.2082",-0.000231897063742312
"X2.7292",4.27847547428813e-05
"X2.7293",-9.42469245240672e-05
"X2.7294",5.34717095951031e-05
"X2.7295",-0.000597726057387605
"X2.7296",-8.33622707450863e-05
"X0.2083",0.000244284362891803
"X2.7298",-5.00254524991752e-05
"X2.7299",-0.000171232530912257
"X2.7300",-0.000446594870717848
"X2.7301",-0.000191739302499658
"X0.2084",0.00032284360546174
"X0.2085",7.43955013716343e-05
"X2.7302",8.40949744774897e-05
"X2.7303",2.69300328695294e-05
"X2.7304",-4.96330686143867e-05
"X2.7305",-0.000142093553782897
"X2.7306",-9.26233941723682e-05
"X2.7307",-8.48929025462287e-05
"X0.2086",0.000273703706773852
"X2.7308",0.000421133148190231
"X2.7309",4.23896526805776e-05
"X0.2087",-0.000191409800489423
"X2.7310",-0.000140499323339418
"X0.2088",-0.000274970406106749
"X0.2089",7.42494283886725e-05
"X2.7311",-0.000792676814156998
"X2.7312",-4.86906259755916e-05
"X2.7314",0.000466582551802231
"X2.7315",8.18693895030744e-05
"X2.7316",0.000540475933450822
"X0.2090",0.000436613948133153
"X0.2091",-0.000215727595841246
"X0.2092",0.000292706055377744
"X0.2093",-0.000101377453221196
"X0.2094",3.10824734451656e-05
"X0.2095",-4.04513647351524e-05
"X2.7317",-4.61643455737972e-05
"X0.2096",-0.000106152729312781
"X2.7318",1.85263447101993e-05
"X0.2097",0.000486030911592373
"X0.2098",-2.25059048453852e-05
"X2.7319",3.42960929671518e-06
"X2.7320",-0.000384172327023569
"X2.7321",0.000531989655375533
"X0.2101",6.37670800617886e-05
"X2.7322",-0.000340161458706071
"X0.2102",8.26190138839545e-05
"X0.2103",5.61076668545301e-05
"X0.2104",0.00030236332247329
"X0.2105",-6.94741243259778e-05
"X0.2106",0.00011556500481873
"X2.7323",-0.000391327186274481
"X0.2107",0.000241700803968018
"X2.7324",-0.000216325101482904
"X0.2108",1.00723760519983e-05
"X0.2110",0.000108439164854121
"X0.2111",0.000232312494761011
"X0.2112",0.000421632051202606
"X0.2113",-1.93533417048492e-05
"X2.7327",0.000221673651544879
"X2.7328",7.57121134953946e-05
"X2.7329",-2.59950110383164e-06
"X0.2114",0.000111758313903505
"X0.2115",-0.000343219909976268
"X2.7330",-0.000417199510671602
"X0.2116",2.6558363346746e-05
"X0.2117",-9.67831363689314e-05
"X2.7331",2.31636322137874e-05
"X2.7332",0.000268999066067494
"X0.2118",0.000293373235660946
"X0.2119",-0.000288439400152323
"X0.2120",-0.000279758521542997
"X0.2121",0.000376555341710686
"X0.2122",6.28327241123992e-06
"X2.7334",0.000149924149951603
"X2.7340",-0.000565957512171159
"X0.2123",0.000446517458191958
"X0.2124",2.51509063319971e-05
"X0.2125",0.000261450709234206
"X0.2126",0.000114604016137685
"X0.2127",0.000190640676009265
"X0.2128",0.000253334932694494
"X0.2129",-0.000370431858358377
"X0.2130",-1.49880426032722e-05
"X0.2131",0.000288184191214594
"X0.2132",0.000102711895041034
"X0.2133",0.00033380338819543
"X0.2134",5.73179082407469e-05
"X1.375",0.000245872543401043
"X2.7343",-0.000465474952593561
"X0.2135",-0.000202614268402251
"X2.7344",0.000159702727476964
"X2.7345",-0.000222503618581391
"X2.7346",-0.000863550046565708
"X0.2136",0.000134964889515135
"X0.2137",9.53895632659056e-05
"X2.7347",-0.000236016676318203
"X2.7349",-0.000424500354633072
"X0.2138",-0.00014230093667014
"X2.7350",0.000138293141321938
"X2.7351",-4.21542721155903e-05
"X0.2139",0.00023624165417157
"X2.7352",-0.000304354257563033
"X2.7353",0.000313044507666142
"X2.7354",0.000392889180787495
"X0.2140",-0.000465839275336293
"X2.7355",-0.000333628795100833
"X2.7356",-8.76569409674197e-05
"X0.2141",0.00021137197644582
"X0.2142",-1.04573374168138e-05
"X0.2143",-0.000411956627315258
"X2.7357",0.000334351401212331
"X2.7358",-8.7885740758683e-06
"X2.7360",-0.000178791172997663
"X2.7361",-0.000426535734360369
"X2.7362",0.000121415505857952
"X2.7363",-8.77878326497855e-05
"X0.2144",9.57742007709337e-05
"X0.2145",-0.000257063538616445
"X0.2146",0.000287144146639521
"X0.2147",0.000332846911838756
"X0.2148",-0.000318412185321706
"X0.2149",0.000300452672202992
"X2.7368",-0.000342617605134898
"X0.2150",-0.000333500831242015
"X0.2151",8.08850302394351e-05
"X2.7369",0.000188242591310023
"X2.7372",-0.000225122730749621
"X1.376",-0.000383945738638033
"X0.2153",0.000141863256744454
"X0.2154",-0.000301975059926735
"X0.2155",3.96276587434148e-06
"X0.2156",8.30466370470252e-05
"X0.2157",-0.00022599475053451
"X0.2158",0.000395991257448957
"X0.2159",-0.000196462307488377
"X0.2160",0.000427936485369616
"X2.7379",0.00039016214077926
"X2.7383",-0.000398159061315975
"X0.2161",-0.000489958245415069
"X2.7384",0.000148743271641248
"X0.2163",0.000159650938261478
"X2.7385",7.98121237185008e-05
"X2.7386",-0.000216492336701587
"X2.7387",-0.000149172562706355
"X2.7388",-0.000820391426117651
"X2.7389",5.64135326001908e-05
"X2.7390",-8.7404252311636e-05
"X2.7391",-0.00058200171315274
"X2.7394",-0.000221255455687619
"X2.7395",-0.000323374833173836
"X2.7396",-0.000174714593170468
"X2.7397",0.00010071632865234
"X0.2165",-0.000379740898374351
"X2.7398",-6.23518788025351e-05
"X2.7399",1.76796824935908e-05
"X2.7400",-4.01202222825417e-05
"X2.7401",0.000132102748018007
"X2.7402",0.000368472444699956
"X2.7403",5.89316006521342e-05
"X2.7404",-0.000138554031165548
"X0.2167",2.32576786101559e-05
"X0.2168",7.05805341414447e-05
"X2.7405",0.000240332762936577
"X0.2169",0.000149748889816327
"X1.378",-0.000142260851879855
"X0.2170",-0.000137929368085955
"X2.7406",0.000136308913186737
"X0.2171",-4.6365002881471e-05
"X0.2172",0.00066688205605079
"X0.2173",-0.000503936205251104
"X2.7408",0.000197021062871512
"X2.7409",-0.000302039942200856
"X0.2174",-0.000177754273442736
"X2.7410",-9.48037832591792e-05
"X2.7411",-8.32086826415098e-05
"X0.2175",0.000217647874917351
"X0.2177",0.000454572722889063
"X2.7412",0.000133721078551776
"X2.7413",0.000230178250259261
"X0.2178",-0.0001848842696492
"X0.2179",0.000131170980905854
"X0.2180",-0.000718393122021981
"X2.7414",-0.0001510127508753
"X2.7415",0.000116647953929038
"X2.7416",-0.00045267988122831
"X2.7417",0.000198872858667734
"X0.2181",0.000479156501603035
"X0.2182",5.75227430650751e-05
"X0.2183",-0.000190006785839641
"X0.2184",0.000565250602914179
"X0.2185",0.000136678664910929
"X2.7419",-4.17522658906197e-05
"X0.2187",-0.000327385350668571
"X2.7421",-0.000276127305092408
"X0.2188",-0.000563287871557259
"X2.7423",-1.22885059576413e-05
"X2.7424",-0.000252637992365511
"X2.7425",0.000131089022497478
"X2.7426",0.000324685306157411
"X2.7427",-0.000588828793807576
"X2.7428",-0.000120784665471596
"X0.2189",-0.000401166309858887
"X2.7430",-0.000480021437761297
"X2.7431",-0.00015159454586825
"X2.7432",-0.000401057883767364
"X2.7433",7.4494407156687e-05
"X2.7434",4.54510863144391e-05
"X2.7435",-0.000177580131587956
"X2.7437",0.000196624922331123
"X2.7439",-0.000155609357849196
"X2.7440",-0.0004907655246504
"X2.7441",-0.000310810731027196
"X2.7442",2.0158368481047e-06
"X2.7443",-3.39435013744154e-05
"X2.7444",0.000115067908389096
"X2.7445",0.000238787278470097
"X2.7446",0.000178097590481029
"X2.7447",4.20631306948448e-05
"X2.7448",1.22267004155444e-05
"X2.7451",0.000222445495093181
"X2.7452",-7.4951896134282e-05
"X2.7453",-0.000347496594174639
"X2.7454",-0.000161234094300191
"X2.7455",-0.00011307704777688
"X2.7456",0.000186918288826821
"X2.7457",0.000902118206282152
"X2.7458",-0.000216393050357601
"X2.7459",-4.93610366548081e-05
"X2.7460",-0.00050431407770411
"X2.7461",-0.000503281423189548
"X2.7462",-0.000451529497844829
"X2.7463",-9.69104734280333e-05
"X2.7464",-0.000383866087104393
"X0.2191",-0.000243268812274656
"X2.7467",-2.13618639401269e-05
"X2.7468",0.000429356514873106
"X2.7469",-0.000552090794147085
"X2.7470",-9.60467373373386e-05
"X2.7471",-0.000262019904872823
"X2.7472",-0.000299148331786406
"X2.7473",-0.000928478307743239
"X2.7474",-0.000173945867326347
"X2.7475",-0.000408445283691078
"X2.7476",0.000145650991868838
"X2.7477",0.000281927623185911
"X2.7478",-2.58574702675606e-05
"X0.2192",-0.000609201991052873
"X0.2193",-0.000353921395793586
"X2.7479",0.00114303787239621
"X2.7480",0.000775025381413265
"X0.2194",-0.000544603137254404
"X2.7481",0.000788794177112702
"X2.7482",0.000783046557622309
"X2.7483",0.000101720318584936
"X2.7484",0.000377790436100064
"X2.7485",0.00021765463427265
"X2.7486",-0.001036989740812
"X0.2195",-0.000405237400307748
"X0.2196",-0.000480688655569133
"X2.7487",-0.000137368957933901
"X2.7488",5.04263811050368e-05
"X2.7489",1.79399713926874e-05
"X2.7490",9.64964949168051e-05
"X2.7491",-8.02950037356568e-05
"X2.7492",0.000499861283283457
"X2.7493",-8.99191012682863e-06
"X2.7494",0.000143821263821397
"X2.7496",0.000464443609698341
"X2.7497",0.000343347883997458
"X2.7498",0.000129697960628121
"X2.7499",0.000258507017117455
"X2.7500",5.97749967789917e-05
"X2.7501",0.000287129441868827
"X2.7502",0.000433419103390418
"X2.7503",-0.000140549268953598
"X2.7504",-0.000207120691250235
"X2.7505",0.000460487636293327
"X2.7506",0.000816341241464936
"X2.7507",-0.000186586809855063
"X2.7508",0.00072683052415122
"X2.7509",0.000704281343648488
"X2.7511",-6.1734307522853e-06
"X2.7512",0.000417932908828732
"X2.7514",0.000548625409120951
"X1.382",0.00040822156760105
"X2.7518",-0.000130636745840127
"X2.7519",-0.000556042781696905
"X2.7520",0.00033910077996728
"X2.7521",-1.92435467659246e-05
"X2.7522",7.86613694626682e-05
"X2.7523",-0.000343254119444321
"X2.7524",-6.41888015335961e-05
"X2.7525",-0.000259324938198866
"X2.7526",7.12732304709441e-06
"X2.7527",0.000355347817491287
"X2.7529",-0.000146064976403657
"X2.7530",-5.85299332817856e-05
"X2.7531",-0.000125716299526129
"X2.7532",-0.000420922430852792
"X2.7533",-0.000103312457540557
"X2.7535",-1.78181085079556e-05
"X2.7536",0.000298971515767272
"X2.7537",-1.67122451397844e-05
"X2.7538",-3.4122680867566e-05
"X2.7539",-9.98469461067801e-05
"X2.7540",-3.65831645149004e-05
"X2.7543",7.18707529958594e-05
"X2.7544",-9.81644671146517e-05
"X2.7545",-0.000327430015987655
"X2.7546",0.000241378007740528
"X2.7548",-0.000598349043312426
"X2.7551",9.67388776230094e-05
"X2.7554",0.000114089189524815
"X2.7555",-0.000440291445309415
"X2.7556",-0.000132404359768309
"X2.7557",9.97472158028995e-05
"X2.7560",0.000303900545994959
"X2.7561",-4.22202929765729e-05
"X2.7562",0.000295450231515777
"X2.7563",0.000282307393853737
"X2.7567",0.000197158859937663
"X2.7568",-0.000220156975010369
"X2.7569",-0.000261285122311319
"X2.7570",-0.000394875849753343
"X2.7571",0.000155730151829693
"X2.7572",-3.31111163254989e-05
"X2.7573",8.96513731893621e-05
"X2.7574",0.000254567123158252
"X2.7576",0.000373890817745126
"X2.7579",-0.000142967175474664
"X2.7580",0.000223826737891779
"X2.7582",-8.37451883198747e-05
"X2.7583",0.000168823121072036
"X2.7584",-0.000198072047806857
"X2.7585",4.82896360006697e-05
"X2.7586",5.27661996096401e-05
"X2.7587",5.55279828082487e-05
"X2.7589",-0.000533897814971929
"X2.7590",-0.000324538867073929
"X2.7591",-0.000917680181498055
"X2.7593",-0.000445117039311295
"X2.7594",-0.000105219903301887
"X2.7595",-0.000515829482707351
"X2.7596",-7.86166165133388e-05
"X2.7597",-0.000187750470551661
"X2.7598",-0.000254045126590462
"X2.7599",0.000128791414054599
"X2.7600",0.000228992038531966
"X2.7601",0.000567296459464021
"X2.7602",0.000364614331900994
"X2.7603",-0.000583953704400563
"X2.7604",-0.000422331509030998
"X2.7605",0.000119774322699264
"X2.7607",0.000234866924895227
"X2.7608",0.000525925323746901
"X2.7609",-0.000502682217191737
"X2.7613",-0.000840769964802889
"X2.7614",-0.000475627950478662
"X2.7615",0.000100505197030572
"X2.7616",5.97590703198941e-05
"X2.7618",0.000118288369455092
"X2.7619",-0.000137045539926635
"X2.7621",0.000666091945018103
"X2.7622",0.000226371108425773
"X2.7624",-0.000673995018550866
"X0.2201",-0.000263611917314535
"X2.7633",1.27055267542653e-05
"X2.7634",-0.000444022550886784
"X2.7635",-0.000382140324503763
"X2.7636",9.8009555235551e-05
"X2.7639",-0.000293911400381956
"X2.7641",-9.59671038170794e-05
"X2.7642",-0.000143416243565585
"X2.7644",0.000757523446170203
"X0.2202",4.52556230663647e-05
"X2.7646",0.000331187829330326
"X2.7647",-4.36055488281226e-05
"X2.7653",-1.08792114026497e-05
"X2.7656",-0.000367540445226665
"X2.7658",-0.000323214751837845
"X2.7659",0.000252441174034083
"X2.7660",0.000479227386755414
"X2.7661",-0.000230600990889319
"X2.7665",-0.000467055820836264
"X2.7666",-0.00063716957948818
"X2.7667",-8.65438980373238e-05
"X2.7668",-0.000207671055765415
"X2.7669",-0.000771595858554385
"X2.7670",-0.00033038329846936
"X2.7671",0.000379343569660773
"X2.7672",-0.000407560927134197
"X2.7673",-0.000101819383703491
"X2.7674",-0.000156489091152633
"X2.7675",-3.32764004912191e-05
"X2.7676",-0.000684871938299641
"X2.7677",0.000389171496252543
"X2.7678",-0.000505840589535269
"X2.7679",-0.00069655537168781
"X2.7680",-0.000337935895070648
"X2.7682",-0.00058410302497598
"X2.7683",-2.31728946458676e-05
"X2.7684",-8.95844343405785e-05
"X2.7685",-0.000214535216938467
"X2.7686",-0.000146175509644111
"X2.7687",-2.92094948358038e-05
"X2.7688",-0.000403144628524533
"X2.7689",-0.000630166034651829
"X2.7690",-0.000154879781410068
"X2.7691",-9.75766496230748e-05
"X2.7692",-0.000225409262917838
"X2.7693",-8.56233357313744e-05
"X2.7694",0.000112297774167886
"X2.7695",-0.000523805713577606
"X0.2204",2.40842900726723e-05
"X2.7697",-0.000328374820608963
"X2.7700",0.000287450929841661
"X2.7701",-0.00028561853415781
"X2.7704",-0.000558116668072952
"X2.7705",-0.000138426540080733
"X2.7706",-0.000416421851202654
"X2.7707",5.79970306469879e-05
"X2.7710",-0.000508934934944966
"X2.7711",-1.30762434740447e-05
"X2.7712",-0.000610076018501937
"X2.7713",-0.000207830547462418
"X2.7714",-0.000381666058533301
"X2.7715",-0.000630795587230624
"X2.7717",-0.00049463926683062
"X2.7718",-0.00044516705339931
"X2.7719",-0.000506492475164698
"X2.7720",-0.000615350743473826
"X2.7721",-0.000685221930564471
"X2.7722",2.55979937881567e-05
"X2.7723",-0.000843032920747727
"X2.7724",-0.00065938511516005
"X2.7725",-0.00079219344794776
"X2.7726",-0.000554060945725386
"X2.7727",-0.00063506726724619
"X2.7728",-2.26085759985527e-05
"X2.7729",-0.000165227131492567
"X2.7730",-0.000389154888640698
"X2.7732",-0.000177566425247342
"X2.7733",-0.000593580616101771
"X2.7734",-0.000125900147917952
"X2.7736",-0.000218166933363821
"X2.7737",-5.26778219107553e-05
"X2.7738",-0.000519041745767082
"X2.7739",-0.000554875894816614
"X2.7742",0.00015138251036633
"X2.7743",0.000161220889871282
"X2.7744",0.000288521277897723
"X2.7745",0.000150512794470656
"X2.7746",-0.000320354874251029
"X2.7747",-0.000469384967591708
"X2.7748",-0.000172629660522617
"X2.7750",-0.000385568696097449
"X2.7751",9.00641647509332e-05
"X2.7752",-0.000121098141230457
"X2.7753",-0.000292711318805195
"X2.7754",-0.000515662507208165
"X2.7755",-0.000140882700233047
"X2.7756",-0.000539763221036476
"X2.7757",-1.84235589791195e-05
"X2.7758",-0.000425658346060591
"X2.7759",-7.43660414044812e-06
"X2.7760",-2.58743356358417e-06
"X1.394",-0.000108401090772348
"X2.7761",6.88710632549736e-05
"X2.7762",0.00014118758873158
"X2.7764",7.25108280543029e-05
"X2.7766",-0.000158281752362667
"X2.7767",0.000178761794670846
"X2.7769",-5.76438843708406e-05
"X2.7770",-0.000334150152327576
"X2.7771",0.000541294869007196
"X2.7772",-3.65551218600333e-05
"X2.7773",-0.00042150827838576
"X2.7774",-0.000131551562968357
"X2.7775",-0.000605424532301641
"X2.7776",-0.000267221588827988
"X2.7777",-6.26205550443709e-05
"X2.7778",-0.000265281525565801
"X2.7779",6.69907919687361e-05
"X2.7780",9.952125368146e-05
"X2.7781",7.21749650066747e-05
"X2.7782",-0.000491579142067867
"X2.7783",0.000300228909552977
"X2.7784",-0.000144778490168271
"X2.7785",0.00054707954441318
"X2.7786",4.86280753148315e-05
"X2.7787",-0.000308704718454283
"X2.7788",-0.000480920052108711
"X2.7789",-0.000145521770259462
"X2.7790",-0.000249685299131852
"X2.7792",0.000122258363371719
"X2.7793",-0.000112142423613854
"X2.7794",0.00045760557099551
"X2.7795",0.000208788248909217
"X2.7796",-0.000120986325569857
"X2.7797",0.000154427958085266
"X2.7798",-0.000234735764983333
"X2.7799",0.000251897474967585
"X2.7800",-0.000177329036125633
"X2.7801",-0.00037603293309725
"X2.7802",0.000357618217108969
"X2.7803",0.000142280997751729
"X2.7804",0.000290297362612763
"X2.7805",-4.00186322560681e-05
"X2.7806",0.000271757789162578
"X2.7808",0.000127107274251205
"X2.7809",-8.38036536622289e-05
"X2.7810",0.000225107622116818
"X2.7811",7.41364941618163e-05
"X2.7812",-0.000286137925473422
"X2.7813",-0.000165804398912409
"X2.7814",-8.1329884993007e-05
"X2.7815",5.11574111962755e-05
"X2.7816",6.95299436150854e-05
"X2.7817",-0.000358271327103194
"X2.7818",0.000524136385455621
"X2.7819",0.000268229752279626
"X2.7820",-0.000110335909966474
"X2.7821",-8.84830165889571e-05
"X2.7822",3.92608172748989e-05
"X2.7823",-0.000264296611918332
"X2.7824",7.10172307369084e-05
"X2.7825",0.000159595202191554
"X2.7826",-3.75329479246265e-05
"X2.7827",9.63337603477723e-05
"X2.7828",-0.000257789323667347
"X2.7829",6.14386414710529e-05
"X2.7830",9.54661965083588e-05
"X2.7831",0.000547240239729085
"X2.7832",0.000241735987506675
"X2.7833",0.000426922927726699
"X2.7839",0.000184930000910932
"X2.7840",-0.00070029401360817
"X2.7841",-5.93849451754513e-05
"X2.7843",-0.00013998060390221
"X2.7844",-0.000582442323004087
"X2.7845",0.000107793977994308
"X2.7846",-0.000247271970812352
"X2.7847",-3.34482064323941e-05
"X2.7848",-0.000351439288455287
"X2.7849",0.000255629200481136
"X2.7850",-0.000373550597745541
"X2.7851",-5.85546740740697e-05
"X2.7852",0.000180864117601452
"X2.7853",0.000110802719451078
"X2.7854",0.000392847988274899
"X2.7855",0.000220704827041941
"X2.7856",0.000179915623118307
"X2.7857",0.000263783626093339
"X2.7858",8.0617795624468e-05
"X2.7859",0.000204790552843943
"X2.7860",1.08177518694767e-05
"X2.7861",0.000436341717755289
"X2.7862",0.000243087209785096
"X2.7863",0.000324550183907653
"X2.7864",-8.64547983651585e-05
"X0.2208",-0.000255915071488698
"X0.2209",0.000125672829184681
"X0.2210",-1.31216717607452e-05
"X0.2211",0.000478081625748741
"X0.2212",0.000440422669578946
"X0.2213",0.000109944587857714
"X0.2214",0.000333913141125248
"X0.2215",5.53219554879059e-05
"X0.2216",0.000614945097029338
"X0.2217",-0.000233644576053438
"X0.2218",0.000145742249975704
"X0.2219",0.000245120089156003
"X0.2220",6.29987914101798e-05
"X2.7866",6.20768333689068e-05
"X2.7867",5.82623754524916e-06
"X2.7868",0.00050388125112412
"X2.7871",0.000336876879843437
"X2.7872",0.000416277149322984
"X2.7873",0.000570890870610287
"X2.7874",-4.87231943660689e-05
"X2.7875",0.000394519474003668
"X2.7877",-4.13049173052156e-05
"X0.2222",0.000149060080268235
"X2.7879",0.000191153371092982
"X2.7881",0.000539739386777891
"X2.7882",0.000339297704879748
"X2.7883",-4.45006232150603e-05
"X2.7884",1.22297071284785e-05
"X2.7885",-0.000468867839398112
"X2.7886",-0.000189368384834185
"X2.7887",0.00016545635171159
"X0.2224",0.000143223359818427
"X2.7888",-0.000661753304861563
"X2.7889",-0.000159539861974175
"X2.7890",0.000234992843859783
"X2.7891",0.000180393381297809
"X2.7892",0.000122918727040699
"X2.7894",0.000228236650607795
"X2.7895",4.10056224813386e-05
"X2.7896",-3.08921773099262e-05
"X2.7897",-0.00013663859433228
"X2.7898",-6.79897301876204e-05
"X2.7900",0.000913972476860885
"X2.7901",-0.000299380707372955
"X0.2225",0.000375473872537609
"X2.7902",0.000429401984392721
"X2.7903",-1.83768665604481e-05
"X0.2226",0.000364717490385933
"X0.2227",0.000163677758695649
"X2.7904",0.000165663077922621
"X0.2228",5.0635724417632e-05
"X2.7905",0.000452735925448868
"X0.2229",-0.000216820950643409
"X0.2230",5.77269383775682e-05
"X2.7906",6.03057338960917e-05
"X2.7907",0.000282047120585148
"X0.2231",0.000178261717203087
"X0.2232",7.24449107158817e-05
"X2.7908",-0.000240813522834242
"X2.7909",-8.4054998768667e-05
"X2.7912",-3.31355982748228e-05
"X2.7913",0.000953035271501455
"X2.7914",0.000203401758969171
"X2.7915",-2.14740464925312e-05
"X2.7916",-0.000107780368116971
"X2.7917",0.000552818332700981
"X2.7918",0.000221585565687118
"X2.7919",0.000178748499391068
"X2.7920",2.3915433853222e-05
"X2.7921",-5.79453621390979e-05
"X2.7922",-0.000193315139418003
"X2.7923",-6.93039181100864e-05
"X2.7925",0.000370047109043359
"X2.7926",0.000191725605159733
"X2.7927",-0.000363267601165987
"X2.7928",0.000256921059969578
"X2.7929",-7.11391118241787e-05
"X2.7930",-0.000229883050242328
"X2.7931",0.000276536950194091
"X2.7932",0.000229641130837731
"X2.7933",-0.00025445270338897
"X2.7934",-0.000141494046987036
"X2.7935",-0.00040154045694947
"X2.7936",0.000297015123122962
"X2.7937",-0.000218332221849811
"X2.7938",0.000176786080733449
"X2.7940",0.000198446467376247
"X2.7941",-0.000223395966252597
"X2.7942",-0.000235052838712986
"X2.7943",-0.000217284823518262
"X2.7944",-0.000419401855946308
"X2.7945",-0.000288195925089413
"X2.7946",0.000494025591602341
"X2.7947",0.000170025659596006
"X2.7948",-0.000289445240319423
"X2.7949",-0.00045765548252934
"X2.7950",-0.000342252342751514
"X2.7951",-0.000240073707445952
"X2.7952",-0.000327869796527819
"X2.7953",-0.000511023211124219
"X2.7954",-0.00058675154204252
"X2.7955",-0.000393350737878189
"X2.7956",-0.000458370370691429
"X2.7957",0.000104047442744942
"X2.7958",-0.00010965506013292
"X2.7959",-0.000156336221633533
"X0.2233",0.000191338222055163
"X2.7960",-0.000688723020413303
"X2.7961",-0.000394600748167514
"X2.7962",-0.000531540666533186
"X0.2234",0.000591422157060373
"X2.7964",-0.000443354092871468
"X2.7965",0.00048303470427905
"X2.7966",-0.000145712306310348
"X2.7967",0.000526566267470701
"X0.2235",-0.000376193564759424
"X2.7969",-0.000259210080683456
"X2.7970",0.000339821304316737
"X2.7971",-0.000606927856792646
"X0.2236",-0.000334029367346094
"X2.7972",-9.56477754428605e-05
"X2.7973",-0.000517297022882971
"X0.2237",6.18304979059447e-05
"X0.2238",-0.000581206920066815
"X2.7974",3.84640292206336e-05
"X2.7975",-0.00049025754822722
"X0.2239",6.61165388891957e-05
"X2.7976",-0.000143452936430396
"X0.2240",-0.00026371973064048
"X2.7977",-0.000151718355544059
"X2.7978",-0.000160023173611545
"X2.7979",-0.000228501076595559
"X0.2241",2.18753224714615e-05
"X2.7980",-0.000101162485943514
"X0.2242",-0.000183008977123733
"X2.7982",-0.000522195408067897
"X0.2243",0.000163929204791964
"X0.2244",-0.000273905389962053
"X0.2245",-0.0004098683312781
"X2.7984",-0.000108307043244425
"X2.7985",-6.19511228789519e-05
"X2.7987",-5.7594789102517e-05
"X2.7988",0.00052491005161664
"X2.7989",-0.000334981859775434
"X2.7990",0.00072367573539728
"X2.7991",0.000606223750670478
"X2.7992",-0.0004490794846156
"X2.7993",0.000839691839487599
"X2.7994",0.000911627701803902
"X2.7996",0.000584812380036429
"X2.7997",2.09483832198665e-05
"X2.7999",0.000339118234929011
"X2.8000",5.5156914158258e-06
"X2.8001",-0.000136696629593432
"X2.8004",-0.000115517733553673
"X2.8005",-0.000220988680838499
"X2.8006",-0.000126408009868254
"X2.8007",-0.000226652554766459
"X2.8008",-3.93938255019064e-05
"X2.8010",-0.000577447334517288
"X2.8011",3.72062328134881e-05
"X2.8012",0.000199736015779346
"X2.8017",0.000148142764883018
"X2.8018",-0.000162125533217244
"X2.8020",0.00057018070164593
"X2.8021",0.000255355795653701
"X2.8023",-4.89105437624944e-05
"X2.8024",0.000298632039944052
"X2.8025",-0.000416988823617725
"X0.2247",-0.000693543304712596
"X2.8029",0.000329362160830637
"X2.8030",0.000229937678367258
"X0.2248",-0.000373595085872693
"X2.8031",0.000183238739349242
"X2.8032",0.000279631219813004
"X2.8033",-1.6028394506025e-05
"X0.2249",-0.000804565383410987
"X0.2250",-0.000240847703054094
"X2.8037",0.000103332849250805
"X2.8038",0.000367158976698704
"X2.8039",2.55764022569305e-05
"X2.8040",8.32755903148692e-06
"X2.8041",0.000554794963219042
"X0.2251",-0.000267781539099074
"X2.8043",-0.000105049430244888
"X2.8044",-0.00034564194472783
"X2.8046",0.000255142936472144
"X2.8047",0.000374330423722308
"X2.8049",0.000469779436911147
"X2.8050",-8.0727946224019e-05
"X0.2252",-0.000464465868268977
"X0.2253",-0.000685727310475239
"X0.2254",-0.000649625501302638
"X2.8052",0.000649058864402065
"X2.8053",0.000601185745011471
"X2.8054",4.67524462302802e-05
"X0.2255",-0.000666950634843806
"X2.8056",0.000402882955884112
"X2.8057",0.000190649733854978
"X0.2256",-0.000327981219131664
"X2.8058",0.000331589950125722
"X2.8059",0.000176833693243242
"X2.8060",0.000344163456385075
"X0.2257",-0.000475697313085993
"X2.8061",8.94912789047731e-05
"X2.8062",0.000744086977217457
"X2.8063",-0.000499221989590783
"X0.2258",-0.000571239767658818
"X2.8064",0.000235509037520544
"X2.8065",0.00107704125190945
"X2.8066",0.000452639070122413
"X2.8067",0.000397843164250705
"X2.8068",-0.000203874536044309
"X2.8069",0.000552218898894341
"X2.8070",2.54396079940166e-05
"X0.2259",-0.000619326516145813
"X2.8071",-0.000182402376258123
"X2.8072",0.000282863732193647
"X0.2260",-0.000210380802875221
"X0.2261",-0.000394267058230626
"X2.8074",0.000618103110858554
"X2.8075",0.000235805565263974
"X0.2262",-0.000615487709013054
"X0.2263",-0.000508540254467775
"X2.8076",0.000456681492867265
"X0.2264",0.000109462752337551
"X2.8080",0.000366861843379992
"X2.8081",3.68021326723604e-05
"X2.8082",9.57016180496964e-05
"X2.8086",-0.000187555892919586
"X2.8087",0.000161624132111652
"X2.8088",-0.000538777437455695
"X0.2265",4.51059471535043e-05
"X2.8089",0.000114100377416344
"X0.2266",2.86139123977655e-05
"X0.2267",-0.000309057011949632
"X0.2268",-5.20196618983573e-05
"X2.8091",-0.00019395031079604
"X0.2269",2.20230256249156e-05
"X0.2270",0.000194949468658583
"X2.8092",0.000571709085007709
"X2.8093",0.000373200451058479
"X2.8094",0.000213876381140244
"X2.8095",-0.000108682863488349
"X2.8096",0.000624531462762158
"X0.2272",0.000282971350611933
"X2.8099",0.000115340639621506
"X0.2273",0.000278536169592139
"X2.8101",9.93318079462343e-05
"X2.8102",-0.000422034267602671
"X2.8103",-0.000375796028726963
"X2.8104",-4.38078441789965e-05
"X2.8106",-7.60649118834551e-05
"X1.406",0.000281911905726135
"X1.407",-9.34638571887579e-05
"X2.8109",-0.000209201773811166
"X2.8111",-1.52897500129649e-05
"X2.8113",-3.60871986516483e-05
"X2.8114",0.000699598247008046
"X2.8115",0.000290063014780598
"X0.2277",0.000602839244842767
"X2.8117",-0.000230501211668892
"X2.8118",-2.71722380076189e-05
"X0.2278",-0.000194888617931383
"X2.8119",-0.000568345715031123
"X2.8120",-0.000126198175028751
"X0.2279",-9.63594759538394e-05
"X2.8121",0.000265225601036857
"X2.8122",0.000106811128884519
"X2.8123",-0.00025010781248747
"X0.2280",0.000712353146591654
"X2.8124",0.000637532933868916
"X0.2281",-0.000186173687304994
"X2.8125",2.92748283830365e-05
"X2.8126",0.000769178766095398
"X2.8127",0.000682018052104173
"X0.2282",-0.000181922602477136
"X0.2283",-0.000225397022280943
"X2.8128",-5.5704848755775e-05
"X2.8129",0.000194990222268221
"X2.8130",-0.00017482793719209
"X2.8131",-0.000340586822344757
"X2.8132",0.000389981815679701
"X2.8133",-0.000404540053666291
"X2.8134",-8.18396404693049e-05
"X2.8135",6.61146407536254e-05
"X2.8136",-0.000380792401145807
"X2.8137",-0.000198421636310667
"X2.8138",0.000279448173115296
"X2.8139",-6.58245150246104e-05
"X2.8140",0.000103848743977691
"X2.8141",-0.000195867462869502
"X2.8142",-0.000423168840456113
"X2.8143",-5.93137093765849e-05
"X2.8144",0.000567644789329522
"X0.2284",-0.000320721344773069
"X2.8145",0.000389173245201574
"X0.2285",0.000183876091838199
"X0.2286",0.00012227685792473
"X0.2287",-0.000238575504796685
"X2.8146",-0.000444289134994127
"X2.8147",-0.000182329268000312
"X2.8148",-0.000179691053973177
"X2.8149",0.000684670916758754
"X0.2288",0.00062314727338453
"X0.2289",0.000219944399130014
"X0.2290",0.000358379555582162
"X2.8150",-0.000212323119563339
"X0.2292",-0.000629124512462367
"X2.8151",-3.29259629157433e-05
"X2.8152",0.000153715822906814
"X2.8153",-0.000198543432346588
"X2.8154",-0.000114584175878165
"X2.8156",7.28638057076685e-06
"X2.8157",-6.3747091014544e-05
"X2.8158",0.000125285469956575
"X2.8159",-0.000210650527455448
"X2.8160",-5.47288284609953e-05
"X2.8161",-0.000206722718118341
"X2.8162",-7.09294765205874e-05
"X2.8163",-0.000205954771943017
"X2.8164",-0.00019299588839287
"X2.8165",-0.000129020801821013
"X2.8166",0.000536516251418913
"X2.8167",0.000130272972153727
"X0.2293",-0.000141495758101964
"X2.8168",0.000452529255370318
"X2.8169",-0.000495473606191965
"X2.8170",-0.000412443549878202
"X2.8171",-0.000890167541677529
"X2.8172",-0.000619372665785092
"X2.8174",-0.000393394182000102
"X2.8175",-0.00011174513834271
"X2.8176",0.000312836986379215
"X2.8177",-0.000129132153482076
"X2.8178",1.54034544208673e-05
"X2.8179",0.000461170361128521
"X2.8180",0.000224157666536553
"X2.8181",0.000105531476827717
"X2.8182",-0.000219017674741829
"X2.8183",-0.000215683716513546
"X2.8184",0.000161393453752013
"X2.8185",0.000281626878317254
"X2.8186",-0.000286065746624426
"X2.8187",-2.54045868168454e-05
"X2.8188",0.000267350802457724
"X2.8189",1.57257277844353e-05
"X2.8190",0.000129554121006293
"X2.8191",-0.000121487445654958
"X2.8192",0.000229022539570046
"X2.8193",0.000143872789499114
"X2.8194",0.000171676367453859
"X2.8195",-0.000280928272189562
"X0.2294",-0.000363168233553468
"X2.8196",-0.000312498214448127
"X2.8197",-0.000309578145250884
"X2.8198",2.4444951772846e-05
"X2.8199",0.000191828473966887
"X2.8200",-4.67315519576214e-05
"X0.2295",-0.000355730650579569
"X0.2296",0.000134498250045772
"X0.2297",-0.00015441055323857
"X0.2298",-0.000197246358051676
"X2.8201",0.000703449011882194
"X2.8202",0.00060705525570232
"X2.8204",0.000569578013120294
"X2.8205",0.000366349049089259
"X2.8207",0.000490066021854368
"X2.8210",5.58470525659186e-05
"X2.8211",4.16601300048667e-05
"X2.8212",-0.000243370711247386
"X2.8213",0.00017267588348153
"X2.8214",-0.000141882006307973
"X2.8215",-0.000239342667507534
"X2.8216",-8.54759419687804e-06
"X2.8217",-2.88183687597571e-05
"X2.8218",-0.000462531855576035
"X2.8220",-6.79896656097046e-05
"X2.8221",0.000496101385533152
"X2.8222",-0.000604220189282405
"X2.8223",-1.8956641213795e-05
"X2.8224",-4.63967031603376e-05
"X2.8225",-0.000142225876214792
"X2.8226",2.73350167456954e-05
"X0.2299",0.000475524492187308
"X2.8227",0.000287775699986487
"X0.2300",-1.70345988404315e-05
"X0.2301",0.000116600205728147
"X0.2302",0.000370568857693387
"X2.8228",-0.000781067306200037
"X0.2304",0.000330620671401488
"X0.2305",0.000169752488004673
"X2.8231",0.000285265524024185
"X0.2306",-0.000195987187820846
"X0.2307",0.000544169316804293
"X0.2308",-1.60552577122087e-05
"X0.2309",0.000349414964439679
"X0.2310",4.31243426019854e-05
"X0.2311",0.000142525019238777
"X2.8233",8.64337420570878e-05
"X2.8235",-5.56307184538015e-06
"X0.2313",0.000359200619788599
"X2.8240",0.000204033039203142
"X2.8241",-0.000171794556222798
"X2.8244",-0.000416940190079936
"X2.8246",-0.000191806522072024
"X2.8247",-0.000445633449793693
"X2.8248",2.92004119396533e-05
"X2.8249",-0.000112478743527678
"X2.8250",-0.00010139529847884
"X2.8252",-0.000301077621681038
"X2.8253",-0.000502264961040646
"X2.8254",-0.00011257739831914
"X2.8255",0.0003570632131352
"X0.2317",-0.00035774678778274
"X2.8256",0.000518564385980177
"X2.8258",-7.16112409298237e-05
"X0.2318",-3.57949933299211e-05
"X2.8261",-0.000219136969080958
"X2.8263",0.000258975960430536
"X2.8264",9.13810577898779e-05
"X2.8266",0.000355227787787947
"X2.8268",0.000742963601127824
"X0.2319",-1.77321219865977e-05
"X2.8272",1.96824370801278e-06
"X2.8273",0.000475197244240643
"X2.8274",-0.000265714305311196
"X0.2320",-0.000195218187971195
"X0.2321",0.000430550681831288
"X2.8276",0.000275230652119407
"X2.8277",7.36302610645115e-05
"X2.8278",-0.000504461199888511
"X0.2322",-7.43307475411888e-05
"X0.2323",-9.75048871653431e-05
"X0.2324",-0.000281101905727842
"X0.2326",0.000498227590038227
"X2.8283",3.94792036855005e-05
"X2.8284",0.000246509462903328
"X2.8286",0.000585588999166201
"X2.8287",-8.96875673022536e-05
"X2.8289",-0.000224252778873911
"X2.8291",0.000121778447096567
"X2.8292",3.74581605246399e-06
"X0.2328",0.000203319976923371
"X2.8293",-3.56992617750854e-05
"X2.8294",-0.000390385736654138
"X2.8295",0.000244348754851591
"X0.2329",0.00017416846484719
"X2.8296",0.000150254532438886
"X2.8297",0.000263174678372393
"X2.8298",0.00025726469882372
"X2.8299",0.000229611015839433
"X2.8300",0.000213953450362074
"X2.8305",-0.000217792133075523
"X2.8306",-0.000231927791291233
"X2.8307",-0.000151295763207695
"X2.8308",7.65927067178496e-05
"X2.8309",-0.000292137149339452
"X2.8310",-0.000209165726845472
"X2.8311",0.000203495838810724
"X2.8312",-0.000102386766034405
"X2.8313",3.11898678228492e-05
"X2.8314",-0.000549307947466131
"X2.8315",0.000176292951623634
"X2.8316",-3.8019713911707e-06
"X2.8317",-0.000214987627856005
"X2.8318",-0.000296038445816026
"X2.8319",0.000217277704829815
"X2.8320",5.20437722079798e-05
"X2.8321",0.000346993141957976
"X0.2330",-1.65060099816879e-06
"X2.8323",-8.02231782619981e-05
"X2.8324",-0.00026053965933163
"X0.2331",0.000167765359910729
"X0.2332",-0.000251444866613998
"X2.8325",0.000262307599588846
"X2.8326",-0.000131053367775655
"X2.8327",-0.000278498229918321
"X2.8328",-0.000340076673637247
"X2.8329",-0.000256623012735994
"X2.8330",0.00019334205988736
"X2.8331",0.00043205653531462
"X2.8332",0.000230527155817411
"X2.8334",0.00021092403158201
"X2.8335",0.000259345038199053
"X2.8336",8.78602315378296e-05
"X2.8337",0.00031840026092318
"X2.8338",-0.000189154364873078
"X2.8339",0.000284779683732704
"X2.8340",-0.000225557096050796
"X2.8341",0.000384360901197883
"X2.8342",6.95114382866657e-05
"X2.8343",-1.25128962926436e-05
"X2.8344",0.000179202210073882
"X2.8345",0.00047793346339916
"X2.8346",8.68107784988607e-05
"X2.8347",-1.27786400968277e-05
"X2.8348",0.000139422504541562
"X2.8349",0.000496291087812775
"X2.8350",9.71428343057495e-05
"X2.8351",0.000379535510604784
"X2.8352",-8.93628705747798e-05
"X2.8353",-8.04460774890431e-05
"X2.8354",-4.37090592686834e-05
"X2.8355",0.000370625873840183
"X2.8356",0.000228124704285925
"X2.8357",0.000430579248757258
"X2.8358",-8.43954491227448e-05
"X2.8359",-5.35373672131046e-05
"X2.8360",0.000374634391366397
"X2.8361",0.000248257896781456
"X2.8362",0.00010514858303371
"X2.8363",1.24847867984884e-05
"X2.8364",0.000552830864157164
"X2.8365",0.000471227324790059
"X2.8366",0.000189277393464452
"X2.8370",-0.000175733729861907
"X2.8371",0.00033136219562003
"X2.8372",-0.000106061306987698
"X2.8373",0.000189708370703482
"X2.8374",-0.000413827584625039
"X2.8375",-5.1986087732203e-05
"X2.8376",0.000123792241404604
"X2.8377",-4.65571568318013e-05
"X2.8378",0.00049126972843959
"X2.8379",0.000278092159533643
"X2.8380",1.23836861964742e-05
"X2.8381",0.000436880491155506
"X2.8382",0.000410338934193313
"X2.8384",-0.000770370464128676
"X2.8385",0.000369972710754684
"X2.8386",0.000425841748803818
"X2.8387",0.000359448573888234
"X2.8389",0.00036743233562035
"X2.8390",0.000417548934292218
"X2.8391",0.000233134222289985
"X2.8392",-0.000710985233934418
"X2.8393",0.00014209992540008
"X2.8394",0.000185889899553453
"X2.8395",0.000428647971700506
"X2.8396",0.00054603129504789
"X2.8397",-0.000839995655765719
"X0.2335",-8.53131396027238e-05
"X2.8398",-4.23675208394928e-06
"X2.8399",0.000168760411838568
"X2.8400",0.000383078771649254
"X2.8401",0.000637542155391974
"X2.8402",0.000219233137504219
"X2.8403",-0.000193308663627712
"X2.8404",0.000270628335671553
"X2.8405",0.000217429055180559
"X2.8406",1.83503679922269e-05
"X2.8408",0.000232031319503038
"X2.8409",0.000769848589991608
"X2.8410",0.000546179588942137
"X2.8411",2.09345153851655e-05
"X2.8412",0.000486305192223424
"X2.8413",-0.000178106073041787
"X0.2337",8.64634401027812e-05
"X2.8414",1.36707352128651e-05
"X0.2338",-0.000247105167980057
"X2.8415",0.000374602559713314
"X2.8416",8.60137080140202e-05
"X2.8417",9.30691000320499e-06
"X2.8418",0.000672805355919038
"X2.8419",0.000270067743706199
"X0.2340",7.16369085599228e-05
"X2.8422",0.000258132690492829
"X2.8423",5.17380868188237e-05
"X2.8424",9.98627789277293e-05
"X2.8425",-0.000251635910332054
"X0.2341",-0.000112842070740479
"X0.2342",-0.000140062893832475
"X0.2343",0.000322186017652589
"X2.8426",-5.1801339674488e-06
"X0.2344",5.51263496589635e-05
"X2.8427",0.000267465384634317
"X2.8430",1.37162452729409e-05
"X2.8431",0.000260201757751164
"X0.2346",4.02402049823958e-05
"X2.8432",-0.000431701504138531
"X2.8433",0.000270772187799995
"X2.8434",0.000147857444517656
"X2.8435",0.000167700144960014
"X2.8436",0.000511775199155756
"X2.8439",-0.000366124958044035
"X2.8440",-0.000177591202538013
"X2.8441",0.000163389921295727
"X2.8442",-0.000753487447647571
"X0.2347",-0.000126795517467
"X2.8443",-0.00034518627426172
"X2.8444",0.000352800674977398
"X2.8445",0.000155823375632386
"X0.2348",0.000289286758792302
"X0.2349",-0.000337343828688856
"X0.2350",-4.72677729134113e-05
"X0.2351",1.1006426344002e-05
"X2.8447",-0.00053025663833433
"X2.8448",-0.000649894740311472
"X0.2352",0.000137368459123367
"X0.2353",0.000441904494779229
"X2.8450",-0.00058266096438356
"X2.8451",-0.000498442414649263
"X2.8452",-6.90534708752836e-05
"X2.8453",-0.000110869206958634
"X2.8454",-0.000327751404092657
"X2.8455",-0.000260144740162329
"X2.8456",-1.95211457999242e-05
"X2.8457",-0.00028120067530137
"X0.2354",0.000102731194543864
"X2.8458",9.70443681801849e-05
"X2.8459",0.00018049408033563
"X0.2355",0.000199644924912554
"X0.2356",-0.000570988655701479
"X0.2357",0.000263854918661811
"X0.2358",-0.000165355056570876
"X0.2359",7.33741660705339e-05
"X0.2360",-3.1145213837972e-05
"X0.2361",0.000257385766777397
"X0.2362",0.000161223442541366
"X0.2363",1.99168416992922e-05
"X0.2365",0.000381145635383204
"X0.2366",-0.000156476089681714
"X0.2367",0.000104630336404666
"X0.2368",0.000156893529624053
"X0.2369",3.60887145403559e-06
"X0.2370",-0.00011850567795567
"X0.2371",-0.000202262736044111
"X0.2372",-6.78546147620382e-05
"X0.2373",-0.00028830199605694
"X2.8462",-0.000264270003283633
"X2.8463",-9.84878174374939e-05
"X0.2374",0.000166936904428328
"X2.8464",0.000492434019109301
"X2.8466",-1.66984018026671e-05
"X2.8467",0.000276458505531659
"X2.8468",0.000421975593802449
"X2.8469",0.000263432095572014
"X2.8470",-0.000650439005218167
"X2.8472",0.000510273245309589
"X2.8474",-0.000164444559925706
"X2.8475",0.000232317288622379
"X2.8476",-0.000265232146141847
"X2.8477",0.000336930670861581
"X0.2376",-0.000337640949232773
"X0.2377",-7.6625508730227e-05
"X0.2378",-0.00022876202425046
"X2.8482",-2.72005588293493e-05
"X0.2379",-0.000172103411051457
"X0.2380",-0.000383460541156791
"X0.2381",0.000190827335316589
"X0.2382",-0.00051694955931891
"X0.2383",3.57900443653558e-05
"X2.8484",0.000139694981080902
"X2.8485",0.000138612389828364
"X0.2385",0.000219579167297111
"X0.2386",-5.14064357460687e-05
"X0.2387",7.44011975154185e-05
"X0.2388",0.000181165136388521
"X0.2389",6.27315218670232e-05
"X2.8489",6.90285402105454e-05
"X0.2391",-0.000508177530632401
"X0.2392",-5.12670996781117e-05
"X2.8490",0.000312430289077399
"X2.8491",-0.000177890456436695
"X0.2393",-0.000340844015178809
"X0.2394",-0.000594519319587803
"X2.8493",0.000273693750896068
"X0.2395",-0.000120737491616314
"X2.8494",7.38506749089631e-05
"X2.8495",0.000395558188190515
"X2.8496",0.000645047166964697
"X2.8499",8.01998696333436e-05
"X2.8500",0.000192955042023833
"X2.8503",-0.000266305025843815
"X2.8504",0.000552590960134568
"X2.8505",-0.000163352093998115
"X2.8506",-0.000345099152286315
"X2.8507",-0.000127844948487438
"X2.8510",6.61661369753217e-05
"X2.8511",-0.000229922787563969
"X2.8512",7.21424999815041e-05
"X2.8513",-0.000193217501192098
"X2.8514",-1.98673677846364e-05
"X2.8515",-1.29919096904819e-05
"X2.8516",0.000121139462554332
"X1.416",-1.17755744271986e-05
"X2.8517",-0.000317787771073037
"X2.8518",-3.48782836754917e-05
"X2.8519",-0.00012308869018101
"X0.2397",-0.000171067987976179
"X2.8520",0.000145176929334137
"X2.8521",7.64335180937433e-05
"X0.2398",-0.000164129165727543
"X0.2399",0.000311087890954547
"X2.8522",0.000112682119705553
"X2.8523",-2.03669979639283e-05
"X2.8525",1.50442104797542e-06
"X2.8526",-0.000182718408269583
"X0.2400",-0.000140176568748364
"X2.8527",7.6928223716762e-05
"X0.2401",-0.00021421730166269
"X0.2402",-0.000467614332579504
"X0.2403",-0.000670496752636156
"X0.2404",0.000112153315019426
"X2.8530",-9.18360391458644e-05
"X0.2405",-0.00019823627818606
"X2.8531",0.000111648615242925
"X2.8532",-0.000225681628653014
"X2.8533",0.000457397941864705
"X2.8534",2.51110878711839e-05
"X2.8535",-0.000148325619987891
"X2.8536",-0.000204396955467074
"X2.8537",0.00043811491167711
"X2.8538",-0.000205917206919272
"X2.8540",7.86366905563913e-06
"X2.8541",-8.59026359389673e-05
"X2.8542",2.27180511102323e-05
"X2.8543",0.000369236629023893
"X2.8544",0.000185509370687616
"X2.8545",1.42502890990886e-05
"X2.8546",-0.000284006158155072
"X2.8547",-9.99874170616573e-05
"X2.8548",0.000212615381088119
"X2.8549",-2.04473736976085e-05
"X2.8551",0.000389933813010801
"X2.8554",0.000411637985549451
"X2.8555",0.000207699818860098
"X2.8557",0.000815319994221103
"X2.8558",0.000660322103673485
"X2.8559",0.00032514618300257
"X2.8560",0.000254846185317509
"X2.8561",-0.000294339286067404
"X2.8562",-0.000165724016301008
"X2.8563",0.000146420714760118
"X2.8564",0.000286087356993922
"X2.8565",-0.000107993291108025
"X2.8566",-0.000214968065078567
"X2.8567",0.000648403942356961
"X2.8568",0.00024571688413315
"X2.8569",-0.000114674000495218
"X2.8570",0.0005768746311736
"X2.8571",-0.00017209340486616
"X2.8572",0.000261810815960252
"X2.8573",0.000577195590275929
"X2.8574",8.16531825839926e-05
"X2.8575",0.00013275596482705
"X2.8576",0.000356654465429156
"X2.8577",0.000158346153101678
"X2.8578",0.000362286846447469
"X2.8579",3.29178795466524e-05
"X2.8580",0.00011810913863629
"X2.8581",6.18902029178132e-05
"X2.8582",-5.93272818279194e-05
"X2.8583",0.000293962861592747
"X2.8584",9.79351152718464e-05
"X2.8585",8.87618537051181e-06
"X2.8586",0.000206069618023953
"X2.8587",0.000130395165842653
"X2.8588",0.000551537191229442
"X2.8589",0.000270593992746224
"X2.8590",8.4741607188725e-05
"X2.8591",0.000318762073799627
"X2.8592",0.000335472918342761
"X2.8593",0.000254136249966783
"X2.8594",6.62371993037603e-05
"X2.8595",0.000100609382438986
"X2.8596",0.000116294405766978
"X2.8597",5.49498261998362e-05
"X2.8598",0.000128422264005803
"X2.8599",-0.00016372315718851
"X2.8600",-0.000113089520524798
"X2.8601",-0.000336899546299307
"X2.8602",-0.00022450254660468
"X2.8603",-9.06650377990463e-05
"X2.8604",0.000371816824413096
"X2.8605",0.000192822789259146
"X2.8606",-0.000295086686783403
"X2.8607",-1.69536726203324e-05
"X2.8608",-7.75871069773177e-05
"X2.8609",0.000115451175978691
"X2.8610",0.000167526755639309
"X2.8611",-0.000283282667615329
"X2.8612",-0.000372701433013046
"X2.8613",0.000198642644679567
"X2.8614",0.000275084964561312
"X2.8615",-6.46491770878738e-05
"X2.8616",-3.74131104068687e-05
"X2.8617",0.000299811426953334
"X2.8618",0.000107859652794509
"X2.8619",0.000410332982824135
"X2.8620",0.000545637662047937
"X2.8621",-0.000211217305970014
"X2.8622",0.000490205347724202
"X2.8623",1.56981628708212e-05
"X2.8624",0.000537904699253459
"X2.8625",9.77529582711824e-05
"X2.8626",0.000407583609394574
"X2.8627",0.000406657838538117
"X2.8629",0.000723737752601545
"X2.8630",0.000504673115613081
"X2.8631",-8.41047427262667e-05
"X2.8632",8.42892572229983e-05
"X2.8633",0.000251085247589418
"X2.8634",-1.48443181716878e-05
"X2.8635",0.000725794685700085
"X2.8636",0.000652107057497178
"X2.8637",0.000303318624262544
"X2.8638",0.00057905833733478
"X2.8639",0.000205161710540908
"X2.8640",0.00029146700774519
"X2.8641",0.000646100257980174
"X2.8642",3.54163896629485e-05
"X2.8643",0.000482501602281
"X2.8644",0.000237592323071535
"X2.8645",0.000573355811109903
"X2.8646",0.000214019702434604
"X2.8647",-7.48667687822243e-05
"X2.8648",0.000220569134789984
"X0.2406",-4.65118560436562e-05
"X2.8649",0.000588877997458531
"X2.8652",0.00053714215190583
"X2.8653",0.000190976149862554
"X2.8655",3.26655167395243e-05
"X2.8656",2.96167279435452e-05
"X2.8657",-0.000197270679298042
"X2.8658",0.000533645093186962
"X2.8659",0.000144912072084077
"X2.8660",-0.000207215635145609
"X2.8661",0.000228450997924553
"X2.8662",0.000218298174936293
"X2.8663",-3.59848471838124e-05
"X2.8664",0.000512920499421504
"X2.8666",-2.44382575914982e-05
"X2.8667",0.000288943428819875
"X0.2407",-8.68264549816801e-05
"X2.8668",0.000245957434756342
"X2.8669",6.49477462635028e-05
"X2.8670",0.000124047509553385
"X2.8671",6.42895820301679e-05
"X1.420",-0.000435841128537927
"X1.421",-0.000249264614127112
"X2.8676",0.00010299968966671
"X0.2408",0.000468742267158758
"X0.2410",5.05234573017264e-05
"X0.2411",-0.000100721732701261
"X0.2412",0.000156194812512103
"X2.8677",0.000305197850245977
"X2.8680",-0.000766122863112511
"X2.8681",-0.000463821169515727
"X2.8683",-8.37973223527645e-05
"X2.8685",0.000186842916973666
"X0.2414",-0.000520114524043896
"X2.8686",-0.000413191683926813
"X0.2415",-0.000119734810619197
"X2.8689",0.000478007548558671
"X2.8690",3.5155896922728e-05
"X2.8691",-0.000191008846091473
"X2.8692",4.92758312183785e-05
"X2.8693",0.000543091136753393
"X2.8694",0.000688623341378316
"X2.8695",-3.79340441567979e-05
"X2.8696",1.6914917578301e-05
"X2.8697",-0.000478818055364428
"X2.8698",7.21256006239985e-05
"X2.8699",3.16906772352779e-05
"X2.8700",-0.000188021144316234
"X2.8701",3.40414881852485e-05
"X2.8702",-2.63400243654539e-05
"X2.8703",-0.000450269555355207
"X2.8705",0.000288568590176216
"X2.8706",-0.000102772142258591
"X2.8707",-3.96703416163809e-05
"X2.8708",-0.000549875986896782
"X2.8709",0.000326842845908473
"X2.8710",-4.76253120283006e-05
"X2.8711",-0.000374477973430205
"X2.8712",-0.000281603106710849
"X2.8713",-0.000153909916732181
"X2.8714",-0.000342573677211707
"X2.8715",-0.000550550887020926
"X2.8716",0.000432740877549909
"X2.8717",7.51999182421481e-05
"X2.8719",0.00019721733523137
"X2.8721",0.000231920250682648
"X2.8722",0.000461822782589311
"X2.8723",0.000138742153590586
"X0.2416",0.000127781421661281
"X0.2417",0.000220426300629577
"X2.8725",0.000603746537675237
"X2.8726",6.93731295297421e-05
"X2.8727",0.00025298639716411
"X0.2418",0.000454372752190953
"X0.2419",0.000156213515512657
"X0.2420",0.000215880706925453
"X0.2421",0.000431752965112346
"X0.2422",0.000747657703646152
"X0.2423",0.000266119723605516
"X0.2424",0.00035038173167999
"X2.8729",-0.000158377508460855
"X2.8730",0.000580400090762057
"X2.8731",0.000213248292880999
"X2.8732",0.000590836702894612
"X2.8733",0.000479376560959959
"X2.8734",0.000511539115721496
"X2.8735",0.000194571750846293
"X0.2427",-0.00053040377407979
"X0.2429",-0.000360063970535016
"X0.2430",-0.000245838181031032
"X0.2431",-0.000459729829783276
"X0.2432",-0.000371508332396967
"X0.2433",-0.000225029433113066
"X0.2434",-0.000215077656034388
"X0.2435",7.50566780758561e-05
"X0.2436",-0.000276007654181833
"X2.8739",-0.000760576722128578
"X2.8740",-0.000502567616474832
"X2.8741",-0.000280770988990617
"X2.8742",-1.16981256470216e-05
"X2.8743",0.000127620145284918
"X2.8744",-0.000236500162026672
"X2.8745",-0.000121699236227873
"X2.8746",0.0003477703315215
"X2.8747",-0.000375493221613922
"X2.8748",-2.37308800459287e-05
"X2.8749",0.000135725347753352
"X2.8750",8.56168105090039e-05
"X2.8752",0.000568813589703738
"X2.8753",-0.000217610631396231
"X2.8754",9.48030229811998e-05
"X2.8755",0.000698448215625616
"X2.8756",-0.000164794709935283
"X2.8757",0.000549078050252095
"X2.8758",0.000188989385856445
"X2.8759",0.000104598370858187
"X2.8760",-0.000261842769026413
"X2.8761",-0.00029550170641078
"X2.8762",-0.00072439888915428
"X0.2437",0.000299344162541535
"X2.8763",0.000609967965640161
"X2.8764",-4.93020010808814e-05
"X2.8765",0.000322722409409919
"X2.8766",5.81961658274775e-05
"X2.8767",0.000206180386732212
"X2.8768",-0.000464308390202306
"X2.8769",0.000364096760664192
"X2.8770",0.000530569621935038
"X2.8772",-0.000100871807680674
"X2.8774",9.65416149231349e-05
"X0.2438",-0.000570254450166899
"X2.8775",0.000242245459701581
"X1.427",7.08290642111132e-06
"X2.8777",-6.01383995864961e-05
"X2.8779",0.000647793170924472
"X2.8780",0.000352183606254489
"X2.8781",0.000581366697942782
"X2.8782",-0.000216820718949193
"X2.8783",-0.000219562252603215
"X2.8784",0.000248139355439624
"X2.8785",0.00013474157037295
"X2.8786",3.30632555316075e-05
"X2.8787",0.000112260964436899
"X2.8788",0.000204795027674885
"X2.8789",-2.25864439267851e-05
"X2.8790",5.27529414541151e-05
"X2.8791",0.000545313443236918
"X2.8792",-0.00022195064129092
"X2.8793",-0.000516417247395084
"X2.8794",6.57970257847637e-05
"X2.8795",-0.000355742703426589
"X2.8796",0.000349512744499441
"X2.8797",0.000270425292452837
"X2.8798",2.79736523060198e-05
"X2.8799",7.34917596527019e-05
"X2.8800",0.000526139010099232
"X2.8802",0.00027417931757465
"X2.8803",-0.000203811157633861
"X2.8804",0.000210034133834453
"X2.8805",-0.000159293134048884
"X2.8806",0.000323637099250864
"X2.8807",-0.000140915279549663
"X2.8808",0.000292204979179566
"X2.8809",0.000773206620879673
"X2.8810",-0.000102122386752326
"X2.8811",0.000103235898497031
"X2.8816",0.000143464727480977
"X2.8819",0.000321273562719809
"X2.8820",0.000411798236664423
"X0.2441",-2.67884342847033e-05
"X2.8821",0.00065008106636277
"X2.8822",0.000481087224603693
"X2.8823",-0.000319022764399439
"X2.8824",-3.80462336426327e-05
"X0.2442",5.71397517610179e-06
"X0.2443",-5.86208003318916e-05
"X0.2444",6.01310842529699e-05
"X0.2445",-0.00026307168187449
"X0.2446",-0.000157308305602573
"X0.2447",0.000245170877834518
"X0.2448",-0.000163847246717791
"X0.2449",-0.000272600298056188
"X0.2450",-0.000806052658172358
"X2.8825",0.000184642333223734
"X0.2452",0.000263785318300796
"X0.2453",8.89183757365028e-05
"X0.2454",0.000112482885933967
"X0.2455",2.04483804066579e-05
"X2.8827",-0.000292712278610149
"X0.2456",-0.000216189967730055
"X0.2457",-4.9272841029235e-07
"X0.2458",-0.00013638609123802
"X0.2459",-0.00021024682692054
"X0.2460",9.53092941419053e-05
"X0.2461",-0.000193621007300583
"X0.2462",0.000178907572297819
"X0.2463",-3.5718496165386e-05
"X0.2464",-0.000331395173502758
"X0.2465",0.000192793870250808
"X0.2466",-0.000202911487093377
"X0.2467",-0.000213368671868186
"X0.2468",7.81086156939115e-05
"X0.2469",-0.000312407201447632
"X0.2470",0.000206079497944081
"X0.2471",-1.90844335547332e-06
"X0.2472",-0.000237362330129927
"X0.2473",6.4658813037003e-05
"X0.2474",-0.000153583310357882
"X0.2475",-0.000338700734375268
"X0.2476",-3.88985979518683e-05
"X0.2477",3.0766630626783e-05
"X0.2478",9.0647455875821e-05
"X0.2479",0.000109259732058768
"X0.2480",-0.00015452167253382
"X0.2481",-0.000232239072203467
"X0.2482",-0.000327181674288928
"X0.2483",-0.00010790245047424
"X0.2484",-0.000360215570959155
"X0.2485",-0.000187595820472349
"X0.2486",-0.000416902437743492
"X0.2487",-8.29085109521625e-05
"X0.2488",-0.000221171972740501
"X0.2489",-0.00044546923788097
"X0.2490",0.000132319110201223
"X0.2491",-4.75860912877143e-05
"X0.2492",-0.000131431355835723
"X0.2493",-0.000101925517692631
"X0.2494",-0.000346561246426863
"X0.2495",8.45310092204203e-05
"X0.2496",-0.000116609863970049
"X0.2497",-0.000466949880760483
"X0.2498",0.000103588162876486
"X0.2499",8.39070032896357e-05
"X2.8832",-0.000287383971722272
"X2.8833",-0.000123454286465106
"X2.8834",-0.000210751043019018
"X2.8836",0.000481495292891518
"X2.8837",0.000245685624034546
"X2.8838",0.000204887144684944
"X2.8839",0.000360674268588317
"X0.2500",0.000503240327559233
"X0.2501",-0.000526818494764631
"X2.8840",0.000238236304665181
"X0.2502",-0.000140418271039388
"X0.2503",-0.000286464354474544
"X0.2504",0.000667978637295867
"X0.2505",-0.000503553075706552
"X0.2506",-0.000724316055852461
"X2.8841",0.000492758458397217
"X0.2507",-3.27112130663781e-05
"X1.432",-1.00466571603765e-05
"X0.2508",0.000337810545911733
"X0.2510",0.000726997280957607
"X0.2511",9.47807660159218e-05
"X0.2512",0.00057925801387593
"X0.2513",0.000442441446659357
"X0.2514",0.000571711324646427
"X0.2515",0.000104568761445845
"X0.2516",0.000423236736456232
"X0.2517",0.000230551022442969
"X2.8844",-0.000167913269743838
"X2.8846",0.000354323866234912
"X2.8847",9.26283959196804e-05
"X2.8848",1.3911158096285e-05
"X2.8850",-1.10476495252179e-05
"X0.2518",0.000208483678188091
"X0.2519",0.000244759088316494
"X0.2520",0.000111886689239214
"X0.2521",0.000121175989659067
"X0.2522",-0.000131458800995192
"X0.2523",0.000287318808261853
"X0.2524",-0.000128984825868492
"X0.2525",0.000238670643641069
"X0.2526",-8.19581297091554e-05
"X0.2527",0.000331659503370523
"X0.2528",0.000406960396531554
"X0.2529",4.81432812139009e-05
"X0.2530",0.000373324221411892
"X0.2531",-0.000349244574098865
"X0.2532",0.000221902487723248
"X0.2533",9.54191723543697e-06
"X0.2534",0.00031554627771194
"X0.2535",-0.00073394487638989
"X0.2536",-0.000105095312820838
"X0.2537",-0.000318663776933125
"X0.2538",-0.0004771717574166
"X0.2539",0.000267223507946037
"X0.2540",-4.98629222998626e-05
"X2.8852",4.8269890680607e-05
"X2.8853",-5.68041848141602e-05
"X2.8854",0.000466691627396582
"X0.2541",-0.000608427141074059
"X0.2542",-0.000196416787216972
"X0.2544",-4.59627523874663e-05
"X0.2545",-0.000312204094467377
"X0.2546",-0.000589289976366853
"X0.2547",0.000343884602808946
"X0.2548",0.000385298808802147
"X2.8855",0.000297445690613901
"X2.8856",0.000213324990377117
"X2.8857",0.000519809476070065
"X2.8858",0.000191557432711279
"X0.2550",-9.62010098781363e-05
"X0.2551",-0.000349642170671356
"X0.2552",-0.000510128418204677
"X0.2553",0.000125973546846645
"X2.8860",0.000100276052081601
"X2.8862",-2.37744731817362e-05
"X0.2556",0.000340526472324937
"X2.8868",0.000862997350589191
"X0.2557",0.000111600547900577
"X0.2558",0.000536391867170564
"X0.2559",-0.000449890515868614
"X2.8870",0.000817866448411028
"X0.2560",-8.27786083038822e-05
"X0.2561",-0.00026938965749659
"X0.2562",0.000495965344049904
"X0.2563",9.22569706645208e-05
"X2.8873",0.000208895686098812
"X0.2564",0.000373250806854374
"X0.2565",0.000408721503737388
"X0.2566",-2.91679309844479e-05
"X0.2567",0.000380929230881202
"X0.2568",1.89470492113191e-05
"X0.2569",-2.21610441333695e-07
"X0.2570",-0.000192852486519921
"X0.2571",-0.00034981494474336
"X0.2572",-1.15668043111293e-06
"X2.8875",-1.83016896392104e-05
"X2.8876",0.000218527822100101
"X0.2573",-0.000214578624313593
"X2.8877",-0.0005483760117612
"X0.2574",-1.56727375471495e-05
"X2.8879",0.000499909863600942
"X0.2575",-0.000336800585330027
"X0.2576",6.75128751314179e-05
"X0.2577",0.000488168675240339
"X0.2578",-0.000171347729352196
"X0.2579",-3.10118001846565e-05
"X0.2580",-0.0002245697651324
"X0.2581",-0.000304957214491776
"X0.2582",-0.000604964118601017
"X0.2583",-0.000175377372444027
"X0.2584",-0.00019251934417041
"X0.2585",-3.9144782631904e-05
"X0.2586",-0.000197601719901222
"X2.8884",-0.000452407222581261
"X0.2587",0.000140172844943037
"X0.2588",-0.0011297514471408
"X0.2589",-0.000281246210121599
"X0.2590",-0.000163600338378739
"X0.2592",-0.000623901856054718
"X0.2593",-0.00023482436327747
"X0.2594",-0.000286449466997108
"X0.2595",-0.000512398375171828
"X2.8890",0.000125850811543961
"X0.2596",9.28585785026277e-05
"X0.2597",-0.000369887316074181
"X0.2598",0.000145046936959898
"X0.2599",4.03871751055007e-06
"X0.2600",6.67215588590318e-05
"X0.2601",-0.000138204688390937
"X0.2602",-0.000213711043671717
"X2.8893",-0.000349569143263998
"X0.2603",-0.000488543637011278
"X2.8895",0.000457540232229082
"X0.2604",2.11524751540018e-05
"X0.2605",-0.000204588569100661
"X0.2606",-8.08695606266554e-05
"X0.2607",-0.000119369707724458
"X0.2608",0.000149857717343362
"X0.2609",3.72059995349864e-05
"X0.2610",0.000199584404451566
"X0.2611",-0.000203481954870141
"X0.2612",4.2381823589445e-05
"X0.2613",-5.39363237191881e-05
"X0.2614",1.10476636832379e-05
"X0.2615",0.000247281826209306
"X0.2617",-0.000664089744740442
"X0.2618",6.23916340819488e-05
"X0.2619",-0.000282620140129203
"X0.2620",-0.000231867616552949
"X2.8898",0.000226635386418406
"X2.8900",-1.46824639156475e-05
"X0.2621",-4.35219505048671e-05
"X0.2622",4.69500672572808e-05
"X0.2623",9.59344832811901e-05
"X2.8901",0.000235960185657657
"X0.2624",-0.000356308612094696
"X0.2625",0.000280020853835322
"X0.2626",0.000250215117742337
"X0.2627",-3.02324154481846e-05
"X0.2628",-0.000189191146793988
"X0.2629",-0.000206832496301063
"X0.2630",-0.000157727827033629
"X0.2631",-0.000177099897579223
"X2.8904",0.000212000171281883
"X0.2632",-3.00195130580258e-05
"X2.8906",3.07019906142841e-05
"X2.8907",-0.000206246433803917
"X2.8908",0.00104053669350413
"X2.8909",0.000146000978866186
"X2.8910",0.000207377690544872
"X2.8911",0.000199905453648631
"X2.8912",-5.05290253929241e-05
"X2.8913",-0.000375503460158933
"X2.8914",0.000114075401307176
"X2.8915",0.000386139985728106
"X2.8917",0.000359818174897048
"X2.8918",-0.000436365961403349
"X2.8919",0.000324729622251294
"X2.8920",0.000186028850688566
"X2.8921",3.17042483650386e-05
"X2.8922",0.000271252783243057
"X2.8923",-2.9954083566855e-06
"X2.8924",-0.000122582219892837
"X2.8925",0.000515669395122943
"X2.8926",0.000127203294937039
"X2.8927",-5.88165167098667e-05
"X2.8930",0.000105407881661863
"X2.8931",0.00034818914146878
"X2.8932",8.67289740355506e-06
"X2.8933",0.000395381186897409
"X2.8934",0.000212850651108299
"X2.8935",0.000238577977638981
"X2.8936",0.000331455128612487
"X2.8937",-0.000304505059622925
"X2.8938",0.000209809337638588
"X2.8939",-0.000355190912950077
"X2.8940",-0.000164017503054626
"X2.8941",-0.000951823203962869
"X2.8942",-0.000121309107291817
"X2.8943",-1.12179900257439e-05
"X2.8944",4.45801394242241e-06
"X2.8946",0.00022460499708031
"X2.8947",-0.000179848783741986
"X2.8948",-0.000177595779343008
"X2.8949",-0.000259919827545291
"X2.8950",1.79765393928429e-06
"X2.8951",0.00070594343738866
"X2.8952",0.000335479848976786
"X2.8953",0.000390396550461798
"X2.8954",0.00010705983063829
"X2.8955",4.83683627009749e-05
"X2.8956",0.000388797149901182
"X2.8958",-4.46543683042849e-05
"X2.8959",0.000139231040427795
"X2.8960",0.000152683663306554
"X2.8961",0.000165991228721843
"X2.8962",1.28511877317009e-05
"X2.8963",-0.000279723587479414
"X2.8964",0.000264861151264037
"X2.8966",0.000306707230895202
"X2.8967",0.000274228700437881
"X2.8968",0.000220401823916295
"X2.8969",-0.000188183615800001
"X2.8970",0.000201928662626205
"X2.8971",-9.75314740904227e-05
"X2.8972",1.98059745400631e-05
"X2.8974",-0.000537943100442669
"X2.8977",-0.00024910209346229
"X2.8979",-2.37637544127705e-05
"X2.8980",-0.00024411012727678
"X2.8981",0.000376224768851087
"X2.8982",6.95368211084866e-05
"X2.8983",0.000452544264810722
"X2.8984",4.90587886545479e-05
"X2.8985",0.000127842242076634
"X2.8986",0.000138817910956271
"X2.8987",2.95738004189314e-06
"X2.8988",0.00049576950062993
"X2.8989",0.000608235489289108
"X2.8990",0.000268096112474266
"X2.8991",0.00010589828172241
"X0.2633",-9.15921246928065e-05
"X2.8992",0.000528059879921765
"X2.8993",-0.000104864935963692
"X2.8994",-4.6865947397071e-05
"X0.2634",-0.000458298714902228
"X2.8995",-1.87844722571415e-05
"X2.8996",0.000579208699640853
"X2.8997",-0.000305544363946791
"X2.8998",0.000212505752740883
"X2.9000",0.00020983707754687
"X2.9003",-0.000213174012327966
"X2.9004",0.000351671083367534
"X2.9005",0.000127226391711688
"X2.9007",9.09266555529947e-05
"X2.9008",0.000253935982953088
"X2.9009",0.000425324596041253
"X2.9010",0.000334015410848454
"X2.9011",8.96659852128164e-05
"X2.9012",-1.55263292279987e-05
"X2.9013",9.50144744653786e-05
"X2.9015",4.44400922040516e-05
"X2.9016",-0.000108798596718681
"X2.9017",-0.000398747640213828
"X2.9018",3.2579022332606e-05
"X0.2635",-0.000404511574569898
"X2.9019",-5.25026754775662e-05
"X2.9021",-8.78451988490376e-05
"X2.9022",0.000250767777609721
"X2.9023",6.89146107043167e-05
"X2.9024",0.000155594080733628
"X2.9025",7.25295742510487e-05
"X2.9026",0.000405478424074194
"X2.9027",8.22631607699491e-05
"X2.9028",-0.000124561111751219
"X0.2636",0.000252612916360455
"X2.9029",-0.000319470856429553
"X0.2637",-7.41561775132306e-05
"X0.2638",0.000145458400587666
"X2.9032",0.00027274607341837
"X2.9033",0.000139822406214339
"X2.9034",8.47179562200676e-05
"X2.9035",0.000296028496564212
"X2.9036",8.00297339274072e-06
"X2.9037",7.25399527592468e-05
"X2.9038",-2.90604491897322e-05
"X0.2639",-0.000312927564666517
"X2.9039",0.00032129902568259
"X2.9040",0.000267900924746074
"X2.9041",-0.000334648173047302
"X0.2640",4.26026451013387e-05
"X2.9043",0.000257429080599166
"X2.9044",0.000650973226703211
"X2.9045",0.00018491943965192
"X2.9047",0.000581724478191097
"X2.9048",7.25397873313278e-05
"X2.9049",-0.000431012512784087
"X2.9051",-2.03924723288439e-06
"X2.9052",0.00033668333204161
"X2.9053",0.000221998310632051
"X2.9054",0.000239133751411302
"X2.9055",0.000166522091196081
"X2.9056",-0.000198599469204914
"X2.9057",-0.000248398859727407
"X2.9058",0.000137162613618216
"X2.9059",0.000289059245905171
"X2.9060",0.000485988082369939
"X2.9061",5.6823404951453e-05
"X2.9062",0.000965399686592621
"X2.9063",-8.13250324630977e-05
"X2.9064",0.000280804650130814
"X2.9065",5.48205674416531e-05
"X2.9066",-1.11131043523929e-05
"X2.9069",-3.99241045821228e-05
"X2.9070",0.000413415748566403
"X2.9071",0.000207227760515697
"X2.9072",-0.000471726366614549
"X2.9073",-0.000223877350170548
"X0.2643",0.000245252477755163
"X2.9075",8.55394330524418e-06
"X2.9077",0.000145205563306726
"X2.9079",0.000593079614386209
"X2.9080",7.98573901087795e-05
"X0.2644",0.000106910700474547
"X2.9082",0.000136541696928374
"X0.2645",-3.80968141869804e-05
"X0.2646",7.38566771971216e-07
"X2.9083",0.000239640420248839
"X0.2647",0.000288808355407118
"X0.2648",0.000476192367159452
"X0.2649",0.00036494796165826
"X0.2650",6.91267904377562e-05
"X0.2651",-0.000326751599952682
"X2.9087",0.000374115350975592
"X0.2652",-0.000402443616961364
"X0.2653",0.000151095090655704
"X2.9088",2.62638703555143e-05
"X0.2654",-0.000210389145628911
"X2.9089",-0.000112001394484396
"X2.9090",0.000273397118072457
"X2.9091",0.000441190192638033
"X2.9092",-3.11471016997989e-05
"X2.9093",-0.000187719057624682
"X2.9094",0.000180841605034376
"X2.9095",-4.78332995459631e-05
"X2.9096",3.38323728543289e-05
"X2.9097",-0.000277705148666292
"X2.9098",-6.69773858063134e-05
"X2.9099",-8.63020858110217e-05
"X2.9100",0.000306624629850444
"X2.9101",-0.000522255354353293
"X0.2655",0.000554546189213185
"X2.9102",5.38359634536329e-06
"X2.9103",0.000372636948165182
"X2.9104",-0.000173424094238525
"X2.9105",3.6763048702263e-05
"X2.9106",0.000541997220492168
"X0.2656",-0.00012180239529152
"X0.2657",0.00013481779615974
"X0.2658",0.000388852705542808
"X2.9107",0.000163444096544595
"X2.9108",0.000103394558804092
"X2.9109",-9.78585868071567e-05
"X2.9110",0.000366074319659167
"X2.9111",0.000124069312532377
"X2.9112",0.000137325284720813
"X2.9113",2.76638528896897e-05
"X2.9114",0.000105846406299636
"X2.9115",-0.000234499086590209
"X0.2660",0.000325289157274121
"X2.9116",0.000285335740098409
"X2.9117",-0.000165380935585193
"X2.9118",-1.83754380249696e-05
"X2.9119",0.000144189991149898
"X2.9120",-5.4144363219483e-05
"X2.9121",-2.52810632491418e-05
"X2.9122",-5.23011363178256e-05
"X0.2661",-0.000129753464940701
"X2.9125",6.53230026484912e-05
"X2.9126",-0.000266321550755274
"X2.9127",-6.28878867934937e-05
"X2.9128",2.85838149516231e-05
"X0.2662",-0.000302513892775287
"X2.9129",-4.42281645782496e-05
"X0.2663",-1.91010959710168e-05
"X2.9130",8.38892225052655e-05
"X2.9131",-0.0001278939467233
"X2.9132",2.84163694553601e-05
"X2.9133",-1.09782786409357e-05
"X2.9134",-5.37312044641043e-05
"X2.9135",0.000503576056035276
"X2.9136",4.93028835833242e-05
"X2.9137",-8.41076645907843e-05
"X2.9138",-8.17257177678139e-05
"X2.9141",-0.000371530603465081
"X0.2664",0.000453775005641854
"X0.2665",0.000331193951276671
"X0.2666",0.000336956483885522
"X2.9142",0.000459144880784784
"X2.9143",0.000194326908264696
"X2.9144",0.000409083937224591
"X2.9145",0.00049404745142245
"X2.9146",-0.000347293639402527
"X2.9147",-0.000109919692202398
"X2.9148",6.02445985902561e-05
"X2.9149",7.19350607930686e-06
"X2.9150",0.000330805612632058
"X2.9151",-4.65989074324843e-05
"X2.9152",-0.000253827293181056
"X2.9153",0.000273121210405607
"X2.9154",-0.000418371164759028
"X2.9155",3.96150616301807e-05
"X2.9156",-0.00031886703176102
"X0.2667",-0.000357072620915899
"X2.9157",6.58743453239166e-05
"X2.9158",-5.44421777995403e-05
"X2.9160",0.000221564515849185
"X2.9161",-0.000118124321594829
"X0.2668",-0.000509276390287612
"X0.2669",-0.000568667108404503
"X0.2670",0.000227114394618816
"X0.2671",-0.000555473701506852
"X0.2672",-0.000380452767961232
"X0.2673",-0.000216068251079546
"X0.2674",-0.000259509433892495
"X0.2675",-0.000113475960698043
"X0.2676",-0.000417494200229941
"X0.2677",-6.08462433876338e-05
"X0.2678",0.000126840277776998
"X0.2679",0.000350430955696938
"X0.2680",-0.000203262103855238
"X0.2681",-0.000209258925433375
"X0.2682",-0.000365390314729547
"X2.9167",-0.000455688405567366
"X2.9168",-0.000412077289089027
"X0.2683",0.000592454071837901
"X0.2684",0.000313770550669306
"X2.9169",-0.000222650611503288
"X0.2685",-5.79099902392853e-05
"X0.2686",0.000141915284208852
"X2.9170",0.000217100983756083
"X0.2687",4.03036375452151e-05
"X0.2688",8.24509955138047e-05
"X0.2689",-2.69650012288251e-05
"X0.2690",0.000415260777283712
"X2.9172",-0.000133562756152667
"X0.2691",0.00037669811008315
"X0.2692",0.0011555992736292
"X2.9173",-0.000472853774918197
"X0.2693",0.000758183057976768
"X2.9174",9.80029654477805e-05
"X2.9175",-6.28846677404974e-05
"X2.9176",-0.000673485644891931
"X2.9177",0.000597095188944448
"X0.2695",0.000336068581982341
"X2.9178",0.000525607757573989
"X2.9179",0.000713700516349091
"X2.9180",0.000458038741374091
"X0.2696",0.000468976617985961
"X0.2697",0.000608435510386197
"X0.2698",0.000767974065600584
"X2.9181",0.000358635548880741
"X0.2699",0.000633521332870498
"X0.2700",0.000552963577601411
"X0.2701",0.000340231969860117
"X2.9182",0.000411183495733601
"X2.9183",0.000530893880229281
"X2.9184",-0.000168399891949845
"X2.9185",0.000712980848851024
"X2.9186",0.000278553757964022
"X2.9187",0.000110439862967196
"X2.9188",0.000176416579072219
"X2.9189",0.000659223308964437
"X2.9191",-0.000728962404938352
"X0.2702",-0.000219065637654809
"X2.9192",0.00036038228198891
"X2.9193",0.000921226319636372
"X0.2703",-0.000319103084445908
"X2.9194",-0.000345047755427523
"X0.2704",-1.88301682165462e-06
"X0.2705",-0.000258126748999799
"X0.2706",-0.000129777456410692
"X2.9195",0.000798373233325744
"X2.9196",0.000679355210759996
"X0.2707",-0.000215680586355251
"X0.2708",-0.000623796183059473
"X2.9197",-0.000737682316753827
"X0.2709",-0.000648196893247729
"X2.9198",-0.000586752934661432
"X0.2710",-0.000246651878082409
"X0.2711",-0.00066411669062821
"X0.2712",-0.000854800837481232
"X2.9199",0.00052402785922751
"X2.9200",0.000401827137414831
"X2.9201",0.000165956652893767
"X2.9202",2.61510138272183e-05
"X2.9203",0.000386509312445975
"X2.9204",0.000149142803129648
"X2.9205",0.000401644022461463
"X2.9206",0.000995664836661612
"X2.9207",0.000859507957801788
"X2.9208",0.000216983297600326
"X2.9209",0.000760119532617873
"X2.9210",0.000770019790493638
"X2.9211",0.000791178598249091
"X2.9212",0.000739216107119579
"X2.9213",0.000778484460145741
"X2.9214",0.000924489617702461
"X0.2714",0.000468223723406647
"X2.9215",-0.000755498512017834
"X2.9216",0.000579311374723038
"X0.2715",0.00011972059768518
"X0.2716",0.000251321726961252
"X0.2717",-4.78929095812462e-05
"X0.2718",0.000456685354333492
"X2.9217",-0.000642102862991473
"X2.9218",0.000753287985427136
"X0.2719",0.000464971193370819
"X0.2720",0.000386872445563505
"X0.2721",0.000402954276059674
"X2.9219",3.68429596154852e-05
"X2.9220",-0.000218100031841889
"X2.9221",-0.000131044445348963
"X2.9222",0.000412314096666352
"X2.9224",0.000404729784581932
"X2.9225",4.0464080670357e-05
"X2.9226",6.95364439895823e-05
"X0.2722",0.00041373665133914
"X2.9227",6.76526542839706e-06
"X0.2724",0.000229393900629366
"X0.2726",-0.00020441235337852
"X0.2727",-1.58866953049018e-05
"X0.2728",-5.38324992270096e-05
"X2.9229",-0.000182869628152722
"X2.9230",0.0001157218262827
"X2.9233",0.000420703373823028
"X2.9234",-0.000247332698774665
"X2.9235",0.000108442315386855
"X2.9236",-4.96917154443687e-05
"X2.9237",7.07821272939871e-05
"X2.9238",0.000458419903990195
"X2.9239",0.000277510165043911
"X2.9240",-0.00046441145309268
"X2.9241",0.000305105844508826
"X2.9244",-0.000581683875307871
"X2.9245",-0.000451814092875984
"X2.9246",-3.86202483360106e-06
"X2.9247",0.000256246717731908
"X2.9248",0.000363275019295967
"X2.9249",0.000365542595744167
"X2.9250",-1.949038854243e-05
"X2.9251",-9.04775706587313e-05
"X2.9252",-0.000433387539246741
"X2.9253",2.5208704964438e-05
"X2.9254",-0.000275328315445797
"X2.9255",-0.000579056501986952
"X2.9256",0.000108375255658188
"X2.9259",-0.00018386216674117
"X2.9260",6.78553868405156e-05
"X2.9262",-0.000412485170821136
"X2.9263",0.000262095359481333
"X2.9267",-1.89762186920029e-05
"X2.9268",0.00045511378432845
"X2.9269",-0.000335819789982094
"X2.9270",0.000118203704449046
"X2.9271",0.000434805013765178
"X2.9272",0.00035747745666493
"X2.9273",-0.00029215564151131
"X2.9274",-5.10333619092141e-05
"X2.9275",0.000161716733337643
"X2.9276",-0.000215367065493506
"X2.9277",-1.60635034921782e-05
"X2.9278",-0.000274902819573192
"X2.9279",5.80228231773696e-05
"X2.9280",-0.000136710746135751
"X2.9281",6.34575579718853e-05
"X2.9282",-0.000135671762244079
"X2.9283",-0.000112522920424703
"X2.9284",0.000534800193139882
"X2.9285",0.000338403202149922
"X2.9286",0.000365321034320785
"X2.9287",0.000364858778654875
"X2.9288",-0.000108396251816569
"X2.9289",0.000290993452573479
"X2.9290",0.000429618758382844
"X2.9291",0.000587298368965592
"X2.9292",0.000585692929895763
"X2.9294",-0.000208292630055013
"X2.9296",-9.40611628208896e-05
"X2.9297",0.000293856454733193
"X2.9298",9.17819853234337e-05
"X2.9299",0.000355436828954364
"X2.9301",-9.17841350343168e-05
"X2.9302",8.92159312714152e-05
"X2.9303",0.000127775613998505
"X2.9304",9.00755496271293e-05
"X2.9306",-0.000335395831887228
"X2.9307",-0.000183439710098644
"X2.9308",-0.000100088842141494
"X2.9310",0.000227210642279566
"X2.9311",-0.000122018705235458
"X2.9312",1.76112573381802e-05
"X2.9313",-0.000277105871743488
"X2.9314",8.31898668671549e-05
"X2.9315",-0.000589562990715042
"X2.9316",-0.000103139935298543
"X2.9317",-0.000164298158399465
"X2.9318",-0.000167787096589681
"X2.9319",0.00015153168521313
"X2.9320",-0.000414008522763932
"X2.9323",0.000146517515493787
"X2.9324",5.92490579814386e-05
"X2.9325",-0.000671334312965128
"X2.9326",0.000348408759683407
"X2.9327",-0.000492762610230791
"X2.9328",0.000451911738426628
"X2.9329",-0.000304229073217873
"X2.9330",4.35851613556351e-05
"X2.9331",0.000133241265286573
"X2.9332",0.000230836822805023
"X2.9333",-4.85150278122927e-05
"X2.9334",-0.000198092086868124
"X2.9335",-0.000251149722576783
"X2.9336",4.32674516823314e-05
"X2.9338",0.000291875139851915
"X2.9339",0.000616732198709431
"X2.9340",0.000394621887379279
"X2.9341",-0.0003022706579387
"X2.9342",-0.000308710596598629
"X2.9343",-0.000255363133834413
"X2.9344",-0.000550163673890597
"X2.9345",-0.000155949499130647
"X2.9346",-1.82996704954657e-05
"X2.9347",-0.000250903126410589
"X2.9349",6.22401975078686e-07
"X2.9350",-3.71250565765386e-05
"X2.9351",0.000645694329267668
"X2.9352",-0.000133155321657189
"X2.9353",0.00024093891498586
"X2.9354",0.000547792329536079
"X2.9356",0.0003222620410298
"X2.9358",0.000358575582953733
"X2.9359",0.000387583388064674
"X2.9360",0.000494040945353746
"X2.9361",0.000471032947411288
"X2.9362",0.000216051041450385
"X2.9363",0.000717881384684992
"X2.9364",-0.000116988011758974
"X2.9365",0.00054362936980535
"X2.9366",0.000451031152866142
"X2.9367",-0.000445073167772769
"X2.9368",-0.000317099039120784
"X2.9369",-0.000389978345166578
"X2.9370",0.000468121222855037
"X2.9371",0.000132118847875252
"X2.9372",-6.20922061826481e-05
"X2.9373",-0.000516907167995127
"X2.9375",0.00050345185185525
"X2.9376",0.000178352346003363
"X2.9377",0.000356369820756429
"X0.2730",0.000455039610959967
"X2.9378",2.10572487997618e-05
"X2.9379",-0.00011722533733041
"X2.9380",0.000145651235417148
"X2.9381",-0.000313483937855934
"X2.9382",-0.000153510485140292
"X2.9383",-0.000103015249111223
"X2.9384",-6.21556643189691e-06
"X2.9385",-0.000172646485230602
"X2.9386",-0.000224452562298504
"X2.9387",-0.000221214661200899
"X2.9388",-0.000398058726025692
"X2.9389",0.000147708023038711
"X2.9390",0.000187434436706124
"X2.9391",2.95905798310228e-05
"X2.9392",-0.000199626858747678
"X2.9393",-0.000214888262898022
"X2.9394",0.000246134101543355
"X2.9395",-9.03045705575011e-05
"X2.9396",-0.000670042515000804
"X2.9397",-0.00023195291228334
"X2.9398",-0.000111895681269076
"X2.9399",0.000246955778042253
"X2.9400",0.000259949956432983
"X2.9401",5.27975234071629e-05
"X2.9402",0.000196093961413317
"X2.9403",-0.000155578761366856
"X2.9405",0.000397816007665706
"X2.9406",-0.000457154563670208
"X2.9407",0.000198795554946032
"X2.9408",5.96889251125208e-05
"X2.9409",-4.07039827846031e-05
"X2.9410",0.000138035298784806
"X2.9411",-9.16517967701878e-05
"X2.9412",0.000543408684720531
"X2.9413",0.000323123063675177
"X2.9414",-8.3226188287461e-05
"X2.9415",0.000109871251198365
"X2.9416",-0.000124117427411141
"X2.9417",0.000650992508604876
"X2.9418",-5.19769191858581e-05
"X2.9419",-2.76736651535018e-05
"X2.9420",-0.00056999648193449
"X2.9421",-2.1886739981334e-05
"X2.9422",-0.000272166702135223
"X2.9423",-0.000455405183984874
"X2.9424",-7.31709529764077e-05
"X2.9425",-0.000279808787203709
"X2.9426",-0.000200495736135605
"X2.9427",-0.000500753091974132
"X2.9428",0.000226551002838567
"X2.9429",-0.00034073889240314
"X2.9430",5.34065696615861e-06
"X2.9431",4.21929149174405e-05
"X2.9432",0.000225910933876864
"X2.9433",0.000182530658479128
"X2.9434",-9.15960088838106e-06
"X2.9435",-0.000291630989586787
"X2.9436",-0.000162501861333206
"X2.9437",-0.000320553815907879
"X2.9438",0.000121377769795621
"X2.9439",0.000188358014799032
"X1.447",-0.000215887282177764
"X2.9440",0.000306339670349762
"X2.9442",0.000683072680440905
"X2.9443",0.000255838572362155
"X2.9444",0.000258838204059449
"X2.9445",0.000207689120858418
"X2.9446",-0.000336584219268596
"X2.9447",0.000304785562573555
"X2.9448",-2.73494811569739e-05
"X2.9449",0.000271549668163726
"X2.9450",-4.49172147620055e-05
"X2.9451",-4.27549053697308e-05
"X2.9452",-0.000331658617621476
"X2.9453",-0.000340501706543858
"X2.9454",-7.0542414040915e-05
"X2.9455",0.000442063684527827
"X2.9456",0.000416383067234847
"X2.9457",0.00020056904930173
"X2.9458",6.90013753128545e-05
"X2.9459",0.000483429640520822
"X2.9460",-5.39185111084497e-06
"X2.9461",0.000112648192974214
"X2.9462",-9.63692535813604e-06
"X2.9463",0.000337286763083795
"X2.9464",0.000412700825358984
"X2.9465",7.95497550757406e-05
"X2.9466",0.000109508657038538
"X2.9467",-8.31205883819554e-05
"X2.9468",0.000100344287780532
"X2.9469",0.000258200815262245
"X2.9470",0.00037283231936644
"X2.9471",0.000519588170011529
"X2.9472",0.000717122347428158
"X2.9473",0.000159926430973384
"X2.9474",0.000375665954053669
"X2.9475",0.000200379446542656
"X2.9476",5.95129854261114e-06
"X2.9477",0.000605663141202543
"X2.9478",0.000316903328475712
"X2.9479",0.000241780198794165
"X2.9480",0.000209206840788926
"X2.9481",0.000173987956999894
"X2.9482",-0.000114409309467008
"X2.9483",0.000423889041067648
"X2.9484",0.000324747552791817
"X2.9485",0.000391219563238795
"X2.9486",0.000406131589966544
"X2.9487",0.000538035483766807
"X2.9488",0.000334903986558486
"X2.9489",0.000353999916549671
"X2.9490",0.00059390175909132
"X2.9491",0.000261288823552618
"X0.2732",-0.00053908692217921
"X1.448",-0.000102777341630071
"X1.449",-0.000139231323601749
"X1.450",-2.36468392734271e-06
"X2.9492",0.000319947977098554
"X2.9493",-0.000208355160832371
"X2.9494",0.000114122712508896
"X2.9495",-0.00031422017806276
"X2.9496",-9.67710914859357e-05
"X2.9497",0.000184839295656012
"X2.9498",0.000426262513189577
"X2.9499",0.000514773355364032
"X2.9500",-0.00023619413825689
"X2.9501",0.00028104795381174
"X2.9502",-0.000397043699068175
"X2.9505",-0.000114988441718691
"X2.9506",0.000356791457285434
"X2.9507",0.00012762568350377
"X2.9508",0.000350864661178589
"X2.9509",5.65736086544687e-05
"X2.9510",-4.66238244834698e-05
"X2.9511",-0.000175590554343013
"X2.9512",7.45905845675926e-05
"X2.9515",0.000746476078667517
"X2.9517",0.000817648644443313
"X2.9518",0.000454064344478765
"X2.9519",-9.88285571440209e-05
"X2.9520",1.04915333056458e-05
"X2.9521",-0.000121082512462532
"X2.9522",-6.76289891236952e-05
"X2.9523",7.25181820351843e-05
"X2.9524",-0.000110189988805589
"X2.9525",-0.000308338755145357
"X2.9526",-0.000269482917492488
"X2.9527",0.000210123432555043
"X2.9529",-0.000296213995353787
"X2.9530",0.000448425668305985
"X2.9531",0.00020617622675237
"X2.9532",-0.000100016664000226
"X2.9533",-0.00019401524258905
"X2.9535",-0.000306350217998218
"X2.9536",-0.000174024757343521
"X2.9537",-0.000309396662827874
"X2.9538",-0.000265924129049188
"X2.9539",-0.000301041646594389
"X2.9540",-0.000123967576651678
"X2.9541",-1.99509593756623e-05
"X2.9542",0.000372115541108854
"X2.9543",0.000206225054697896
"X2.9544",-6.83421257267939e-05
"X2.9545",-0.000154052597919908
"X2.9546",0.000203232056671383
"X2.9547",7.95547565510484e-05
"X2.9548",4.74804060133991e-05
"X2.9549",-0.000389836931921644
"X2.9550",-6.22198716120868e-05
"X2.9551",-0.000123404363892666
"X2.9552",0.000273678281085979
"X2.9553",0.000556737777948753
"X2.9554",-0.00053607302512871
"X2.9555",6.09143224187425e-05
"X2.9556",-0.000353798207671745
"X2.9557",-0.000375895592053127
"X2.9558",-0.000163261671046055
"X2.9560",-0.000257611235738457
"X2.9561",-0.0001925379926757
"X2.9562",3.72072011377638e-05
"X2.9563",-0.000121489366150953
"X2.9565",-1.97131957970636e-05
"X2.9566",8.57399219940488e-05
"X2.9567",-0.000107900612513912
"X2.9568",0.000151889950872226
"X2.9569",-8.18071796973328e-05
"X0.2733",0.000239686505177264
"X0.2734",-8.09240012699232e-05
"X2.9570",-0.000362569727614187
"X2.9571",0.000167742893517545
"X2.9572",0.000168878726036161
"X2.9573",9.64774509422189e-05
"X2.9574",0.000474640924289449
"X2.9575",0.00043207065448112
"X2.9576",0.000213695717036059
"X2.9577",4.8205735374949e-05
"X2.9578",0.00028908425080331
"X2.9579",0.000489501245537596
"X2.9580",-0.000217721201525239
"X2.9581",1.11167363360445e-05
"X2.9582",-0.000331106962978564
"X2.9583",-0.000140038275236314
"X2.9584",0.000473538982773034
"X0.2736",-8.3116189536309e-05
"X2.9585",0.00041014083568041
"X0.2737",0.000523113403144403
"X2.9586",-7.1148218763362e-05
"X2.9587",0.000222235899193623
"X2.9588",0.000344362103914928
"X2.9589",0.000604499181961645
"X2.9590",0.000269776687636286
"X2.9591",-0.000202838034438327
"X0.2739",0.000237117655193281
"X0.2740",0.00016047136107886
"X2.9592",0.000476420438742181
"X2.9594",-0.000748463995687288
"X0.2741",-0.000522248856784882
"X0.2742",-0.000183961271967253
"X0.2743",-0.000801667647817242
"X0.2744",0.000260992725431526
"X2.9596",-0.000688215041915412
"X0.2745",0.00022539778385219
"X2.9599",0.000432267245290198
"X2.9600",0.000486511179509921
"X0.2746",-0.000336050510919775
"X2.9602",0.0004893698176593
"X2.9608",-0.000180755167824821
"X2.9610",0.000202155223707098
"X0.2749",0.000472408178446601
"X2.9611",-0.000379942612920841
"X0.2750",-0.000302897031943403
"X0.2751",-0.000102596612592262
"X0.2752",4.85159235302422e-05
"X0.2753",-7.15960887691908e-05
"X0.2754",-0.000267286045026164
"X0.2755",-0.000204311816333918
"X0.2756",-0.000362290693526247
"X0.2757",-0.000370620969607437
"X2.9612",-4.10784652348088e-05
"X2.9613",-0.000137251072070529
"X2.9614",0.000165596173432023
"X2.9615",-0.000103859416006412
"X2.9616",-0.000348190873037144
"X2.9617",0.000225035939079251
"X2.9618",-0.000248382466589821
"X2.9620",-0.000148919699045936
"X2.9621",-8.18628556553971e-05
"X2.9622",0.000395777210455819
"X2.9623",-0.000275576625076972
"X2.9624",0.000387827309908884
"X2.9625",0.000213421462778171
"X2.9626",8.68257782965216e-05
"X2.9627",-0.00066376391146791
"X2.9628",-7.8957942015761e-05
"X2.9629",-0.000429460269318844
"X2.9630",0.000191906148406499
"X2.9631",-0.000572099896357904
"X2.9633",-0.000152426394195833
"X2.9634",-0.000595773056838059
"X2.9635",-0.000478014872429491
"X2.9636",2.25929505308254e-05
"X2.9637",-0.000861266582938508
"X2.9638",-0.000150084168773774
"X2.9639",-0.000260545652797694
"X2.9640",-0.000107182414147147
"X0.2760",-0.000796959606517772
"X2.9641",-0.000470610639364297
"X2.9642",-0.000468926946333452
"X2.9643",-0.000378052322983147
"X2.9644",-7.88419790337981e-05
"X2.9645",2.7526118446668e-05
"X2.9646",-0.000458477866107551
"X2.9647",-0.00010191251635024
"X2.9648",-5.16962924043896e-05
"X0.2761",-0.000143175585741676
"X2.9649",-0.000467281892969823
"X0.2762",-0.000576718748683173
"X0.2763",0.000132436964105773
"X0.2764",0.00026749723198449
"X0.2765",-0.000533743287620253
"X0.2766",0.00016525316453247
"X0.2767",-0.000366020743443566
"X2.9650",0.000163227454530801
"X0.2768",0.000134749637439961
"X0.2769",7.29320641790186e-05
"X2.9656",-0.000746765458389168
"X0.2770",0.000233784526628547
"X0.2771",0.00088399830984517
"X0.2772",0.000267243861008634
"X2.9659",-9.77600365721555e-05
"X2.9661",0.000259643724940918
"X2.9662",-0.000487645416338762
"X2.9663",-0.000488943372710028
"X2.9665",-0.000137675281246143
"X2.9666",0.000399223557345158
"X2.9667",0.000316774841198467
"X2.9668",0.000392972432305854
"X2.9669",0.000462960088290656
"X0.2775",0.000429955573081771
"X0.2776",0.000783108546475275
"X2.9671",0.000230413153702542
"X2.9672",0.000116268342946081
"X0.2778",0.000448905611011884
"X2.9674",0.000974891717405221
"X0.2779",-0.000205138961244391
"X2.9675",0.000166399624419435
"X2.9676",0.000344867995587994
"X0.2780",0.000424369763904736
"X2.9677",-0.000217592403057218
"X2.9678",0.000813353834510504
"X2.9679",0.000141951554775632
"X2.9680",-0.000225227177543465
"X0.2781",0.000571792144650005
"X0.2782",-0.0002702629135361
"X2.9681",0.000125700597188751
"X0.2783",2.06684539251312e-05
"X0.2784",-0.00032894614168736
"X0.2785",-0.000227717876002842
"X0.2786",-2.78720467213536e-05
"X0.2787",0.000192400536541185
"X0.2788",-0.000143176597911728
"X2.9682",0.000260990019027817
"X2.9683",0.000281901170458114
"X0.2789",0.000273771084940959
"X0.2790",-0.000142814480873586
"X0.2791",-2.03571719079422e-05
"X0.2792",-0.000317982384216292
"X0.2793",-0.000254044156269459
"X0.2794",-6.94658755434931e-05
"X0.2795",7.90752917562916e-05
"X0.2796",2.69456600935941e-05
"X2.9686",-0.000376361981449851
"X2.9687",-0.000577171950948567
"X2.9688",0.000321550946393942
"X2.9689",9.68648572878542e-05
"X2.9690",0.000348802353443714
"X2.9691",-0.000455050003007034
"X2.9692",0.000390096623095475
"X0.2797",0.000470553511182046
"X2.9693",-0.000247276898291162
"X2.9694",0.000154437503180153
"X2.9695",-0.000241552687787298
"X2.9696",-0.000397363739545524
"X0.2798",0.000152407836818593
"X0.2799",1.47715990845442e-05
"X0.2800",7.54791856489517e-05
"X2.9697",-0.000113879166049057
"X2.9698",-0.000449683772010873
"X0.2801",0.000343001706381009
"X2.9699",-0.00015880181565582
"X0.2802",-0.000123112986515906
"X2.9700",-0.00017565773870451
"X2.9701",-0.00032042965995371
"X2.9702",-5.33836450799628e-05
"X2.9703",-0.000277569100709699
"X2.9704",0.000126604687861173
"X2.9705",0.000118803473840851
"X2.9706",-7.2518069679693e-05
"X2.9707",0.000195185987412018
"X2.9708",0.000199117209804311
"X2.9709",-0.000206847699949048
"X0.2803",0.000166170168252552
"X2.9710",-3.10461862905433e-05
"X0.2804",0.000777361246644697
"X0.2807",0.000153473743421758
"X2.9711",6.27846235824759e-05
"X2.9712",-0.000322791787861274
"X2.9713",0.000165365570689331
"X2.9714",-0.000506568751033758
"X2.9715",-8.17055080412306e-05
"X2.9716",-0.000473395685216426
"X2.9717",-0.000289957469586169
"X2.9718",-0.00032689289787306
"X2.9719",-0.000469599691055039
"X2.9720",-0.000371877835428039
"X2.9721",-0.000308145837245161
"X2.9722",-0.000342785430873299
"X2.9723",-0.000242212570868864
"X2.9724",-0.000122758740687623
"X2.9725",0.000429659786325763
"X0.2808",0.000343036911144695
"X2.9726",9.79176828723504e-05
"X2.9728",-0.000177455572448256
"X1.453",-0.000333807274517871
"X2.9731",-0.000330836716528773
"X2.9733",-0.000106584052019363
"X2.9735",-0.000142977795070272
"X2.9736",-5.26997651347746e-05
"X2.9737",3.97974407553058e-05
"X2.9738",-0.000369040151046689
"X2.9739",-0.000121096426861119
"X2.9740",-0.000293603949236589
"X2.9741",-0.000148191512266806
"X2.9742",5.55105293261496e-07
"X2.9743",-2.57365730077916e-05
"X2.9744",-0.000189091219365072
"X2.9745",-5.46949051405858e-05
"X2.9746",-0.000206078460823193
"X0.2810",0.000236903438240511
"X0.2811",4.95229449927705e-05
"X2.9747",0.000355203453907386
"X2.9748",0.000201220329950461
"X2.9749",-7.47242073183795e-05
"X2.9750",0.000406626957471436
"X2.9751",0.000225546861739685
"X2.9752",-0.000129366766273765
"X2.9753",0.000198222232407929
"X2.9754",0.000266072906919063
"X2.9755",1.28731911482849e-05
"X2.9756",0.000451040343932041
"X2.9758",0.000819632976537716
"X2.9759",6.90458778772969e-06
"X2.9760",-3.04055415795618e-05
"X2.9761",0.000526319237874469
"X2.9762",-1.88038777380369e-05
"X2.9763",0.000248684921659057
"X2.9764",1.85805740025249e-05
"X2.9765",2.10365485466951e-05
"X2.9766",0.000269141818716408
"X2.9767",-0.000733480105480883
"X2.9768",0.000366480471661378
"X2.9769",0.00012869329733027
"X2.9770",0.000223363481859767
"X2.9771",0.000217993753066739
"X2.9772",0.000327629935324192
"X2.9773",-0.000505888015491535
"X2.9774",-0.000248699576905219
"X0.2812",0.000169063419347309
"X2.9776",-0.000349877736301928
"X0.2813",-7.47243765095662e-06
"X2.9777",-0.000203720726427906
"X2.9778",5.79288986249728e-06
"X2.9779",5.72628989741124e-06
"X2.9780",-0.000382506569846115
"X2.9781",4.10263381173817e-05
"X2.9782",0.000220530830436825
"X2.9783",0.000458053273692505
"X2.9784",-0.000265918032934268
"X0.2817",0.000346800897838301
"X0.2818",-5.17979159637164e-05
"X0.2819",0.000554957121097836
"X2.9785",-5.88920501009467e-06
"X0.2820",0.000341643805905248
"X2.9787",-0.000238398187437992
"X2.9788",0.000226106307957202
"X2.9789",-0.000307500937296262
"X0.2821",0.000245802905114056
"X2.9790",0.000305895661796792
"X2.9791",-0.000177602440366512
"X2.9792",-0.00082036056941057
"X2.9793",-0.000569055573189357
"X0.2822",0.000380687455686372
"X2.9794",0.000167259201981759
"X2.9795",-0.000379413725822344
"X2.9796",-0.000420564292916218
"X1.457",-0.000123149098945908
"X0.2823",0.000749126223816676
"X2.9797",-0.000347547795934369
"X2.9798",-0.000121523487445175
"X2.9800",-0.000171999913368574
"X0.2824",0.000341389847831415
"X2.9801",0.000463676594707792
"X2.9802",0.000441393880391661
"X2.9804",0.000342354426914369
"X2.9805",-0.000266302251278245
"X1.458",-0.00016848095215062
"X2.9806",0.000279445296687805
"X2.9807",0.000129316946360414
"X2.9808",-0.000238985325711638
"X2.9809",0.000452722389290347
"X2.9810",-0.000105793541307441
"X2.9811",-0.000785725473217547
"X2.9812",-0.000189086837448741
"X2.9813",0.000116441758235541
"X2.9814",-0.000449138213627235
"X2.9815",0.000219179918224936
"X2.9817",0.000397054929664045
"X2.9818",-0.000171514770724158
"X2.9819",0.000384865006617261
"X2.9821",-0.000274997366914949
"X2.9822",-2.09611774948836e-07
"X2.9823",-0.000260796358806155
"X2.9824",-0.000100301833793331
"X2.9825",-0.000172486188249973
"X2.9828",-6.70163443738881e-05
"X2.9829",0.000106368428286418
"X2.9830",-0.00053117583163195
"X2.9831",6.59415431996556e-05
"X2.9832",5.06784917747328e-05
"X2.9833",-0.000656964038491477
"X0.2826",-0.00023134411806277
"X2.9838",-9.07146421995326e-05
"X2.9839",0.000301291617058024
"X0.2827",0.000247656187802543
"X2.9840",-0.000185767844453134
"X0.2828",-0.000102284526449295
"X2.9842",-0.000542033347392879
"X2.9843",6.02982900550827e-05
"X2.9844",-0.000302381694637595
"X2.9845",-0.000318693784869557
"X2.9846",-1.3778084818053e-05
"X2.9847",0.00027122293970655
"X2.9849",-0.000164261121675899
"X2.9850",-0.000141278137843411
"X2.9851",0.000349371386111657
"X2.9854",-0.000105896121425839
"X2.9855",-2.66812929072458e-05
"X2.9856",0.000339631288647386
"X2.9857",-0.000229044535955621
"X2.9858",-6.87949382656425e-05
"X2.9859",-4.31349971220339e-05
"X2.9860",0.000248072626599331
"X2.9861",0.000399811828327677
"X2.9862",0.00040503402004285
"X2.9863",0.000428732337579362
"X2.9866",0.000485956177426869
"X2.9867",-0.000220043340662516
"X2.9868",0.000241511829988825
"X2.9869",4.42002136008014e-05
"X2.9870",0.000267931105901186
"X2.9871",-0.000319419784797215
"X2.9872",0.000302673225187822
"X2.9874",-8.53209641224114e-05
"X2.9875",0.000189309732235722
"X2.9877",0.000334357240384529
"X2.9878",0.000479394883353851
"X2.9879",2.39630444305104e-05
"X2.9881",0.000172514566653176
"X2.9883",-0.000113302442783061
"X2.9884",-0.000311061788877626
"X0.2831",7.66761865244677e-05
"X0.2832",0.000588675341220697
"X0.2833",0.000697555607759933
"X0.2834",6.52496343229038e-05
"X0.2835",-8.53260839057508e-06
"X0.2836",0.000211367195429814
"X2.9886",-0.000738508353405161
"X0.2838",0.000222242002943856
"X0.2839",-8.29643982572424e-05
"X2.9887",-0.000164168511211832
"X0.2840",0.000256450713162559
"X0.2841",0.000116602811711389
"X2.9890",-0.000492268759718523
"X2.9891",-0.000240059136128832
"X2.9894",-0.000374305748366945
"X2.9895",-0.000202267798100673
"X2.9896",-0.000135335746187725
"X2.9897",-0.000313750567080009
"X2.9902",-0.0002032780006478
"X2.9903",0.000231078033399331
"X2.9904",0.000332781679118522
"X2.9905",0.000268819901216982
"X2.9907",0.000609167697114664
"X2.9908",-0.000164802151423223
"X2.9909",0.000132399830660966
"X2.9910",-7.49084260667411e-05
"X2.9911",0.000165004681880398
"X2.9912",-0.00080124894942165
"X2.9917",-4.87597925252809e-05
"X2.9921",-0.000317856459837193
"X2.9922",0.000243874546366388
"X2.9923",6.73303557977983e-05
"X1.462",-0.000198407058841737
"X2.9927",0.000106974512782057
"X2.9928",0.000486625899998863
"X2.9930",0.000248318324777853
"X2.9931",0.000422518507539787
"X2.9933",-0.000275088222182572
"X2.9934",-7.66725274989049e-05
"X2.9941",9.72531250666724e-05
"X2.9943",-0.000102653972549829
"X2.9944",0.000182342060744047
"X2.9946",0.000207829290412373
"X2.9947",-0.000465142222619807
"X2.9948",7.21496683031772e-06
"X2.9949",0.000155623085330768
"X2.9950",0.000367084261064647
"X2.9951",-7.55794777366036e-05
"X2.9952",-0.000366086809285174
"X2.9954",0.000374874855790957
"X2.9955",-0.000250940540338053
"X2.9957",0.00041757461275408
"X2.9959",6.76375158162794e-05
"X2.9960",0.000408327498478635
"X2.9965",0.000103222284156066
"X2.9966",1.47436494954698e-05
"X2.9969",-0.000288579227564824
"X2.9972",-0.000206381237714167
"X0.2844",9.08730642407482e-05
"X2.9973",0.000903752032590033
"X2.9979",9.12130211932174e-05
"X2.9980",0.000125091498833433
"X2.9983",-0.000230358534642048
"X2.9984",-0.000618641969917073
"X2.9985",-0.000532929441394899
"X2.9986",-0.000349141876085513
"X2.9987",-0.000335655584312361
"X2.9988",-0.000306418166121412
"X2.9989",-1.24276238205545e-05
"X2.9991",-4.72660640777132e-05
"X2.9992",-3.78395712850548e-05
"X2.9993",-1.8803051217415e-06
"X2.9994",-7.12925353227242e-05
"X2.9995",-0.000134933075326642
"X2.9997",-3.99732913289788e-05
"X2.9998",-0.00064006833586531
"X2.9999",3.12675463960596e-05
"X2.10001",9.4900285067655e-06
"X0.2847",-0.000286971815442801
"X2.10003",0.000564681231708834
"X0.2848",-0.000355535509568188
"X0.2849",-0.000264231890195009
"X2.10004",-0.000342154612080156
"X1.472",-0.000313235737993169
"X2.10005",0.000185756733165679
"X1.473",-8.55308447155745e-05
"X2.10007",-0.000696080822820348
"X2.10008",-0.000409542950118615
"X2.10009",-0.000282727121016962
"X2.10010",-0.000449863589096253
"X2.10011",-0.000373000537818251
"X2.10012",-0.000261932422038745
"X2.10013",-0.000474156817775624
"X1.474",-0.000119542152952199
"X2.10014",-0.00050546171961867
"X2.10015",-0.000696693749548731
"X2.10016",-0.000115507523280153
"X2.10017",-0.000200439134042447
"X2.10018",-0.000374446861132278
"X2.10019",-0.000268580954974445
"X2.10020",-0.000714535951988133
"X2.10021",-0.00135749363043453
"X2.10022",-0.000480973572313442
"X2.10023",-0.000469451694381072
"X2.10024",0.000772414245385436
"X2.10025",-0.000548791101336042
"X2.10026",-0.00065425873801236
"X2.10028",-0.000380087930562482
"X2.10029",0.000141276962019593
"X2.10030",-0.000586753443050203
"X2.10031",-0.00064505504487523
"X2.10033",-4.89703146153187e-05
"X2.10036",-0.000443162979477738
"X2.10037",-7.31184330486856e-05
"X2.10038",-0.000484790791840628
"X2.10039",4.8464951009446e-05
"X2.10040",-0.000321582988885617
"X2.10041",0.000103083074949387
"X2.10042",-6.01759997851696e-05
"X2.10043",-6.1009538304493e-05
"X2.10044",-0.000356645529102164
"X2.10045",9.55397767976504e-05
"X2.10046",-0.0001223044385436
"X2.10047",-0.000163982110360323
"X2.10048",3.3738292800421e-05
"X2.10049",0.00052908126427782
"X2.10050",-3.79667212391611e-05
"X2.10051",1.54342630161075e-05
"X2.10052",6.56890846827719e-05
"X2.10053",-3.29010375887394e-05
"X2.10054",0.000372416466478123
"X2.10055",0.000156661001329226
"X2.10056",0.000263462873652914
"X2.10057",0.000431890757068613
"X2.10058",-0.000254750065746931
"X2.10059",0.000335824716346417
"X2.10060",0.000284591946606929
"X2.10061",0.000391303516496178
"X2.10062",0.000125250714448252
"X2.10063",0.000299850006176584
"X2.10064",0.000420334430717208
"X2.10065",-3.21541151281601e-05
"X2.10066",0.000103248433391083
"X2.10067",8.97669713069488e-05
"X2.10068",9.53805241166297e-05
"X2.10069",-2.5374972541582e-05
"X2.10070",0.000401748407061881
"X2.10071",-0.000143870050125406
"X0.2853",0.000382062782244483
"X2.10075",-0.000597544189700493
"X2.10076",-0.000641382636295126
"X0.2854",0.000292669289531328
"X2.10077",9.10417186432141e-05
"X2.10078",-0.000803748703104313
"X2.10079",2.4502711324313e-05
"X2.10080",-4.12605130303328e-05
"X2.10082",-0.000254515041839375
"X2.10083",-0.000474930540823957
"X2.10085",-0.000237520366620309
"X0.2855",0.000272656370111486
"X2.10086",8.09711092448049e-05
"X2.10087",-0.000233866065492108
"X0.2856",0.000776221018890289
"X2.10088",0.00020862626487095
"X2.10089",6.9007493378647e-05
"X0.2857",0.000547782461174883
"X0.2858",0.000474865873608199
"X0.2859",9.00616942090098e-05
"X2.10091",7.84181664514964e-05
"X2.10092",-0.000300585453892205
"X2.10093",-0.000460130770037679
"X0.2860",0.00057214544118375
"X0.2861",0.000880403816265895
"X2.10094",-0.000559113397702104
"X0.2862",0.000326719495417297
"X2.10100",0.000307099858441095
"X2.10101",-0.00080295088552066
"X0.2863",0.000420923602500974
"X2.10102",-8.64580162964549e-05
"X0.2865",0.000549609429162723
"X2.10103",0.000200651787188003
"X2.10105",0.000326508733406342
"X2.10106",-0.000108422921326919
"X2.10108",0.000180775266052812
"X2.10113",-0.000636496566694183
"X2.10114",8.83106466240492e-06
"X2.10115",-0.000378678851080764
"X2.10117",-0.000310529345213295
"X2.10119",0.000728831808613208
"X2.10120",-0.000229842048503632
"X2.10121",5.61725711051302e-05
"X2.10122",-0.000132997777409059
"X2.10123",-0.000502495632618777
"X2.10124",0.00022369816363042
"X2.10125",-0.000150033408770391
"X2.10128",0.000212859215013095
"X0.2867",0.000659064728182113
"X2.10129",0.000163517484361967
"X0.2868",0.000738777380453777
"X0.2869",0.00052310666445827
"X2.10130",-0.000232903627577962
"X2.10131",-0.000320031149233983
"X2.10132",-0.000858316454213464
"X2.10133",-2.89226518724773e-05
"X2.10134",-0.000217909845700539
"X2.10135",0.00024109022061469
"X2.10136",1.48378748367947e-05
"X2.10137",-0.000345687058146684
"X2.10138",-0.000509856208603179
"X2.10139",-0.000405787108629066
"X0.2870",0.000980857729266223
"X2.10141",0.000399209933422456
"X2.10142",0.000318502376275671
"X2.10143",-0.000219529570318045
"X0.2871",0.000410604568967816
"X2.10145",0.000249792375663255
"X2.10146",0.000337918599097885
"X2.10147",7.11221430397669e-05
"X2.10148",0.000466468641272558
"X2.10149",-2.73350043992167e-05
"X2.10150",-0.000235746880232174
"X2.10151",-0.000138607800394537
"X2.10152",-0.000245122379929581
"X2.10153",-0.000187218500402675
"X2.10154",-0.000217402897397811
"X2.10155",-4.09028681921423e-05
"X2.10156",0.000110365061779901
"X2.10157",-0.000437336312348867
"X2.10158",0.000142877174263729
"X2.10159",-9.67127309531541e-05
"X0.2872",-0.000668992929996017
"X2.10160",0.000162356552203598
"X2.10161",-0.00019098927902566
"X2.10162",-0.000218904104561782
"X0.2873",4.9616624278417e-05
"X2.10163",0.000176841912254648
"X2.10164",2.27395341718005e-05
"X2.10165",-9.78098411007171e-05
"X2.10166",-0.000580988772407742
"X2.10167",8.84370388740672e-05
"X2.10168",0.000392395533021878
"X2.10169",-0.000121597347581368
"X0.2874",-0.000225946573849646
"X2.10170",0.000217905950659703
"X2.10172",-0.000272587767613355
"X2.10173",0.00017060465123847
"X0.2875",0.000534493734518528
"X2.10174",-0.000202297991606121
"X2.10175",0.000293555672515634
"X2.10176",0.000230674220661303
"X2.10177",0.000143894100676011
"X0.2876",0.000118096943868333
"X2.10178",-0.000522077671104253
"X2.10179",-3.73019337304451e-05
"X0.2877",4.69405339816495e-05
"X2.10180",-0.000264903906144797
"X0.2878",0.000593071115137262
"X0.2879",-7.88114855332133e-05
"X2.10181",0.00014619159245911
"X0.2880",0.000393019919945013
"X0.2881",0.000117653819414328
"X2.10183",-0.000288954088232184
"X2.10184",-8.58392618525261e-05
"X2.10185",-0.000212626529857317
"X0.2882",0.000175624386459373
"X2.10186",-0.000231660625769226
"X2.10187",-0.000226775679418385
"X2.10188",-0.000149684899688725
"X2.10189",-0.000138432595174784
"X2.10190",-6.96505616746571e-05
"X2.10191",0.000307589967335385
"X0.2883",0.000496478201983499
"X2.10192",-5.62369233967223e-05
"X2.10194",-0.000187151901982869
"X2.10195",0.000181319949393009
"X0.2884",7.04939820651795e-05
"X2.10196",0.000150630585043228
"X2.10197",2.35062310412143e-05
"X2.10198",-5.29667844510517e-05
"X2.10199",-2.34127462734428e-05
"X0.2885",0.000358161999610593
"X2.10201",1.37374841787328e-05
"X2.10202",0.000312012777016923
"X2.10208",-0.000414824432260606
"X2.10210",-0.00060330182356311
"X2.10211",-0.000159388409717636
"X2.10212",9.97954357425262e-05
"X2.10215",0.000293052633907453
"X2.10216",-0.000155714856767673
"X2.10218",-9.86388116021242e-07
"X2.10219",-0.000680664494859545
"X2.10220",-7.41665173085376e-05
"X2.10221",0.000107180332564852
"X2.10222",0.000190645972803504
"X2.10223",-9.28668568358374e-05
"X0.2888",9.43654215234991e-05
"X2.10224",0.000508736460923525
"X2.10225",0.000368279056398845
"X2.10226",-0.000160228503863583
"X2.10227",2.1002719155188e-05
"X2.10228",3.57647383875082e-05
"X2.10231",1.95206676395367e-05
"X2.10232",0.000196160293398921
"X2.10235",-0.000114635783974523
"X0.2889",0.000336229033470718
"X0.2890",0.000313543317241096
"X0.2891",0.000278071794097233
"X2.10237",-1.29625211402413e-05
"X2.10238",-0.000409299291028855
"X0.2892",4.94609517382035e-05
"X2.10241",0.000251770635385053
"X0.2893",-0.000311664261904332
"X2.10242",0.00037423228199352
"X2.10243",9.29638707092742e-05
"X2.10244",-0.000320876556522464
"X2.10245",8.80058391584484e-05
"X2.10247",-0.000264055487767973
"X0.2894",-0.000385723177575227
"X2.10251",-0.000521311968399446
"X1.486",-0.000102557343168575
"X2.10253",4.04105044867605e-05
"X2.10254",-0.000319449542571815
"X2.10255",-0.000249822759004879
"X2.10256",-0.000607939809477807
"X2.10257",-0.000576234883312331
"X2.10258",-0.000459942818654409
"X2.10259",-0.000876826580505564
"X2.10260",0.000476315713530717
"X2.10261",-0.000526440761937776
"X2.10262",-1.60546482177351e-05
"X2.10263",0.000432559834916539
"X2.10264",-0.000290470132677428
"X2.10265",-6.72642553765456e-05
"X2.10266",-0.000311538631285405
"X2.10267",0.000101317519902619
"X2.10268",0.000191046872836208
"X2.10269",0.0001195069810341
"X2.10270",-7.83871489977556e-05
"X2.10271",0.000149724597995459
"X2.10272",-0.000101282540852353
"X2.10273",0.000407599751423861
"X2.10274",-0.000457259340005181
"X2.10275",4.37417524150083e-05
"X2.10276",2.69248797933956e-05
"X2.10277",-1.39559571285112e-05
"X2.10278",0.000330900408023599
"X2.10279",0.000122564909912265
"X2.10280",0.000688167724488298
"X2.10281",-4.41940790057768e-05
"X2.10282",0.000122680760383447
"X2.10283",-0.000440771875610663
"X2.10284",0.00036595252937612
"X2.10285",0.000190948914731693
"X2.10286",-0.000442364093868412
"X2.10287",-0.000280076845988312
"X2.10289",-7.23307463165177e-05
"X2.10290",0.000793426957685565
"X2.10291",0.000155386148193901
"X2.10292",0.000324960642584458
"X2.10293",0.000255273269145761
"X2.10294",-8.68628463754579e-05
"X2.10295",-0.00020294950382707
"X2.10296",-1.15036022882481e-05
"X2.10297",-0.000166772725067226
"X2.10298",0.000494143387491177
"X2.10299",-6.73522383646392e-05
"X2.10300",6.37070198433869e-06
"X2.10301",0.000599475935968872
"X2.10302",-0.000321212711879235
"X2.10303",7.79566579998006e-05
"X2.10304",0.000225775504273876
"X2.10305",0.000148359488376362
"X2.10310",-0.00041894572158418
"X2.10311",3.04890831656226e-05
"X2.10312",-3.65977247860092e-06
"X2.10313",-0.000397830600809252
"X2.10315",-0.000223693205206124
"X2.10317",-7.11472628911578e-06
"X2.10318",-0.000326926903336814
"X2.10319",-0.000477132002692344
"X2.10320",0.000413058770231594
"X2.10321",0.000100646164892924
"X2.10322",-0.000389235647793458
"X2.10323",-0.000366998904272348
"X2.10324",-0.000264312283879508
"X2.10325",0.000873058399845399
"X2.10326",-0.000756732730833584
"X2.10328",9.15407064279575e-05
"X2.10329",-0.000369647550287845
"X2.10330",-0.000477887817235622
"X2.10331",-0.000849928870780364
"X2.10332",-6.4625685498085e-05
"X2.10333",-0.00034778726432807
"X2.10334",0.000383987688646817
"X2.10335",0.000118935622120583
"X2.10336",-9.11249524024042e-05
"X2.10337",-2.35192430666975e-05
"X2.10338",9.673026277259e-05
"X2.10339",0.000276949016981858
"X2.10340",-0.000162961697132508
"X2.10341",0.000161178760054332
"X2.10342",-0.000124627625744316
"X2.10343",0.000599845858547662
"X2.10344",0.00042062898325997
"X2.10345",8.12860293001441e-05
"X2.10346",0.000253599102577763
"X2.10347",4.4299906443783e-05
"X2.10348",0.000290861663728384
"X2.10349",4.20199505950579e-06
"X2.10350",0.000111130974411721
"X2.10351",0.000488530035706018
"X2.10352",-0.000696364521367636
"X2.10353",-0.000150988858916508
"X2.10356",-0.00033141888373933
"X2.10357",4.96772631788728e-05
"X2.10358",0.000243588245908572
"X2.10359",6.25478067296199e-05
"X2.10362",-0.000924362172223212
"X2.10363",-0.000312929986494844
"X2.10364",0.000474530528536927
"X2.10366",-0.000189009842468767
"X2.10367",-0.000282735783333161
"X2.10368",-0.000540926539819139
"X2.10369",-0.000613038426647001
"X2.10370",-0.000182972153347377
"X2.10371",5.52359499785342e-05
"X2.10374",-0.000371296850337943
"X2.10375",-0.000748861717493843
"X2.10376",-0.000212222641032504
"X2.10378",-8.86203060045546e-05
"X2.10379",-0.000690454713804214
"X2.10380",-5.77753446712498e-05
"X2.10381",2.53402217670841e-05
"X2.10382",0.000626695185455685
"X2.10383",0.000395492725728532
"X2.10384",0.000671887277567236
"X2.10385",0.000305036135874036
"X2.10386",0.000789677097114564
"X2.10388",9.31812744997395e-05
"X2.10389",5.52045938450592e-05
"X2.10390",-0.000274297128676745
"X2.10391",-0.000527732487166339
"X2.10392",0.00029118903446904
"X2.10393",-0.000508347467872794
"X2.10394",-7.47428575183187e-05
"X2.10395",0.0002702046613104
"X2.10396",0.000476140462803451
"X2.10397",0.000250724942404788
"X2.10399",-0.000117145095762769
"X2.10401",5.32143075725687e-06
"X2.10402",0.000299361005479779
"X2.10403",0.000264646266241439
"X2.10404",0.000347680980643269
"X0.2898",0.000302992126562202
"X2.10405",0.00025514918915396
"X2.10406",-0.000298364761145049
"X2.10407",0.000489889041458844
"X2.10408",0.000723500163523424
"X2.10410",-0.00023793923741786
"X2.10411",2.05222394538384e-05
"X2.10412",0.000377561438650226
"X2.10414",0.000143001292009545
"X2.10415",-0.000645965735942397
"X2.10416",0.000178775884833145
"X2.10417",-0.00021695030088818
"X2.10418",-0.000935368827726816
"X2.10419",-0.000110587057509497
"X2.10420",0.000569670714704124
"X2.10421",0.00025007061025885
"X2.10422",0.000142021123542768
"X2.10423",2.26446749854304e-05
"X2.10424",7.67540571989052e-06
"X2.10425",0.000235242804075057
"X2.10426",-0.000639450699806616
"X2.10427",0.000153603556053965
"X2.10428",-9.79566954702946e-05
"X2.10429",-4.49410078009965e-05
"X2.10430",0.000167052207052442
"X2.10431",-0.000183273480929353
"X2.10432",-0.00051686892599102
"X2.10433",-0.000315673423523511
"X2.10434",0.000214622375087074
"X2.10435",0.000408659843587595
"X2.10436",-2.29583172123077e-05
"X2.10437",5.09601926800233e-05
"X2.10439",-0.000665009331897554
"X2.10440",-0.000324831212536157
"X2.10441",8.43696253341111e-05
"X2.10442",-0.000232832319446516
"X2.10443",-0.000148419486005686
"X2.10444",2.67770111023383e-05
"X2.10445",0.000211821091533611
"X2.10446",8.71411325721423e-05
"X2.10447",0.000292037783139427
"X2.10448",7.40069045037249e-05
"X2.10449",0.000728860576328469
"X2.10450",0.000269865415439
"X2.10451",0.000396599904802475
"X2.10452",-0.000558320860020988
"X2.10453",0.000340002243576993
"X2.10454",0.000217947833121732
"X2.10455",6.85292145187007e-05
"X2.10456",-0.000327215200156016
"X2.10457",0.000159547384115934
"X2.10458",0.000163526719180952
"X2.10459",0.000367311158448406
"X2.10460",0.000281767671178861
"X2.10461",0.000283456152853169
"X2.10462",0.00035438354645102
"X2.10463",6.04802694369684e-05
"X2.10464",0.000152786747580198
"X2.10465",-0.00030681861058299
"X2.10466",0.00047772345214305
"X2.10467",0.000137092617301715
"X2.10469",0.000407985133232133
"X2.10470",-0.00020004974467347
"X2.10471",0.000302356637244271
"X2.10472",0.000160620251999233
"X2.10473",0.000143119032509656
"X2.10474",0.000178850869858902
"X2.10475",-0.000473787492494767
"X2.10476",0.000176658193270241
"X2.10478",0.000325718050030553
"X2.10479",0.000396612388861425
"X2.10480",5.90508226484811e-05
"X2.10481",0.000395464400203316
"X2.10484",-0.000387287527509564
"X2.10485",-0.000257729351297189
"X2.10486",0.000164788537175377
"X2.10487",-0.000137676951440493
"X2.10488",0.000386307506419231
"X2.10489",-0.000393323064525051
"X2.10490",-3.46462215598643e-05
"X2.10491",-3.99772333225268e-05
"X2.10494",-3.37142884952546e-05
"X2.10495",9.43110579312549e-05
"X2.10496",8.88563942754602e-05
"X2.10497",-0.000347879774630517
"X2.10498",-0.000362740455434976
"X2.10499",0.000418411693250958
"X2.10500",-0.000153106757068401
"X2.10501",-0.00054330724058671
"X2.10502",0.000616034899933497
"X2.10503",0.000104771136612303
"X2.10504",-0.00101055581910605
"X2.10505",-0.000244815190696965
"X2.10506",2.97425568400693e-05
"X2.10508",-0.000192945422841131
"X2.10509",-5.83885960243883e-05
"X2.10510",0.000446162882854452
"X2.10511",-0.000197261867965969
"X2.10512",0.000102912461659701
"X2.10513",0.000366838252557036
"X2.10514",0.000347250034996497
"X2.10515",0.000734315744263416
"X2.10516",0.000405898750405019
"X2.10517",2.46351534201353e-05
"X2.10518",-6.8072896368126e-06
"X2.10519",0.000652721519929034
"X2.10520",4.8260892470594e-05
"X2.10522",7.73455104836564e-05
"X2.10523",5.99426476734483e-05
"X2.10527",-0.000123488102022201
"X2.10528",-0.000128188043263587
"X2.10530",0.000221092293620563
"X2.10531",0.000123665409726092
"X2.10532",2.74768691715912e-05
"X2.10533",-0.00027861995812764
"X2.10534",0.000207791005232828
"X2.10535",0.000241510766917112
"X2.10536",0.00057924127677135
"X2.10537",-0.000518580614398459
"X2.10538",0.000178076443004676
"X2.10539",0.000263703235273627
"X2.10540",0.00024106711900606
"X2.10541",-0.00060001112528924
"X2.10542",-0.000153945687092641
"X2.10543",0.000448509422436623
"X2.10544",9.80177107279979e-05
"X2.10545",-0.000110453554717327
"X2.10546",0.000282583984135148
"X2.10547",-0.000497667496046587
"X2.10548",-0.000178776426164485
"X2.10549",1.64623139835382e-05
"X2.10551",-0.000853166027630065
"X2.10552",0.000263751932019344
"X2.10553",0.000275947710990704
"X2.10554",-2.8827630779995e-06
"X2.10555",-0.000207597137579745
"X2.10556",0.000162831909197941
"X2.10557",-5.39960973407001e-06
"X2.10558",8.08664066467701e-05
"X2.10559",-0.000179024727101976
"X2.10560",-5.07580836217028e-05
"X2.10561",-3.90563431580637e-05
"X2.10562",0.000393611014086533
"X2.10563",0.000422927524524639
"X2.10564",0.000250585706126212
"X2.10565",0.000368086912383026
"X2.10566",0.000304383037220851
"X2.10567",0.000196936869828305
"X2.10568",-0.000456132998432523
"X2.10570",0.000307240017509008
"X2.10571",0.000468531769676063
"X2.10572",-0.000225781762532863
"X2.10573",0.000453224187925097
"X2.10576",0.000228804843169786
"X2.10577",-0.000250488089449756
"X2.10579",0.000559142270677379
"X2.10580",0.000506141447326226
"X2.10581",-0.000455757803087654
"X2.10582",0.000288424323737567
"X2.10583",-0.00021736856154416
"X2.10584",-0.000551059087809781
"X2.10585",0.000133675633750938
"X2.10586",-4.04486955607705e-05
"X2.10587",-0.000239865301941364
"X2.10588",0.000226311458920798
"X2.10589",0.00036933192320161
"X2.10590",-0.000143016219644745
"X2.10591",0.000169316283048732
"X2.10592",0.000298733569763937
"X2.10593",-0.000526540721091292
"X2.10594",0.000280949759845155
"X2.10595",0.000814830684286077
"X2.10596",-3.30312094090074e-05
"X2.10597",8.29010035996593e-05
"X2.10598",-0.000289175670870608
"X2.10599",0.000134688926640867
"X2.10600",0.000442260093408748
"X2.10601",-0.000373729032705706
"X2.10602",0.000261294852875912
"X2.10603",-9.04138469082887e-05
"X2.10605",0.000429507413690184
"X2.10606",1.05615658628783e-05
"X2.10607",0.000145779260050012
"X2.10608",0.000272418568360244
"X2.10609",-0.000113501718345594
"X2.10611",-0.000106017228409884
"X2.10612",0.000473031008130359
"X2.10613",-0.000519654879263446
"X2.10614",0.000289105443505766
"X2.10615",-0.000269908901630915
"X2.10616",0.000269474231330187
"X2.10617",-0.000180722417007285
"X2.10618",-5.327812223254e-05
"X2.10619",0.000378352219803232
"X2.10620",0.000221548760980065
"X2.10621",-0.000464752285610626
"X2.10622",0.000697724919454154
"X2.10623",-9.00282895800259e-05
"X2.10624",-0.00070435516520289
"X2.10625",0.000132061397324509
"X2.10626",-0.000153756606037481
"X2.10627",5.86186824158816e-05
"X2.10628",-0.00030615157656968
"X2.10629",-5.73892236644469e-05
"X2.10630",-0.000101205125104071
"X2.10631",0.000465041335145625
"X2.10633",0.000128382955274772
"X2.10634",-0.000790006007403023
"X2.10635",3.31098573379647e-05
"X2.10636",0.00026970833874376
"X2.10637",-0.000481656032233823
"X2.10640",-0.000120576992792559
"X2.10641",-5.52131026252618e-05
"X2.10642",0.000458229241261856
"X2.10643",0.000147019609639161
"X2.10645",-0.000334442638688109
"X2.10646",-0.000276189110224461
"X2.10647",0.000132386706965532
"X2.10648",-0.000119807919251679
"X2.10649",-0.000247732413101272
"X2.10650",0.000222081339617317
"X2.10651",-7.34046336200095e-05
"X2.10652",0.000245779605244744
"X2.10653",-1.38794124538618e-05
"X2.10654",0.000309714393215507
"X2.10655",0.000144788368455011
"X2.10656",0.000608342334947336
"X2.10657",-1.82482824704531e-05
"X2.10658",0.000316160151196102
"X2.10659",0.000209119585474258
"X2.10660",0.000324697063017006
"X2.10661",4.74730228986235e-05
"X2.10662",-0.000166448719769999
"X2.10663",-0.000190053627848773
"X2.10664",-0.000589226506995453
"X2.10665",3.25636953392703e-05
"X2.10666",-0.000161014220068157
"X2.10667",6.49719174685871e-05
"X2.10668",-0.000291044493256195
"X2.10669",0.000130175512730714
"X2.10670",-0.000629921862531356
"X2.10671",0.000121882908481475
"X2.10672",0.000685489242650565
"X2.10673",0.000107265623629961
"X2.10674",0.000289568757342744
"X2.10675",-6.05446095720057e-05
"X2.10677",-0.000115189385420576
"X2.10678",-0.000427658194481984
"X2.10679",-0.000812783477076902
"X2.10680",-7.09787198210277e-05
"X2.10681",-7.81378693547177e-05
"X2.10682",-7.00059128140954e-05
"X2.10683",0.000310135920598375
"X2.10684",0.000156766166939969
"X2.10685",-0.000739856908413772
"X2.10687",-0.000184657253709901
"X2.10688",0.00056683633462344
"X2.10689",0.000445172280606596
"X2.10690",4.98823878339098e-05
"X2.10691",-0.000376691613964948
"X2.10692",0.000293380779391651
"X2.10693",-0.000133588682774556
"X2.10695",-0.000302007560725569
"X2.10696",-0.000376376888389661
"X2.10697",-0.000362055242875897
"X2.10698",6.00296494596344e-05
"X2.10699",-7.45914149695811e-05
"X2.10700",-0.000229170538065575
"X2.10701",6.38576047207709e-05
"X2.10702",-0.000808810625057034
"X2.10703",-0.000773766291526711
"X2.10704",0.000417596159116848
"X2.10705",-0.000575749039885364
"X2.10706",-0.000442734532568027
"X2.10707",-0.000160011090588148
"X2.10709",-0.000151321694407005
"X2.10710",-0.000592341770296128
"X2.10712",-0.000287691577262931
"X2.10713",0.000517453935057912
"X2.10714",-0.000336189261683144
"X2.10715",-0.000341972404024432
"X2.10716",-0.000671111496634022
"X2.10717",-0.000489974160765074
"X2.10718",-0.00060443657414231
"X2.10719",-0.000305219675434635
"X2.10720",0.000287310777224655
"X2.10721",-0.000102711090030381
"X2.10722",-0.000706576584495609
"X2.10723",3.76248485007457e-05
"X2.10724",-0.000541372035439955
"X2.10726",-0.000148969773499503
"X2.10727",-0.000702894652102529
"X2.10728",-0.000310604632413315
"X2.10729",-4.16700646850338e-05
"X2.10730",-0.000545952855694562
"X2.10731",-0.000296795162486306
"X2.10732",-0.00028706367585028
"X2.10733",-0.000573485363383728
"X0.2899",-0.000675349211221148
"X2.10734",-0.000588385191856584
"X2.10736",-0.000651304027424231
"X2.10737",-0.000488158764762095
"X2.10738",-0.00039995843745313
"X2.10739",-0.000607125452918102
"X2.10740",-0.000583509034824684
"X2.10741",-0.000315711828439448
"X2.10742",-0.000445394972658702
"X2.10743",-0.000220415396355001
"X2.10745",-0.00030896187960873
"X2.10747",-0.00014812711873916
"X2.10748",-0.000271750651339472
"X2.10749",-1.37483182861417e-06
"X2.10750",-3.01732087815509e-05
"X2.10751",-0.000194162468508531
"X2.10752",-0.000139550844331335
"X2.10753",-0.000184137918304058
"X2.10754",-0.000313605293293022
"X2.10755",-7.87554574559912e-05
"X2.10756",-0.000229387468176478
"X2.10757",-0.000291644927476335
"X2.10758",-0.000327054986387724
"X2.10759",-0.000305096933472819
"X2.10761",-0.000526031466146857
"X2.10762",-0.000460178446916403
"X2.10764",-0.000429900650997831
"X2.10765",-0.000371868896158809
"X2.10766",-0.000594983809130904
"X2.10767",-0.000417527608204344
"X2.10768",1.28608456165393e-05
"X2.10769",-0.000390559537100382
"X2.10770",-0.000336015496443125
"X2.10771",-0.000149208025000872
"X2.10772",-7.35183819857721e-05
"X2.10773",-0.000191420993388618
"X2.10774",-0.000458122806202227
"X2.10775",-0.000291135070464915
"X2.10776",-0.000398874765009874
"X2.10777",-3.16586710991733e-05
"X2.10778",-0.000348243039517544
"X2.10779",-0.000513809494653607
"X2.10781",-0.000171345158472043
"X2.10783",-0.000407297425371849
"X2.10784",0.000247865978087399
"X2.10785",-0.000117160701746835
"X2.10786",0.000201341266243659
"X2.10787",-0.000302442830078161
"X2.10788",-3.98211398273098e-05
"X2.10789",-0.000413374251756154
"X2.10790",-0.000435821907541195
"X2.10791",-0.00039874452901838
"X2.10792",-0.000616133515829676
"X2.10793",-0.000466669976884854
"X2.10794",0.00013955161554151
"X2.10795",-0.000169648637178995
"X2.10796",-0.000431047366468447
"X2.10797",-5.30227113865904e-05
"X2.10798",-0.000226435961655518
"X2.10799",-0.000456796457385075
"X2.10800",-0.00049505169730414
"X2.10801",-0.000469253282685012
"X2.10802",9.12735254000692e-05
"X2.10804",-0.000323818226951534
"X2.10805",-0.000260252381239208
"X2.10806",-0.000356599073880651
"X2.10807",-0.000208777933131695
"X2.10808",-0.000600443177026991
"X2.10809",-0.000369500550631366
"X2.10810",-1.69476817161923e-05
"X2.10812",-0.000571796929411297
"X2.10813",-0.000482597601452044
"X2.10814",-0.000169064860114744
"X2.10815",-0.000375895991777272
"X2.10816",-4.85433727308254e-05
"X2.10817",-0.000602567885318144
"X2.10818",-0.000698660585539132
"X2.10819",-0.000531924450057057
"X2.10820",-0.000254881748888828
"X2.10821",-0.000184431402235095
"X2.10822",-0.00037197408843008
"X2.10823",-0.000841391286477844
"X2.10824",-0.000530608299272435
"X2.10825",-0.00056109061863457
"X2.10826",-0.000550676218691259
"X2.10827",-0.000436857734015611
"X2.10828",-4.70674574757882e-05
"X2.10829",-0.000603600733947138
"X2.10830",-3.87601587649319e-05
"X2.10831",-0.000282116178419659
"X2.10832",-0.000305498544060008
"X2.10833",-0.000524726037147951
"X2.10835",0.000216280746918464
"X2.10836",-7.57252471472467e-05
"X2.10837",9.24918115541238e-05
"X2.10838",0.000144358031904947
"X2.10839",8.82330458767019e-05
"X2.10840",-3.05393779096759e-05
"X2.10841",-0.000225201179088325
"X2.10842",0.000103296490188157
"X2.10843",-5.59245164262067e-05
"X2.10844",-0.000159626028596635
"X2.10845",8.61083098722944e-05
"X2.10846",0.000241913416678657
"X2.10847",-0.0002062734740848
"X2.10848",-0.000169435040954717
"X2.10849",-0.000120345325114876
"X2.10850",9.76922164978865e-06
"X2.10851",0.000338159333668143
"X2.10852",-0.000322302043158452
"X2.10853",-0.000595349501754564
"X2.10854",-5.4845844479705e-05
"X2.10855",-0.000309946583944829
"X2.10856",-5.52758246958046e-05
"X2.10857",0.000174677725710093
"X2.10858",0.000209701189542507
"X2.10859",-4.03648686208895e-06
"X2.10863",0.000232830982659026
"X2.10864",-5.55019041393831e-05
"X2.10867",0.00013079875589782
"X2.10868",3.32420320760464e-05
"X0.2901",-0.000544941484148009
"X0.2902",4.21723092175993e-05
"X2.10869",0.000192544470853638
"X2.10870",0.000478717422402582
"X2.10871",6.85499194576485e-05
"X2.10872",9.86499723590286e-05
"X0.2903",-0.000281781256240317
"X0.2904",-0.00035831246206692
"X2.10873",0.000410188465180514
"X2.10874",-8.24838521179361e-05
"X2.10875",0.000273942277031066
"X2.10876",0.000399857789362889
"X2.10877",0.000371698364062216
"X2.10878",0.000538526054424999
"X2.10879",0.000637602628988037
"X2.10880",-0.000637024258762847
"X2.10881",0.000355744885802085
"X2.10882",0.000751711546822243
"X2.10883",0.000545658227809985
"X2.10884",0.000981003866377789
"X2.10885",0.000806606267502154
"X2.10886",0.000586376502015323
"X2.10887",0.000928773421386509
"X2.10888",0.000150946128100796
"X2.10890",0.000242093751082548
"X2.10891",0.000424389021147862
"X2.10892",0.000387398458932872
"X2.10893",0.000397179752868992
"X0.2905",-0.000550015619526852
"X0.2906",-0.000196844384097203
"X2.10894",0.000375085591331247
"X0.2907",-0.000465452356973964
"X0.2908",-9.29809722495373e-05
"X0.2909",0.000184043960879857
"X0.2910",-0.00028619959943645
"X2.10895",0.000340967851678088
"X2.10896",6.82423831487974e-05
"X2.10897",0.000289999458158523
"X2.10898",0.000785732363788565
"X2.10899",0.000728926439903071
"X2.10900",0.000396217817561911
"X2.10901",1.85174486527159e-05
"X2.10902",0.000571359907084088
"X2.10903",0.000182367751385332
"X2.10904",0.000404741232488397
"X2.10905",6.02049732610262e-05
"X2.10906",0.000494092276445895
"X2.10908",0.000216684333419768
"X2.10909",0.000163774521153858
"X2.10910",0.000353108076293143
"X2.10911",-0.000105375195188764
"X2.10912",0.000514121975296683
"X2.10913",0.000290992719720139
"X2.10914",0.000304736739130155
"X2.10915",7.3780089011094e-05
"X2.10916",0.000215831073661272
"X2.10917",0.000542486075166334
"X2.10918",0.000873157402260762
"X2.10919",0.000189262640177098
"X2.10920",-0.000175198943122765
"X2.10921",0.00015182121292898
"X2.10922",0.000678707422069847
"X2.10923",-4.6938556280017e-05
"X2.10925",0.000608480026887981
"X2.10926",0.000486908237130665
"X2.10928",-0.00025851839979637
"X2.10929",0.000226489084501456
"X2.10930",2.07783085987872e-05
"X0.2911",5.98375595702328e-06
"X0.2912",-0.000104864363715468
"X2.10931",9.26932822527634e-05
"X0.2913",-3.52328812540925e-06
"X2.10932",0.000109186218712569
"X2.10933",9.45626967290309e-06
"X2.10934",-0.000226318417254218
"X2.10935",-0.00039441330595064
"X0.2914",-1.82000052715945e-05
"X2.10936",0.000156436678601329
"X0.2915",-0.000141485229158351
"X0.2916",-0.000583115308088595
"X2.10937",0.000349584615236395
"X2.10938",-0.000308967819448536
"X2.10939",0.000357576711480761
"X2.10940",0.000660142313838333
"X2.10941",-0.000503687572588695
"X2.10942",-4.63298868674842e-05
"X0.2917",-0.000533877992643363
"X2.10943",0.000169214621375028
"X2.10944",0.000735411145734643
"X2.10945",-0.000351707714127855
"X2.10946",-0.000255441664397907
"X2.10947",-0.000696076000942162
"X2.10948",-0.000520675528774185
"X2.10949",3.10914009591529e-05
"X2.10950",7.74672349504517e-05
"X2.10952",0.000108446949117893
"X2.10953",0.000343763024574726
"X2.10954",0.00099866975523179
"X2.10955",0.000382283412980694
"X2.10956",0.00015977812094278
"X2.10957",0.000627756367396953
"X2.10958",0.000459786250344979
"X2.10959",0.000497636056745164
"X2.10960",0.000405519505674399
"X2.10961",0.000280566053920262
"X2.10962",0.000248331873108875
"X2.10963",-0.000356617022016234
"X2.10964",-0.000169934446873178
"X0.2918",0.000393447530417736
"X0.2919",-0.00019383587456229
"X2.10965",3.99436265977813e-05
"X2.10966",0.000509661840686092
"X2.10967",0.00021624358977654
"X2.10968",0.000126657509025769
"X2.10969",0.000479016114766807
"X2.10970",0.00105719427885638
"X2.10971",-0.000229109065841753
"X2.10972",-0.000266115421434792
"X2.10973",0.000726047071799251
"X2.10974",0.000158903788092632
"X2.10975",-0.000147515018534696
"X2.10976",-0.000404232067972818
"X2.10978",-0.000128490615256786
"X2.10979",-0.000276381976148482
"X2.10986",-0.000199736410030731
"X2.10987",-0.00039782741143505
"X2.10988",-0.000277087887058826
"X2.10989",-0.000163742034011424
"X2.10990",-0.000212039515660292
"X2.10992",8.17358340532991e-05
"X2.10993",-9.58262892250032e-05
"X2.10994",-0.000556858006646543
"X2.10995",-0.00015395193636857
"X2.10996",-0.00045375154143649
"X2.10997",-0.000584021384240234
"X2.10998",-0.000353465292735137
"X2.10999",0.000318070250086741
"X2.11000",-0.000231666751377138
"X2.11002",-0.000500872759291255
"X2.11003",-0.000132806630090907
"X2.11005",-0.000197093168017749
"X2.11006",-0.00010414031172595
"X2.11007",-0.000238354641983577
"X2.11008",-0.00025058473872457
"X2.11009",-0.000281016254697164
"X2.11010",-6.45846463875899e-05
"X2.11011",-0.00011104012459558
"X2.11012",6.59490782729356e-05
"X2.11013",8.7931715686504e-05
"X2.11014",0.0005838438952472
"X2.11015",0.00022873942702956
"X2.11016",-1.6098829617254e-05
"X2.11017",-1.24953393992364e-05
"X2.11018",0.00030256086821585
"X2.11019",-0.00033062862193437
"X2.11020",-9.84117826300351e-05
"X2.11021",-0.000172772833610348
"X2.11022",-0.000195770465291104
"X2.11023",-0.000485961054344791
"X2.11024",-7.36393394892769e-05
"X2.11025",0.000820724408145266
"X2.11026",-0.000252569184001417
"X2.11027",1.45352703713038e-05
"X2.11028",-0.000166067899453585
"X2.11029",-0.000259059178655987
"X2.11030",0.000161739283521499
"X0.2923",6.48481023911565e-05
"X0.2924",-1.9253104289504e-05
"X0.2925",-0.000319382773148295
"X0.2926",0.000211294894388965
"X0.2927",0.000178611651822612
"X2.11032",-2.8025481223591e-05
"X0.2928",-0.000705805150367049
"X0.2929",-2.41096196975371e-05
"X0.2930",0.000107936847756954
"X2.11033",0.000245647436430851
"X2.11034",0.000181135911828673
"X2.11035",0.000425313798468479
"X2.11036",0.000356518608980183
"X2.11037",0.000873403645609204
"X2.11038",-0.000231866144421804
"X2.11039",0.000536062816972053
"X2.11040",-0.000100373919960461
"X1.500",7.85031218126863e-05
"X2.11041",-1.68261011454626e-05
"X1.501",-2.33995258616202e-05
"X0.2931",0.000228830829896048
"X0.2932",7.7619778861062e-05
"X2.11044",0.000540066243191307
"X2.11045",0.000943736009407056
"X2.11046",0.000296569160755665
"X0.2933",0.000222755768630353
"X2.11047",-0.000185548089778493
"X0.2934",-5.0478810812931e-05
"X0.2935",0.000369972666590899
"X0.2936",-0.000399382718055002
"X0.2937",-0.000175444078741698
"X0.2938",-0.00054968475124482
"X2.11048",0.000140407976287209
"X0.2939",-0.000122606265464622
"X0.2940",0.000486639312250875
"X0.2941",0.000177701082283651
"X0.2942",-0.000246879884375343
"X0.2943",-0.000235048415175574
"X0.2944",0.000356290512686714
"X2.11050",-0.000241038475285905
"X0.2945",-0.000567713306348277
"X0.2946",-0.00037391255853417
"X0.2947",-0.000254491009861477
"X0.2949",-0.000198504694589527
"X0.2950",-0.00040681376342442
"X0.2951",-0.000436784510376119
"X0.2952",-0.000651290845566705
"X0.2953",-0.000409688638025945
"X0.2954",-0.000137821034955277
"X0.2955",-2.33098428392204e-05
"X0.2957",-0.00016756619794542
"X2.11055",-7.88981029229368e-05
"X2.11056",0.000215957050960554
"X2.11057",-6.45354929840386e-05
"X2.11058",-0.000336210898724236
"X2.11059",-0.000188325055190235
"X2.11060",0.000121673241918968
"X2.11066",-0.0005901523839134
"X0.2958",-3.0277313575232e-05
"X0.2959",-0.000306650957716083
"X2.11069",0.000248340607138121
"X2.11070",0.000161447221935512
"X2.11071",-0.000231906124055982
"X2.11072",-0.000190682923579679
"X2.11073",0.000546010057316153
"X2.11074",-3.36743886382072e-05
"X0.2960",0.000315057648481167
"X2.11076",8.74700956321181e-05
"X2.11077",0.000112373133705687
"X2.11078",-7.76186037172024e-05
"X2.11079",-7.45985418845021e-05
"X2.11080",0.000256544159741725
"X2.11081",0.000349680669522531
"X2.11082",3.67317809213838e-05
"X2.11083",0.00051202377654953
"X2.11084",6.58770598671545e-05
"X2.11085",0.000337103096084077
"X2.11086",0.000379811718962736
"X2.11087",-0.000189988853289911
"X2.11088",0.000438282699391648
"X2.11089",-0.000362295622870511
"X2.11090",0.000217192849265967
"X2.11091",-0.000301844743708107
"X2.11092",0.000403636097751761
"X2.11093",0.000268211641896171
"X2.11094",0.000361629881447356
"X2.11097",0.000420275257859007
"X2.11100",-0.000288703665762104
"X2.11103",0.000506972284631025
"X2.11104",0.000631618087461463
"X2.11105",0.000454971807628053
"X2.11106",-0.000168050749195126
"X2.11107",4.08479125266565e-05
"X2.11108",-0.000119429520120239
"X2.11110",-0.000273828058787899
"X2.11111",-0.000229386774155102
"X2.11112",-0.000580978670658032
"X0.2964",-4.81532952913607e-05
"X0.2965",0.000391126589527877
"X0.2966",0.000196949025704808
"X0.2967",0.000310509509181705
"X0.2968",-0.000157565335528329
"X0.2969",0.000455264911931452
"X0.2970",5.90805553480078e-05
"X0.2973",-0.000250986871153863
"X0.2974",-0.000411668095575672
"X0.2975",-0.000110256529125587
"X0.2976",9.43987856549613e-07
"X0.2977",0.000232547477947294
"X0.2978",-0.000197047828746509
"X0.2979",0.000148068395570226
"X2.11116",0.00019956438988048
"X2.11117",-0.000804511358611418
"X0.2980",0.000189021972366178
"X0.2981",0.000200969406971574
"X0.2982",-0.00017944986063809
"X0.2983",0.000187291087918836
"X0.2984",-0.000286366386844254
"X0.2985",0.000354509937666552
"X0.2986",0.000461899098655484
"X0.2987",1.93358163791334e-05
"X0.2988",0.000182581679246714
"X0.2989",-1.77032070416724e-05
"X0.2990",-0.000203834931734858
"X0.2991",-0.000117763594490044
"X0.2992",-0.000119828631438379
"X0.2993",0.000111905811288254
"X2.11119",0.000476015281065837
"X0.2994",0.000417586503642215
"X2.11122",0.000441322813413177
"X2.11123",0.000102618838206467
"X2.11124",0.000123597621841697
"X2.11125",3.68191511694164e-06
"X2.11126",-0.000124276187845725
"X2.11127",0.000182401167557471
"X2.11128",0.000460972665943175
"X2.11129",0.000241764876329435
"X2.11130",0.000280375088358348
"X1.510",-0.000292440288707084
"X2.11131",3.71282268818053e-05
"X2.11132",0.000112928365031268
"X1.511",0.000475347642691572
"X2.11133",0.00054425729262548
"X2.11134",2.90115385173498e-06
"X2.11135",0.000299393902874839
"X2.11136",0.000440970529038742
"X2.11137",0.000106038728615555
"X2.11138",0.000476419238993762
"X2.11139",9.2116463648193e-05
"X2.11140",0.000206911234517785
"X2.11141",-0.000297172982369616
"X2.11142",6.38095794554924e-05
"X2.11143",0.000607310979176934
"X2.11144",0.00017590753180451
"X2.11145",0.000393740768075359
"X2.11146",0.000231179928788283
"X2.11147",0.000163712102007516
"X0.2995",0.000311928632893527
"X2.11148",-0.000338689624218162
"X2.11149",0.000718369940445672
"X0.2996",0.000257104497601493
"X2.11150",-0.000319882957887986
"X2.11151",0.00053392333832073
"X2.11152",0.000396322352761438
"X1.512",5.49208839197811e-05
"X0.2997",-9.38933406130164e-05
"X1.513",0.000432271881690228
"X2.11153",8.90079080800095e-05
"X2.11154",0.000549287391143755
"X0.2998",0.000235389177939742
"X2.11156",-0.000238962505005392
"X2.11157",0.000303571728188049
"X2.11158",-0.000633273969693159
"X2.11159",0.000333901436825894
"X2.11160",0.000217242258729025
"X2.11161",4.7680893933226e-05
"X2.11162",0.000347247779463476
"X2.11163",0.000167987599506802
"X2.11164",5.1337954790786e-05
"X1.516",-2.26321612460861e-05
"X1.517",-0.000147687832369607
"X2.11165",0.000354365170703882
"X1.521",0.00059281246523586
"X1.522",-0.000458952781691134
"X2.11168",-0.000103552652820413
"X2.11169",0.000214806114951501
"X2.11170",-0.000116217806602404
"X0.3000",0.000118512943083031
"X2.11171",-0.000249248151734891
"X0.3001",-0.000245758554172515
"X2.11172",-0.000101698925225188
"X2.11173",0.000227028057599721
"X2.11174",0.000274882833624568
"X2.11176",0.000286314077324153
"X2.11177",-2.03671331386282e-05
"X2.11179",-0.000480739044445164
"X2.11180",-0.000785056962654907
"X2.11182",-0.00041588685245447
"X2.11183",-3.41896750371717e-05
"X2.11184",-0.000234163066787076
"X2.11185",-0.000749005531468302
"X2.11186",-5.77880162350396e-05
"X1.524",-0.000235067782534262
"X2.11188",9.35917417260946e-05
"X1.525",6.78361505649238e-05
"X2.11189",-0.000228371816084767
"X1.526",-0.000208767165237908
"X2.11190",0.000207405152904465
"X2.11191",2.01264015675222e-05
"X2.11192",5.05355746174553e-05
"X2.11193",-0.000164934183643733
"X2.11194",0.000370618771517796
"X2.11195",-6.17498731629571e-05
"X2.11196",6.03060340644843e-05
"X2.11197",0.000436802694686141
"X2.11198",0.000108845157966258
"X2.11199",-0.000319467959058684
"X2.11200",-1.25072611727683e-06
"X2.11201",0.000125986873822399
"X2.11202",0.000507888271964748
"X2.11203",0.000122816708106
"X0.3004",-5.73815865912658e-06
"X2.11204",0.000403795273183515
"X2.11205",0.000278787093614907
"X2.11206",-6.97011863875331e-05
"X2.11207",-0.000371724367497975
"X2.11210",-0.000186662488561858
"X2.11211",-8.32653195791424e-05
"X2.11213",-0.000193111487785747
"X1.528",-0.000463877025001135
"X2.11215",0.000298422943173233
"X2.11216",-9.14720727186231e-05
"X2.11217",-0.000179947483958697
"X2.11218",6.65334921173501e-05
"X2.11219",0.000262194416614477
"X2.11220",-7.41914743849398e-07
"X2.11221",0.000209985453967809
"X2.11222",-1.47029793200627e-05
"X2.11223",0.000120107567421493
"X2.11224",3.09644090611127e-05
"X2.11225",-0.000599154764573166
"X2.11226",0.000185020250078583
"X2.11227",-0.000123499810790311
"X2.11229",-9.61862956382488e-06
"X2.11230",0.000499699261234975
"X2.11231",-2.52995875605967e-05
"X2.11232",-0.000188711385663073
"X2.11233",-0.00028431413989611
"X2.11234",3.35024455276332e-05
"X2.11235",7.71518816565011e-05
"X2.11236",0.000133153461264659
"X2.11237",-0.000236054179906502
"X2.11238",0.000180732067693135
"X2.11239",-0.000487524312196602
"X1.529",0.000246550501365063
"X2.11240",-2.22128140368127e-05
"X2.11241",2.15916922252889e-05
"X2.11242",-0.000327561237581538
"X2.11243",0.000224563249636249
"X2.11244",0.00020175560656414
"X2.11245",0.000392603159889336
"X2.11246",0.00022573461953198
"X2.11247",0.000722997356205453
"X2.11248",0.000110663440591174
"X2.11249",0.000268874608659913
"X2.11250",9.10181997924861e-05
"X2.11251",6.16603032037141e-05
"X2.11252",0.000234930973706455
"X2.11253",-0.000405745923911708
"X2.11254",0.000124279905538977
"X2.11255",-0.000196637947275698
"X2.11256",-0.000117754837858717
"X2.11257",-0.000109287674829292
"X2.11258",-0.00030686577184734
"X2.11259",0.000470957367380253
"X2.11260",0.000255564517877607
"X2.11261",-0.000387348220799485
"X2.11262",-0.00037795881157231
"X2.11263",-0.00034855040922425
"X2.11264",-2.66552623034274e-05
"X2.11265",6.4326164639571e-05
"X2.11266",-0.000268226981293602
"X1.531",-0.000210305008823625
"X2.11267",5.0113539795808e-06
"X2.11271",-0.000144156583401804
"X2.11272",0.000319799680038217
"X2.11273",0.000364755031392997
"X2.11274",-0.00021350361867731
"X2.11276",-0.000296443954081518
"X2.11277",-6.70700099392793e-05
"X2.11278",0.000162420370363979
"X2.11279",0.000353502712694047
"X2.11280",0.000236801898392225
"X2.11281",0.000197317553926079
"X2.11282",-0.000124743559595674
"X2.11283",-0.000328467606788005
"X2.11284",-0.000307891712658574
"X2.11285",-0.000131100843033905
"X2.11286",5.84391185804688e-06
"X2.11287",0.000262165116067676
"X2.11290",-0.00033229879863852
"X2.11291",-4.47477359875591e-05
"X2.11293",2.51146370177944e-05
"X2.11294",0.000111294852577918
"X2.11295",0.000422687991777822
"X2.11297",0.000175392812386267
"X2.11298",0.000234852993396964
"X0.3006",-4.40201317410192e-05
"X2.11299",-0.000405149221449651
"X2.11300",8.71206590561713e-05
"X2.11301",-4.3950543576785e-05
"X2.11302",8.10240113920007e-05
"X2.11303",-8.7252167589402e-05
"X2.11304",-4.9723688117951e-05
"X2.11305",-3.77809765954776e-05
"X2.11306",0.000257848947840674
"X2.11307",-9.29982063610638e-05
"X2.11308",-0.00068546542706361
"X0.3007",6.38922667833473e-05
"X2.11310",0.000141593447225365
"X2.11311",8.61054735589027e-05
"X0.3008",0.00013432866611134
"X2.11312",-0.000127564143037274
"X0.3009",-0.000297709361647429
"X2.11313",-3.84163982842466e-05
"X2.11314",-0.000406524509784748
"X2.11315",-0.000130744893118703
"X2.11316",0.000220976467674629
"X2.11317",-0.000343627266957958
"X2.11318",-0.000369479704545072
"X2.11319",-0.000128774465334504
"X2.11320",-0.000532508174512694
"X2.11322",0.000292785655437678
"X2.11323",0.000178096190097429
"X2.11324",-0.00040174017039249
"X0.3010",3.66718655955049e-05
"X2.11325",-0.000664097733935746
"X2.11326",-0.000108737754143302
"X0.3012",-0.000477184505598168
"X0.3013",-0.000327534035657413
"X0.3014",-0.00053894622986935
"X0.3015",-8.72951638036047e-05
"X0.3016",0.000121522937734352
"X2.11327",3.43197498176758e-05
"X0.3017",-0.000135656479656408
"X2.11328",-0.000213234483305551
"X2.11329",4.79507156646082e-05
"X2.11330",1.90031491075159e-05
"X2.11331",-0.000123336675428487
"X2.11332",2.98664576111431e-07
"X2.11333",1.71797135648424e-06
"X2.11335",-0.000219713910765364
"X0.3018",-0.000199209042161278
"X2.11336",0.000235641991262389
"X2.11337",-1.12998945436849e-05
"X2.11338",0.000133097027226133
"X2.11339",0.000285559662028994
"X2.11340",-0.000369825573144066
"X2.11341",-0.00029100053503237
"X2.11342",-6.04628169950971e-05
"X1.534",-0.000136808919239009
"X2.11343",-0.00013164314072297
"X2.11344",-0.000333262924653119
"X0.3019",-0.000337432332424574
"X2.11345",-0.00011277970400092
"X2.11346",0.000242636747674376
"X0.3020",-0.000103250480696357
"X2.11347",4.85478255413169e-05
"X0.3021",0.000155791471596917
"X0.3022",0.000221546504364807
"X0.3023",0.000219316653955338
"X2.11348",-3.89318014952322e-05
"X0.3024",2.97474742612622e-05
"X2.11349",0.0001815895409671
"X0.3025",-0.000303829577403099
"X2.11350",-0.000497067293614524
"X2.11351",-0.000380896963658474
"X2.11352",-0.000388768134451843
"X2.11353",-0.000262517763512695
"X2.11354",-0.000736969336254015
"X2.11355",-0.000128394806269932
"X2.11356",-0.000243146679317016
"X2.11358",-0.000465568088720235
"X2.11359",-0.000105522068014772
"X2.11360",-0.000181984814761346
"X2.11361",1.95907479578603e-05
"X2.11362",-0.000119586408888394
"X2.11363",-6.54460009741503e-05
"X2.11364",-0.000572291387116919
"X2.11365",-4.93268761152404e-05
"X2.11370",0.000114642445466738
"X2.11371",0.000343383564999301
"X2.11372",0.000116701318095549
"X2.11373",0.0004615750815889
"X2.11374",0.000119394226354537
"X2.11375",-4.66818535993893e-05
"X2.11376",-4.87565380862156e-05
"X2.11377",6.26310200394794e-05
"X2.11378",-0.000211420517897454
"X2.11379",0.000313568255179229
"X2.11380",-0.000146943990685999
"X2.11381",0.000266501928141844
"X2.11382",0.000239924962745583
"X2.11383",7.41394389839602e-06
"X2.11384",-7.42470337584155e-05
"X2.11385",0.000310078854120649
"X2.11386",-0.000588917977633775
"X2.11387",5.33647499864473e-05
"X2.11388",-0.000438751357749122
"X2.11389",0.000342885081575916
"X2.11390",0.00018080279166821
"X2.11391",-1.89698313827547e-05
"X2.11392",0.00054667708132411
"X2.11393",-0.000204830133485792
"X2.11394",1.65165314600494e-05
"X2.11395",-0.00021567558635842
"X2.11396",-8.43580740897345e-05
"X2.11397",0.000132766586820178
"X2.11398",0.000163680095448822
"X2.11399",1.86461145375741e-05
"X2.11400",-0.000232341645853691
"X2.11401",-0.00044418117279649
"X0.3026",-0.00062941824968258
"X2.11402",0.000213164090111627
"X2.11403",-0.000149537306239695
"X2.11404",0.000153597294363749
"X2.11405",-0.00010705011688763
"X2.11406",5.11615588166385e-06
"X0.3027",-0.000228918988665684
"X0.3028",-7.99904868289353e-05
"X2.11407",-0.00030305329123812
"X0.3029",-0.000151358911132661
"X0.3030",-0.00011292366751715
"X0.3031",-0.000412060445477511
"X0.3032",-0.000119531441042316
"X2.11408",0.000146263902098654
"X2.11409",-0.000144980126381095
"X2.11410",0.000234059528615841
"X2.11411",-0.000120502535609287
"X2.11412",-0.000443261137876224
"X0.3033",-0.000195552063484757
"X2.11413",-0.000428630249479322
"X2.11414",0.000391057999509357
"X0.3034",-0.000464136963796085
"X2.11416",0.000207414896491891
"X0.3035",0.00013672569050293
"X2.11417",-5.79899638862153e-05
"X2.11418",5.0790077898862e-05
"X2.11419",0.000401541953415361
"X2.11420",-6.33882763782199e-05
"X0.3036",-0.000143363687954575
"X2.11421",-0.000184586644205686
"X2.11422",0.000103678853503599
"X2.11423",-0.000548990981948677
"X0.3037",0.000493887881089794
"X2.11424",-0.000136273981966363
"X0.3038",-0.00019009800028358
"X2.11425",-2.10517421569196e-05
"X0.3039",-0.000163314067419903
"X2.11426",-0.000131285906213354
"X0.3040",3.30260835281653e-05
"X0.3041",1.77635648515338e-05
"X2.11427",-0.000185662956509376
"X0.3042",-0.000322191448188637
"X0.3043",0.000120510763884356
"X0.3044",0.000450045462456769
"X2.11428",0.000203270250344477
"X0.3045",0.00024076900932642
"X2.11429",-0.000145570850415422
"X2.11431",-0.000280245217848928
"X2.11432",-0.000259760367198809
"X2.11433",-8.64589164622786e-06
"X2.11434",-0.000175713615867182
"X2.11435",-0.00032462402170719
"X2.11436",0.000334850151275283
"X2.11437",-2.71128714123514e-05
"X0.3046",-0.000298757877229728
"X2.11438",-0.000101930254113223
"X0.3047",9.79975513183355e-05
"X2.11440",-9.53049635462047e-05
"X2.11441",0.000129050358306224
"X2.11442",0.00016727065404424
"X2.11443",-3.34203239752536e-05
"X2.11444",-0.000302339537385303
"X2.11445",-0.000263795713534676
"X2.11447",-0.000460939360192066
"X2.11448",0.000175123243781136
"X2.11449",-0.000477928428112389
"X2.11452",0.00030122939128908
"X2.11455",3.99006780089381e-05
"X2.11456",-0.000247297781194887
"X2.11457",-5.43628940192894e-05
"X2.11458",0.000422465932112653
"X2.11459",-8.25945227023002e-05
"X2.11460",-7.16936808267791e-06
"X2.11461",6.57825452320141e-05
"X2.11462",-0.00046528970786157
"X2.11463",-0.00029773714213576
"X2.11464",2.03583237751096e-05
"X2.11465",-0.000171403881384866
"X2.11466",0.000231271976446658
"X2.11467",-8.44176093362391e-05
"X2.11468",2.56178683682414e-05
"X2.11469",-0.000396890590993078
"X2.11470",-0.000438014489315437
"X2.11471",-7.71331401682816e-06
"X2.11472",-0.000302097240135652
"X2.11473",-0.000213384100991246
"X2.11474",-0.000794887490179417
"X2.11475",-0.000379561723802473
"X2.11476",-0.000115930248004069
"X2.11477",-0.000109126358877159
"X2.11478",0.000505127139939932
"X2.11479",-0.000160398931637415
"X2.11480",-0.000220083702377426
"X2.11481",0.000112290825664762
"X2.11482",-0.000149356659525134
"X2.11483",0.000304994545513283
"X2.11484",-0.000108010648292067
"X2.11487",-0.000152877087570617
"X2.11488",-0.000681950088655147
"X2.11489",-0.000173743590597122
"X2.11490",-0.000258873601399283
"X2.11491",3.20511510961838e-05
"X2.11492",-1.60327952917468e-06
"X2.11494",0.000120520009821001
"X2.11495",-0.000138096206180263
"X2.11496",-0.000180239385627097
"X2.11497",0.000224448460720707
"X2.11498",0.000798229556208569
"X2.11499",-7.66923022098576e-05
"X2.11500",0.000390004724664798
"X2.11501",-0.000353729775149262
"X2.11502",-9.75006099987662e-05
"X2.11503",-0.000342085393854652
"X2.11504",-0.000134511648817169
"X2.11507",-0.000337380061678804
"X2.11508",0.0001138244179282
"X2.11509",2.951265445696e-05
"X2.11510",0.000342603238535496
"X2.11511",-0.000197251206407901
"X2.11512",-0.000165003786867658
"X2.11513",-0.000426678409864572
"X2.11514",-0.000217237233963499
"X2.11515",-0.000439621097467974
"X2.11516",7.11094051923449e-05
"X2.11517",-0.00015508529192137
"X2.11518",-0.000409777353958514
"X2.11519",-0.000327785267474771
"X2.11520",-0.000156153732546704
"X2.11521",-0.000261690584351867
"X2.11522",-0.000204417724199727
"X2.11523",0.000492668885484571
"X2.11524",-7.05643470908308e-05
"X2.11525",-0.000261947588663439
"X2.11526",0.000357407717622714
"X2.11527",7.20284054760796e-05
"X2.11528",0.000129749036060291
"X2.11529",9.62247915879171e-05
"X2.11530",0.000583711195101851
"X2.11531",0.000153076993704589
"X2.11532",-0.000169087271330075
"X2.11533",0.000165823206553154
"X2.11534",0.000245168805878555
"X2.11535",0.000218779708218809
"X2.11536",-1.93359825945108e-05
"X2.11537",0.000502605010215481
"X2.11538",0.000125310331817393
"X2.11539",0.000375481817460786
"X2.11540",-0.000167080113932913
"X2.11541",0.000149997367077327
"X2.11542",0.000356467170584342
"X2.11543",0.000302970566448464
"X2.11544",0.000289752088703664
"X2.11545",1.76345159308498e-05
"X2.11546",6.92608015627859e-05
"X2.11547",-0.00040927230576902
"X2.11548",-0.000144461242500054
"X2.11549",4.61950824444865e-05
"X2.11550",-8.58112241305363e-05
"X2.11551",9.40389109937573e-05
"X2.11552",0.000221911184758101
"X2.11553",-3.89057933783469e-05
"X2.11554",0.000201600165536102
"X2.11555",4.25598879910795e-05
"X2.11558",-0.000183868138880942
"X2.11559",-0.000531150094858264
"X2.11560",5.66254079060287e-05
"X2.11561",2.12582271680945e-05
"X2.11562",0.00012348949094815
"X2.11563",-0.000345604145023679
"X2.11564",0.000308621999072757
"X2.11565",-4.38233160216338e-05
"X2.11566",0.00027800315496235
"X2.11567",-5.45342644070496e-05
"X2.11568",0.00020698886161953
"X2.11569",9.09307818144127e-05
"X2.11570",-0.000361203826056774
"X2.11571",-0.00044464625806203
"X2.11572",-0.000482583673217653
"X2.11573",4.06969749325109e-07
"X2.11574",0.000229608313752108
"X2.11575",-7.11953231013908e-06
"X2.11576",0.000452537750078286
"X2.11577",-3.55648347341802e-05
"X2.11578",-0.000427233541731764
"X2.11579",-0.000255999646946165
"X2.11580",0.000501658087559006
"X2.11581",3.80374374504503e-05
"X2.11582",-1.91481064212702e-05
"X2.11584",-0.000233372269337576
"X2.11585",0.000149533762508253
"X2.11586",-0.000578077482480579
"X2.11587",-9.54289980530779e-06
"X2.11588",-6.47376065115423e-05
"X2.11589",-0.000148371578214925
"X2.11590",-0.000200427236053195
"X2.11591",-0.000274304851506822
"X2.11592",0.000137262072667701
"X2.11593",-7.17469665126079e-05
"X2.11594",0.000166668687111789
"X2.11595",0.000390312897128728
"X2.11596",-0.000334211119079478
"X2.11597",-0.000138499077578066
"X2.11599",-0.00027925691736549
"X0.3049",-0.000459006731887431
"X2.11600",-0.000282140014301944
"X2.11601",0.000174731164966661
"X2.11602",-4.09873967945063e-05
"X2.11603",-0.000367476113790895
"X2.11604",0.000503404525270712
"X2.11606",-9.26056289039824e-05
"X2.11607",-0.000129854275147775
"X2.11608",5.04818703198633e-05
"X2.11609",-0.000175413561645916
"X2.11610",0.000191688767327578
"X2.11611",0.000225358354465657
"X2.11612",0.000305518275814907
"X2.11615",0.000302888674603135
"X2.11616",-0.000200158788516734
"X2.11617",-0.000297703473061133
"X2.11618",0.000324622828436499
"X0.3051",0.000157221404208347
"X2.11620",-0.000280027976271912
"X2.11622",-0.000317625226483407
"X2.11623",-0.000217231007217419
"X2.11624",-0.00019334259522855
"X2.11625",0.000267662966179447
"X2.11626",-0.000322940781176878
"X2.11627",-0.000214038956691246
"X2.11628",-0.00010984001493308
"X2.11629",-0.000284037997133894
"X2.11630",-0.000427995599443816
"X2.11631",-0.000201052526954719
"X2.11632",-0.000334700251236128
"X2.11633",-0.000158391794715713
"X2.11634",3.49101319284801e-05
"X2.11635",-0.000392941655928048
"X2.11636",7.87464758736822e-05
"X2.11637",-8.77040621974539e-05
"X2.11638",-0.000298853782606832
"X2.11639",3.18237785443934e-05
"X2.11640",0.000126861446795314
"X2.11641",5.94835901844156e-05
"X2.11642",0.000131969634796665
"X2.11643",0.000174326544964874
"X2.11644",6.60814796134094e-05
"X2.11645",-8.41506791532137e-05
"X2.11646",0.000259295374865487
"X2.11647",0.000235848747325822
"X2.11648",-0.000161393050343769
"X2.11649",-0.000219065354254657
"X2.11650",-8.29617401839837e-05
"X2.11651",-0.000216026004319513
"X2.11652",-0.000134936031044847
"X2.11653",0.000218101494911315
"X2.11654",0.00017797128147972
"X2.11655",0.000282537864553491
"X2.11656",-0.000155096492075349
"X2.11657",-0.000354318409545212
"X2.11658",0.00019772524093174
"X2.11659",-5.44337349343247e-05
"X2.11660",-5.42481581854915e-05
"X2.11661",0.000252496316678028
"X2.11662",0.000390457958442059
"X2.11663",-0.000149790838986126
"X2.11664",-0.000281821975033148
"X2.11665",-0.000204266010673942
"X2.11666",0.000359897124475318
"X2.11668",0.000749814124337194
"X2.11669",9.71494608421448e-05
"X2.11670",-0.000514357574938689
"X2.11671",-0.000241285516898375
"X2.11673",-4.40311503713036e-05
"X2.11674",-0.000331347982083453
"X2.11675",8.45898538632505e-05
"X2.11676",-2.70524123577622e-05
"X2.11677",0.000133283594723109
"X2.11678",-0.000203298003927798
"X2.11679",0.000158335258729336
"X2.11680",0.000563452114658847
"X1.543",-0.000182310627809533
"X2.11681",9.47098447990822e-06
"X2.11682",-5.35796177582691e-05
"X2.11683",9.2383279037176e-05
"X2.11684",-8.50426216782334e-06
"X2.11685",0.000266586773683803
"X2.11686",-0.000207578884274978
"X2.11687",0.000228666894621201
"X2.11688",0.000266361419542018
"X2.11689",-1.62392727087543e-05
"X2.11690",0.00022387283448877
"X2.11691",-1.19697187631711e-05
"X2.11692",0.000380393405153938
"X2.11693",0.000110006039877848
"X2.11694",0.000293060851684203
"X2.11695",-0.000389238132745576
"X2.11697",4.96364816855996e-05
"X2.11698",0.000508850108187507
"X2.11699",0.000152496512678616
"X2.11700",-4.85833401937044e-06
"X2.11701",-7.55787233478361e-05
"X2.11702",2.27840750548916e-05
"X2.11703",0.00026433280968187
"X2.11704",1.84791979460989e-05
"X2.11705",-0.00020887261470786
"X2.11706",0.000102552631879768
"X2.11707",-0.000349170766148852
"X2.11708",-0.000314671369089174
"X2.11709",-0.000253129798641659
"X2.11710",-7.0080679790113e-05
"X2.11711",0.000180227910424649
"X2.11712",1.5564204674057e-05
"X2.11713",-0.00026146708850125
"X2.11714",-0.000112648996494657
"X2.11715",-0.000146469422759672
"X2.11716",-0.000325440004682454
"X2.11717",-0.000228556213917272
"X2.11718",-2.91938702135471e-05
"X2.11719",-0.000261016278874027
"X2.11720",-8.17486967598198e-05
"X0.3053",0.000120448760216456
"X2.11721",-0.00045194706606364
"X2.11722",9.96176941678816e-05
"X2.11723",-0.000531874887335501
"X2.11725",-0.000251548928144087
"X2.11726",0.000253518553445563
"X2.11727",6.10705098308e-05
"X2.11728",0.000436178161176026
"X2.11729",-0.000299688567488386
"X2.11730",-0.000337907290279985
"X0.3054",0.000461013271635642
"X0.3055",0.000100785279673312
"X2.11732",0.00021566312685578
"X2.11733",-0.000248138526138403
"X2.11734",-0.000727017468946119
"X2.11735",0.000235285954162782
"X2.11736",3.7969043961014e-06
"X2.11737",0.000279802125724939
"X2.11738",0.000366739325133641
"X2.11739",7.76497882634364e-05
"X2.11740",-0.00022232853824908
"X2.11741",0.000418844502568501
"X2.11742",7.65282398040342e-05
"X2.11743",-0.000113100701650147
"X2.11744",0.00021633126218787
"X2.11745",0.000350488830054887
"X2.11746",-0.000226329245632756
"X2.11747",0.000395139449091184
"X2.11748",-5.90765016742287e-05
"X2.11749",9.58205645173269e-06
"X2.11750",-0.000386520502893316
"X2.11751",8.17102553371497e-06
"X2.11752",0.000357382672700916
"X2.11753",-3.07184439982298e-05
"X2.11754",0.000223755128190301
"X2.11755",0.000382105827701703
"X2.11756",3.59317236441115e-05
"X2.11757",-0.000316752312801893
"X2.11758",0.000323051220387818
"X2.11759",-3.25417112689791e-05
"X2.11760",3.88082380045541e-05
"X2.11761",-0.000336521395154156
"X2.11762",-5.43335774865293e-05
"X2.11763",0.000121642306209189
"X2.11764",0.000121209829804376
"X2.11766",-0.000287610441960686
"X2.11767",-0.000257186673761433
"X2.11768",5.98575433205257e-05
"X2.11769",-0.000113267813067497
"X2.11770",0.000432994824173466
"X2.11771",9.98703420844399e-05
"X2.11772",1.83273686551593e-05
"X2.11773",6.75708677316009e-05
"X2.11774",0.00019845317042485
"X2.11775",-0.000155930815770416
"X2.11776",0.000410921476660139
"X2.11777",1.20612225880756e-05
"X2.11778",-0.000112243895032662
"X2.11779",-1.2914606285765e-05
"X2.11780",-0.000245431008675405
"X2.11781",0.000148812452375969
"X2.11782",0.000187393868477454
"X2.11783",0.000195455445192415
"X2.11784",1.44409336669949e-05
"X0.3056",0.000153652241384514
"X2.11786",8.2888268891606e-05
"X2.11787",-0.000172322790409925
"X2.11788",-0.000397270244397536
"X2.11789",-0.000211244267924556
"X2.11790",-0.000397891982607026
"X2.11791",-0.000177938995706983
"X2.11792",-0.000241195462391844
"X2.11793",-4.85325638376485e-05
"X2.11794",-3.35912182715102e-05
"X2.11795",-8.12589758311456e-05
"X2.11796",-0.000486677705201781
"X2.11797",8.72060763040067e-05
"X2.11798",-0.000597512323780759
"X2.11799",3.33505958389997e-05
"X2.11800",7.11061019696998e-05
"X0.3057",-3.96674759203829e-05
"X2.11801",-0.000326881480090904
"X2.11802",0.000505959396981679
"X2.11803",0.000115368631206591
"X2.11806",0.000193881096010852
"X2.11807",6.88552053585868e-05
"X2.11808",0.000643601350519664
"X2.11809",0.000612694853324491
"X2.11810",-7.01731117242431e-05
"X2.11811",1.91654772676475e-06
"X2.11812",-0.000549643686192895
"X2.11813",0.000206328699333958
"X2.11814",-3.41803517575902e-05
"X2.11815",0.000299669864037947
"X2.11816",-3.82457584040177e-05
"X2.11817",0.000814563868289028
"X2.11818",-0.000288595963318425
"X2.11819",3.4851140402012e-05
"X2.11820",-0.000196229442183021
"X0.3058",0.000169529132823203
"X2.11821",0.000440479346516143
"X2.11822",-0.000488048920326803
"X2.11823",-0.000154606065345989
"X2.11824",0.000116197801127689
"X2.11825",-0.000209699616226808
"X2.11826",0.000503603737776674
"X2.11827",-7.62008820374446e-05
"X0.3059",-0.000167881016065482
"X2.11828",5.95691410678568e-05
"X2.11829",-6.89480307797768e-05
"X2.11830",-0.000188456912155391
"X2.11831",-0.000277168616963306
"X2.11832",-0.000168297745795639
"X2.11833",1.64416300707655e-05
"X2.11834",7.20750948165246e-05
"X2.11835",0.000293286251466293
"X2.11836",0.00018250698409581
"X2.11837",-9.03696911091921e-06
"X2.11838",-0.00015804031166724
"X2.11839",-8.05042481615315e-05
"X2.11840",-0.000112739113058107
"X2.11841",0.000175408684170792
"X2.11843",0.000284510815856399
"X2.11844",5.99729913717733e-05
"X2.11846",0.000146852836870246
"X2.11847",0.000519771292419693
"X2.11848",-0.000126015332507935
"X2.11849",-0.000136041277578478
"X2.11850",8.02707205466551e-05
"X2.11851",0.000111520850338228
"X2.11852",-0.000449598114082502
"X2.11853",-0.000196904307365618
"X2.11854",-0.000146870897287014
"X2.11855",-7.44730642221764e-05
"X2.11856",-0.000110027953530729
"X2.11857",-0.000195393386853103
"X2.11858",-0.000124745064860523
"X2.11859",7.30973294877193e-05
"X2.11860",-0.000410640212513683
"X2.11861",5.35984940531657e-05
"X2.11862",-0.000986427659449357
"X2.11863",-0.000320866259311243
"X2.11864",-0.000703394171752821
"X2.11865",-0.000216276723245832
"X2.11866",-0.000787049223648333
"X2.11867",0.00015173793884021
"X2.11868",0.000138029465685771
"X2.11869",1.08894563745597e-05
"X2.11870",-7.40438537449316e-05
"X2.11871",0.000173933180809452
"X2.11872",-5.69199066172699e-05
"X2.11873",-9.67620605997897e-05
"X2.11874",-0.00026441769765245
"X2.11875",-0.000184377865130015
"X2.11876",-0.000319941468984655
"X2.11877",0.000119918702148522
"X2.11878",-0.000226896329069173
"X2.11879",-0.000246457222988279
"X2.11880",-0.000135438786404363
"X2.11881",1.23589366574968e-05
"X2.11882",0.000230639401708695
"X2.11883",-0.000124621943524209
"X2.11884",-3.31577607793951e-06
"X2.11885",-0.000105301708724991
"X2.11886",-5.33949182172677e-05
"X2.11887",-8.77588179331634e-05
"X2.11888",-0.000256223784797048
"X2.11889",-0.000563442763423159
"X2.11890",0.000200316683943736
"X2.11891",-0.000218325278441363
"X2.11893",-0.000615514371558884
"X2.11894",0.000426308977441287
"X2.11895",-0.000260009746211771
"X2.11896",-0.000349919584833388
"X2.11897",0.000302308922760267
"X2.11898",-1.85878500893603e-05
"X2.11899",0.00011965766711102
"X2.11900",-0.000303167558114945
"X2.11901",-0.000358312924965101
"X2.11902",-0.000234101910283512
"X2.11903",-0.000400221722645053
"X2.11904",-0.000295432238190274
"X2.11905",9.82734340945181e-05
"X2.11906",-0.000518541925991865
"X2.11907",0.000160404672059885
"X2.11908",-0.000132814195805439
"X2.11909",-0.000194687973700265
"X2.11910",-0.000201485178070959
"X2.11911",7.38587066173216e-05
"X2.11912",5.53770465925124e-05
"X2.11913",0.000191758314858208
"X2.11914",-0.00021915573846584
"X2.11915",-0.000344987358637521
"X2.11916",-0.000323292971282814
"X2.11917",-3.32166930227848e-06
"X2.11918",-0.000433879790598127
"X0.3060",0.000288780971789782
"X2.11919",-3.1868153807096e-05
"X2.11920",-0.000189358995426676
"X2.11921",-0.000916170559897439
"X2.11922",-0.000254140907284231
"X2.11923",-0.000287714416060072
"X2.11924",-0.000475747538665426
"X2.11925",-0.000112126474411256
"X2.11926",-0.00025970376380268
"X2.11927",-0.000166939658152738
"X2.11928",-0.000211471349891003
"X2.11930",-0.000288217772913028
"X2.11931",-0.000300222969607521
"X2.11932",-0.000394786676252702
"X2.11933",-0.00021808074716775
"X2.11934",0.000426723370725532
"X2.11935",8.88031219243436e-05
"X2.11936",-0.000175586029201428
"X2.11937",9.95800530957565e-05
"X2.11938",-0.000390484453881753
"X2.11939",-0.000596681926131269
"X2.11940",-4.42378229820502e-05
"X2.11941",0.000145948074395872
"X2.11942",-0.00012498770909409
"X2.11943",8.08418474800152e-05
"X2.11944",-0.000114332929386241
"X2.11945",7.56294801256773e-05
"X2.11946",-0.000474466153607753
"X2.11947",-3.66798826075824e-05
"X2.11948",-0.000150590342011419
"X2.11950",0.000225808888640702
"X2.11951",-0.000224037661310487
"X2.11952",1.83628855577326e-05
"X2.11953",-0.000311542927176415
"X2.11954",-0.000500758651252844
"X2.11955",-0.000293114376035837
"X2.11956",-0.000398213129058936
"X2.11957",-0.000646489521921536
"X2.11958",-0.000219363606704921
"X2.11959",-3.99470021814479e-05
"X2.11961",-0.00042850289543977
"X2.11962",-0.000296771282665239
"X2.11963",-0.000393287173420633
"X2.11964",0.000137586470035585
"X2.11965",-0.000622475201963412
"X2.11966",-0.000555997443318833
"X2.11968",-0.000169722750766333
"X2.11969",-0.000450109929733811
"X0.3061",9.70286964136652e-06
"X0.3062",0.000186906253699775
"X2.11974",-0.000275184537717417
"X2.11976",-0.000392427992590402
"X2.11977",0.000273413957899312
"X2.11978",-0.000404375365948815
"X2.11979",-0.000269617967714616
"X2.11980",3.06570557836212e-05
"X2.11981",-0.000192286235464007
"X2.11982",-0.00040339317477467
"X2.11983",-3.88626415856416e-07
"X2.11984",-0.000322224828074608
"X2.11985",-0.000189484333272004
"X2.11986",-0.000529006567573635
"X2.11987",-0.000212012960739349
"X2.11988",-0.000212316498512173
"X2.11989",9.99160507613102e-05
"X2.11990",-4.51352478739521e-05
"X2.11991",-0.000551701238033948
"X0.3064",0.000195291731072091
"X0.3065",-0.000465608458097853
"X0.3066",0.000137698049867969
"X0.3067",0.000389020513500163
"X2.11992",-0.0002633341027161
"X2.11993",-8.00609329933961e-05
"X2.11994",-0.00013454667033488
"X2.11995",-0.000404931364214592
"X2.11996",-0.000303853067037727
"X2.11997",-3.47511404369169e-05
"X2.11998",-0.000383235964914003
"X2.11999",-0.000260222273432972
"X2.12000",-0.000240491592355799
"X2.12001",0.000138055819275056
"X2.12002",5.56272906523468e-05
"X2.12003",-0.000376956515965721
"X2.12004",-0.000182582447631366
"X2.12005",0.000260615793683743
"X2.12006",-0.000172665588298475
"X0.3068",0.000177900854967315
"X2.12007",0.000190148278812992
"X2.12008",-0.000130535326645699
"X0.3069",7.34878825470619e-05
"X0.3070",-0.000395131163287501
"X2.12010",-0.000489666474736028
"X0.3071",8.06124649467554e-06
"X2.12011",-0.000116987846477572
"X0.3072",0.000175549638169114
"X2.12013",-6.10416300550857e-05
"X2.12014",-0.000314335419922439
"X0.3073",0.000223916479167503
"X2.12015",3.98314056437229e-05
"X2.12016",-7.04157550916205e-05
"X2.12017",0.000263107093858069
"X2.12018",-0.000245050048199181
"X0.3074",0.000119214415455784
"X2.12019",0.000124709758677618
"X2.12020",-0.000409082359887655
"X2.12021",0.000120596910834989
"X0.3075",0.000521285678012039
"X2.12022",-0.000500484211134468
"X2.12023",6.92324626872471e-05
"X2.12024",-0.00012220906787489
"X2.12025",-0.000150642864119928
"X2.12026",0.000140037314027346
"X2.12028",-0.000324097290437376
"X2.12029",-4.40991207582857e-05
"X0.3076",-0.000100040288710561
"X2.12031",-8.31506850947624e-05
"X0.3077",0.000733952247775495
"X2.12032",0.000267958189693954
"X0.3078",-0.000397864372629385
"X0.3079",-0.000481346019060698
"X2.12033",-8.9258754031541e-05
"X2.12034",-0.000290245346532285
"X2.12035",-0.000730089089472942
"X2.12036",-0.000328385644937399
"X2.12037",-0.000144511226757001
"X2.12038",-0.000229558709308458
"X2.12039",-0.000269241982761357
"X2.12040",-4.4863459197003e-05
"X2.12041",2.93167463020112e-05
"X0.3080",0.000226771412978091
"X2.12042",-0.000579481205665312
"X2.12043",-0.000310369485058971
"X2.12045",0.000166802881116264
"X2.12046",0.00019941123867087
"X2.12047",0.000333346089646506
"X2.12048",-0.0005360170726641
"X2.12049",-0.000167383814146872
"X2.12050",0.000158018180285259
"X2.12051",-0.000333938269996972
"X2.12052",-0.000261552661076901
"X2.12053",-0.000260405509895152
"X0.3081",0.000400421415556998
"X2.12055",-0.000496289185450944
"X2.12056",-0.000342903182246684
"X0.3082",-4.84612476424134e-07
"X2.12057",-0.000593164550816373
"X2.12058",-0.000397068297336105
"X2.12059",1.77510263790793e-05
"X2.12060",-0.000218351681310636
"X2.12061",-0.000332562919487648
"X2.12062",-0.000468960510315501
"X2.12063",-0.000300219806904739
"X2.12064",-0.000452674887685024
"X2.12065",2.63319948771549e-05
"X2.12066",-0.000256238781737294
"X2.12067",-0.000117966749435753
"X2.12068",-0.000200685600965284
"X0.3083",0.00039811085484638
"X2.12069",-0.000274799588528576
"X2.12070",-4.63816438346326e-05
"X2.12071",6.05589974232844e-05
"X2.12072",6.13696141092052e-05
"X2.12073",-0.000383815470407792
"X2.12074",-0.000459735106544395
"X0.3084",-3.86613572076493e-05
"X2.12075",-0.000480981973636592
"X2.12077",3.8048533523887e-05
"X2.12078",-0.000206469385979773
"X2.12079",0.000205821780114769
"X0.3085",4.75800270730674e-05
"X2.12082",0.000192569742845794
"X2.12083",0.000390256033577485
"X2.12084",-3.35641660836093e-05
"X2.12085",0.000231739527827415
"X2.12086",0.000387863787338931
"X2.12087",7.47586412449577e-05
"X2.12088",-0.000843059009863286
"X2.12090",-0.000303479123808946
"X0.3089",-7.05497402348814e-06
"X2.12091",8.67249587370814e-05
"X2.12092",4.09894462864706e-05
"X2.12093",-4.56950118611993e-05
"X0.3090",-1.548425103043e-05
"X0.3091",0.000261150105397824
"X2.12094",-0.000139425053120743
"X2.12095",5.55739485178931e-05
"X2.12096",-0.000136900270906626
"X0.3092",0.000126935814686694
"X0.3093",5.30528061181596e-05
"X2.12097",0.000135081889267221
"X0.3094",-0.000163169602278871
"X0.3095",0.000421849255403005
"X0.3096",0.000402510730882781
"X0.3097",3.84766417500544e-05
"X0.3099",1.24375779040206e-05
"X2.12099",0.00030883475261951
"X2.12100",-0.000105080417517705
"X2.12101",-6.24327311596124e-06
"X2.12102",-0.00011201923605793
"X2.12103",0.000112229125467658
"X0.3101",0.000160490841573919
"X2.12105",0.000146045595407964
"X2.12106",-4.38285039666072e-05
"X2.12107",0.000570373325424792
"X2.12108",0.000461774669545531
"X2.12110",-0.000229322571576479
"X2.12111",8.92992940888606e-05
"X2.12112",-4.53045276298347e-06
"X2.12113",-3.16798511790991e-05
"X2.12114",-1.89206762491142e-06
"X2.12118",0.000520939277270574
"X2.12119",-0.000600153420295873
"X2.12120",-0.000201915050222835
"X2.12121",0.000425956848930388
"X2.12122",0.000779817323855425
"X2.12124",0.000527940496490537
"X2.12125",-0.000267401705714113
"X0.3102",-0.000376542813596837
"X2.12126",-3.36372932880279e-06
"X0.3103",-0.000308523605777191
"X0.3104",0.000115736505984181
"X2.12127",-4.60296610248174e-05
"X2.12128",0.000195031130019422
"X2.12129",0.000183243131411722
"X0.3105",-0.000184312178092577
"X0.3106",0.00018716314175782
"X2.12130",-6.7211828386407e-05
"X2.12131",0.000507286754602251
"X0.3107",-5.28405159202161e-05
"X0.3108",-0.000136731529646219
"X2.12132",-0.000123592192448836
"X2.12134",-0.000424284233456581
"X0.3109",-0.000488174916307082
"X0.3110",0.000116848869622457
"X0.3111",0.000144961438384676
"X2.12136",0.000182932701944834
"X0.3112",0.000263515050301432
"X0.3113",0.000119885853702218
"X2.12137",8.09929624465321e-05
"X2.12138",0.000300304333105334
"X2.12139",5.18865429412277e-05
"X0.3114",4.00434911974409e-05
"X2.12140",0.000173403271310556
"X2.12141",-1.68574778540499e-05
"X0.3115",-9.569349167676e-05
"X0.3116",-0.00018207490664078
"X0.3117",-0.000188630118787367
"X2.12142",-3.20519036526011e-05
"X2.12143",-4.40410468200208e-05
"X2.12144",0.000253140344185147
"X2.12146",-0.000217395585097505
"X2.12147",0.000282673462689064
"X2.12148",-0.000326289755566525
"X2.12149",-0.000453274103050661
"X2.12150",0.000188795576963566
"X2.12151",-0.000336504714769389
"X2.12152",-0.000268341445801531
"X2.12153",-0.000509441393692784
"X2.12154",0.000500505078140425
"X2.12155",0.00029157148839562
"X2.12157",-0.000183463882796534
"X2.12158",0.000120999659882739
"X2.12159",-0.00017405595526858
"X2.12160",0.000566673384629535
"X2.12161",0.000514026512427686
"X2.12162",-0.000105007151645907
"X2.12163",0.000304185510453252
"X2.12164",0.000191836479581238
"X2.12165",0.000383276650514251
"X2.12166",0.000293149485266823
"X2.12167",0.000158709693616159
"X2.12168",0.000434324986574312
"X2.12169",-9.03555959590296e-05
"X2.12170",-5.1256351635528e-06
"X2.12171",-0.000456865514065055
"X2.12172",0.000238691330752474
"X2.12173",-0.000289828145205439
"X2.12174",4.72187717383679e-05
"X2.12175",-0.000220145926764507
"X2.12176",-0.000124943733355336
"X2.12177",0.000657952227688872
"X2.12178",-0.000380903643203783
"X2.12180",-0.000550989458503383
"X2.12181",-0.000390904011243719
"X2.12182",-0.000288853689919418
"X2.12183",-0.000430908113811857
"X2.12185",-0.000122586797252705
"X2.12186",-0.000745478905584171
"X2.12187",0.00011780361247888
"X2.12188",0.000109579162648339
"X2.12189",0.000398193460499783
"X0.3118",0.000419904814392315
"X2.12190",-8.96944640342866e-05
"X2.12191",0.000289810540976467
"X2.12192",6.93842860051797e-05
"X2.12193",-1.17187725239026e-05
"X2.12194",-0.000136637817218711
"X2.12195",-0.000326599242461856
"X2.12197",-0.000258484398283947
"X2.12198",-0.000298262820483412
"X2.12199",0.000543370850027906
"X2.12202",1.92751179961633e-05
"X2.12203",0.00033714292754271
"X2.12205",-8.54577217000824e-05
"X2.12206",-0.000159065368325328
"X2.12207",-0.000419390093684306
"X2.12208",-0.000176559838551934
"X2.12209",0.000124815413478458
"X2.12211",-0.000279919178478908
"X2.12212",-0.000397613309763375
"X2.12213",0.000334217775067654
"X2.12214",-0.000302231326348155
"X2.12215",9.54290775269939e-05
"X2.12216",0.000309486178025086
"X2.12217",0.000167708741407846
"X2.12218",-1.59253093243055e-05
"X2.12219",-0.000139388851478352
"X2.12220",0.000531079315937608
"X2.12221",-0.000190111675064064
"X2.12222",3.52129068517192e-05
"X2.12223",-0.000100358047180291
"X2.12225",0.000331075566281072
"X2.12226",0.000456380374274204
"X2.12227",0.000725882322043033
"X2.12228",0.000294152926883293
"X2.12229",0.000235722992001712
"X2.12230",0.000309017427526556
"X2.12231",0.000996959195818179
"X2.12232",0.000306206151426177
"X2.12233",0.000618420214732053
"X2.12234",0.000407900714623944
"X2.12235",0.000292878127731054
"X2.12236",0.000296092997635259
"X2.12237",9.02642734343315e-05
"X2.12238",-0.000282563367850638
"X2.12239",0.000253995615240356
"X2.12240",6.64123392350734e-05
"X2.12241",0.000643240311160739
"X0.3119",-0.000203182835511448
"X0.3120",-0.000397715288048858
"X2.12242",0.000596168781043462
"X2.12243",0.000461900064677527
"X2.12244",0.000370709307649722
"X2.12245",0.000852103872191868
"X2.12246",0.000896963256352423
"X2.12247",0.000303610454731588
"X2.12249",0.000377839982971666
"X2.12250",0.000516908664797738
"X2.12251",0.000619927190963127
"X0.3121",0.000199649531795684
"X0.3122",6.49664583211774e-05
"X0.3123",0.000864800590898408
"X0.3124",0.000254103089357824
"X0.3125",0.000428777375392428
"X0.3126",0.000345674577400932
"X0.3127",0.00019151458034976
"X2.12252",-0.000207718350773143
"X0.3128",0.000265633701807491
"X0.3129",0.000304067947094967
"X0.3130",0.000123380598049021
"X0.3131",0.000953522085379066
"X0.3132",0.000324685350761502
"X2.12253",9.46538567750707e-05
"X0.3133",0.000340620246517265
"X0.3134",0.000401156787088388
"X2.12254",7.25735333983897e-05
"X0.3135",0.000508538190758745
"X0.3136",0.000600689207966977
"X0.3137",0.000525533424171822
"X0.3138",0.000643604723636688
"X0.3139",0.000682585172005014
"X0.3140",0.000825575758298599
"X0.3141",0.000622794088186413
"X0.3142",0.000537782942707822
"X0.3143",0.000129201828239233
"X0.3144",0.000645800936998124
"X0.3145",0.000181747590693611
"X0.3146",0.000324979269300862
"X0.3147",0.000473652630336091
"X0.3148",0.000382784991638014
"X0.3149",0.000111881295008124
"X0.3150",0.000219105473545659
"X2.12257",7.13477001084716e-05
"X2.12258",0.00042154318057647
"X0.3151",-0.000348548416424905
"X2.12259",0.000230597865461561
"X2.12260",6.54243785550524e-05
"X2.12261",-0.00017014405189416
"X2.12262",-7.91522929634286e-05
"X0.3152",-9.68565829905585e-05
"X0.3153",0.000532535821392888
"X2.12263",5.38484083389846e-05
"X2.12264",-0.00033694241721631
"X0.3154",5.74885855793385e-05
"X0.3155",0.000518245011887525
"X0.3156",-1.57880867744058e-05
"X0.3157",7.86953544024447e-05
"X2.12265",4.02051939353778e-05
"X2.12266",-0.00050234803223653
"X0.3158",0.000460575666087821
"X2.12267",0.000215414862961059
"X2.12268",0.000138400630981644
"X0.3159",-0.000114623923590783
"X2.12269",-6.88122350484065e-05
"X0.3160",0.000367457024497985
"X0.3161",0.000197379161101313
"X2.12270",0.000123972311004562
"X2.12271",-0.000186925989344532
"X2.12272",7.19246674120278e-05
"X2.12274",-0.000219803950020615
"X2.12275",-0.000331570016765397
"X0.3162",2.39174624932607e-05
"X2.12278",-0.000104417026014134
"X0.3164",0.000296150614725203
"X0.3165",5.49697337289736e-06
"X2.12279",-0.000145999556250263
"X2.12280",0.000125787695130671
"X2.12283",-0.000112387433770139
"X0.3166",0.00022918053567489
"X0.3167",-0.000258071354329934
"X2.12284",-0.000213336248460345
"X0.3170",-2.31483193801424e-05
"X0.3171",2.30378741965849e-05
"X2.12286",-8.59427178893929e-05
"X0.3172",2.57444963036283e-05
"X2.12288",7.11727981181785e-05
"X2.12289",0.000234029075545545
"X2.12290",-0.00028412372687184
"X2.12291",-0.000332445739623353
"X2.12292",-7.62802868161805e-06
"X2.12293",-0.000184390882394343
"X2.12296",0.000290936279508071
"X0.3173",0.000843766162872324
"X0.3174",0.000827047975384872
"X0.3175",0.0008389927743872
"X0.3177",0.000499409399427475
"X0.3178",0.0010881842181091
"X2.12297",-0.000688565831012627
"X2.12298",-0.000353842159618943
"X2.12299",0.0002205507527154
"X2.12300",0.000389213472953269
"X2.12301",2.27377888083655e-05
"X2.12302",0.000272741503316216
"X2.12303",-0.00055339744136306
"X2.12304",7.01484174771708e-05
"X2.12305",5.56881154496651e-05
"X2.12306",-8.97278979357758e-05
"X2.12307",-0.00015111833141722
"X2.12308",-4.37573445162097e-05
"X2.12309",-4.40382667593214e-05
"X2.12310",7.06901226797987e-05
"X2.12311",0.000171615765822823
"X2.12312",-9.34360447028542e-05
"X2.12315",-0.000109014134552222
"X0.3179",-2.47697713068704e-05
"X0.3180",0.000163832829394371
"X0.3181",0.000303215956672
"X2.12316",0.000374298438372278
"X0.3182",6.91228344431198e-05
"X0.3183",0.000380397424866597
"X0.3184",-9.29031409935173e-05
"X0.3185",-3.01796070323714e-05
"X2.12317",0.000393601960757593
"X0.3186",0.000409845616468382
"X0.3187",4.79932469369677e-05
"X2.12319",-0.000542851223490849
"X0.3188",0.000228280336042911
"X2.12321",0.000197986107548694
"X2.12322",-8.59311619227965e-05
"X2.12323",0.000296289948809095
"X2.12324",0.000214709426912597
"X2.12325",0.00061656063761312
"X0.3189",-0.00066736911383878
"X2.12326",0.000193766997775517
"X0.3190",-0.000295365292795101
"X2.12327",0.000312159988547957
"X1.558",0.000504749755489349
"X0.3191",9.84855513117258e-05
"X2.12328",0.000301927504617808
"X2.12329",3.35749055707206e-05
"X0.3192",0.000177331482025797
"X0.3194",0.000134092655699073
"X0.3195",-8.41170202304844e-05
"X0.3196",0.000405833179705125
"X0.3197",-4.22031097100698e-06
"X0.3198",0.000632571534135888
"X2.12331",0.000727325039901059
"X0.3199",0.000390829982538443
"X2.12334",-3.37384421022258e-05
"X0.3200",0.000146247626526436
"X0.3201",0.000255245361849229
"X2.12335",6.25536902586137e-05
"X2.12336",0.000279686639560437
"X0.3202",-4.99576963541651e-05
"X0.3203",0.000591074502018285
"X0.3204",0.000122622407705492
"X2.12337",1.84577679895851e-05
"X2.12338",0.000212027618363227
"X0.3206",0.000385739658791226
"X2.12339",-0.000143663279280676
"X0.3207",0.000586743655514756
"X0.3208",0.000134958697073691
"X0.3209",2.95362024249017e-05
"X0.3210",0.000213631816401132
"X2.12340",8.69530268226673e-05
"X0.3211",0.000264183625185451
"X0.3212",0.000108569125911787
"X0.3213",7.08399883073078e-06
"X2.12341",5.30467851265877e-05
"X2.12342",0.000183765398355125
"X2.12344",0.000169778531600541
"X0.3214",-0.000274879953882845
"X0.3215",2.35478662199623e-05
"X2.12348",3.23153737035586e-06
"X2.12349",0.000112316487211626
"X0.3217",0.00054026307971862
"X2.12350",0.000105425296228099
"X2.12351",0.00037511300454061
"X2.12352",0.000370672581217923
"X0.3219",-0.000202554095869547
"X0.3220",0.000833836678468278
"X0.3221",0.000588652948580851
"X2.12355",-0.000444930877585243
"X2.12356",-0.000297560195754975
"X0.3222",0.000179979669264893
"X2.12357",-0.000368082442678068
"X2.12358",7.15659525386192e-05
"X0.3223",6.83464458641419e-05
"X2.12359",-0.000274165983322448
"X2.12361",-0.00059858122900646
"X2.12362",-0.000159048537455142
"X2.12363",0.000147197051708225
"X2.12364",0.000254698242378762
"X2.12365",-0.000332860902022516
"X2.12366",-7.69154762763906e-05
"X2.12367",-0.000276135265273533
"X2.12368",0.000149837369158784
"X2.12369",1.93397365500991e-05
"X2.12370",-0.000181351324564772
"X0.3224",-0.000622637454811122
"X2.12371",0.00031634769936126
"X2.12372",-0.000595604029371495
"X2.12373",0.000191320795050712
"X2.12374",-7.23703080974861e-05
"X2.12375",0.000161808326123425
"X2.12376",-0.000132712976837767
"X2.12377",0.000242750419639585
"X2.12378",-0.000162907434800897
"X2.12379",-4.80023662296609e-05
"X2.12380",-0.000354237063028772
"X2.12382",-0.000726367154779812
"X2.12383",-0.000257160483534334
"X2.12384",0.000144791580485711
"X0.3225",-0.000587691545493402
"X1.560",-0.000274752367376321
"X0.3226",-1.95796818589706e-05
"X2.12385",0.000113336279007075
"X0.3227",-0.000709139370410157
"X2.12386",-0.000465551033812613
"X2.12387",-8.70614538156331e-05
"X2.12388",-0.000199442058451755
"X0.3228",-0.000423229352617358
"X2.12389",-8.63222258419689e-05
"X0.3229",-0.000337441022393535
"X0.3230",-0.000220735621181496
"X0.3231",-0.000362485747635756
"X0.3232",-0.000548801566209523
"X0.3233",-0.000558097063700421
"X2.12390",-0.000106495475141963
"X0.3234",-0.000620346477957531
"X2.12391",9.47788546535327e-06
"X2.12392",0.000106795864731161
"X0.3235",-0.000100859632405686
"X2.12393",-0.000513882653657822
"X2.12394",-6.30175332489517e-05
"X0.3236",0.000148440008664601
"X0.3237",-4.86218797719055e-05
"X2.12395",-0.000501532567080879
"X2.12396",-0.000223037057619756
"X0.3238",-1.75312127332617e-05
"X0.3239",-0.000107668901083132
"X0.3240",-9.17952326343343e-06
"X0.3241",-0.000452347364591951
"X2.12397",-5.02432948216439e-05
"X0.3242",-0.000375882341378679
"X2.12398",4.37265147135929e-06
"X2.12399",-0.000243275071539664
"X0.3243",-0.000144142182560967
"X0.3244",0.000106335403720475
"X2.12400",-1.6087432358975e-05
"X2.12401",-0.000779311067219423
"X2.12402",-0.000216131174845549
"X2.12403",0.000470509514237554
"X2.12404",5.51927918165967e-05
"X2.12406",0.000341011544255202
"X2.12407",-9.58213910415229e-06
"X2.12408",-0.000315094947628883
"X2.12409",-8.87470241660557e-05
"X2.12410",0.000306812434742236
"X2.12411",-4.49445873200257e-05
"X2.12412",-0.000180901091017462
"X2.12413",3.70573350360915e-05
"X2.12414",-0.000115271431851149
"X2.12415",-0.000217785901256423
"X2.12416",-0.000104977383995501
"X2.12417",0.00010858227738091
"X2.12418",-0.000679319814255808
"X2.12419",2.78587830854845e-05
"X2.12420",-0.000128423140264426
"X2.12421",-0.000392314368722296
"X2.12422",-0.000416434509388523
"X2.12423",-0.0002832762622409
"X2.12424",-0.00058494222927974
"X2.12425",-0.000678550309758647
"X2.12427",-0.000278305359100241
"X2.12428",0.000446236789776364
"X2.12429",0.000275868834654136
"X2.12430",-0.000774189082740508
"X2.12431",-0.000121200326712094
"X2.12432",-7.20059650765229e-05
"X2.12433",-7.12965083418049e-05
"X2.12434",-0.000356491374255524
"X2.12435",0.000214752896303147
"X2.12436",7.44891443225272e-05
"X2.12437",0.000261516553624068
"X2.12438",-2.71062494863396e-05
"X2.12439",-8.00736470650196e-05
"X2.12440",0.000219721462582357
"X2.12441",5.35353215172801e-05
"X2.12442",-0.000376755380328206
"X2.12443",-0.000358621382978457
"X2.12444",-0.000291984877931144
"X2.12445",-9.68408539224978e-05
"X2.12446",-0.000375803789185357
"X2.12447",0.000165792503967586
"X2.12449",5.22655493827248e-05
"X2.12450",1.55591196389506e-06
"X2.12451",0.000106056466078117
"X2.12452",-4.15018505243699e-05
"X2.12453",8.80500342930725e-05
"X2.12454",-0.000211036984197203
"X2.12455",-0.000377029001812845
"X2.12456",-0.000421559889950229
"X2.12457",0.000180721092421494
"X2.12458",-6.15833589017342e-05
"X2.12459",4.54802292110172e-05
"X2.12460",0.000341277265783314
"X2.12461",-0.00013946558132196
"X2.12466",6.95732344827288e-05
"X2.12467",7.75149649338995e-05
"X2.12468",0.000355314273099761
"X0.3246",0.000228270439094747
"X2.12469",0.000107706741296181
"X2.12470",0.000637949796235523
"X2.12471",-0.000225938759763149
"X2.12472",0.000148822462557386
"X2.12473",-0.000277330021809491
"X2.12475",0.000320705573870099
"X2.12477",0.00039937996828755
"X2.12478",2.19243061287171e-07
"X2.12480",0.000259016657533347
"X2.12481",0.00012315666585877
"X2.12482",-0.000310083045130845
"X2.12483",-0.000187657821322238
"X2.12484",0.000383893304349554
"X2.12485",9.12189450986596e-05
"X2.12486",9.49346873288215e-05
"X0.3247",-0.000145649577663138
"X2.12487",-0.000520482384947022
"X2.12488",-0.000200900777968163
"X2.12489",7.4542792535272e-05
"X2.12490",0.000129970969032777
"X2.12491",5.50095994580855e-05
"X2.12492",0.000227512430578026
"X2.12493",3.98993982491908e-05
"X2.12494",2.94166752617148e-05
"X2.12495",0.000282756871551404
"X2.12496",0.000141296209778478
"X2.12497",0.000316574721780614
"X2.12498",0.000137787628021302
"X2.12499",0.000398946443131437
"X2.12500",6.09268818520578e-05
"X2.12501",0.000276158262573525
"X2.12502",0.000609796653816867
"X2.12503",-0.00021259912615282
"X0.3248",-0.000172020546602677
"X2.12505",-0.000115411346697584
"X2.12506",0.000364755328556124
"X2.12507",-0.00108387006647195
"X2.12508",0.00017633358216123
"X2.12509",-0.000225867407977152
"X2.12510",-0.00022716424514886
"X2.12511",-4.18043504843446e-05
"X2.12512",0.000114189685643029
"X2.12516",-0.000188817223163689
"X2.12517",-0.000449313536758378
"X2.12518",0.000112558812728422
"X2.12519",-0.000489121614607197
"X2.12523",6.02357949071309e-05
"X2.12524",-9.76798850137485e-06
"X0.3251",7.2108403604442e-06
"X2.12525",-1.03731732608382e-05
"X0.3252",-8.30263573744154e-05
"X0.3253",0.000175813836390988
"X0.3254",-0.000528223459302149
"X2.12527",-0.000506013199838349
"X0.3256",-0.000268333819079424
"X0.3257",0.000187344876113805
"X2.12528",0.000160733992928211
"X2.12529",0.000140350594908229
"X0.3259",-0.000428223133971844
"X0.3260",0.000202367959733758
"X2.12536",-0.000212151807247374
"X0.3261",-0.000158872279971371
"X2.12537",-4.51096561748744e-06
"X0.3262",-0.000666823263604012
"X0.3263",4.70881246380412e-05
"X0.3264",-6.92109163430522e-05
"X0.3265",-0.000131431590154816
"X0.3266",-0.000169429445619067
"X0.3267",-0.000123684304844988
"X0.3268",0.000105122730028761
"X0.3269",-0.000497593394362092
"X0.3270",0.000292267001102836
"X0.3271",-3.86305002864009e-05
"X0.3272",-0.000157647257101718
"X2.12540",0.000161908616637324
"X0.3273",0.000139684384245897
"X2.12541",-1.25923375582552e-05
"X2.12542",0.000151891344138475
"X2.12544",0.000315609528466319
"X0.3274",7.44878080864718e-06
"X2.12545",-0.000143929473436723
"X2.12546",4.39468378208274e-05
"X2.12547",-0.000669382180275768
"X0.3275",-0.000154399220976765
"X2.12548",0.000209376423713781
"X0.3276",-0.00037300348115497
"X2.12552",0.000460648306135876
"X0.3277",-0.000137699435254232
"X2.12554",0.000294429883290611
"X2.12555",0.000469662172596679
"X2.12556",-0.000295534528990884
"X2.12557",-6.61371800594563e-05
"X2.12562",0.000142962909018647
"X2.12563",0.000450156343254833
"X0.3279",8.36428888938532e-05
"X2.12571",-0.000486316506918009
"X0.3280",6.83083169857189e-05
"X2.12574",2.93623286129953e-05
"X2.12575",0.00067100768512002
"X2.12578",0.000500063160643399
"X2.12579",0.000150556595353692
"X2.12580",0.000220518194243892
"X2.12581",-0.000838857094807143
"X2.12585",0.000213092574847007
"X2.12586",0.000134432320305431
"X2.12587",-8.83820623251592e-05
"X0.3281",-0.000173303975124163
"X0.3282",0.000161419558281549
"X2.12588",-0.00061718555214455
"X2.12589",0.000348505317985123
"X2.12593",0.000359065982253508
"X2.12594",0.000565742680697373
"X0.3284",-0.000152351500018896
"X2.12595",0.000105068559854325
"X2.12596",0.000171242317424551
"X2.12598",8.8384813666812e-05
"X2.12599",0.000347481750085874
"X2.12600",0.000183615727311227
"X2.12602",0.000437315147608209
"X2.12604",0.000315793249365936
"X2.12605",3.09829764217177e-05
"X0.3285",0.000331181777173541
"X2.12606",-8.80930720378751e-05
"X0.3286",-0.000112807388000428
"X0.3287",0.000327480143813868
"X0.3288",0.000389340856869399
"X0.3289",-3.92127840570127e-05
"X0.3290",0.000218074479322097
"X0.3291",0.000161003567357567
"X0.3292",-0.000180048546358556
"X0.3293",0.000438530487876137
"X2.12607",-2.62636144405473e-05
"X2.12608",-0.000121752036793984
"X2.12609",0.000103304977220925
"X2.12610",-3.44923811723316e-05
"X2.12611",6.87151194640756e-05
"X0.3295",4.19871389047586e-05
"X2.12612",-0.000295683755825281
"X2.12613",-0.00055172514767353
"X2.12614",-0.000374750259978765
"X0.3296",0.000302877949227004
"X0.3297",0.000125187510022854
"X0.3298",-0.000173182731475752
"X0.3299",0.00053169461865666
"X0.3300",0.000478797045966615
"X0.3301",-4.34422310510813e-05
"X0.3302",0.000373637231330003
"X2.12616",0.000133354961334661
"X0.3303",0.000203930557299745
"X0.3304",3.47211730640795e-05
"X0.3305",-9.33066871599686e-05
"X2.12617",0.000123990544584481
"X0.3308",0.000120798945192002
"X0.3309",8.74783167001568e-05
"X2.12618",-0.000362879567357367
"X0.3310",0.000248927059502485
"X0.3311",0.000247038123841886
"X0.3312",8.05578477960595e-05
"X2.12621",0.000188054377132541
"X2.12623",6.20873066774226e-05
"X2.12624",-0.000587628955092968
"X2.12625",0.000333618143446274
"X2.12626",-8.76064773996255e-05
"X2.12627",8.47655169167157e-05
"X2.12628",-0.000140417549654644
"X0.3313",8.65317772217018e-05
"X0.3314",-6.6465315961168e-05
"X0.3316",-0.000503726714589683
"X0.3317",-0.000179323980335276
"X2.12629",0.000568911166900371
"X2.12633",0.000532833542365083
"X2.12634",0.000455079919534658
"X2.12635",0.000304937458008373
"X2.12636",0.00013131933967821
"X2.12637",-0.00041515795449955
"X2.12639",0.000245931663880612
"X2.12640",-8.98597448928585e-05
"X0.3319",-0.000260946178149185
"X0.3321",-0.000723045820212433
"X0.3322",-0.000620960252710089
"X2.12642",-0.000493066617942467
"X0.3323",-0.000370224736408397
"X0.3325",0.000255426303843165
"X0.3326",-0.000406608264230089
"X0.3327",0.000112149740969886
"X0.3328",0.000599920928195711
"X0.3329",0.000305250568601354
"X0.3330",0.000767834618467687
"X2.12643",-0.000156509928591536
"X2.12644",0.000476903094804384
"X2.12645",-0.000636855098531525
"X2.12646",0.000389370671682396
"X2.12647",-3.31238398818624e-05
"X0.3331",-4.02598190852413e-05
"X0.3332",0.00033637124716781
"X0.3333",-0.000365839698674684
"X2.12648",-0.000269674834310184
"X0.3334",-0.00025198394125566
"X2.12649",-0.000473689431189877
"X0.3335",0.000182921518381178
"X0.3336",-0.000311508428600494
"X2.12652",0.000164889884538914
"X2.12653",-0.000536484431433669
"X2.12654",4.05476903216944e-05
"X0.3337",9.5717279799787e-05
"X2.12655",0.000452186813856625
"X2.12656",0.000710710736536967
"X2.12657",2.07618763538633e-05
"X2.12658",0.000119059908872836
"X2.12659",8.995924468365e-05
"X2.12660",0.000391448493301465
"X0.3338",7.05178162427508e-05
"X0.3339",-0.000339515877207094
"X2.12661",0.000238588962132985
"X2.12662",2.51494942637201e-05
"X2.12663",0.000328434322131212
"X2.12664",-0.000647997779329404
"X0.3340",-0.000835986755992896
"X0.3341",-0.000445894157131864
"X2.12665",0.000439627788458526
"X2.12666",0.000316608938883556
"X2.12667",0.000211643523480508
"X2.12668",0.000452766154513796
"X0.3342",-0.000710067238689384
"X2.12669",-0.000608397386108444
"X2.12670",0.000133508100513036
"X2.12671",-6.98489015708597e-05
"X2.12672",-2.1797116489175e-05
"X2.12673",0.000282148094537884
"X2.12674",-0.000194349803978704
"X2.12675",0.000148348755328433
"X2.12676",9.74214637230965e-05
"X0.3343",-0.000516552529206557
"X2.12677",-0.000172337277497466
"X0.3344",0.000136918708533735
"X0.3345",5.80016040378537e-05
"X2.12678",6.80374898456931e-05
"X2.12679",0.000847532427911188
"X2.12682",0.000580093568874792
"X2.12683",-0.000903677050367375
"X0.3346",-0.00056659033229726
"X0.3347",0.000203159168602248
"X2.12685",-0.00020697259943423
"X0.3348",2.67768285639405e-05
"X2.12687",0.000118318476867584
"X2.12689",0.000324316656275727
"X2.12690",-2.2518058204264e-06
"X2.12691",0.00047836341374154
"X0.3349",0.000320505818308788
"X0.3350",0.000570972889853368
"X2.12692",-2.26361630139409e-05
"X2.12693",0.000511324654028097
"X2.12694",0.000117821253116803
"X0.3351",0.000522038423134315
"X2.12695",0.000172569949797616
"X0.3352",-0.000700304842209968
"X2.12696",0.00049043391234979
"X2.12697",0.000580240016032592
"X2.12698",0.000299161014044069
"X2.12699",0.000233977543013719
"X2.12700",0.000263986247770967
"X0.3353",-0.000354364211785454
"X2.12701",-0.000268525052913102
"X0.3354",-0.000683836246109976
"X0.3355",-5.54194075342961e-05
"X0.3356",-0.000260919975238916
"X2.12702",0.000869584495870324
"X2.12703",-2.67932063441314e-05
"X2.12704",0.000792586573713873
"X2.12706",0.00022083666026342
"X2.12707",-0.000149815002283999
"X2.12708",5.3877044207754e-05
"X2.12709",0.000428319921891528
"X2.12710",-0.000383671109767316
"X2.12711",0.000314917534812117
"X2.12712",-8.43771903040858e-05
"X2.12713",1.21930849011975e-05
"X2.12714",-9.27692728611733e-05
"X2.12715",-0.000358771712227548
"X2.12716",0.000122123475190144
"X2.12717",0.000149712028642766
"X2.12718",0.000603715846978154
"X2.12722",0.000657487104548975
"X2.12723",-0.000113680610546047
"X2.12724",0.000178418357376371
"X2.12725",-5.0775106288712e-05
"X2.12726",-0.000153700885395626
"X2.12727",0.000588493802223299
"X2.12728",-7.08028158229563e-06
"X2.12729",-0.000167389293264144
"X2.12730",-0.00033453531389967
"X2.12731",-0.000206767749209936
"X2.12732",-0.000740710021593585
"X2.12735",-0.000156062354314392
"X2.12736",-0.000141435344909604
"X2.12737",0.000258498840469139
"X2.12738",9.30073016216645e-05
"X2.12739",-1.2932632926204e-06
"X2.12740",6.21228928184737e-05
"X2.12741",0.000132230851685211
"X2.12742",0.000265229651936165
"X1.586",-0.000356472415287362
"X1.587",-0.000434332709856388
"X2.12744",8.02081398417642e-05
"X0.3357",-0.000292537853814682
"X1.589",-5.89861136043847e-05
"X0.3358",-0.000240818978529284
"X2.12745",-9.82830444209214e-05
"X2.12746",0.000400006959023953
"X2.12747",0.000206668857566156
"X2.12748",-6.02304450210725e-05
"X2.12749",-0.00013539790199681
"X2.12750",0.000133808678565708
"X2.12751",0.000284055424233753
"X1.591",0.00013878401277428
"X2.12752",-5.48809394647363e-05
"X2.12753",0.000174361754318535
"X2.12754",6.17644200810679e-05
"X2.12755",-0.000115193724932588
"X2.12756",-7.30566691865135e-05
"X2.12757",0.00011362532579064
"X2.12758",-0.000116515686568148
"X2.12759",-1.08809477197043e-05
"X2.12760",0.00019007428148428
"X2.12761",0.000238528920412797
"X2.12762",0.000487047856666081
"X2.12764",-0.000252836337279783
"X2.12765",0.000504032170066092
"X2.12766",9.55123263659108e-05
"X2.12767",-6.55839376182502e-05
"X2.12768",0.000159540512586588
"X2.12769",0.000470473434991107
"X2.12770",7.06322304134565e-06
"X2.12772",0.000487632049648348
"X1.592",-7.04810324028338e-05
"X2.12774",-0.000509643704692331
"X1.593",-0.000377156573404896
"X2.12775",-0.000282123758826321
"X2.12776",-0.00014346006243525
"X0.3359",-0.000149752867588873
"X0.3360",-0.000523524725291832
"X1.594",-0.000218409179580644
"X0.3361",-0.000570644815367446
"X0.3362",1.26064455122268e-05
"X0.3363",-0.000336735336581066
"X0.3364",-0.000265999952970083
"X0.3365",0.000405907878498489
"X2.12780",0.000276962424498498
"X1.595",-0.000564268941381669
"X0.3366",0.000198821896073773
"X2.12781",-0.000359982003929914
"X2.12782",2.77000954393363e-05
"X2.12783",0.000118651076762757
"X2.12784",-0.00049168349601403
"X2.12785",0.000319136797258612
"X0.3367",0.000410734796499186
"X2.12786",9.79536904374379e-05
"X0.3368",-0.000465256897140946
"X0.3369",3.48082965161176e-05
"X2.12787",-0.000179824922387601
"X0.3370",-0.000120385285625983
"X2.12788",9.34802653692068e-05
"X0.3371",-3.7301406649056e-05
"X0.3372",0.000306096588944702
"X0.3373",0.000174703896325269
"X0.3374",0.000237547450916746
"X0.3375",-6.71080067744928e-05
"X0.3376",0.000507397376462125
"X2.12789",-0.000358938463811008
"X0.3377",0.000331928434853541
"X2.12791",0.000767759647895425
"X2.12794",-0.000252719778866537
"X0.3379",0.000131043317028585
"X0.3380",0.000147446059600774
"X0.3381",-0.00021287766396296
"X2.12795",0.000124598491903305
"X0.3382",0.00014398351195155
"X2.12796",6.02097151713621e-05
"X0.3383",5.04069188445693e-05
"X2.12797",2.84875055728631e-05
"X0.3384",-6.91614969246208e-05
"X0.3385",-0.000180948616155939
"X0.3386",0.000182842787565369
"X0.3387",0.000319361022719596
"X2.12798",-0.000102935073216629
"X2.12799",-0.000604405982648915
"X2.12800",-2.82722098242393e-05
"X0.3388",-2.16019060730563e-05
"X0.3389",-0.000399281916040338
"X2.12801",0.000156775582604845
"X2.12802",0.000391084167888716
"X2.12804",-9.20303942169348e-05
"X2.12805",0.000817749214784121
"X0.3390",0.000167986148694957
"X2.12806",0.000408158972643411
"X2.12807",-0.000144276150615197
"X0.3391",0.000218588122625831
"X0.3392",0.000105859096240798
"X2.12809",-0.000248979135700174
"X2.12810",6.958902183542e-06
"X2.12811",0.000228336379147346
"X2.12812",-0.000266843817733437
"X2.12814",-0.000322696067982512
"X2.12815",-0.000317544715361727
"X2.12816",-0.000480146728536062
"X2.12817",-7.50741170940518e-06
"X2.12818",0.000411323510445418
"X2.12821",0.000268017917869255
"X1.599",8.90578866648792e-06
"X1.600",2.23119359841765e-05
"X2.12822",-0.000153759229372158
"X2.12823",9.29250793841673e-05
"X2.12824",-0.00060909100762509
"X2.12825",0.00012755553192331
"X2.12826",0.000503160855310563
"X2.12827",0.000334805949277996
"X2.12828",0.000216466117893121
"X2.12829",-0.000707927787309634
"X2.12830",0.000535995449500328
"X2.12831",-9.53277992600697e-05
"X2.12832",-1.98615399528724e-05
"X2.12833",-0.000364692913756574
"X2.12834",-0.000508133494705165
"X2.12835",0.000397438491342566
"X2.12836",-0.000333729201965767
"X2.12837",-6.85588434500507e-05
"X2.12838",-3.77843230849518e-05
"X2.12839",-0.000173598743640033
"X2.12840",-0.000141137542901181
"X2.12841",-0.000115402689769864
"X2.12842",0.0003460541800086
"X2.12843",-0.000272681269415551
"X2.12844",-0.000632100471189576
"X2.12845",1.45597646140977e-05
"X2.12847",-0.000297533594486657
"X2.12848",-0.000182179748552697
"X2.12849",8.91760755760163e-05
"X2.12850",-2.88745042198422e-05
"X2.12851",1.99425035576336e-05
"X2.12853",-0.000231613270813554
"X2.12855",-0.000352715527793046
"X2.12856",-0.00016152643753648
"X0.3394",9.57534660365943e-05
"X0.3395",-0.000367022969186326
"X2.12857",-0.000532675309300845
"X0.3396",-0.000329415523776454
"X0.3397",-0.000400736259985768
"X0.3398",-3.53614562918233e-05
"X0.3399",-0.000209555545283301
"X0.3400",-0.00056110954897049
"X0.3401",-1.77751665434729e-05
"X0.3402",-0.000492172477903957
"X0.3403",-0.000251632138417546
"X0.3404",0.000135099170054874
"X2.12858",-0.000253709527905898
"X2.12859",-0.00033058609212509
"X2.12860",-0.000343268289703145
"X0.3405",-0.000393657971344312
"X2.12861",-0.000420995831645786
"X2.12862",-0.000424953045668592
"X2.12863",-0.000420113229339909
"X0.3406",-0.000167388712619053
"X0.3407",-0.000428244265924602
"X0.3408",-0.000240719522682014
"X0.3409",-0.000703564889751104
"X2.12864",-0.000711715245916299
"X0.3410",7.02612366123792e-05
"X2.12865",0.000776455039431947
"X2.12866",0.000552015272116818
"X0.3411",-0.000313242531085811
"X0.3412",-0.000295531518912597
"X0.3413",-0.000332538678673785
"X0.3414",-0.000365498361565876
"X0.3415",-0.000146219386530469
"X2.12867",0.000429685322474646
"X0.3416",-5.53755061419763e-05
"X0.3417",0.000122841290886157
"X0.3418",-0.00042698748940657
"X2.12868",0.000426596974844828
"X2.12869",0.000712255072368821
"X2.12870",0.000749063350040294
"X2.12871",-0.000138154736933818
"X0.3419",-9.05359444156023e-05
"X2.12874",-0.000505034018018308
"X2.12875",-0.000136793059756132
"X1.601",-0.000345137100736816
"X2.12876",-0.000212365592108808
"X2.12877",9.89192330978256e-05
"X2.12878",-0.000603166840914008
"X0.3420",-0.000855077960612079
"X2.12879",-0.000501306553980898
"X2.12880",0.000143460813685331
"X0.3421",-0.000133107860775953
"X2.12881",-0.000392062535759796
"X2.12882",0.000653875645371126
"X2.12883",0.000755097271164911
"X2.12884",0.000457120292386869
"X2.12885",0.000340251189256677
"X2.12886",0.000644587300355321
"X2.12887",0.000282448019212441
"X2.12888",-0.000407387201108787
"X2.12889",0.000666800641585323
"X2.12890",0.000308170868297265
"X2.12891",0.000123418992975058
"X2.12892",0.000374425153735776
"X2.12893",0.000332151001495776
"X2.12894",0.000668573012011703
"X2.12895",0.00036041299771464
"X2.12896",0.000300692416766107
"X2.12897",-0.000200699713471983
"X2.12898",-0.000300679994094718
"X2.12899",-0.000472241129354541
"X2.12900",0.00106617814965342
"X2.12901",-0.000153662658341546
"X2.12902",-0.000437951511925277
"X2.12903",-0.000459335977180547
"X2.12904",-0.000532984893789859
"X2.12906",-0.000863692717325738
"X2.12907",-0.000334452136305075
"X2.12908",-0.000293642912067281
"X2.12909",-0.000675810492458219
"X2.12910",-0.000453334642683753
"X2.12911",-0.000591241779776649
"X2.12912",-0.00025979339500792
"X2.12913",-0.000542150332904228
"X2.12914",-0.000411399765680265
"X2.12917",-4.89562489525985e-05
"X2.12918",-0.000373644029123955
"X2.12919",-0.000466920306296
"X2.12920",-0.000488359134733294
"X2.12921",-0.000362858914623518
"X2.12922",-0.000484667709462975
"X2.12923",9.51969380912897e-05
"X2.12924",8.95950252705274e-05
"X2.12925",-0.000153518877525553
"X2.12926",0.00011169717190173
"X0.3423",0.000280969723945869
"X0.3424",-0.000192076150324222
"X0.3425",0.000348658781586932
"X0.3426",0.000263883194797034
"X0.3427",-0.000391824337049432
"X2.12927",0.000150187743101707
"X2.12928",5.5021401914324e-05
"X0.3428",0.000255838636937641
"X2.12929",-0.000578979574815217
"X2.12930",1.04699345800891e-05
"X2.12931",-0.000437724794838272
"X0.3429",0.000423110192100381
"X2.12932",-0.000386355026785775
"X2.12933",-5.80582719663378e-05
"X2.12934",-0.00015994780976315
"X2.12935",-5.63360354117364e-05
"X2.12936",-0.00114866145509182
"X2.12937",4.39428831372449e-05
"X2.12938",-4.00325845260699e-05
"X2.12940",0.000302644502847976
"X0.3430",-0.000180824339602181
"X0.3431",6.24732997284482e-05
"X0.3432",-8.09246754417281e-05
"X0.3433",4.09341315059255e-05
"X0.3434",0.000373317932813066
"X2.12941",0.000351523879236007
"X2.12942",-0.00015936865748589
"X2.12943",-0.000391982991506571
"X2.12944",-0.00033625648692348
"X2.12945",-0.000104492992719685
"X2.12946",-0.000145006814485738
"X2.12947",6.02501917694479e-05
"X2.12948",5.70046849896819e-05
"X2.12949",-0.000438619060601099
"X2.12950",-0.000395349799212034
"X2.12951",-0.000411904456037511
"X2.12952",-0.000159498266393755
"X2.12953",0.000269613970416691
"X2.12954",0.000302430963398883
"X2.12956",0.000144288897981016
"X2.12957",-0.000325050423748699
"X2.12958",0.000218222479817054
"X2.12959",-0.00032393870983052
"X2.12960",0.000434313386378498
"X2.12961",-1.28686320230534e-05
"X2.12962",0.000160992033447769
"X2.12963",0.000320453699616558
"X2.12964",0.000496663499989843
"X2.12965",0.000589010687650917
"X2.12966",0.000955182055242042
"X2.12967",0.000735536644180113
"X2.12968",0.000243476519046501
"X2.12969",0.000880761757505569
"X2.12970",0.000571013089948605
"X2.12971",-4.58721165066091e-06
"X2.12972",0.000495154343023153
"X2.12973",0.000314862651183636
"X2.12974",1.18761769765298e-07
"X2.12975",-0.000169351719174779
"X2.12976",-0.000113015629148057
"X2.12977",0.000296455332508911
"X2.12978",0.000122091827920919
"X2.12979",0.000431272054673799
"X2.12980",0.000295053143201975
"X2.12981",-0.000193728448417069
"X2.12982",-0.000194828630460406
"X2.12984",-0.000254014693110066
"X2.12985",-0.000178707118430699
"X2.12986",0.000212482813028357
"X2.12987",-8.31030904270388e-06
"X2.12988",4.05236632106923e-06
"X2.12990",0.000201018644394039
"X2.12991",8.03735127784005e-05
"X2.12992",-0.000139728398450922
"X2.12993",-3.28958494690286e-05
"X2.12994",0.000259166161435417
"X2.12995",6.30430592482035e-05
"X2.12996",-8.11927600975029e-06
"X2.12997",-0.000106209830332278
"X2.12998",-0.000425623814013468
"X2.12999",-0.000282243856365896
"X2.13000",6.47315307044365e-05
"X2.13001",-0.000172315136752964
"X2.13002",-0.000150824134241041
"X2.13003",7.57646430470473e-05
"X2.13004",-0.000244284235533478
"X2.13005",0.000154335828572051
"X2.13006",-0.000341628526529023
"X2.13007",0.000123586799881172
"X2.13008",0.000302416083468187
"X2.13009",-0.000346380738812565
"X2.13010",0.000341487782639544
"X2.13011",0.000415741214028333
"X2.13012",-0.000360386571416602
"X2.13013",-0.000444646214778184
"X2.13014",0.000597214499874588
"X2.13015",0.000729610060104665
"X2.13016",-0.000175527330176446
"X2.13017",-0.000700112468898831
"X2.13019",-0.00047064219018966
"X2.13020",-0.0001751787987165
"X2.13021",-0.000493426630383444
"X2.13024",5.61784193014236e-05
"X2.13025",-0.000168934579339641
"X2.13026",0.000271993019711514
"X2.13028",-5.84448779992336e-05
"X2.13029",0.000163343193536002
"X2.13030",0.000195314233867076
"X2.13031",-0.000352430848089836
"X2.13032",-0.000142605238927248
"X2.13033",0.00017928333026264
"X2.13034",-6.55944854329331e-05
"X2.13035",0.00044220111019588
"X2.13036",-0.000180221780321794
"X2.13039",-0.000119692548795354
"X2.13040",-0.000227722627594828
"X2.13041",-0.000270498882618936
"X2.13042",6.87908914464309e-05
"X2.13043",0.000167891271101396
"X2.13044",0.000149725192693438
"X2.13045",-3.61768091980552e-05
"X2.13046",-1.17447585417602e-05
"X2.13047",1.62179513455481e-05
"X2.13048",-0.000528268652560368
"X2.13049",-5.16857112656003e-06
"X2.13050",-0.000328072352785566
"X2.13051",-0.000130470056977576
"X2.13052",-1.71670416874393e-05
"X2.13053",-1.04996823467879e-08
"X2.13054",0.000639589073028895
"X2.13055",-0.0001409005771606
"X2.13056",-0.00023920473732761
"X2.13057",-1.86151998070065e-05
"X0.3435",0.000841980229720087
"X0.3436",-0.000464000715368801
"X2.13058",-0.000423091833299394
"X2.13059",-0.000603987382397441
"X2.13060",-0.000445089770219639
"X2.13061",-0.000434175990712801
"X2.13063",-0.000971532896362297
"X2.13064",-0.000408640774566946
"X2.13066",-0.000611375254187038
"X2.13069",-0.000190040981101583
"X0.3437",-0.000233981253367746
"X2.13070",2.77959925021886e-06
"X2.13071",0.000446958041351929
"X2.13072",0.000355652392096924
"X0.3438",-1.38126191471573e-06
"X2.13073",0.000505087461720176
"X0.3439",0.000277374576184969
"X2.13075",0.00020872150591036
"X2.13076",0.000534443993181787
"X2.13077",0.000563749186961415
"X2.13078",0.000572858248129713
"X2.13079",0.000120943067381302
"X2.13080",0.000296036484082424
"X2.13083",-0.00100538598829033
"X2.13084",-0.000348614319708534
"X2.13086",-0.000423349714681886
"X2.13087",-0.000362712434034308
"X2.13088",0.000505268269163033
"X2.13089",-0.000158883193793829
"X2.13090",-1.78374432811056e-05
"X2.13091",-1.95198809542766e-05
"X0.3441",-0.000162918510268065
"X2.13092",0.000366725662948796
"X2.13093",0.000627427793582552
"X2.13094",0.000245976633488572
"X0.3442",-0.000455909945549033
"X2.13095",5.89199838272229e-05
"X2.13096",-0.000278570150312795
"X0.3443",0.000365294208732891
"X2.13097",0.000147637012742108
"X2.13098",0.000507946473742156
"X2.13099",0.000345824946096647
"X2.13100",0.000274651413881255
"X2.13101",0.000235168965667751
"X2.13102",0.000122676029608926
"X2.13103",9.98750245774438e-06
"X2.13104",0.000315378691946329
"X2.13105",0.000241185425656432
"X2.13106",0.00040116757237741
"X2.13107",8.49376850045549e-06
"X2.13108",-0.000218058976715047
"X2.13109",-0.000454042786384366
"X2.13110",0.000264452189251264
"X2.13111",0.0003837083919166
"X2.13112",0.000360555012355679
"X2.13113",0.000578101565919363
"X2.13114",-0.000145678515768913
"X2.13115",-0.000292710108240558
"X2.13116",-6.32507795785774e-05
"X2.13117",-0.000149759591152776
"X2.13118",0.000246063504231345
"X2.13119",-0.000221669532229198
"X2.13121",-2.08196119291249e-05
"X2.13122",-9.1540821991121e-05
"X2.13123",4.26875685070486e-06
"X2.13124",-0.00015702615397122
"X2.13127",-6.80476967149545e-05
"X2.13129",0.000573635577815752
"X2.13130",-7.81729899173657e-05
"X2.13131",-0.000111551647445694
"X2.13132",0.000147745276159126
"X2.13133",0.000175741682829727
"X2.13134",0.000147222961702079
"X2.13135",0.000219597759393564
"X2.13137",5.80244052095554e-05
"X2.13138",0.000115678418362497
"X2.13139",0.000346485714535358
"X2.13140",-2.95942687408497e-05
"X2.13141",0.00033117122953658
"X2.13142",0.000311742865418144
"X2.13143",-2.99182302591011e-05
"X2.13144",0.000431546339904825
"X2.13145",7.89430181423869e-05
"X2.13146",0.000246023583766458
"X2.13147",0.00011583443183649
"X2.13148",-0.000343178488828895
"X2.13149",0.000395884316451804
"X2.13150",-0.000609238170934099
"X2.13151",2.38997962763145e-05
"X2.13152",2.20575958039308e-05
"X2.13153",0.000146481065182607
"X2.13155",7.81778020914446e-05
"X2.13156",0.000108613821991131
"X2.13157",-0.000511127219180133
"X2.13158",-0.000338014902136348
"X2.13159",-5.45629846285721e-05
"X2.13160",0.0001488652373147
"X2.13161",0.000568225376165453
"X2.13162",9.26201752312276e-05
"X2.13163",-0.000162757018947315
"X2.13164",-0.000214776270444651
"X2.13165",0.000108104089154462
"X2.13166",-1.05758417652337e-05
"X2.13167",8.84255087937067e-05
"X2.13170",3.58130679209729e-05
"X2.13171",0.000283604148232084
"X2.13172",7.82741199443231e-05
"X2.13173",0.000247683193680273
"X2.13176",0.000195731543498162
"X2.13177",0.000144393561640122
"X2.13178",-0.000131464882599273
"X2.13179",0.000292312343842871
"X2.13184",4.53636363645087e-05
"X2.13185",-2.07480811577966e-05
"X2.13187",8.94614853482601e-05
"X2.13188",0.000393131330609555
"X2.13189",0.000125910329241824
"X2.13190",0.000131163596975913
"X2.13191",-0.000162013997961023
"X2.13192",0.000193287470399082
"X2.13193",-0.000151406378409156
"X2.13194",-9.57159473177348e-05
"X2.13195",-0.000296815602932261
"X2.13202",-3.24017369926158e-05
"X2.13203",-0.000430926415582745
"X0.3444",-0.000321578185770075
"X0.3445",-0.00022967298125548
"X0.3446",-6.44903566476861e-05
"X2.13204",-0.000547493339103021
"X2.13205",-8.00922659605704e-05
"X0.3447",-0.000147237261511774
"X0.3448",-0.000105751105411324
"X0.3449",-0.000331640186555399
"X0.3450",-0.000276062736838377
"X0.3451",-5.79969422970342e-05
"X0.3452",-0.000282090475466475
"X0.3453",0.000318224731601986
"X2.13206",-0.000303898560273352
"X2.13207",3.28085822377155e-05
"X0.3454",-3.83537003015788e-05
"X0.3455",-8.03597418476211e-05
"X0.3456",-0.000480511153536601
"X0.3457",-0.000141541398222046
"X0.3458",0.000109293937490786
"X2.13208",-0.000395950475860055
"X0.3459",-6.08869232560299e-06
"X0.3460",-0.000128365884594232
"X0.3461",3.1916485616721e-05
"X2.13209",6.56861901305286e-05
"X2.13210",0.000653838683764812
"X2.13211",0.000158609644256259
"X2.13212",-0.000161600406069554
"X2.13213",0.000167616377613207
"X2.13214",-0.000135121084775056
"X2.13215",1.88684712891543e-05
"X2.13216",-4.03379398748217e-05
"X2.13217",-0.000341123693593688
"X2.13218",-0.000266504971816407
"X2.13219",-0.00039362894599219
"X2.13220",-0.000399269975506766
"X2.13221",-0.000265348414822319
"X2.13222",0.00028140094513051
"X2.13223",0.000158841700133105
"X2.13224",-0.000278151674381725
"X2.13225",-0.000151036198831374
"X2.13226",-0.000361725699200334
"X2.13227",-0.000158115199266531
"X0.3462",-0.000408614200896439
"X2.13228",-0.000190151838337012
"X2.13229",6.19862988130224e-05
"X2.13230",0.000167234306166852
"X2.13231",-0.000193818145658662
"X2.13232",0.000101657758962594
"X2.13233",-0.000531679711763474
"X2.13234",0.000355517437984027
"X2.13235",-0.00026367472292011
"X2.13236",-2.75778338202714e-06
"X2.13237",-0.000385013351160388
"X2.13238",-0.000123034007418211
"X2.13240",-0.000280853508480655
"X0.3464",-0.000635281827894731
"X2.13241",3.71475611415589e-05
"X0.3465",-0.000588651417112524
"X0.3466",-0.000196612512399626
"X0.3467",-0.000472116299553116
"X0.3468",4.72983791847094e-05
"X0.3469",-0.000664753913668828
"X0.3470",-0.000577163258276401
"X0.3471",-0.000407179264130605
"X0.3472",4.18470158785026e-05
"X2.13242",-0.000447659448827505
"X2.13243",0.000964517373911372
"X2.13244",0.000733981110977642
"X2.13245",-5.95880242391059e-05
"X0.3473",-0.000620502988657146
"X0.3474",-0.00066603452238896
"X2.13246",0.000153229655607265
"X0.3475",-0.000396297233273863
"X2.13247",-0.000431636459532602
"X2.13248",0.000572583408178768
"X0.3476",-0.000243338161191623
"X2.13249",-0.000252942692763491
"X0.3477",-9.19486780609448e-05
"X2.13250",0.000236050996054558
"X2.13251",-0.000113001694622838
"X2.13252",-0.000227076397017115
"X0.3478",-0.000289152497136059
"X0.3479",-0.000138393365993614
"X2.13253",-0.000570716764152061
"X0.3480",-0.000722905570702845
"X2.13254",9.00719483229506e-05
"X0.3481",-0.000167718429679414
"X0.3482",-0.00077602580753357
"X2.13255",-0.000366442582932617
"X2.13256",-0.000498916433775218
"X2.13257",0.000366152500597587
"X2.13258",-5.94619948507805e-06
"X2.13259",-0.000457297375876893
"X2.13260",-0.000235706717270853
"X2.13261",-0.000390072085018481
"X2.13262",-0.000364934107200994
"X2.13263",-0.000395533921674426
"X2.13264",7.42504501316956e-05
"X2.13265",-0.000315528097832037
"X2.13266",-0.00015109850471202
"X2.13267",-0.00054180303138587
"X2.13268",-0.000184833481883487
"X2.13269",-2.21492721692129e-05
"X2.13270",-0.000204625406201349
"X2.13271",-0.000676259219244299
"X2.13272",4.12952175370396e-07
"X0.3483",-0.000636622982780684
"X2.13274",-0.000158596731431679
"X2.13275",-0.000122946957452764
"X2.13276",-0.000213813714094542
"X2.13277",-2.63876500152488e-05
"X2.13278",-0.000276100729955714
"X2.13279",-0.000113632424996697
"X2.13280",-0.000263121782229564
"X2.13281",-0.000402956291595785
"X2.13283",-0.000253688115542555
"X2.13284",-4.35814625887526e-05
"X2.13285",-2.91187448304817e-05
"X2.13286",-0.000191960293236674
"X2.13287",-0.000180291581126219
"X2.13288",-0.000280715304871553
"X2.13290",-0.00051300375152021
"X2.13291",0.000377719771539282
"X2.13292",-0.000549821392696503
"X2.13293",0.000298947400237233
"X2.13294",2.39120099896244e-05
"X2.13295",-0.000355947398175703
"X2.13296",0.000553105115624879
"X2.13297",4.99777842582928e-06
"X2.13298",-0.000500985370658338
"X2.13300",-0.000167137113471739
"X2.13301",-0.000271145731437864
"X2.13302",0.000270296779345794
"X2.13303",-0.000461492128776724
"X2.13304",8.49468397948253e-05
"X2.13305",-0.000209679852132057
"X2.13306",-0.000230368103474459
"X2.13307",-0.000212041606676267
"X2.13308",-0.000201068275417835
"X2.13309",-0.000141392590123143
"X2.13310",-6.85529544004209e-05
"X2.13311",-0.000461625537294024
"X2.13312",0.000164649619541371
"X2.13313",-0.00029704175510494
"X2.13314",-0.000144548019123892
"X2.13316",-0.000418048184219418
"X2.13317",-0.000328603151672741
"X2.13318",-0.000148109633073069
"X2.13319",0.000194559750239725
"X2.13320",-0.000224585540426123
"X2.13321",7.60466083500378e-05
"X0.3484",-0.000373642040482477
"X2.13322",0.000176182328301266
"X2.13323",0.000134342139725041
"X2.13324",-9.97741256552655e-05
"X2.13325",-0.000194469387466871
"X2.13326",-8.31964193715596e-05
"X2.13327",-1.29448381814164e-05
"X2.13328",-0.00058760603398564
"X2.13329",-0.000540525295028628
"X2.13330",-0.000666991983638844
"X2.13331",0.000247267857799871
"X2.13332",-0.000318222811329266
"X2.13333",-0.000216739692620396
"X2.13334",0.000184919734468837
"X2.13335",-0.000289151159542305
"X2.13336",-2.04780026456102e-05
"X2.13337",3.81113693516586e-05
"X2.13338",1.72711160084519e-05
"X2.13339",-5.39334643684156e-05
"X0.3485",-0.000340744707056622
"X2.13340",-0.00024211072053307
"X2.13341",5.59255928064859e-05
"X2.13342",-5.61033399126022e-05
"X0.3486",-0.000536782003561846
"X2.13344",-3.60785835802949e-05
"X2.13345",0.000375964982269547
"X2.13346",-0.00031900426391535
"X2.13347",-0.000223031194715503
"X2.13348",-0.00036396885568303
"X2.13349",-0.000133374152286305
"X2.13350",-0.000155515645441518
"X2.13351",-0.000108537407144464
"X0.3487",-0.000498331238318877
"X2.13352",0.000307066040795495
"X2.13353",8.99038219622973e-05
"X2.13354",0.000201138330150405
"X2.13355",-0.000216316723386782
"X2.13356",-0.00014413914813592
"X2.13357",-5.49743229461677e-05
"X2.13358",-2.77472436956395e-05
"X2.13359",-0.000457526128408321
"X2.13360",-0.00045329151313865
"X2.13361",-8.93118488259433e-05
"X2.13362",0.00010621765858579
"X2.13363",-0.000241253757943665
"X2.13364",-0.000240417035027904
"X2.13365",-0.000203994276116356
"X2.13366",-0.000322515674606614
"X2.13367",-0.000221006526293014
"X2.13368",-0.000221191767339393
"X0.3488",-0.000435961806619963
"X2.13369",-0.000142179651378298
"X2.13370",0.000127614399050373
"X2.13371",-0.000288541347161206
"X2.13372",4.43760116318626e-05
"X2.13373",-0.000434295334358344
"X2.13374",-0.000165428141334492
"X2.13375",-0.000431814482194692
"X2.13376",-0.000244439233770055
"X2.13377",-1.40441444559957e-05
"X2.13378",-0.000276523957507591
"X2.13379",-0.000361424416376747
"X2.13380",-0.000522929592299065
"X2.13381",-0.000574983041374439
"X2.13382",-0.000399643495350523
"X2.13383",-0.000156018532658166
"X2.13384",0.000597893932124947
"X2.13385",-0.0003674611582271
"X2.13386",-9.35217117804986e-05
"X2.13387",-0.000331827684191617
"X2.13388",-0.00037044463953806
"X2.13389",-0.000426235577454873
"X2.13390",-9.02044575492699e-05
"X2.13391",-0.000297589112495614
"X2.13392",-0.000184472071594415
"X2.13393",0.00020114567349581
"X2.13394",-0.000526668640132326
"X2.13395",-0.000273237411818974
"X2.13396",0.000481605572373939
"X2.13397",-0.000209563579294016
"X2.13398",0.000896709785732237
"X2.13399",-0.000190940030238979
"X2.13400",-0.000178280387711513
"X2.13401",-0.000164553918468712
"X2.13402",0.000445021627307724
"X2.13403",-0.000424237682865029
"X2.13404",3.58170113440202e-05
"X2.13405",-0.000185294758731235
"X2.13406",-0.000300094943381495
"X2.13407",0.000254374164489605
"X2.13408",-0.00058805101880138
"X2.13410",-0.000289306686438618
"X2.13411",0.000242512125971277
"X2.13412",-0.000729142462267897
"X2.13413",-0.000212101541014746
"X2.13414",-0.000188840774074797
"X2.13415",-0.000929794299736449
"X2.13416",6.57430754932803e-05
"X2.13417",-0.000142567202425962
"X2.13420",-5.81911176180003e-05
"X2.13421",-0.000370681232863296
"X2.13422",0.000270910212159648
"X2.13423",-0.000318696387640254
"X2.13424",2.90259632871957e-05
"X2.13425",-3.47690121933116e-05
"X2.13426",-0.000110925025119708
"X2.13427",-0.00010551504784538
"X2.13428",-5.68884959474414e-05
"X2.13429",0.000274637509689239
"X2.13430",-6.31147371448805e-05
"X2.13431",-3.07717529146134e-05
"X2.13432",-0.000147886971231935
"X0.3489",-8.51763428433785e-05
"X2.13433",-0.000631677152021514
"X2.13435",-0.000277090241309421
"X2.13436",-4.9129073676937e-05
"X2.13437",0.000782047008366552
"X2.13438",-5.3189966008085e-05
"X2.13439",-0.000390840794577943
"X2.13440",-0.000211641277924625
"X2.13441",0.000147152967771571
"X2.13442",-0.000460659432952463
"X2.13443",0.000240626055402432
"X0.3491",0.000554736219730332
"X2.13444",0.000488002735302957
"X0.3492",-0.000690780541450836
"X0.3493",-0.000206632416465444
"X0.3494",3.34922583850834e-05
"X0.3495",0.000102086350195153
"X0.3496",-0.000155624811387452
"X0.3497",-0.000455375849278362
"X0.3498",-0.000221862085458065
"X2.13446",0.00106172129583692
"X2.13447",-0.000287182140547803
"X0.3499",0.000295215658246719
"X0.3500",-0.000217305385030355
"X0.3501",-0.000505411372458825
"X0.3502",-0.000224574163369524
"X0.3503",-0.000194460698121557
"X0.3504",-0.000259348271991529
"X2.13448",-0.000164391588503916
"X0.3506",-0.000279332058662352
"X0.3507",-0.000613846343374161
"X2.13449",0.000106858754985218
"X0.3508",-0.000169767255724087
"X2.13451",0.0004693950024843
"X0.3509",-0.000280973258423358
"X0.3510",-6.97538184608035e-06
"X2.13452",0.000507235303962792
"X2.13453",0.000205340556099366
"X2.13454",1.5075784477396e-05
"X1.610",-0.000253547068872522
"X2.13455",0.00034105052312111
"X2.13456",0.000135067855274273
"X2.13457",-0.000476005605564854
"X2.13458",0.000372475157354105
"X0.3511",-0.000180696356290455
"X2.13459",0.000148458332244472
"X2.13460",0.000197382653244497
"X2.13461",0.000184495362063195
"X0.3512",-0.000285603386739092
"X2.13462",2.52965839788586e-05
"X0.3513",-0.000285587035450771
"X2.13464",0.000151977960586957
"X2.13466",2.36902631365291e-05
"X2.13467",-0.000404289103907843
"X0.3514",-0.000386446103113719
"X2.13469",-0.000325054681222391
"X2.13470",-0.000227205578474034
"X0.3515",-0.000549026695999138
"X0.3516",-0.00038618681500226
"X0.3517",-0.000284462160901462
"X2.13471",-7.66502262588884e-05
"X2.13472",-0.000312226042879021
"X2.13473",-0.000703196241160905
"X0.3518",-0.000289922054495355
"X0.3519",-0.000296876893736314
"X0.3520",-0.000361834811319108
"X0.3521",-6.78203197719416e-05
"X2.13474",-0.00027435857239
"X0.3522",0.000371041729466428
"X2.13475",-0.000128561929772911
"X2.13476",-0.000453030713305799
"X0.3523",-0.000789160523499107
"X2.13478",-0.000181725157216498
"X2.13479",-0.000233299642130633
"X2.13480",-0.000320332889976386
"X0.3524",0.000109353646200604
"X2.13481",-0.000467709453019696
"X2.13482",-6.48363662590855e-05
"X0.3525",0.000128274931511033
"X2.13483",-0.000545386526616787
"X0.3526",-0.000459711417189942
"X2.13484",-0.000410951413443749
"X2.13485",-0.000429677752088944
"X2.13486",-0.000477947150920232
"X2.13487",9.95162606279691e-06
"X0.3527",-4.37267820410088e-05
"X2.13488",-0.000151843014645833
"X2.13489",-0.000178413360871809
"X2.13490",-0.000301977605348303
"X0.3528",-9.55557561720719e-05
"X0.3529",-0.000171331797568812
"X0.3530",-0.000491153849822621
"X0.3531",-3.3205506885265e-07
"X0.3532",0.000115778401969194
"X0.3533",0.000115279215226983
"X0.3534",0.000121543011634662
"X0.3535",9.37833333346048e-05
"X2.13491",0.000342230659044192
"X0.3536",-0.000612148861556911
"X2.13493",0.000306522489598576
"X2.13494",0.000602506464584815
"X0.3537",-0.000243859219931716
"X2.13495",-0.000145536971816326
"X0.3538",0.000252437839861794
"X0.3539",-7.65882693771627e-05
"X0.3540",0.000202713912383351
"X0.3541",-0.00027629361511259
"X0.3542",-1.76703150236424e-05
"X0.3543",-0.00017920100269418
"X2.13497",0.000201561798274936
"X0.3544",-0.000186774194262127
"X0.3545",-0.000359305455998508
"X2.13498",-0.00017691390559851
"X2.13499",-0.000135135363567746
"X0.3547",-0.000226598433512883
"X0.3548",-0.00047341159164009
"X0.3549",0.000231447956143017
"X0.3550",-0.000489404552683425
"X0.3551",-0.000129905785924293
"X0.3552",-3.67525704789766e-05
"X0.3553",-0.00039305858866511
"X2.13501",0.000304044620843667
"X2.13502",0.000276849760682922
"X2.13503",-0.000460715182244963
"X2.13504",-0.000420018276766042
"X0.3554",-4.7433753428557e-05
"X0.3555",-0.000293231457757725
"X2.13505",-0.000341850214815269
"X2.13506",-0.000382510320090706
"X2.13507",9.6871619945981e-05
"X2.13508",0.000321843265557197
"X2.13509",-0.000268775235525463
"X2.13510",-0.000443694777046182
"X2.13511",-0.000444089919061046
"X2.13512",2.76833289912619e-05
"X0.3557",1.71599725496819e-05
"X0.3558",0.000225660785111636
"X2.13513",-0.00028462464121928
"X2.13514",0.000551828394844106
"X2.13515",-0.000803440540765656
"X2.13516",0.000522107994539632
"X0.3559",0.000143058219984776
"X0.3560",-6.68485393862493e-05
"X2.13517",-0.000724415507737046
"X2.13518",-0.00025518624407408
"X0.3561",0.000222800716281105
"X2.13519",-0.000283821536227298
"X2.13520",-0.000235818750047684
"X0.3562",-6.62848816465885e-05
"X2.13521",-0.00039404899464803
"X2.13522",-0.000118507831973603
"X0.3563",0.000100258480572162
"X0.3564",-5.4354322486991e-05
"X2.13523",-8.77168050835524e-05
"X2.13524",-0.000100145574237078
"X2.13525",7.00534462613806e-06
"X2.13526",-0.000533690531352546
"X2.13527",-0.00046987437253676
"X2.13528",-0.00047328422825624
"X2.13529",-9.02250029149467e-05
"X2.13530",-0.000224243226366558
"X2.13531",0.000220312084840914
"X0.3565",8.57766014782399e-05
"X2.13532",-0.00014312738764004
"X2.13533",-0.000672006062992531
"X1.612",-0.000432302498244268
"X2.13534",-0.000469981187083816
"X2.13535",-0.000114935546276691
"X2.13536",-9.32934046904334e-05
"X2.13537",-0.000397448908617494
"X2.13538",-0.000350477561457806
"X2.13539",-0.000181487837017372
"X2.13540",-0.000851261801271269
"X2.13541",0.000104825941738778
"X2.13542",-0.00029692340255602
"X2.13543",-0.000343856897309316
"X2.13544",-0.000440437089265793
"X0.3566",-1.23770765707417e-05
"X0.3567",2.73378849737473e-05
"X0.3568",-0.000179384565064507
"X2.13545",0.000432044693029561
"X0.3569",0.00013964555992858
"X0.3570",-0.000213149718701287
"X0.3571",0.000445067819330792
"X0.3572",4.06699998405947e-05
"X0.3573",0.000423276803915282
"X0.3574",-8.59867846551935e-05
"X0.3575",1.95257822636565e-05
"X0.3576",-8.41730923626462e-05
"X0.3577",-0.000172836957569992
"X2.13546",0.000395767882850726
"X2.13547",-0.000118976447652473
"X2.13548",-0.00039595870406863
"X2.13550",-9.02378068000479e-05
"X0.3578",-6.88075907289153e-05
"X2.13551",-0.000628028166682478
"X0.3579",-0.000138391314870663
"X2.13552",-6.95035242336231e-05
"X2.13553",-0.000528946016301606
"X0.3580",0.000232667462087604
"X2.13554",-0.00011253472868404
"X2.13555",4.07393904551426e-05
"X0.3581",0.000119508295451572
"X1.613",-5.8761110048646e-05
"X2.13556",-0.000301703656974651
"X2.13557",0.000406518847629172
"X2.13558",-0.000387915207218417
"X0.3583",-0.000183371736235843
"X2.13559",7.69896209743495e-05
"X0.3584",0.000413170388020733
"X2.13560",-0.000328660255518206
"X2.13561",-0.000332455830510993
"X2.13563",-0.000396149334951275
"X0.3586",-0.000322925043098291
"X0.3587",0.000104444604701088
"X0.3588",-0.000373839797627
"X2.13564",-0.000104958697762239
"X0.3589",4.67082352757933e-05
"X2.13566",-0.000505632265366698
"X2.13568",-0.000468730838079228
"X2.13569",-0.000278900222019327
"X2.13570",0.000553880087610466
"X2.13571",-0.000405682887148945
"X2.13572",-0.000773720446871565
"X2.13573",0.000168221057543583
"X2.13574",-0.000717660938356192
"X2.13575",-0.000170395171812469
"X2.13576",-0.000445094786874376
"X2.13577",0.000331449348534058
"X0.3590",0.000474450688100594
"X0.3591",5.70488037035945e-05
"X2.13578",-0.000394343464864539
"X2.13579",0.000255599452041191
"X2.13580",-0.000129080402280168
"X2.13581",-5.52646823597973e-05
"X2.13582",0.000153341220548744
"X2.13583",-0.000425707385898964
"X2.13584",-0.000107483042956866
"X2.13585",-0.000150647300023884
"X2.13587",0.000248044958115908
"X2.13588",-0.000354178686016241
"X2.13589",-0.00065452487329328
"X2.13590",-0.000373157513823555
"X2.13591",4.66822544481132e-05
"X2.13593",-0.000473615847233758
"X2.13594",-0.000263241042165836
"X2.13595",-0.000114474407026974
"X2.13596",-0.000481645076088505
"X2.13597",-0.000595093579779606
"X2.13598",1.29967805917877e-05
"X2.13599",0.000137600558406601
"X2.13600",-0.0003104136723903
"X2.13601",-0.000509182073475688
"X2.13602",-0.000448250693168188
"X2.13603",-0.0006194525184465
"X1.614",0.000299329815450814
"X2.13604",-0.00022011652817927
"X2.13605",7.35804423545513e-05
"X2.13606",-0.000174902395986589
"X2.13607",-0.000125570071301552
"X2.13608",0.000536663530181114
"X2.13609",0.000511816119834956
"X2.13610",-0.000385225398851167
"X2.13611",4.15510848086477e-05
"X2.13612",6.58608967369518e-05
"X2.13613",9.30747290408612e-05
"X2.13615",0.00014847869637464
"X2.13616",-0.000463701369410685
"X2.13617",-8.82984030642485e-05
"X2.13618",0.000456283172679972
"X2.13619",-7.68079630882279e-05
"X2.13620",-0.000195177350788813
"X2.13621",-0.000376654457623725
"X2.13622",-0.000442980503844699
"X2.13623",-0.000507494771211861
"X2.13624",-0.000499377015501739
"X2.13626",-5.25108913412364e-05
"X2.13628",0.000289226611153301
"X2.13629",-8.35703131302616e-05
"X2.13630",1.20169964575731e-05
"X2.13631",-8.36864232358241e-05
"X2.13632",6.31395175212605e-05
"X2.13633",-0.000277723372764616
"X2.13634",0.000263308532870857
"X2.13635",-8.77156482515399e-05
"X2.13639",-0.000251439750388416
"X0.3593",6.01794260536357e-05
"X2.13640",-0.000343566284397683
"X2.13641",0.00038688050476509
"X0.3594",-0.000206772953413514
"X2.13642",1.35686417968524e-05
"X2.13643",-3.39125480476332e-05
"X0.3595",-0.000210789389995745
"X0.3596",0.00019303871892316
"X2.13645",0.000381769111583991
"X2.13646",0.000337977778924472
"X0.3597",-0.000515589830207505
"X2.13647",0.000522253809401
"X2.13648",0.000464632839274501
"X2.13649",-0.000534557281827426
"X2.13650",8.78408077441874e-05
"X2.13651",-0.000168869315871569
"X2.13652",0.000256289724852949
"X2.13653",0.000390752756263155
"X2.13654",0.00035790319492762
"X2.13655",1.98614601073782e-05
"X2.13656",0.000363769088855926
"X2.13657",0.000589029765641242
"X2.13659",0.000326730247914524
"X2.13660",0.000570752978081839
"X2.13662",0.000509743535930643
"X2.13663",0.000332245417180506
"X2.13664",0.000734221877973737
"X2.13666",0.000263002741669034
"X1.618",7.92250720784857e-05
"X0.3598",0.000145228618366484
"X0.3599",-0.000263863860164232
"X2.13667",-9.40096166032029e-05
"X0.3600",0.000111919326857015
"X0.3601",-0.000483743665920643
"X0.3602",-0.00043114529810685
"X0.3603",-0.000422660201851036
"X2.13668",-0.000141788601747962
"X0.3605",0.000416745404030453
"X2.13672",-0.000490838835661065
"X2.13673",0.000481439884582761
"X0.3606",0.000516135051643671
"X0.3607",-3.43232910412845e-05
"X0.3608",-8.97920464164696e-05
"X2.13674",0.00030887503286932
"X2.13675",-2.04478117459961e-06
"X2.13676",0.000346012259900889
"X2.13677",0.00020507707581887
"X2.13678",0.000299148515609029
"X2.13679",0.0010005983460614
"X2.13680",0.000525244928071791
"X2.13681",9.85679080934439e-05
"X2.13682",8.7475007177226e-05
"X2.13683",0.000470786246548061
"X2.13684",0.000322187035819166
"X0.3609",-1.58173662172563e-07
"X0.3610",-0.00041037360941012
"X0.3611",-0.00028717305392263
"X0.3612",-0.000419881336671603
"X0.3613",-0.000113820673848421
"X0.3614",-0.000995197709665812
"X2.13685",0.000381691438773615
"X0.3616",-0.000560137245481407
"X0.3617",5.36510834572761e-05
"X0.3618",-0.000434584990304754
"X0.3619",-0.000177103238866089
"X2.13686",0.000323538328447697
"X2.13687",0.000102387419123313
"X2.13688",-0.000128400346503196
"X2.13689",8.68875935229198e-05
"X2.13690",0.000163715953577409
"X0.3621",0.000211148007353257
"X2.13691",5.64300505447862e-05
"X2.13692",0.000232048459751568
"X0.3622",0.000148898961298662
"X2.13693",-0.000135870547129724
"X0.3623",0.00033661446252077
"X2.13694",-9.76546771562153e-05
"X2.13695",-0.000211257204016761
"X2.13696",0.000576675701954083
"X2.13697",1.93735149555873e-05
"X2.13698",-2.47486801015984e-05
"X2.13699",7.62145502329672e-05
"X2.13700",0.000227674514689421
"X2.13701",0.000310159723354873
"X2.13702",-0.000322334109101335
"X2.13703",-9.51237593434434e-05
"X2.13704",0.000222050224686445
"X2.13705",-0.000174172620655822
"X2.13706",0.000493009956569138
"X2.13707",-0.000336629430406368
"X2.13708",-0.000181283180091312
"X2.13709",5.37902877175445e-05
"X2.13710",0.000144131508631936
"X2.13711",-4.05837449536702e-05
"X2.13712",0.000269563816404009
"X2.13713",-0.000123343971660324
"X2.13716",0.000546118561217537
"X2.13717",3.73107529833795e-05
"X2.13718",0.000488811977360393
"X2.13719",0.00020039950163037
"X2.13720",-0.000293637500610924
"X2.13721",-0.000505553733227325
"X2.13722",-0.000410929641531392
"X2.13723",0.000381047554019481
"X2.13724",-0.000122383182961433
"X2.13725",0.000290494889996976
"X2.13726",-0.000264735498438879
"X0.3626",-0.000352366743118913
"X0.3627",-7.3977904496528e-05
"X2.13728",0.000644464367087247
"X2.13729",-0.000170771190779965
"X0.3628",5.03571619422374e-05
"X2.13730",-4.42358052584148e-05
"X2.13731",3.27167844939775e-05
"X2.13732",-0.000348844694525881
"X2.13733",-0.000574446503117361
"X0.3629",0.000142889730899961
"X2.13734",-0.00037709939458855
"X2.13736",-4.59875680485595e-05
"X0.3630",-0.000156456319357735
"X0.3631",-0.000199684034044346
"X0.3632",-4.36257885181082e-05
"X2.13737",-0.000211863861897937
"X0.3633",-0.000354765865238211
"X0.3634",7.73353092234824e-05
"X2.13738",0.000475931591602819
"X2.13739",0.000156107237223528
"X2.13740",0.000265344134104444
"X2.13741",-0.000301587624952512
"X2.13742",0.000237672448354933
"X1.622",0.000215346583123455
"X2.13743",1.94631771744841e-05
"X2.13744",6.96450063492902e-05
"X2.13745",0.000481610163419909
"X2.13747",0.000139650244093797
"X2.13748",-0.000134653682668919
"X2.13749",-0.000462341036428435
"X2.13750",0.000663586521058054
"X2.13751",0.000318706320465459
"X2.13752",0.000404527562503223
"X2.13753",0.00022278361711391
"X2.13755",-9.1343188916578e-05
"X2.13756",-3.43228767994091e-05
"X2.13757",0.000273628870996652
"X2.13758",0.000111975477682319
"X2.13759",0.000289476867424401
"X2.13760",-0.000281264439644179
"X2.13761",9.33452366060735e-05
"X2.13762",-0.000160275130412257
"X2.13763",-1.45986798182871e-05
"X2.13764",-7.82224671732747e-05
"X2.13765",0.000396347556028538
"X2.13766",0.000703103838431671
"X2.13767",0.000390918846058664
"X2.13768",-0.000520109730428265
"X2.13769",0.000361928891193991
"X2.13772",0.000357247594778251
"X2.13773",0.000327381340138571
"X2.13774",0.000578068759333486
"X2.13775",-0.000465229754392388
"X0.3638",-0.000454547042894944
"X2.13776",0.000168178817757813
"X2.13777",0.000114254295753553
"X2.13778",0.000137292496395562
"X2.13779",0.000214477533806969
"X2.13780",0.000673830210261577
"X2.13781",9.41861185732315e-05
"X2.13782",0.000513229482994836
"X2.13783",0.000181100615199181
"X2.13784",0.000200747612090329
"X2.13785",0.000122786781468574
"X0.3639",-0.000797325845736011
"X2.13786",-4.46546115831545e-05
"X2.13787",0.000607379828916623
"X2.13788",0.000356124034276694
"X2.13789",-2.13419230782964e-05
"X0.3640",-0.000661205078747393
"X2.13790",0.000405540476498764
"X2.13791",-0.000194764666099133
"X2.13792",-0.00062428716759489
"X0.3641",-0.000111343493577852
"X2.13793",-0.000281251202429267
"X2.13794",-0.00013797036831189
"X2.13795",0.000671041121307365
"X2.13796",0.000374255731107854
"X2.13797",0.000243817942655764
"X0.3642",-0.000373042035827645
"X2.13798",0.000103765570685107
"X2.13799",0.0003985519980173
"X2.13800",0.00050604877444357
"X0.3643",0.000438485416716925
"X0.3644",-0.000225768962669221
"X0.3645",0.000129583603219981
"X0.3646",5.58244167803079e-07
"X0.3647",-6.2488246973513e-05
"X0.3648",0.000274544271772815
"X2.13801",-0.000371450711065347
"X0.3649",-0.000194310022246284
"X2.13802",-0.000237365892034853
"X2.13803",-0.000127286543257097
"X2.13804",-0.000162431748133169
"X2.13806",-0.000267439640757185
"X2.13807",-0.000471421326662989
"X2.13808",-6.76558466049883e-05
"X2.13809",-0.000117151053595982
"X2.13810",-5.26251611091518e-05
"X2.13811",-0.000467536422961305
"X2.13812",0.000243996526887437
"X2.13813",-0.000181217896827462
"X2.13814",-2.41569282467717e-05
"X2.13815",5.21618156500826e-05
"X2.13816",0.00061006905772639
"X0.3650",-1.23063440282966e-06
"X2.13818",-0.000768068606600484
"X2.13819",0.000440626950831022
"X0.3651",0.000505024743142324
"X0.3652",-0.000381818517510811
"X0.3653",-0.000266235923212923
"X0.3654",-0.000426390175109833
"X2.13820",-0.00030016887990922
"X2.13821",-0.000259401082003132
"X2.13822",0.000100150212784715
"X2.13823",-0.00014592432561193
"X2.13824",-0.00026985923117217
"X0.3655",0.000232580968355561
"X0.3656",-2.78722857038706e-05
"X2.13825",-2.00693953412097e-06
"X0.3657",0.00030331733257704
"X2.13826",-0.000189546703269741
"X2.13827",0.000114939054282551
"X2.13828",0.000278484705717262
"X2.13829",-7.10779978203134e-05
"X2.13830",-0.000298304271434553
"X2.13831",-0.000134689964649747
"X2.13832",-0.000318006943973242
"X2.13834",0.000449726326906295
"X0.3660",-6.8474344782964e-05
"X2.13835",-6.5724135973495e-05
"X2.13837",-2.41489424685252e-05
"X2.13838",5.00827655766786e-06
"X0.3661",6.23428564875604e-05
"X2.13839",-7.61200326541616e-05
"X0.3662",-2.9773058574966e-06
"X2.13840",7.99858728541486e-05
"X2.13841",-8.7258005357798e-05
"X2.13842",1.18181239676698e-05
"X2.13843",0.000200584314269318
"X0.3663",0.000117462330252932
"X0.3664",-0.000669125924408784
"X0.3665",-0.000233848183669209
"X0.3666",-0.000261657604223631
"X2.13846",-4.01969076074479e-05
"X0.3667",-0.000364135603920549
"X2.13847",9.58162456991581e-05
"X0.3668",0.000178717775954264
"X0.3669",-0.000108263708672038
"X2.13849",0.000403390950506019
"X2.13850",4.4428945431305e-05
"X0.3670",-7.60962925842358e-06
"X2.13851",-0.000336100767289962
"X0.3671",7.79869520421963e-06
"X0.3672",0.000255112088379587
"X0.3673",0.000291650127105725
"X2.13852",-0.000204765873612086
"X2.13853",-8.02727621289979e-05
"X2.13854",0.000313969909934431
"X2.13855",3.1215974593027e-05
"X2.13856",0.000220754123414749
"X2.13858",-0.0002821554285044
"X2.13859",0.000230852370129968
"X0.3674",-0.000134522783601201
"X2.13860",-9.39699724054439e-05
"X2.13861",-0.000126545760394146
"X2.13862",0.000111144838033253
"X2.13863",-6.99594224115954e-05
"X2.13864",7.06994785735679e-05
"X0.3675",-0.000149651414057706
"X2.13865",-7.54953837692577e-06
"X2.13866",0.00012295703604006
"X2.13867",1.65781069338857e-05
"X2.13869",0.000475584399499851
"X0.3676",-0.000210331920535053
"X2.13870",3.00275946684044e-05
"X2.13871",-8.84684400612052e-05
"X2.13872",-0.000565288865072442
"X2.13874",0.000197341900313279
"X2.13875",5.64285667624994e-06
"X2.13876",-2.68924888193382e-05
"X2.13877",-0.000268969663221821
"X0.3677",-5.85685183176985e-05
"X2.13878",-0.000165298466014328
"X2.13880",-0.000315616068876914
"X2.13881",-0.000259059741617183
"X0.3678",8.92874127768669e-05
"X2.13883",-1.01413685056783e-05
"X0.3679",-0.000156137017636952
"X2.13887",-0.000411167402511505
"X2.13888",-0.000426182025458906
"X2.13889",-0.000297556383159107
"X2.13890",-0.000297187348250097
"X2.13891",-0.000290418223513647
"X0.3682",8.13879163274257e-05
"X2.13892",9.1968817288866e-05
"X0.3683",0.000233497175856228
"X0.3684",0.000536063516064304
"X2.13895",0.000391674127540249
"X2.13896",-0.000655349090301206
"X2.13897",0.00016628167925602
"X0.3685",0.000286745541459603
"X0.3686",-6.1237709654487e-05
"X2.13899",-0.000413585660613731
"X0.3688",-0.000273686413561868
"X0.3689",-0.000164494672828937
"X2.13901",9.60732238113991e-05
"X0.3690",-0.000119429780508808
"X2.13902",0.000143024113351949
"X0.3691",-0.000135072089624752
"X2.13903",-0.00013490355489748
"X0.3692",0.00026205037315096
"X2.13904",0.000422769777237628
"X0.3693",7.4090973583053e-05
"X0.3694",7.01576881717353e-05
"X0.3695",0.000287970045333751
"X2.13907",-6.51395402155128e-05
"X2.13908",0.000432564426289293
"X0.3696",0.000303930183020756
"X2.13909",0.000193548767457931
"X2.13910",2.36753659071509e-05
"X0.3697",0.000331926624944773
"X2.13911",-0.000374452702444315
"X1.628",0.00080456191950335
"X0.3698",0.00027211936522153
"X0.3699",7.49399166760262e-05
"X0.3701",0.000438397881139041
"X0.3702",0.000227755099838812
"X0.3703",-0.000436357639175686
"X0.3704",-1.94426098743469e-05
"X0.3705",-0.000578933209352874
"X0.3706",-6.9203093748842e-05
"X0.3707",-0.000279914226193978
"X2.13915",-5.24098424636668e-05
"X0.3708",-0.000154662645141817
"X2.13916",-0.00049681494189625
"X0.3709",-0.000223198869359899
"X0.3710",-0.00043868920149944
"X0.3711",-0.000308809718960288
"X0.3712",-0.00069192606127017
"X0.3713",-0.000330049789156928
"X0.3714",-0.000265846522483486
"X0.3715",-0.000252482128267532
"X0.3716",-0.000592641284154241
"X0.3717",-0.000406879951159632
"X0.3718",-0.000378943679229166
"X0.3719",5.09563843764068e-05
"X0.3720",-0.000719054706028458
"X0.3721",-0.000270248601559356
"X0.3722",-0.000393583306387187
"X0.3724",-0.000386660081123711
"X0.3725",-0.000647782316886105
"X0.3726",-0.00075809492534735
"X2.13918",0.000242574368494964
"X0.3727",-0.000817956336787364
"X0.3728",-0.000340892939225955
"X2.13919",-0.000786129446612315
"X0.3729",-2.08117121734415e-05
"X0.3730",-6.14342726803891e-06
"X0.3731",-0.000271245121377918
"X0.3732",-0.000478107715786753
"X0.3733",-0.000359027421738319
"X0.3734",-0.000480520245104207
"X2.13921",0.000420324223041473
"X2.13922",0.000333567191698075
"X0.3735",-0.000104283010184004
"X2.13923",0.000356917756740801
"X0.3736",-0.000215776236057222
"X2.13924",0.000381589297169225
"X2.13925",0.000463071000388146
"X2.13927",0.000972370894645574
"X2.13928",0.000185627202740995
"X2.13929",-0.000114759240149726
"X2.13930",4.62205167896609e-05
"X0.3737",0.000151541535500673
"X0.3738",0.000600559726701606
"X2.13932",-0.000287986020247208
"X2.13933",0.000217466462326942
"X2.13934",0.000238502197942173
"X2.13935",-7.35097469360735e-05
"X2.13936",0.000324139340027657
"X2.13937",0.000368829565245093
"X2.13938",3.54790137983009e-05
"X2.13939",-0.000131365750382894
"X2.13940",0.000207704614859137
"X2.13941",-0.00037389020606344
"X2.13942",-0.00016868194685542
"X2.13943",0.000210420554793235
"X2.13944",-0.000403923866760091
"X2.13945",-0.00028647808471125
"X2.13946",-0.000490450830192961
"X2.13947",0.000377114709284361
"X2.13948",0.000379484809052254
"X2.13949",0.000509495500925425
"X2.13950",2.28366115466655e-05
"X2.13951",6.55892446892191e-05
"X0.3739",-0.000256288486435286
"X0.3740",-7.35100232223794e-05
"X0.3741",-0.000163757504321788
"X2.13952",-0.0001803653525637
"X2.13953",9.51642117717817e-05
"X0.3742",1.09540755146081e-05
"X2.13954",-0.000400925337279731
"X2.13955",4.11307958338302e-05
"X2.13956",-0.000233223321867879
"X0.3743",-0.000268088455901877
"X2.13957",0.000283120029506442
"X2.13958",-0.000367229889603438
"X2.13959",2.88253600230473e-06
"X0.3744",-0.000136411486486718
"X0.3745",2.59382074531475e-07
"X0.3746",-4.13749380498644e-05
"X0.3747",-0.00031804889658446
"X0.3748",-0.000357645732688371
"X0.3749",-0.000459109185849641
"X2.13960",0.000181680602050373
"X2.13961",0.00070813674056814
"X0.3750",-7.38855383517894e-05
"X2.13962",-5.21732313894617e-06
"X2.13963",-0.000327617377541014
"X0.3751",-0.000380161372553117
"X0.3752",-0.000390935766138884
"X0.3753",-0.000162108721170586
"X2.13964",0.000165317682065558
"X0.3754",0.000281785535728458
"X0.3755",0.000350055941832782
"X0.3756",-8.27758618834864e-05
"X0.3757",-0.000158217730613395
"X2.13967",0.000154702959717459
"X0.3758",0.000145189659480529
"X0.3759",6.35573067232165e-05
"X0.3760",-0.000216908934145661
"X0.3761",-6.5329080676808e-05
"X2.13970",-0.000205633118098819
"X0.3762",3.15035381521324e-05
"X2.13973",6.5121185403211e-05
"X0.3763",-0.00018108391982
"X0.3764",-0.000508395876960471
"X0.3765",-0.000550037910369704
"X0.3767",-0.000541663869766261
"X0.3768",-0.000191605039903814
"X0.3769",-0.000385509262082916
"X0.3770",4.07319321583412e-05
"X2.13975",0.000248045999758414
"X0.3771",1.92144767725271e-05
"X1.637",-0.000291416442503115
"X2.13976",0.000683579836588091
"X2.13977",0.000485984041931414
"X2.13978",0.000548575410135024
"X2.13979",-0.000233204617192125
"X2.13980",0.00036575917362536
"X2.13981",-0.000168707821235116
"X2.13982",-0.00019986758173329
"X2.13983",0.000346681814045084
"X2.13985",0.000513765291151038
"X2.13986",0.000419094532288661
"X2.13987",0.000129022335445183
"X2.13988",0.000326706059518697
"X0.3772",-0.00021377050172543
"X0.3773",-0.000206759885177443
"X0.3774",-0.00031638789846622
"X0.3775",-0.000115514874489719
"X0.3776",8.52757945010933e-06
"X2.13989",0.000423925602221418
"X2.13990",0.000432409162584048
"X0.3777",-0.000250146934858086
"X0.3778",-0.000269196881867545
"X2.13991",-5.93294281782178e-05
"X2.13992",0.000135638153652857
"X0.3779",5.4551495386326e-05
"X0.3780",-0.000515144542244129
"X2.13993",0.000208096935594788
"X0.3781",-0.00032679544330817
"X0.3782",-0.00029033856100986
"X2.13994",0.000745676031508997
"X0.3783",-0.000256194922767037
"X0.3784",2.00318717041293e-05
"X0.3785",-0.000471588157327618
"X2.13995",0.000308553355760873
"X0.3786",-0.000620445751820755
"X0.3787",-0.000171827456130911
"X0.3788",-0.000388786096594152
"X2.13998",0.000107038155951348
"X0.3789",-0.000548504042984703
"X2.13999",0.000788089094521052
"X0.3790",-0.000935466387361211
"X0.3791",-0.000936627965337413
"X0.3792",-0.000232066234913874
"X0.3793",-0.000129557276898693
"X0.3794",-0.000361194418415209
"X0.3795",-0.000250282183575086
"X0.3796",-0.000727742351291123
"X0.3797",-0.000707925715307273
"X0.3798",-0.000255479723794724
"X2.14000",-0.000211098737172053
"X0.3799",0.000145329698479616
"X0.3800",8.53500966664709e-05
"X2.14001",4.71040192695548e-05
"X0.3801",1.74070151608113e-05
"X2.14002",0.0003733113843169
"X0.3802",-5.03146256923972e-06
"X0.3803",-0.000192663421361159
"X0.3804",0.000167453433312934
"X0.3805",-0.000648642311371365
"X0.3806",-0.000104218234716756
"X2.14003",-0.000230133192708806
"X0.3807",-6.90106572462988e-05
"X0.3808",-0.000367337229203403
"X2.14004",0.000300327522491711
"X0.3809",-6.92753989894626e-06
"X0.3810",-0.000344420890050646
"X0.3811",-3.14262678817664e-05
"X2.14005",-0.000102258090543656
"X2.14006",4.46471130818423e-05
"X0.3812",-0.000321073484355488
"X0.3813",-0.000293363572304655
"X2.14007",0.0002042731919321
"X2.14008",-0.000146723431751821
"X0.3814",-3.68215590846682e-05
"X2.14009",7.76073963722735e-05
"X0.3815",-0.000233104346362804
"X0.3816",-0.000140583006708452
"X0.3817",-0.000122078516535175
"X2.14010",0.000200546195967185
"X0.3818",-0.000279685367913938
"X0.3819",-0.000116435062648957
"X0.3820",-0.000168811985409133
"X2.14011",7.53215142383355e-05
"X0.3821",-0.00017326167492196
"X0.3822",0.000198181881264519
"X0.3823",7.78819018877373e-05
"X0.3824",0.000304638607991072
"X0.3825",-0.000107566309427912
"X0.3826",-0.000472918260139283
"X0.3827",5.78716161914437e-05
"X0.3828",-0.000403661411722503
"X0.3829",-7.3362778896133e-05
"X0.3830",0.000174747140029773
"X2.14012",0.000185587358008369
"X0.3831",-0.000202551471013882
"X0.3832",-0.000281759443134983
"X0.3833",-3.26224550153923e-05
"X0.3835",-0.000357498735529752
"X2.14013",-9.91127351945346e-05
"X0.3836",-0.000157106790254507
"X0.3837",7.00167685736154e-06
"X0.3838",-0.000197220273866826
"X0.3839",-0.000633523589426268
"X0.3840",-0.000398859280687146
"X0.3841",-0.00042214519054711
"X0.3842",-3.82244915586115e-05
"X0.3843",-0.00035512280244529
"X0.3844",-0.000509317543761137
"X0.3845",0.000314470089775176
"X0.3846",-0.000170225560775791
"X0.3848",-0.000212260184602761
"X0.3849",-0.000418422078817376
"X2.14015",-0.000180610918340284
"X2.14016",-0.00041381558683023
"X2.14017",0.000229779882024995
"X0.3851",-0.000517842528843263
"X2.14022",0.000499300966960726
"X2.14023",-0.00017498534383092
"X2.14024",0.000173790321134324
"X0.3852",-0.000526385293806642
"X0.3853",-0.000545790463252522
"X0.3855",8.1027247206414e-05
"X0.3856",-0.000274874220143235
"X0.3857",-0.000267656172481465
"X0.3858",-0.000408564666556693
"X0.3859",-0.000346743065097474
"X0.3860",-0.000685185585199381
"X0.3861",-0.000575954472087923
"X0.3862",-0.000442551972276223
"X0.3863",-0.000102689871924615
"X0.3864",0.000182086675135258
"X0.3865",-0.000205029256517701
"X0.3866",-0.000665152860248599
"X0.3867",-0.000470565366494821
"X0.3869",-0.000515113773109338
"X2.14027",0.000105713123669841
"X0.3870",0.000176529222329735
"X0.3871",0.000602801395257603
"X0.3872",2.51212282953808e-05
"X2.14028",0.000303412678308909
"X2.14030",-4.74212600592512e-05
"X2.14031",0.000313248932834029
"X2.14032",-4.32432573939707e-05
"X2.14033",2.57403554102559e-05
"X2.14034",0.000352989272883343
"X2.14035",-3.75307798735489e-06
"X2.14036",-0.000215435170083647
"X2.14038",0.000200154404357504
"X2.14039",0.000138470026815118
"X0.3873",-8.25574610261244e-05
"X2.14042",0.000605674243010308
"X2.14043",0.000246967675494747
"X2.14044",0.000436594279205693
"X2.14045",-0.000266774779060527
"X2.14046",0.000165064449490112
"X2.14048",0.000118976259353029
"X2.14049",-0.000314778100255659
"X2.14050",0.000369776249762395
"X2.14051",0.000208619983795572
"X2.14052",-0.00025057317727785
"X2.14053",0.00036326299548486
"X2.14054",0.000637545149101841
"X2.14055",7.96220007500351e-05
"X2.14056",9.90554412017156e-05
"X2.14057",0.000446657065451347
"X0.3875",-0.000553138610111839
"X2.14058",0.00027974249450034
"X2.14059",-0.000196478589283536
"X2.14060",7.39666827371168e-05
"X2.14061",-0.000209772322318573
"X2.14062",-0.000152726962087168
"X2.14063",0.000110859494524577
"X2.14065",-0.000375197928016209
"X2.14066",-0.000294388824636588
"X2.14067",0.000502299315939671
"X2.14068",0.000554928284005212
"X2.14069",-7.29917072203237e-05
"X2.14070",0.000276419387639117
"X2.14071",-4.2314506161617e-05
"X0.3876",7.32344786428005e-05
"X0.3877",0.000170947741175221
"X0.3878",-2.04805655040084e-05
"X0.3879",-1.41998620889217e-05
"X0.3880",0.000129548945258794
"X0.3881",0.000126212091827273
"X0.3882",1.8755670540041e-05
"X0.3883",8.05381344867686e-05
"X0.3884",-0.000683356191505426
"X0.3885",-0.000489462199476194
"X2.14072",0.000227924357932938
"X0.3886",-4.7291769490825e-05
"X0.3887",-0.000104615355482636
"X2.14073",0.000311893454897027
"X2.14074",-0.000261561957129557
"X2.14075",0.000129977855424731
"X2.14076",-0.00044539111359348
"X2.14077",-5.800146085524e-05
"X0.3888",-2.93356294261521e-05
"X2.14078",0.000168941174360922
"X2.14079",-0.000136225398761525
"X2.14080",0.000161874064098301
"X2.14081",-0.000250348735894477
"X2.14082",1.15516042954401e-05
"X2.14083",0.000599695305542526
"X0.3889",-9.90132319310782e-05
"X2.14084",-0.000383340264401601
"X2.14085",-0.000124911688217683
"X2.14086",-0.000278001590524091
"X2.14087",0.000284902953159316
"X0.3890",-0.00017136815116572
"X2.14088",-0.000328155919708501
"X2.14089",7.61923994070876e-05
"X2.14090",2.73149892226732e-05
"X2.14091",-6.00441896911023e-05
"X2.14092",0.000251815731934878
"X2.14093",-0.000185982434256901
"X0.3892",0.000269423465903461
"X0.3893",0.000124182756337761
"X0.3894",-3.93470564160055e-05
"X0.3895",0.000103461258445896
"X0.3896",-0.000310663308564092
"X0.3897",-4.26411076908183e-05
"X2.14094",0.000468724362830752
"X0.3898",0.000193759057542587
"X0.3899",-7.46525778906684e-05
"X0.3900",0.000271884707081201
"X0.3901",-0.000255184592791867
"X0.3902",-0.000341537285471512
"X2.14095",-0.000258860039724575
"X0.3903",-0.000238369080338702
"X0.3904",-0.000497769777967144
"X0.3905",-0.000304932085905088
"X2.14096",0.000337097141604143
"X0.3906",-0.000220653914989618
"X0.3908",-0.000271717625592465
"X2.14097",0.000493534719966936
"X2.14098",0.000502324068789756
"X2.14099",0.000383696431567185
"X2.14100",0.000239909201000076
"X0.3909",-0.000443963731316823
"X0.3910",-0.000318964621641326
"X0.3911",-0.000267301183361376
"X0.3912",7.1422010716363e-05
"X0.3913",-0.00036016370703902
"X0.3914",-0.000300504960171788
"X0.3915",-0.000165944948675621
"X0.3916",-0.000150782901667708
"X0.3917",-4.003229583693e-05
"X0.3918",-0.000224763434701818
"X2.14101",0.0003864144776957
"X2.14102",0.000296581198371242
"X0.3919",-0.000108668724818239
"X2.14103",0.00019924611428609
"X2.14104",-3.5891923250016e-05
"X2.14105",-0.00030379501729711
"X2.14106",-0.000107937318791441
"X2.14107",0.000284214111892821
"X2.14108",0.000120898037079556
"X2.14109",-0.000182979346715751
"X2.14110",-0.000200146760729043
"X2.14111",0.000303471156795924
"X2.14112",0.000102489517003593
"X2.14113",0.000187980590294764
"X0.3920",-0.00022763692062683
"X2.14114",0.000131096505225838
"X0.3921",1.48256464119149e-05
"X0.3922",0.000130285275726271
"X0.3923",-0.000425570159286608
"X0.3924",-8.64416834586355e-05
"X0.3925",6.3740833573262e-05
"X0.3926",-0.000492825391826559
"X2.14117",-3.01339554738003e-05
"X2.14118",0.000250410492472982
"X2.14119",0.000118078568998635
"X2.14120",5.62034474830493e-05
"X2.14121",-0.000347639648529892
"X0.3927",-0.000806512726034224
"X2.14122",-0.000205828315947457
"X2.14125",0.000470778026736237
"X2.14126",5.63297330397549e-05
"X2.14127",0.000309249968871135
"X2.14128",8.63048674571888e-05
"X2.14129",0.000374490948264905
"X2.14130",5.0869519123692e-05
"X0.3928",-3.76375691587959e-05
"X2.14131",0.000327592082772766
"X0.3929",0.000325836416754846
"X0.3930",-0.000149234940948319
"X0.3931",0.000282819882893921
"X0.3932",1.75951017141657e-05
"X0.3933",0.000308832723683735
"X0.3934",-8.07486845807875e-05
"X0.3935",-1.7163150337794e-05
"X0.3936",2.56916292700382e-05
"X0.3937",-0.000131078336595999
"X0.3938",-0.000163869320701754
"X0.3939",-0.000120839268770157
"X2.14132",0.000145020329386271
"X2.14133",0.000121232784681186
"X0.3940",0.000318095610184364
"X2.14134",0.00018413505809176
"X0.3941",4.59642699588322e-05
"X2.14135",0.000300946184520673
"X0.3942",0.000251951289832108
"X0.3943",0.000286171856273299
"X2.14136",0.000200499277100379
"X2.14137",0.000302628047993197
"X0.3944",-6.34886944387093e-05
"X0.3945",-0.000453618696219854
"X2.14138",0.000230549389229788
"X2.14139",-0.000182350853245622
"X0.3946",-0.000713001341918865
"X2.14140",-2.08274160232808e-05
"X2.14141",-0.000415281523647817
"X0.3947",0.000523174112377324
"X0.3948",-0.000172775416953493
"X0.3949",-0.000351169475950081
"X0.3950",-0.000391326080755401
"X0.3951",-6.5269255673619e-05
"X2.14142",-0.000184488148569686
"X0.3953",-0.000396698463970847
"X0.3954",-0.000103902953018665
"X2.14143",1.67503412610305e-05
"X0.3955",-0.000193407504788503
"X2.14144",0.000170451397754489
"X2.14145",0.000241515272636373
"X2.14146",0.000273460922501797
"X0.3957",-0.000331682873284304
"X2.14147",0.000297350397029828
"X2.14148",0.000522674196209682
"X0.3958",-0.000288104520903812
"X2.14149",0.000324450471305766
"X0.3959",0.000238946162889062
"X0.3960",-8.66774530794382e-05
"X0.3961",-8.45453738043454e-05
"X2.14151",-0.00018834603891221
"X2.14152",0.000403250748465589
"X2.14153",0.000268558497068098
"X2.14154",0.000174000882404081
"X0.3962",0.00028728806725118
"X2.14156",0.000533663759762175
"X0.3963",-9.4062985359173e-05
"X0.3964",2.76977087543056e-05
"X0.3965",-0.000100692520707262
"X0.3966",-0.000179533475518431
"X2.14157",-0.000440092602520916
"X2.14158",0.00030513473517991
"X0.3967",-0.000101202173227382
"X0.3968",0.000191180342704043
"X2.14159",5.61838377526397e-05
"X0.3969",0.000330910584307299
"X0.3970",0.000701537612780468
"X0.3971",0.000426551165338117
"X0.3972",2.75943302786725e-05
"X2.14160",-0.000150231202607216
"X0.3973",7.67878579441652e-05
"X0.3974",-0.000433094419662913
"X2.14161",2.16532505064992e-05
"X0.3975",4.19553053979441e-05
"X0.3976",-8.52512903542891e-05
"X2.14162",4.52370583504657e-05
"X0.3977",-8.38000729368124e-05
"X0.3978",-0.000135264929657723
"X2.14163",-3.36247200355383e-05
"X0.3979",-0.000445742688502391
"X2.14164",-0.000185527819561293
"X2.14165",7.03801748526487e-05
"X2.14166",-6.03748383885488e-05
"X0.3980",0.000260396977239515
"X0.3981",-8.35419858660607e-05
"X0.3982",-5.55780375366909e-05
"X0.3983",7.38367560344246e-05
"X0.3984",4.25499933230943e-05
"X0.3985",-0.000255899799066009
"X2.14167",6.65037246174441e-05
"X0.3986",0.000468145045577486
"X0.3987",-0.000348535672469437
"X0.3988",2.47882794447213e-05
"X0.3989",-2.16994822750724e-05
"X0.3990",1.78536934538924e-05
"X0.3991",2.89340908091281e-05
"X0.3992",2.55850900121689e-05
"X2.14169",0.000224779473985576
"X2.14171",0.00036994462551755
"X0.3993",-6.90471637912696e-05
"X0.3994",-0.000217779602262297
"X2.14174",9.38954869225428e-05
"X2.14176",0.000259749548671074
"X0.3995",0.000247715307332537
"X2.14177",0.000249911861657782
"X2.14178",0.000319987003303479
"X0.3996",-0.000222805414909817
"X0.3997",-0.000546890308792736
"X2.14181",9.10819417776516e-06
"X0.3998",-0.0004167434949039
"X1.644",-0.000810084022040768
"X0.3999",-0.00030928606432408
"X2.14185",-0.000138857777936017
"X2.14186",0.000269910898636941
"X2.14188",1.19438902794074e-05
"X0.4000",-0.000478735360002996
"X0.4001",-8.71734026015276e-05
"X2.14189",0.000287851513178735
"X2.14190",3.72421430180163e-06
"X2.14191",0.000129481680966563
"X0.4002",3.02290979803292e-05
"X2.14192",0.000544161993596165
"X2.14194",0.000253494892321519
"X2.14196",-7.73812043911665e-05
"X0.4003",0.000375734394376715
"X0.4004",2.38103312706572e-05
"X0.4005",0.00013251812713059
"X0.4006",6.81352056401244e-05
"X2.14199",2.19986380072978e-05
"X2.14200",0.000333073730158296
"X0.4007",-9.43214851185051e-05
"X0.4008",-0.000324888511083933
"X0.4009",-0.000329636827186699
"X2.14201",0.000708454830135836
"X0.4010",-0.000397284047611784
"X0.4011",-0.000524291534825207
"X0.4012",-0.000431700889196893
"X0.4014",-0.000153735644131727
"X2.14206",0.0001746616835254
"X0.4015",3.07237301975624e-05
"X0.4016",0.000317143658815992
"X0.4017",-0.000391773407235896
"X0.4018",-2.38585480478745e-05
"X2.14207",0.000102868298297779
"X2.14208",0.000368894422264316
"X2.14209",4.36687174585752e-05
"X2.14210",0.000493210422214646
"X2.14211",-0.000252397270095228
"X2.14212",0.000312815471148688
"X2.14213",0.000760760127337594
"X2.14214",0.000159151595394896
"X2.14215",-1.10396115407331e-05
"X0.4021",-3.25867819792069e-05
"X0.4022",-0.000118868016085061
"X0.4023",0.000188178539314831
"X2.14216",0.000389266937930772
"X0.4024",-9.73138734098936e-05
"X2.14218",-4.86183846959877e-05
"X0.4026",2.30253172412585e-05
"X2.14222",0.000607908124529309
"X2.14223",3.43831331679258e-05
"X2.14225",0.000313838958747915
"X2.14226",0.000151118268720043
"X2.14228",0.000107298696248655
"X0.4027",-0.000211033338865914
"X2.14229",-0.000114494681924045
"X2.14230",9.95070104310603e-05
"X2.14231",2.86324921764711e-05
"X2.14235",-0.000538947213055718
"X1.649",-0.000286074206830252
"X2.14237",-0.000105344991204923
"X0.4028",-1.5302207274307e-05
"X2.14238",-6.90248801604208e-05
"X2.14240",-0.000675270597642746
"X2.14241",-0.000203984472403913
"X2.14242",-0.000104940803673207
"X0.4030",-0.000238243541575988
"X0.4031",9.19252198265719e-05
"X2.14244",-0.000255085256806885
"X2.14245",-0.000377462269503776
"X2.14246",-0.000402425006489796
"X2.14247",-0.000435269197550095
"X2.14248",-0.000138784805739493
"X2.14249",-0.000179383707548352
"X2.14250",-0.000316366043036475
"X2.14251",4.56619037211795e-05
"X2.14252",0.000401352315891779
"X2.14253",0.000527768606534555
"X2.14254",8.6073732665202e-05
"X2.14255",0.000200420561702673
"X2.14256",0.000171578081727725
"X2.14258",0.000338818524745462
"X2.14261",0.000168337962403076
"X2.14262",-0.000293416763658803
"X0.4032",-7.81763866821831e-05
"X2.14264",-0.000524937394599952
"X2.14266",0.000488399297741142
"X2.14267",0.000294411790791207
"X2.14269",0.000143458126006012
"X2.14270",7.81888504324388e-05
"X2.14272",-0.000299584608322789
"X2.14273",0.000256427608488154
"X0.4034",-0.000130279039727207
"X2.14275",0.00079286155933584
"X2.14276",2.17191948427069e-05
"X2.14277",0.000494428059852997
"X2.14278",-0.000411532014586289
"X2.14279",8.75262817102643e-05
"X2.14281",0.000110265114898187
"X2.14282",8.27699673638492e-05
"X0.4036",0.000262710467836873
"X2.14283",0.000180927249755356
"X2.14284",0.000467486779764607
"X0.4037",7.91462473066649e-05
"X0.4038",-0.000257559532876369
"X2.14285",0.000219493603681788
"X0.4039",-0.000620858242580586
"X2.14287",0.000348722340427222
"X0.4042",0.00042714740263188
"X0.4043",-0.000223952181419592
"X0.4044",6.74902696965085e-05
"X0.4045",0.000381536024061124
"X0.4046",0.000251517951433072
"X0.4047",-9.22330145375042e-05
"X0.4048",7.94373901345651e-05
"X0.4049",0.000123748906064044
"X0.4050",-0.000314580880942993
"X0.4051",0.000294568572349843
"X0.4052",0.000100805553090033
"X0.4053",0.000142272238974075
"X2.14289",-4.26172565353897e-05
"X0.4054",-0.000119387319792978
"X2.14292",-0.000194930890856642
"X0.4055",0.00010384393831791
"X2.14296",0.000520375380468147
"X2.14297",-0.00029517722314057
"X0.4056",-9.46876346524572e-05
"X0.4057",-0.000170636581536686
"X2.14298",0.000341639600604674
"X0.4058",0.000423864229598182
"X0.4059",0.000223888437435379
"X2.14299",0.000620660644879082
"X2.14300",0.000510557905825771
"X0.4060",-1.59141658717022e-06
"X0.4061",-0.000200008732283703
"X0.4062",-0.00026272894474323
"X2.14301",0.000324309105113608
"X0.4063",-0.000199499986291816
"X2.14302",0.000348016679644692
"X2.14303",0.000278342602605384
"X2.14304",-9.9009125552542e-05
"X2.14305",0.000373631293255464
"X2.14306",1.68513993486921e-05
"X2.14307",0.000660197401699437
"X2.14308",0.000234018070967573
"X2.14310",0.000628718331445477
"X2.14311",0.000374860968048626
"X2.14312",0.000226444358832722
"X2.14313",0.000458695764922959
"X2.14314",0.000163068238085571
"X2.14315",0.000471620108727671
"X2.14318",1.28907930089931e-05
"X2.14320",0.000221072931846994
"X2.14321",0.00029743823730046
"X2.14322",6.7372351674899e-05
"X2.14323",9.21044488532582e-05
"X2.14324",0.000359141136536834
"X2.14325",0.000179187754096628
"X2.14326",0.00015733682803911
"X2.14327",0.000194597147498742
"X2.14328",-0.000515594711319017
"X2.14329",-0.000175159541081425
"X2.14330",0.000368314461743967
"X2.14331",9.29453312423231e-05
"X2.14332",-0.000650144311611774
"X2.14333",-0.000105261766521664
"X2.14334",-0.000164632289859898
"X2.14335",0.000124276479127067
"X2.14336",-0.000183004861793339
"X2.14338",0.000226226788323572
"X2.14339",-0.000159721410404773
"X2.14340",0.000133501559093379
"X2.14342",0.000570931699307418
"X2.14344",2.04838122424169e-05
"X2.14345",0.000337828865867152
"X2.14346",0.00032557268328389
"X2.14347",0.000467818837692402
"X2.14348",0.000457626704262392
"X2.14350",0.000104307436279228
"X2.14352",-2.96245527146681e-05
"X2.14353",0.0003928879952115
"X2.14354",0.00021872588362165
"X2.14355",0.000134484066745143
"X2.14356",0.000897319408352207
"X2.14357",0.000258001592158739
"X2.14358",0.000552462503919951
"X2.14361",-0.00052989024393845
"X2.14362",-0.000246533110748617
"X0.4064",-0.00024465747171514
"X0.4065",9.91665815283043e-06
"X0.4066",-0.000120403506116831
"X0.4067",-0.000531357342128145
"X0.4068",2.81654922604251e-05
"X2.14365",0.000279911694455343
"X2.14366",0.000512697625499956
"X2.14368",0.000608416163616845
"X2.14369",0.000467326099609963
"X2.14370",0.000844920875314281
"X2.14371",0.000147052861465806
"X2.14372",0.000556441881441562
"X2.14373",0.000228848862937646
"X2.14374",0.000482512029500414
"X2.14375",0.000300311233734634
"X1.652",0.00025510083375476
"X2.14376",0.000758860846625041
"X2.14377",0.000718967700083828
"X2.14378",0.000233280749727823
"X2.14379",0.000499191567211049
"X2.14380",0.000526076103863496
"X2.14381",0.000501669503804963
"X2.14382",0.000468420782485495
"X2.14383",0.000637703996400935
"X2.14384",0.000422298652705674
"X2.14385",0.000323796582205903
"X2.14386",0.000342486736569993
"X2.14387",0.000149228280424325
"X2.14390",0.000371159437682884
"X0.4069",0.00012535492476692
"X2.14392",9.27469147306473e-05
"X0.4070",-0.000249460447006172
"X0.4071",-0.000120504422981461
"X0.4072",0.00025307131847395
"X0.4073",6.82414244288879e-05
"X0.4074",0.000240702713189911
"X2.14393",0.000105760853824158
"X2.14394",0.000199445017868953
"X0.4075",-6.72084955179729e-05
"X2.14395",2.29043275971707e-05
"X2.14396",6.60311936396794e-05
"X2.14400",-6.02748349575651e-05
"X2.14402",-0.000105622258723579
"X2.14403",0.000172850052265966
"X2.14404",-0.000125694038164667
"X2.14405",1.80481192838743e-05
"X2.14406",0.000493294515187828
"X2.14407",2.25788749121779e-05
"X2.14408",-0.000154802362092561
"X2.14409",7.96840823615277e-05
"X2.14410",-0.000158192207816876
"X2.14411",-3.42071986457107e-05
"X0.4076",0.000222250399350257
"X0.4077",-0.000241986787040115
"X0.4078",0.000207710990612003
"X0.4079",4.12892960094457e-05
"X0.4080",0.00016981033686811
"X0.4081",0.000386505580158172
"X0.4082",-1.0644224126282e-05
"X0.4083",0.000102562258846655
"X0.4084",0.000374454634296726
"X0.4085",0.0004656622500192
"X0.4086",0.000335453379597419
"X0.4087",0.000151872155769787
"X0.4088",0.000157303723502356
"X2.14412",0.000251812885374394
"X0.4089",-0.000174737047802163
"X0.4090",0.000128724048671137
"X2.14413",-0.000144873208750638
"X2.14414",0.000155116589484421
"X2.14415",0.000461937104568979
"X2.14416",0.00024388801292853
"X2.14417",0.000590212465035499
"X2.14418",0.000103715432364073
"X2.14419",0.000608565202984155
"X2.14420",0.000472505753514832
"X0.4091",7.5777411405107e-05
"X0.4092",2.92526112720624e-05
"X0.4093",-0.000301839671934095
"X0.4094",-0.000593000967714565
"X2.14421",-0.000196507556308509
"X2.14422",4.10463739633559e-05
"X0.4095",-9.88352757602613e-05
"X0.4096",0.000113034328078136
"X2.14423",0.000405771658593752
"X2.14424",0.000103261358479215
"X2.14425",0.000653963342756868
"X2.14426",0.000196988385922586
"X2.14427",0.000282501173860423
"X2.14428",0.000152462946949933
"X2.14429",0.000150676807972179
"X2.14430",0.000125313417286826
"X0.4097",0.000362006635682682
"X0.4098",1.55477532672981e-05
"X0.4099",-0.000196247374130775
"X2.14431",0.000359410673358904
"X2.14432",-0.000118478370489918
"X0.4100",-0.000385371521393326
"X0.4101",0.000188616485093015
"X2.14433",0.00013537978977901
"X2.14434",6.04990665983107e-06
"X2.14435",0.000419576565697522
"X2.14436",9.82920046456183e-05
"X2.14437",-0.000126967724990664
"X0.4102",0.000194952976900642
"X2.14438",0.000355244044127017
"X2.14439",0.000322085837410989
"X2.14440",-0.0005467487472812
"X2.14441",-0.000240019946408017
"X2.14442",-9.3017814825906e-05
"X2.14443",0.00025315946959837
"X2.14444",0.000344606740900879
"X2.14445",-0.000227984533523413
"X2.14446",0.000146744621990287
"X2.14447",-0.000287761888069886
"X2.14448",0.000246628682785834
"X0.4103",0.000135973599912934
"X2.14449",0.000234856337797431
"X2.14450",0.000425863741890907
"X2.14451",-0.000226558875841039
"X2.14452",0.000208040960234539
"X2.14453",0.000193943942462411
"X2.14454",0.000115076334492393
"X0.4104",-0.00055719231663897
"X0.4105",-0.00017910923275804
"X2.14455",0.00044367554048566
"X2.14456",0.000390290861868022
"X2.14457",0.000120920365257016
"X2.14458",-0.00020207703627579
"X2.14459",0.000106918024985542
"X2.14460",0.000375128621917538
"X2.14461",0.000332049919602808
"X2.14462",5.73951500311706e-05
"X2.14463",-0.000118320210170878
"X2.14464",0.000239641242664456
"X2.14465",-0.000551910891016843
"X2.14468",-0.000215166118786629
"X2.14469",-0.000383537623497097
"X2.14470",-0.000230185556108305
"X2.14475",0.000150335361122247
"X2.14476",0.000122122845950711
"X2.14477",3.97222482010068e-05
"X0.4107",-0.000187943228516188
"X2.14478",0.000326843144300231
"X2.14479",0.000125763848582261
"X2.14480",-0.000284387738478764
"X2.14481",0.000141148134586751
"X0.4108",-0.000184754711460772
"X2.14482",-0.000411451448794274
"X2.14484",0.000493869558705884
"X2.14485",-9.7170153490857e-05
"X0.4109",0.000130235960286979
"X2.14486",-7.12486013756364e-05
"X2.14487",0.000241840504986065
"X2.14488",-3.74730872934718e-05
"X2.14489",-0.000155040896905704
"X2.14490",-1.6939112697399e-05
"X2.14491",-9.04204690015536e-05
"X2.14492",0.000220051791447797
"X2.14493",3.48564342906938e-06
"X2.14494",0.000241482879880956
"X2.14495",0.000371788544471065
"X2.14497",0.000234695700982196
"X2.14498",0.000498689606396476
"X2.14499",8.7143635806295e-05
"X2.14500",0.000334170415018709
"X2.14502",5.15598331895489e-05
"X2.14503",-0.000203947975385583
"X2.14504",-0.000119994734487586
"X2.14505",4.47168267117746e-05
"X2.14506",0.000319356934614794
"X2.14507",-0.000196910945132622
"X2.14509",0.000315054144626497
"X2.14510",0.000283022177289647
"X2.14511",5.07964784658342e-05
"X2.14513",-0.000169293018915421
"X0.4110",-0.00051204493091889
"X0.4111",5.54099103894233e-05
"X0.4112",-0.00043266150133695
"X0.4113",0.000278328465279994
"X0.4114",0.000376564795059356
"X0.4115",-4.53900774032919e-05
"X0.4116",0.000278928001953844
"X0.4117",-2.80230546365046e-05
"X0.4119",-0.000174380274534812
"X0.4120",0.000224093133536711
"X0.4121",0.000189471724080772
"X0.4122",0.000280276767467213
"X0.4123",-0.000113217766442553
"X0.4124",-0.000658559963410513
"X0.4125",-0.000340483321948308
"X0.4126",-0.000550304777216321
"X0.4127",0.000164456983259667
"X0.4128",6.19041502941765e-05
"X0.4129",-2.57269693620256e-05
"X2.14515",0.000208915723741922
"X2.14516",0.000509242136479732
"X2.14517",0.000134584183568658
"X2.14518",0.000138062935839481
"X2.14520",8.01893521039803e-05
"X2.14521",-9.3961694300993e-05
"X2.14522",0.000616056242067694
"X2.14523",0.000115701731159499
"X2.14524",0.000165023793023658
"X2.14525",0.000370791919132792
"X2.14526",0.000481964352881177
"X2.14528",-0.00039448676417226
"X2.14529",3.65324043931154e-05
"X2.14530",3.93206792524507e-05
"X2.14531",2.98844710267185e-05
"X2.14532",-0.000294792057701679
"X2.14533",-5.04845359958847e-05
"X2.14534",-0.000227410626852776
"X2.14535",-0.000439870277442623
"X2.14536",-3.78918794139374e-05
"X2.14537",0.000159981137705022
"X2.14538",-4.04806407951453e-05
"X2.14539",-0.000301093891801384
"X2.14540",-4.66116432397788e-05
"X2.14541",9.59667825512013e-05
"X2.14542",0.000200749847791204
"X2.14544",0.000494655544862656
"X2.14545",0.000281804848608045
"X2.14549",-0.000187086249826789
"X0.4130",-0.000161864631014771
"X0.4131",-0.000336088884460574
"X0.4132",-0.000236682072760402
"X2.14550",-0.000239625130149858
"X2.14551",-0.000206971175486472
"X2.14552",0.000181856939795944
"X2.14553",0.000206365745516208
"X2.14554",0.000400359989195
"X2.14555",-0.000492884605081414
"X0.4133",0.000126255247173316
"X2.14556",0.000507578544921951
"X0.4134",0.000110572462175421
"X0.4135",-6.60286191022366e-05
"X0.4136",-8.29156688896902e-05
"X0.4137",0.000574887409993746
"X0.4138",-0.000258952847505624
"X0.4139",0.000641773732717798
"X0.4140",0.000581177220190677
"X0.4141",0.000716800540340149
"X0.4142",-1.13052318653082e-05
"X0.4143",0.000568532444285587
"X0.4144",0.000696546612663501
"X0.4145",0.000583238093160992
"X0.4146",0.000503700342060247
"X0.4147",0.000643993893013614
"X0.4148",0.000915695603660124
"X0.4149",0.00110244872961191
"X0.4150",2.55090135844112e-05
"X0.4151",0.000176302260148872
"X2.14558",8.55826637696252e-05
"X0.4152",-3.61341936424571e-05
"X0.4153",0.000434186284184072
"X0.4154",0.000249814688022247
"X0.4155",0.000394686708037116
"X0.4156",0.000923919073685971
"X0.4157",0.000425159727947096
"X0.4158",6.55985191312683e-05
"X2.14559",0.000468294475153878
"X2.14560",0.000609284412829443
"X2.14561",0.000635209450798023
"X0.4159",6.25057773167008e-05
"X0.4160",0.000691660457980509
"X0.4161",0.000291108468414015
"X2.14562",-0.000717802011663662
"X0.4162",0.000234764153995093
"X0.4163",-0.000277910100284348
"X2.14563",-0.000214012648263956
"X0.4164",0.000220581186337636
"X2.14565",9.49194701116202e-05
"X1.658",-0.000310469367071703
"X0.4166",0.000284027333419207
"X2.14566",3.77202689585031e-05
"X2.14567",7.44478477623454e-05
"X0.4167",-4.64154772364003e-05
"X0.4168",4.98966289753507e-05
"X2.14569",6.47591352372719e-05
"X0.4169",-0.000370147099332765
"X0.4170",0.000212205837604867
"X0.4171",0.000348234825646587
"X0.4172",0.000428862183367888
"X2.14571",2.67799821798912e-05
"X0.4173",-0.000127869206200495
"X2.14572",0.000552328585363236
"X0.4174",6.7481450742429e-05
"X0.4175",0.00063032174981863
"X2.14573",0.000315099074209563
"X2.14574",-0.000128179489250891
"X2.14575",0.000164832614735272
"X0.4176",0.000167525019783302
"X0.4177",0.00030441110016501
"X2.14576",7.39381404701879e-05
"X2.14577",-0.000215230694971938
"X0.4178",9.01698400856984e-05
"X2.14578",0.000120397811010805
"X0.4179",0.000106814084379432
"X2.14580",-0.000184638990853439
"X2.14581",-0.000518196033988881
"X2.14582",-0.000345981026591203
"X2.14583",-0.000243368900588786
"X2.14584",-0.00015811798250089
"X2.14585",-0.000181020884595899
"X2.14586",-8.14983095697685e-05
"X2.14587",0.000144904488402153
"X2.14588",-0.000209560964773816
"X2.14589",-0.000299617703335064
"X2.14590",-0.000264742662803385
"X2.14591",-0.00033798061026913
"X2.14592",0.000245774316609464
"X2.14593",-2.7458724494039e-05
"X2.14594",-5.82667820568066e-05
"X0.4180",-0.000171569365673719
"X2.14595",4.84104871465678e-05
"X2.14596",1.23346254654223e-05
"X2.14597",-0.000274545969868955
"X2.14598",-0.0003287691600167
"X0.4181",-0.000201371384451905
"X2.14599",-0.000200802776333853
"X0.4182",0.000212788023528011
"X0.4183",0.000162455654334331
"X0.4184",0.000297356605994735
"X0.4185",0.000366132884720393
"X0.4186",0.000455644866164357
"X0.4187",0.000603278201764107
"X2.14602",9.24254668355357e-05
"X0.4188",0.000454859614745169
"X0.4189",0.000125418801769101
"X0.4190",6.47655573549956e-05
"X0.4191",2.40074888515157e-05
"X2.14604",-0.000705246130593324
"X2.14605",-0.000171120956137241
"X2.14606",0.000192405917725762
"X2.14607",6.04577510555223e-05
"X2.14608",0.000264195848224553
"X2.14609",0.000395082293150615
"X2.14610",0.000212457463344923
"X2.14611",0.000501043348003182
"X2.14612",0.000493510723897159
"X2.14613",0.000316045419095905
"X2.14614",0.000772017296008341
"X2.14615",0.000498215777368262
"X2.14616",0.000593163617460084
"X2.14617",0.000347410724589807
"X2.14618",0.000862455940441402
"X2.14619",0.000816375908907161
"X2.14620",0.000294346369231655
"X2.14621",-0.000205240897339944
"X2.14622",0.000128994674918381
"X2.14623",0.000197883599925196
"X2.14624",6.81845984768013e-05
"X0.4192",0.000182559686504952
"X0.4193",-6.24229289238588e-05
"X2.14627",-0.000159608052092383
"X2.14628",0.000231128426554504
"X2.14629",7.20181307865842e-05
"X2.14630",-0.000137964717984225
"X2.14631",0.000427873651193925
"X2.14632",-0.000236176830963454
"X2.14633",-0.000108717815201302
"X2.14634",-0.000125609313933563
"X2.14635",-8.83812817665606e-05
"X2.14636",-0.000398205350251655
"X2.14637",3.43342776943037e-05
"X2.14638",-0.000654517160471666
"X2.14640",0.000413620409218605
"X2.14641",-0.000176303006942525
"X2.14642",-0.00025126206021374
"X2.14643",-0.000637848445264125
"X2.14644",-0.00056178255219093
"X2.14645",-9.70414876424003e-05
"X2.14646",-0.000121240391566311
"X2.14647",-0.000346568632471118
"X2.14648",-0.000405470459669511
"X2.14649",-0.000375169935409711
"X2.14650",-0.000206878497028165
"X2.14651",9.05647943246019e-05
"X2.14652",-5.22462349728657e-05
"X2.14653",-0.000495805755977227
"X2.14654",0.000423603675487197
"X2.14655",0.000563592954378439
"X2.14656",-0.000129874328230581
"X2.14657",0.000367110511170007
"X2.14658",0.000290114392730708
"X2.14659",0.000166099022006415
"X2.14660",5.56572585234634e-05
"X2.14661",0.000353313478157323
"X2.14664",0.00029631665289882
"X2.14665",0.000263425553165884
"X2.14666",0.000112422604304056
"X2.14667",-0.000253043853772255
"X2.14668",-0.000171052882781398
"X2.14669",-0.000278210140475838
"X2.14670",-0.000248728214771488
"X2.14671",-0.000105550367947522
"X2.14672",0.000344854975952737
"X2.14674",-0.000204259738429398
"X2.14675",-0.000289448018489734
"X2.14676",-0.00017587547175393
"X2.14677",-0.000355936056793668
"X2.14679",-0.00059812934447392
"X2.14680",-0.000252486148115889
"X2.14681",-0.000217157712533287
"X2.14683",-0.000731483112935179
"X2.14684",-7.62495009321283e-06
"X2.14685",-0.000119455377495938
"X2.14686",-0.000110795395965781
"X2.14687",2.40453706154715e-05
"X2.14688",-8.59793264652688e-05
"X0.4195",3.49995745873255e-05
"X0.4196",8.60702454343e-05
"X2.14689",0.000235631224035851
"X2.14690",-0.00120159802478025
"X2.14691",-0.00059613888819046
"X2.14693",2.96731954490149e-05
"X0.4197",-0.00035066587662668
"X0.4198",6.92476614131571e-05
"X2.14695",-9.34429384154564e-05
"X2.14696",-4.43072985023254e-05
"X2.14697",0.00025070098044189
"X2.14698",6.82337376795022e-05
"X2.14699",0.000293470526244577
"X2.14700",-0.000149039749451428
"X2.14704",0.000170773991563963
"X0.4200",-1.74963536017471e-05
"X2.14707",-0.000134221478168729
"X2.14708",-3.75442630018641e-05
"X2.14709",-0.000364493524113212
"X0.4201",0.000114304774852007
"X0.4202",0.000324107347731855
"X0.4203",0.000207153788621545
"X2.14710",-3.1992130039748e-05
"X0.4206",0.000172081003464609
"X0.4207",0.000124352196948283
"X0.4208",-0.000235537751601095
"X0.4209",-0.000304265749821877
"X0.4210",-0.00020842442583472
"X0.4211",0.000424564798455183
"X0.4212",-0.000189127222602857
"X0.4213",0.000199110246059665
"X2.14712",2.6492237253522e-05
"X2.14713",-9.28527314030977e-06
"X2.14714",-1.3661816315603e-05
"X0.4215",0.000253401459126188
"X2.14715",1.65590729541641e-06
"X2.14716",0.000124749778558284
"X1.669",-0.000140682436853012
"X2.14717",-0.000342060712361907
"X2.14718",-0.000330178212401902
"X2.14719",-0.000118000965370845
"X2.14720",-0.00034957090456042
"X2.14721",0.000142909513975822
"X2.14722",-0.000163551986853923
"X0.4216",0.000137091846525534
"X2.14723",-0.000521958914596856
"X2.14724",-8.93074432672439e-05
"X0.4217",4.66100867006855e-05
"X2.14725",4.32885918285996e-05
"X2.14726",-0.000213248174349235
"X2.14727",-0.000419301063878309
"X0.4218",0.000474538396345601
"X2.14728",-0.000164276009648429
"X2.14729",-0.000245038781639144
"X2.14730",-0.000423992836285155
"X0.4219",-8.55902653692228e-05
"X2.14732",-0.000150320509148822
"X0.4220",0.000409223142700897
"X0.4221",2.97813779050041e-06
"X0.4222",-0.000175110116500379
"X0.4223",4.5948480809631e-05
"X2.14733",-1.31496469340191e-05
"X2.14734",0.00015057443551671
"X2.14735",6.12739229636849e-06
"X2.14736",0.000199116663697978
"X2.14737",-4.34249306454259e-05
"X2.14738",-7.42912640218221e-05
"X2.14739",0.00041061737296279
"X2.14740",4.88910240062306e-05
"X2.14741",-0.000432433322574373
"X2.14742",-0.00011900676463287
"X2.14743",0.000152654419690926
"X2.14744",6.21844556687921e-05
"X2.14745",-0.000189624523091492
"X2.14746",-0.000640431798433703
"X2.14747",-0.000253415669091154
"X2.14748",-2.16519411856912e-05
"X2.14749",0.000165417156023681
"X2.14750",0.000197772414429096
"X2.14751",-0.000225497743297983
"X2.14752",0.000126685372870696
"X2.14754",5.76178433085816e-06
"X2.14756",-0.000166220866187304
"X2.14758",-0.000123398368652954
"X2.14759",-7.99528227491838e-05
"X2.14760",-3.91645387334526e-05
"X2.14761",0.000131670309026632
"X2.14762",0.000138830282081699
"X2.14763",0.000326268031974188
"X1.672",0.000264201723999538
"X2.14764",-0.000450260623861899
"X2.14765",0.000170182977768869
"X2.14766",-8.79063470281488e-05
"X2.14767",0.000425051979936193
"X2.14768",-5.58968470769588e-05
"X2.14769",-9.28555491450638e-05
"X2.14770",-0.000106784025262652
"X2.14771",-0.000175519180463129
"X2.14772",-0.000499881778099415
"X2.14773",-0.000232098132250605
"X2.14774",-0.000470720906993774
"X2.14775",0.000432013586533882
"X2.14776",0.00044190290653499
"X2.14777",-0.000709270780908059
"X2.14778",-9.83800333207289e-05
"X2.14779",0.000184456153907803
"X2.14780",-4.33187184823861e-05
"X2.14781",-7.30690647332167e-05
"X2.14782",-0.000293667383272085
"X0.4224",0.000203340814515508
"X0.4225",8.38867940691727e-05
"X2.14785",0.00011162922388459
"X2.14786",-0.000397818839084638
"X2.14787",-0.000259160844540812
"X2.14788",0.000434895194673669
"X2.14789",-0.000914692985238158
"X2.14790",-0.000133277635119253
"X2.14791",-3.21279988062209e-05
"X0.4226",-0.00024365303994289
"X0.4227",0.000605149612452017
"X2.14793",4.90625673495038e-05
"X2.14795",-0.000392875449070454
"X2.14796",-2.58736259149855e-06
"X0.4228",0.00010333875708663
"X2.14797",-0.000338643832504453
"X0.4229",-3.09150454763726e-05
"X0.4230",0.000426066211590611
"X2.14798",0.000553016184172694
"X2.14799",-0.000381431320474321
"X0.4231",-4.94841620328246e-05
"X2.14800",-0.000135152064218167
"X0.4233",0.000401488063351295
"X2.14802",-7.9059057022558e-06
"X2.14803",-0.000575688651439316
"X2.14804",-0.000438849335143486
"X2.14805",-0.000108729917835199
"X2.14806",-0.000286856588697842
"X2.14807",-8.43955023048703e-05
"X2.14808",-4.86564628460348e-05
"X2.14809",-0.00040591630039611
"X2.14810",-0.000695079580741922
"X2.14811",-0.000790678579443256
"X2.14812",-0.000166814377303322
"X2.14813",9.79345847594466e-05
"X0.4234",-0.000197705323408525
"X2.14814",-0.000121582182791083
"X2.14816",-0.000125334875971848
"X2.14817",-5.69249294051784e-05
"X2.14818",-0.000334115259629251
"X2.14819",0.000211436671121613
"X2.14820",-0.000508557360479806
"X2.14821",-0.00045597276765889
"X2.14823",0.000247604035282321
"X2.14824",-7.53352841102047e-05
"X2.14825",0.000681972370395599
"X2.14826",0.000427759983020479
"X2.14827",0.000562277627184836
"X0.4236",-0.000415180006513602
"X2.14828",6.1604905474039e-05
"X2.14829",0.000405447587339641
"X2.14830",-8.66272151731781e-05
"X2.14831",-0.000257940963352543
"X2.14832",0.000689316010103895
"X0.4237",-0.000274539894627631
"X2.14834",0.000158580313992842
"X2.14835",0.000500431274775143
"X0.4239",-0.000170235033520952
"X2.14836",0.000235314555892948
"X2.14838",0.000259173554778904
"X2.14840",0.00046630314902311
"X2.14842",-2.50872307764153e-06
"X2.14843",0.000756814360363115
"X2.14844",0.000406733286528108
"X0.4241",-0.000211921600528615
"X0.4242",-0.000172073451950334
"X2.14845",-6.40931979418961e-05
"X0.4243",0.000364614806711961
"X2.14846",0.000530430034148785
"X0.4244",0.000159483907805903
"X1.676",-0.00032801923247192
"X2.14847",-3.31264470645821e-05
"X2.14848",-0.00025556550735277
"X0.4245",0.000728877188644941
"X2.14851",-0.000145337491098361
"X2.14852",5.70494967242931e-05
"X0.4246",-0.000586728565531788
"X0.4247",0.000576114119631584
"X0.4248",0.000424593873122641
"X0.4249",0.00021916541475309
"X0.4250",0.000128196809935332
"X2.14853",-0.000158951894469418
"X2.14854",3.66647931574181e-05
"X2.14855",-0.000528156440604551
"X2.14856",-0.000681307876411198
"X0.4251",0.000281704646768445
"X2.14857",-0.00010607420855836
"X0.4252",0.000216246078524331
"X2.14858",-0.000464771077734006
"X2.14860",0.000456413676431118
"X2.14861",0.000210146625303293
"X0.4253",-0.000275897179260241
"X0.4254",-0.000540418535935829
"X2.14862",-0.000456840316288382
"X2.14863",-0.000318533464056134
"X0.4255",0.000498258214747082
"X2.14864",-4.7328139534728e-05
"X2.14865",0.000440168876216704
"X2.14866",3.59205754720986e-06
"X2.14867",0.000285917001863496
"X2.14868",0.000130645591308541
"X0.4256",0.000595531939392226
"X2.14870",0.00029083210783791
"X2.14871",0.000462700916920824
"X2.14872",0.000248269315096301
"X2.14873",-6.5212983512775e-06
"X0.4257",0.000233729448859786
"X2.14874",4.69786592519793e-06
"X2.14875",-0.000663238444631611
"X0.4258",8.59208526359106e-05
"X2.14876",-0.000435696896074464
"X0.4259",0.000321834539501483
"X2.14877",7.29155491648574e-05
"X2.14878",-3.5080280798046e-05
"X2.14879",-0.000338275936217228
"X0.4260",3.81941937459892e-05
"X2.14880",0.000139983309873788
"X2.14881",-0.000147872231701378
"X0.4261",0.000156031765427925
"X0.4262",7.68028199498797e-05
"X0.4263",0.000175307649769211
"X2.14883",9.55781920500941e-05
"X2.14884",0.000210500126557999
"X2.14886",0.00021685366554945
"X0.4264",-2.78615917977875e-05
"X0.4265",0.000466707825372541
"X2.14887",0.000256455059077711
"X2.14888",0.000823145615557432
"X2.14892",7.7872009075574e-05
"X2.14897",6.7300174747682e-05
"X2.14898",0.000246647482456846
"X2.14899",0.000316265534286165
"X2.14900",-8.28198931594535e-05
"X2.14901",0.000127131024478442
"X2.14903",0.000299481267100713
"X2.14904",0.000779992739170523
"X2.14905",0.000156230726338164
"X0.4266",2.94074344497796e-06
"X0.4267",0.000395899352784398
"X2.14906",0.000409396472165843
"X2.14907",0.000688614251194807
"X2.14909",0.000251916331015988
"X2.14910",0.000108926189672754
"X2.14911",0.000533716747852036
"X2.14912",0.000268655854030408
"X2.14913",0.000699343424742927
"X2.14914",0.000545946440103684
"X2.14916",0.00046546733912454
"X2.14919",-0.000617737076211895
"X2.14921",0.000386493397000693
"X2.14922",0.000429534762655765
"X2.14923",0.000272522958159424
"X2.14924",0.000590925452828153
"X2.14926",-7.75588471176573e-05
"X2.14927",0.000421344828798135
"X2.14928",-0.000486706333418833
"X2.14929",9.63503909853486e-05
"X2.14930",0.000369062705745082
"X2.14931",-2.00729430870848e-05
"X0.4268",2.58085633662519e-05
"X2.14934",0.000176183205628495
"X2.14935",2.07763637301116e-05
"X2.14937",-0.000112491573696936
"X0.4269",4.73778569527832e-05
"X2.14938",0.000339619592260697
"X2.14939",-0.000242663694115593
"X2.14940",-1.46809262596741e-05
"X2.14941",1.00178575295708e-05
"X2.14942",0.000130429215130323
"X0.4270",-6.54644596110945e-07
"X2.14946",7.52694919540029e-05
"X2.14948",0.000192390240631788
"X2.14949",0.000242260647564619
"X2.14950",7.28948831221333e-05
"X2.14951",4.46336497263381e-05
"X2.14952",-0.000139504690592485
"X0.4271",0.000502202092464116
"X2.14953",-0.000287433066703413
"X2.14954",-0.000168293798374976
"X2.14955",-0.000503579267208554
"X2.14956",-0.000554106633507931
"X2.14957",-0.000202865264953401
"X2.14958",-0.000121442957561231
"X2.14959",-5.04779845490325e-05
"X2.14960",0.000208277017686219
"X2.14961",-0.000584363285046699
"X2.14962",-0.000629953030095639
"X0.4272",0.000349562668065428
"X1.683",0.000281780917203248
"X1.684",0.000135463430299269
"X1.685",0.000550174557005227
"X1.686",0.000437534971732031
"X1.687",0.000165213289006044
"X1.688",0.000340424072089238
"X1.689",4.47075467205809e-07
"X2.14963",9.56805717519079e-06
"X2.14964",0.000448099411173109
"X2.14965",0.000181266045967806
"X1.690",0.000273489853804881
"X1.691",-0.000278044583071667
"X2.14966",0.000283984184555353
"X1.692",0.000318790703537476
"X1.694",0.000131422994575722
"X2.14969",-0.000136949577005052
"X2.14970",-0.000218154781131133
"X2.14971",-0.000620469510296601
"X2.14972",0.000174169787768472
"X2.14973",-2.53687382397418e-05
"X2.14974",0.000185994726248914
"X0.4273",0.000472238046292316
"X2.14975",-5.88429470921587e-05
"X2.14978",-2.00898691376811e-05
"X2.14979",-0.000306541471611317
"X2.14980",-0.000367383799122297
"X2.14981",-1.51744729378962e-05
"X2.14982",-0.000262160329116227
"X2.14983",0.000372713058802159
"X2.14984",-0.000143189028329037
"X2.14985",5.16783419758865e-05
"X0.4274",0.000203028506685901
"X2.14986",0.000548320513358538
"X2.14987",0.000166038398878736
"X2.14988",-2.20640577665218e-05
"X2.14989",0.000406021447656743
"X2.14990",6.0513551266793e-05
"X2.14992",0.000736440314354508
"X2.14993",4.48464468946889e-05
"X2.14994",9.97243424585025e-05
"X2.14995",0.000266903816022867
"X2.14996",0.000170517789125193
"X2.14997",0.000158159441777781
"X2.14998",-0.000184449690826422
"X2.14999",0.000186737558699558
"X2.15000",0.000314324220304908
"X2.15001",0.000260458759999354
"X2.15002",0.000118696581613387
"X2.15004",-0.000128496713863435
"X2.15005",-0.000179630980564944
"X2.15006",0.000557181355238953
"X2.15007",-0.000181677077176394
"X2.15008",4.40754017641071e-05
"X2.15009",-0.000289007482126556
"X2.15010",-8.68054991082132e-05
"X2.15011",-0.000117052915278876
"X2.15012",2.82514841677176e-05
"X2.15013",-0.000351239418720222
"X2.15014",-6.64585026118967e-05
"X2.15015",0.000138004599435118
"X2.15016",-0.000361302092791289
"X2.15017",-0.000636893097699812
"X2.15018",-0.000314728207887465
"X2.15019",3.42263015993259e-05
"X2.15020",-0.000305697570827358
"X2.15022",-1.18828064494317e-05
"X0.4277",0.000132474395566862
"X2.15025",-0.000152240553031949
"X2.15026",-7.56308335060807e-05
"X2.15027",0.000239330901256604
"X2.15028",-7.9077238841102e-05
"X2.15029",-0.00027426666868647
"X2.15031",-0.000251521348856422
"X2.15032",-2.91404837824588e-05
"X2.15035",-0.000251223590594304
"X2.15036",-6.09690747694772e-05
"X2.15037",-6.53970462844232e-05
"X2.15039",-0.000388401711530654
"X2.15040",1.16553574706019e-05
"X2.15041",-0.000129093398408659
"X2.15042",-0.000171271742429355
"X2.15044",-0.000240961914751797
"X0.4279",4.43599080697008e-07
"X2.15045",-0.000220716660329537
"X2.15046",3.27742405318638e-05
"X2.15047",5.04790244626133e-05
"X2.15048",6.81779729895858e-05
"X2.15049",-8.00713619062885e-05
"X2.15050",0.000196460495791764
"X2.15051",-0.000174391497106041
"X2.15052",-0.000214144468025083
"X2.15053",4.20295853982769e-05
"X2.15054",3.03961661133906e-05
"X2.15055",-1.52866875611172e-05
"X2.15056",-0.000505962751591064
"X2.15057",-0.000143064062614898
"X2.15058",-0.000341888913405202
"X2.15059",-0.000401505064333026
"X2.15060",-2.17001848510312e-06
"X2.15061",0.000167289042167914
"X2.15062",-6.48916285888234e-05
"X2.15063",0.000162817798442829
"X2.15064",9.9343986255625e-05
"X2.15065",-0.00027741210659515
"X2.15066",6.56570091198892e-05
"X2.15067",-0.000116726856380413
"X2.15068",-8.08453709962552e-05
"X2.15069",-0.000340709529071466
"X2.15070",0.000349049289872625
"X2.15071",0.000307176835990476
"X2.15072",7.90306273023196e-05
"X2.15073",0.000283499971947792
"X2.15074",0.000363206197729239
"X2.15075",9.89232407710933e-05
"X2.15076",0.000324367470272681
"X2.15077",-2.51805208492609e-05
"X2.15078",0.000191793613120185
"X2.15079",-4.5461398402343e-05
"X2.15080",-0.000272052509632079
"X2.15081",-0.000162758150579574
"X2.15082",-6.28559738514502e-05
"X2.15088",-0.000594335211107946
"X2.15089",9.67692872209445e-05
"X2.15091",-0.000435411599275446
"X2.15092",8.56411382137518e-06
"X2.15093",-0.000443839996310482
"X2.15094",-0.000138835828629097
"X2.15096",-0.000492359595013847
"X2.15097",-0.000555181763172172
"X2.15098",-0.000813812659243344
"X2.15099",-0.000159503689336981
"X2.15100",-0.00037267607662743
"X2.15101",-0.000360976823589295
"X2.15102",0.000143256733034427
"X2.15103",0.00029954024412834
"X2.15104",0.000332459972167575
"X2.15105",-0.00034059622915767
"X2.15106",-0.000945080453003593
"X2.15107",-7.0201145705056e-05
"X2.15108",-0.000411539756016177
"X2.15109",-0.000559034560659841
"X2.15110",-0.00061103873486555
"X2.15111",-0.00023989184159497
"X2.15112",-0.000263618111671745
"X2.15113",0.000610977419479931
"X0.4282",-6.66502150325583e-05
"X2.15114",-0.000544427960798155
"X2.15115",-0.000185462700917241
"X2.15116",-6.88735143029288e-05
"X2.15117",-0.000253612277888357
"X2.15118",-0.000590044866996371
"X2.15120",4.56090350905539e-06
"X2.15121",-3.12432779830496e-05
"X2.15122",-0.000264196748722674
"X2.15123",-0.000113691800209339
"X2.15124",-0.000872896945876815
"X2.15125",-5.41909284686985e-05
"X2.15126",-6.39045862730579e-05
"X2.15127",0.000570483422431145
"X2.15128",-4.32881606163483e-06
"X2.15129",0.000220097898964491
"X2.15130",-0.00015182335141894
"X2.15131",-0.000559862990885184
"X2.15132",-0.000244512813085823
"X2.15133",-0.00031588117674275
"X2.15135",0.000359558049773555
"X2.15136",-0.000349931783052295
"X2.15137",0.000191772079711389
"X2.15138",-0.000700251981426371
"X2.15140",7.56102399009857e-05
"X0.4283",-4.42818529568033e-05
"X2.15143",-6.44453884801698e-05
"X2.15144",-0.000380930648410401
"X2.15145",0.000201615852394841
"X2.15147",0.000340518093085356
"X2.15148",0.00037706618297476
"X2.15149",-0.000253422759770727
"X2.15150",-0.000593161820578399
"X2.15151",-0.000176120447353094
"X2.15152",-0.000118527106868188
"X2.15154",-1.56793434014543e-05
"X2.15156",-0.000351162795003428
"X2.15157",-4.65920053341972e-05
"X2.15158",-0.000221797955331252
"X0.4284",-0.000152516414973191
"X0.4285",-0.00070324465010004
"X2.15162",-0.000545604411088091
"X2.15163",-0.000605903338778048
"X0.4286",-0.000685304302306807
"X2.15166",-0.000340432276111448
"X0.4287",-0.000529749197449216
"X0.4288",-0.000466578843072444
"X0.4289",-0.000362534234407895
"X0.4290",-0.000504023563723547
"X0.4291",-0.000795353775166072
"X0.4292",-0.000599370496625321
"X0.4293",-0.000377001210821331
"X0.4294",-0.000567899443190189
"X0.4295",-0.000480799145019546
"X0.4296",-0.000626606221692015
"X0.4297",-4.23480250612893e-05
"X0.4298",-0.00086195844749412
"X0.4299",-0.000553418462281281
"X0.4300",-0.000584830872681647
"X0.4301",-0.000490676138673616
"X0.4302",-0.000347762098792421
"X0.4303",-0.000457938099613527
"X0.4304",-0.000617678816956342
"X0.4305",-8.89296795646534e-05
"X2.15169",0.000232812841501084
"X2.15172",6.59661520316787e-06
"X2.15173",-0.000453915198269924
"X2.15174",5.90421563418242e-05
"X2.15175",-0.000350426860200221
"X2.15176",-0.000198684520361562
"X2.15177",5.14514710810939e-05
"X2.15178",0.000381795401107578
"X2.15179",-0.000177731153958336
"X0.4306",0.000210155091020348
"X2.15181",-0.000753503229885657
"X2.15182",-0.000281797225902856
"X2.15183",-0.000141922487797304
"X2.15184",9.14183840670675e-08
"X2.15185",0.000523041647724195
"X2.15186",-0.00016438498685021
"X0.4309",-0.000146155741436281
"X2.15187",-0.000509928168128481
"X2.15188",9.75278337757585e-05
"X2.15189",-0.000416098553336614
"X0.4310",-0.00010487008570066
"X2.15193",0.000370297955907807
"X0.4311",0.000490347304528517
"X0.4312",0.000470698100910319
"X2.15194",0.000455004285065637
"X2.15195",0.00018984390740383
"X2.15196",1.59545842510267e-05
"X2.15197",-0.000627388771762522
"X2.15198",-0.000294347891928457
"X2.15199",-0.000207484304507918
"X2.15201",-5.9359786582843e-06
"X0.4313",-0.000160750937735996
"X0.4314",-9.18708125654083e-05
"X2.15204",0.000166850133064881
"X2.15205",0.000363547674848202
"X2.15206",-0.000238253984663531
"X2.15207",-0.000346263999294882
"X0.4315",-0.00013485376431696
"X2.15208",5.2005398730676e-05
"X0.4316",-0.000320662911384949
"X2.15209",-0.000330471997959062
"X2.15210",-0.000265966211970571
"X2.15212",-0.000233197874406991
"X2.15213",0.000585256130642637
"X2.15214",0.000789348873007181
"X0.4317",-0.000523870733616381
"X2.15215",0.000378267937300827
"X0.4318",-8.74563673752865e-05
"X2.15216",0.00047403637716104
"X2.15217",0.000233972189872622
"X2.15218",-6.58124099734951e-05
"X2.15219",0.000252211248259291
"X2.15220",-8.33822641245786e-05
"X2.15221",7.20639854870981e-06
"X2.15222",0.000180167612964703
"X2.15223",0.000328187876947907
"X0.4319",-0.000562185434489066
"X2.15224",2.86988768490102e-05
"X2.15225",0.000336265141156686
"X2.15226",-7.7892252570924e-05
"X2.15227",-0.000606968277560067
"X2.15228",-0.00036748624297962
"X2.15229",0.000307535554964117
"X2.15231",0.000392903456633685
"X2.15232",-0.00010907552349467
"X2.15234",9.71465876167699e-05
"X2.15237",0.000841138213668942
"X2.15238",-0.000283286331642497
"X2.15239",-0.000210050591757238
"X2.15240",-0.000374373516727155
"X2.15241",-0.000107094438097919
"X2.15242",0.000500443513256129
"X2.15243",-0.000145678783921638
"X2.15245",0.00014776585602976
"X2.15246",0.000386953645237506
"X2.15248",-0.000255107601233653
"X2.15250",-0.000199985970225762
"X2.15251",6.29020550366621e-05
"X0.4320",-0.000137608163026942
"X0.4321",9.7879818981661e-05
"X2.15252",-0.000115415661911655
"X2.15253",0.000208940638499944
"X0.4322",-8.53371629854944e-06
"X2.15254",-0.000369899175787658
"X0.4323",-0.000189523568039079
"X2.15255",-0.000571850587020721
"X0.4324",0.000651921756640982
"X2.15257",-4.36182607301438e-05
"X2.15258",3.86141594427192e-05
"X2.15259",0.000137534231880089
"X2.15260",-8.29616672461833e-05
"X2.15261",0.000205611481298741
"X0.4325",-1.25954289902456e-05
"X2.15263",-4.26489853297824e-05
"X2.15264",7.67696082241876e-06
"X2.15265",-0.000142898771885987
"X2.15266",-8.32947721140151e-05
"X2.15267",9.37588738821345e-05
"X2.15268",2.19056832617808e-06
"X0.4326",-0.000101786431206444
"X2.15269",-3.50165286914224e-05
"X2.15270",0.000171050361416132
"X0.4327",-0.000141674131688402
"X2.15271",3.47666551290622e-05
"X0.4328",0.000233554842349245
"X2.15272",-9.06171249871961e-05
"X2.15274",0.000395527455866295
"X2.15275",-7.61317783397875e-05
"X2.15276",1.92269832949943e-05
"X2.15277",-2.45149925623145e-05
"X2.15278",-8.83183384347888e-05
"X2.15279",-2.2708342818669e-06
"X2.15280",-0.000192402984208253
"X2.15281",-0.000176959656388474
"X2.15282",-0.000369031172889474
"X2.15283",-0.000138811963019627
"X0.4329",4.67363977523305e-05
"X0.4330",-9.06614778933218e-07
"X0.4331",-0.000407551646670598
"X2.15286",-0.000385031969455107
"X0.4332",6.64085085887738e-05
"X2.15287",0.000381674575177531
"X0.4333",-3.10157165728987e-05
"X2.15288",-0.000239406423847493
"X0.4334",0.000233268706880842
"X0.4335",-2.53590176905894e-05
"X0.4336",-6.45860732177624e-05
"X0.4337",0.000221781571693427
"X2.15289",0.000570363146114376
"X0.4338",-0.000150672730916302
"X2.15290",-9.42910929890381e-05
"X2.15291",0.000474266599177054
"X2.15292",0.000280302045993393
"X2.15293",4.33950153124772e-05
"X2.15294",-0.00015157318443002
"X2.15296",-0.00033314972917776
"X2.15299",-0.000174003549271785
"X2.15300",-0.000569731309189733
"X2.15304",-8.5934317796868e-06
"X2.15306",-0.000165148964703825
"X2.15307",-0.000347281419530472
"X0.4339",7.83499503040224e-05
"X0.4340",0.000230299504059171
"X2.15308",0.000627634850632291
"X2.15309",0.000477990164962524
"X2.15311",-0.000219940475877064
"X2.15312",0.000340364587395979
"X0.4341",-8.54630891296435e-05
"X2.15314",0.000258962595255373
"X2.15315",0.000524125892030428
"X2.15317",0.000285478464707221
"X2.15318",-0.000325983307613484
"X2.15319",-2.9816085005931e-05
"X2.15320",1.80529277386032e-05
"X2.15321",-1.35956600968073e-06
"X2.15322",-0.00018032791418122
"X0.4342",0.000299529760876552
"X2.15323",0.000287254167167078
"X2.15325",0.000542021633563976
"X2.15326",0.000216948829152513
"X2.15327",6.17116592631683e-05
"X2.15328",-0.000115587842074772
"X2.15329",-0.000232023493393185
"X2.15330",4.61322993972535e-05
"X2.15331",-0.00066475689215022
"X2.15332",-0.000559182680981104
"X2.15333",-0.000262686575820119
"X2.15334",4.49689578718479e-05
"X2.15335",-0.000493028929065182
"X2.15336",-0.000180926999586464
"X2.15337",-0.000316723182126414
"X2.15338",-0.000684415264204337
"X2.15339",-0.000728644525892939
"X2.15341",-0.000450848484505046
"X2.15342",-0.000364921816930432
"X2.15343",-0.000591051202456191
"X2.15344",-0.000450331867955707
"X0.4343",-0.000209456046687206
"X2.15345",-0.0001295553935007
"X2.15346",-0.000602550241761765
"X2.15347",0.00016879167006746
"X2.15348",-0.000160422320974329
"X2.15349",-0.000602833309555361
"X2.15350",0.000217061018577581
"X2.15351",-0.000563798257441266
"X2.15352",0.000196218263089845
"X2.15353",-0.000256822177712061
"X2.15354",-6.71684378871397e-06
"X1.710",0.000109344592718684
"X2.15355",-6.33076366326265e-05
"X2.15358",-0.000917290335215325
"X2.15359",-0.000406004980191912
"X2.15360",0.00017415132337269
"X2.15362",-0.00108578617699588
"X1.711",0.000200049329906585
"X2.15365",7.85450779157298e-06
"X2.15366",-6.46768732570141e-05
"X2.15367",0.00037503266430086
"X2.15368",0.000144177309796544
"X2.15369",-2.97114785652611e-05
"X2.15370",-2.62014285229065e-06
"X2.15371",-0.000501316122361279
"X2.15372",-0.000751317076250578
"X1.712",0.000485838550810525
"X2.15373",-0.000320119075129889
"X2.15375",0.00102768615398126
"X0.4345",0.00016277062877557
"X0.4346",0.000359933727151932
"X2.15376",-0.000233733558882944
"X2.15381",-0.00023667547413722
"X0.4347",0.000437555247967078
"X0.4348",-0.000621190314476625
"X2.15383",0.000143468349007716
"X2.15384",-6.20132567775354e-05
"X2.15385",0.000447210616601839
"X2.15386",0.000328312209191577
"X0.4350",0.00015626617712794
"X0.4351",-0.000913554785291274
"X2.15389",0.000516109361255778
"X2.15390",-0.000108706126000713
"X2.15392",-0.000664003634919711
"X2.15393",-2.15974314848853e-05
"X2.15394",-0.000750477650059648
"X2.15395",0.000584357604840135
"X2.15397",-0.000186062446545365
"X2.15398",-9.16813798973267e-05
"X2.15399",-0.000374127785792487
"X2.15400",7.40131167541857e-05
"X2.15402",-0.00027511974580129
"X2.15403",-0.000560900816174516
"X2.15404",-0.000542872877560358
"X2.15405",-0.000671501937879309
"X2.15406",4.25758207167861e-05
"X2.15408",0.000371734449836877
"X2.15409",5.99317392685587e-05
"X2.15410",0.000203119159326722
"X0.4352",0.000756050888420903
"X2.15416",-6.04612553236675e-05
"X2.15417",-0.000271783168401569
"X2.15419",0.000577542738800211
"X2.15420",6.91214796752085e-05
"X2.15423",-0.000186138250165329
"X2.15424",0.000538717280201006
"X2.15426",4.41125934304783e-05
"X2.15427",-0.000118970041936267
"X2.15428",8.18578182491197e-05
"X2.15429",-0.00024031296680494
"X2.15430",0.000644174800579121
"X2.15431",-2.98878534311027e-05
"X2.15433",-0.0002454577360366
"X2.15434",-0.000328122788382744
"X2.15438",-0.000625748388750279
"X2.15439",0.000697564268058539
"X2.15440",-8.88570713125322e-05
"X2.15441",-0.000214897263654368
"X2.15442",-0.000446577103972158
"X2.15443",-3.00466586461773e-06
"X2.15446",-0.000369345041117732
"X2.15448",-0.000579859376505395
"X2.15450",-0.000319427584028797
"X2.15451",-0.000381635832092968
"X2.15452",-0.000172154130612927
"X2.15453",-4.08343124472167e-05
"X2.15454",0.000187541873499977
"X2.15455",-0.000220569076269332
"X2.15456",-0.00032997199093556
"X2.15457",0.000326523349276306
"X2.15458",-0.000266634398045184
"X2.15459",-0.000312205848560301
"X2.15461",-0.00031836502624579
"X2.15462",3.02200789679324e-05
"X2.15463",0.000231300929723083
"X2.15464",7.15017983547737e-05
"X2.15467",-0.000327680551703178
"X2.15468",0.000130722730016034
"X2.15469",-0.000201784773930181
"X2.15470",-0.000200218106703195
"X2.15472",0.000403695739358684
"X2.15473",-5.62232736858644e-05
"X2.15474",0.000274881331583239
"X2.15476",0.000208807679920123
"X2.15478",-1.23637064132232e-05
"X0.4355",3.47159925069121e-05
"X2.15479",-0.000131967073941421
"X2.15480",-0.000525470870231324
"X2.15481",-0.000496933123610357
"X0.4356",-0.000370698493409375
"X2.15482",0.000335394442280476
"X0.4357",-6.46848900453651e-05
"X2.15483",-0.000161043156336502
"X2.15484",0.000651212566447402
"X2.15485",-0.000612552774792508
"X2.15486",2.1701936495027e-05
"X2.15487",0.000306935137079201
"X2.15488",-4.43552165893452e-05
"X2.15493",0.00011990843081404
"X2.15494",0.00017192443041321
"X2.15495",0.000696410302567411
"X0.4359",-8.43350679584249e-05
"X2.15498",0.000470206794665549
"X0.4360",-0.000220726857717059
"X0.4361",-0.000140159366418994
"X2.15501",-0.000211326629029066
"X2.15503",0.000118881481500215
"X2.15504",-0.000304659726322058
"X0.4362",-0.000617855830466893
"X2.15505",0.000281177587859788
"X2.15506",0.000171030540829029
"X2.15507",0.000387687873871421
"X2.15508",-0.000303642201222559
"X2.15509",-0.00051527585676839
"X2.15510",-0.000422851444351423
"X2.15511",-0.00063018470792505
"X2.15512",0.000140792429705377
"X2.15513",0.000378233851057789
"X2.15514",0.000463107807132316
"X2.15515",0.000186818557912968
"X2.15516",0.000223273464954033
"X2.15517",0.00017461907281346
"X2.15518",9.43122948612e-06
"X0.4366",0.000100367048798928
"X2.15519",-0.000300540783004123
"X0.4367",-5.31354533188872e-05
"X0.4368",-0.000274843200951014
"X0.4369",-6.28568820671704e-05
"X2.15521",-0.000344484757558121
"X2.15522",8.61609822148337e-05
"X2.15525",0.000149521326737036
"X2.15526",-0.000263589805483045
"X2.15527",-3.22256832860218e-05
"X2.15528",0.000113774540275164
"X2.15529",-0.000325357043793473
"X2.15532",-7.16942275962623e-05
"X2.15533",0.000321100235246129
"X2.15534",0.000214992152077573
"X2.15535",-1.81198363209811e-05
"X2.15536",0.000442813906341522
"X2.15537",0.000199501747184714
"X2.15538",-0.000152930995415504
"X0.4370",0.000352759496496921
"X2.15539",3.44721944482725e-06
"X2.15540",4.87690869537465e-06
"X2.15541",-0.000461346328419758
"X2.15542",-0.000144440657027964
"X2.15543",3.91371994933266e-06
"X2.15544",-5.39976115351493e-05
"X2.15545",0.000338294587684297
"X2.15546",-0.000188756262190558
"X2.15547",-0.000313740683783122
"X2.15548",0.000102395079164557
"X2.15549",0.000346856295803861
"X0.4371",0.000449771122668302
"X0.4372",4.05820010610962e-06
"X0.4373",-0.000107650543262777
"X0.4374",-0.000205859125216077
"X0.4375",0.000562342884445099
"X2.15551",-4.39846085287286e-05
"X0.4376",-0.000174594948643143
"X2.15552",-0.000201648660038021
"X0.4377",0.000180613178148152
"X2.15553",0.000177962389367295
"X2.15554",-0.000307973150716033
"X2.15555",0.000337687173727363
"X0.4378",-0.000965483402176205
"X2.15557",6.04423905476067e-05
"X2.15558",0.00027005590704538
"X2.15559",-7.01645432901356e-05
"X0.4379",9.10830536740279e-05
"X0.4380",-4.53249665425647e-05
"X2.15562",-0.000354773314597353
"X0.4381",-3.75202277969772e-05
"X0.4382",0.000772057296425497
"X2.15564",4.80267339544197e-05
"X2.15565",0.000384919768750038
"X0.4383",0.000618559107041771
"X1.728",-5.57988070231714e-05
"X0.4388",0.000260126538621194
"X2.15567",-0.000343649112595295
"X0.4390",-5.53874008555794e-05
"X2.15568",5.93442890923635e-05
"X0.4392",0.000178178188383856
"X0.4393",0.00025184099757439
"X2.15570",0.000113609234075773
"X0.4394",3.60011696274376e-05
"X0.4395",-0.000132408352635914
"X0.4396",0.000177187900133671
"X2.15572",-0.000117596221770533
"X2.15573",-0.000223151943851788
"X0.4397",-0.00015863223583869
"X2.15574",-0.000398464891277117
"X2.15575",-3.73860779494746e-06
"X2.15578",0.000110970439975281
"X2.15579",-0.000388034998935267
"X2.15580",-0.0002086879919555
"X2.15581",-0.000580661802000327
"X2.15582",-0.00039934158631447
"X2.15583",-0.000335617820091253
"X2.15584",0.00104554332099126
"X2.15585",-0.000234494092761488
"X2.15586",0.000145504406227458
"X2.15588",0.000133554950413859
"X0.4398",-0.000350822209598606
"X2.15591",0.000216008947218426
"X2.15592",-5.11296781045466e-05
"X0.4399",-0.000223505419909421
"X2.15593",-0.000731976300018892
"X2.15594",-0.000562470192319554
"X2.15597",0.00037712839647121
"X2.15598",0.000128894109037055
"X2.15599",-0.000206412357186893
"X2.15600",-0.000261391826649468
"X2.15601",-5.74282778563215e-06
"X2.15602",-0.000318389387881568
"X2.15603",0.000145158054967577
"X2.15604",-0.000247778080648788
"X2.15605",-4.07218446666071e-05
"X2.15606",-0.000724863171961957
"X2.15608",-0.000425746834497966
"X0.4401",6.95881494309784e-05
"X2.15610",-1.04485801863122e-05
"X2.15612",4.89699998257648e-05
"X2.15613",7.44540428211191e-05
"X0.4402",5.68224458890934e-05
"X0.4403",0.000651956815033286
"X2.15614",2.56752872299621e-05
"X0.4404",0.000313939914448479
"X2.15616",0.000407156455307011
"X2.15617",-0.000105344456991851
"X2.15618",0.000259178541616433
"X2.15619",-0.000370003538802992
"X0.4405",-0.000146673876720559
"X2.15620",0.00064102012174275
"X2.15621",3.58116626295779e-05
"X2.15622",5.27733674325302e-05
"X2.15623",-4.16525698740158e-05
"X2.15624",-0.000155632799748568
"X2.15625",-0.000193503128478276
"X0.4407",0.000704888675017159
"X2.15626",-0.000151150958962194
"X2.15627",-0.000135638073140506
"X2.15628",-7.66315371638366e-05
"X2.15629",-0.000367174872539375
"X2.15630",-0.000436150161080959
"X2.15631",-0.00038323588206392
"X2.15632",0.000174353979213405
"X2.15633",-0.000156800946904089
"X2.15636",-0.000191114428752708
"X2.15637",0.000111233544440032
"X2.15639",0.00022089660132903
"X2.15640",0.000560665672758044
"X2.15641",-0.000247319778590996
"X0.4408",-6.67826339112726e-05
"X0.4409",0.000164052892997439
"X0.4410",0.000152018889562702
"X2.15646",-2.54970765611188e-05
"X2.15647",-0.000569604805494835
"X2.15649",0.000289132804945645
"X0.4411",0.000212974346882584
"X2.15652",0.000186033419732333
"X2.15654",-0.000469637713902928
"X2.15655",-8.84797758296699e-05
"X2.15656",-0.000212768602974017
"X2.15657",-4.16744428030006e-05
"X2.15658",0.000110473902515327
"X2.15659",0.000110152680743691
"X2.15660",-0.000318394306314805
"X2.15661",0.00013612210920989
"X2.15662",0.000227783929987081
"X2.15663",0.00017444681526083
"X2.15664",-0.00027762901179676
"X2.15665",-2.99176427832758e-05
"X2.15666",-1.23223654758688e-05
"X2.15667",-0.000158034047702207
"X2.15668",0.000214410568864319
"X2.15669",8.01495829235155e-05
"X2.15670",-0.000150019566141963
"X2.15671",-0.000241373618034946
"X2.15676",0.000417983307209844
"X2.15679",0.000699747006933435
"X2.15680",0.000418038870356901
"X2.15681",0.000202186136104579
"X2.15682",0.000281210785225791
"X2.15683",5.46946882707615e-05
"X2.15684",-0.00015843324062435
"X2.15686",0.000234498168437442
"X2.15687",-9.42318151891265e-06
"X2.15688",0.000321860843662909
"X2.15695",0.000296334138351787
"X2.15696",-0.00044396793841106
"X2.15697",4.97264638392146e-05
"X2.15699",-0.00028053352692066
"X2.15700",0.000281845303892787
"X2.15707",-0.000284846497380784
"X2.15708",0.000263456811112085
"X2.15709",-1.75820835405832e-05
"X2.15710",0.000203950959424155
"X0.4414",0.000182964975840349
"X0.4415",0.000304195937843689
"X0.4416",0.00012960667910788
"X2.15719",0.000161334336791042
"X2.15721",-0.000281782175716553
"X2.15722",0.00014912377065088
"X0.4417",0.000133267092929924
"X2.15724",-0.000333324278706118
"X2.15725",-0.000646709043154931
"X2.15726",0.000499724452024687
"X0.4418",-0.000163920070542354
"X0.4419",-0.000107843015650938
"X2.15729",-7.48385439816377e-05
"X2.15731",-0.000198064798715203
"X2.15735",-0.000293443152678216
"X2.15736",-0.000273077303894274
"X0.4420",-5.66436481507114e-05
"X2.15737",0.000470610226247363
"X2.15738",-7.22853318036459e-05
"X2.15739",5.59230924948984e-05
"X2.15740",0.00022847507211655
"X2.15744",0.000265699697587746
"X2.15745",0.000235232475633606
"X2.15747",-0.000429798166334595
"X2.15748",0.000160893769460993
"X2.15752",0.000239563565976334
"X2.15753",0.000212758884620685
"X2.15754",0.000172903990717093
"X2.15756",-0.000292154993517287
"X2.15757",0.000243586368825995
"X2.15758",0.000318916582988416
"X2.15759",0.00010234916362909
"X0.4422",3.08593491049343e-05
"X2.15761",0.000155050549398631
"X2.15765",-0.00017987161880079
"X2.15766",0.000266397046769293
"X2.15769",-5.47736121315585e-05
"X2.15770",-0.000306193582278767
"X2.15771",9.1879376986384e-05
"X2.15772",0.000455570244933035
"X2.15773",0.000157459868506711
"X2.15774",0.000132426479294527
"X2.15777",0.000326263855524529
"X0.4424",-0.000311925414608461
"X1.753",-4.56506575584255e-05
"X1.754",0.000832163672478741
"X1.755",0.000420032564820033
"X2.15779",0.000411505394996136
"X1.756",0.000134441765705264
"X2.15781",-0.00021288114810924
"X2.15784",-0.000154323313578207
"X0.4428",0.000611185200660446
"X2.15788",0.00063216268281947
"X2.15789",-0.00040518291376183
"X2.15790",0.00056607233153846
"X2.15791",-0.000125013741435563
"X0.4430",-4.99883253829235e-05
"X2.15794",-0.000198878936201838
"X2.15795",-3.70356011527968e-05
