"X_variables","Coeff"
"M9",-0.00156962880324264
"M12",-0.00269751911707925
"M17",-0.00914991336639037
"M19",-0.00272018607176862
"M21",0.00306341608129383
"M22",0.00488243239493502
"M25",0.00166599266390466
"M30",-0.00910729956069519
"M38",-0.00163528353548227
"M41",0.00178360595378874
"M43",0.00402660903299254
"M57",-0.00293851091836215
"M84",0.000113348228937818
"M100",-0.00302123005795416
"M115",-0.00256835775609788
"M117",-0.00148607792328977
"M148",0.00679799450029566
"M149",0.00586256158038874
"M152",-0.00376877038400212
"M168",-0.000603715945429454
"M170",0.000484693546551144
"M180",0.00420765898525693
"M187",-0.00440194910582061
"M188",-0.000954536698580923
"M190",0.00324116014453215
"M201",0.0083152512996103
"M202",0.00705296386438029
"M215",0.00451435925577093
"M236",0.00144557417454459
"M246",0.00605335468800055
"M250",-0.00475325169272586
"M252",0.00872152422519497
"M261",-0.000788959119763029
"M278",-0.00268424194655697
"M282",0.0064593456258985
"M297",-0.000902415735673846
"M303",-0.00060917334991686
"M305",0.00486213502570314
"M306",0.000411923573504422
"M312",-0.00885973708748963
"M340",-0.000249834942054717
"M348",0.00502650924793147
"M354",0.000988330229797623
"M357",0.00266091342694321
"M370",-0.000189396207970488
"M378",0.0107508793595018
"M386",-0.0119043047310634
"M397",0.00666111506918487
"M417",0.00681779370072172
"M422",0.00819956344821845
"M427",0.0115860900470156
"M437",-0.00312693532644232
"M448",-0.0118675780045454
"M454",-0.00817673617124989
"M467",0.0137220833997923
"M505",-0.00256578937780402
"M642",-0.00814413848347156
"M643",-0.0048873913414903
"M707",0.00496914380298526
"M738",0.00187079089751894
"M761",-0.00169956155773349
"M800",0.000332363265012831
"M848",0.000904328278161446
"M858",0.00661946633196923
"M860",0.00836407712306123
"M938",0.00344713898974435
"M954",-0.00595956503390479
"M960",0.00472345768174445
"M967",0.000484250253887913
"M969",0.00184942818368116
"M971",0.00365376043265942
"M983",-0.00763644138457268
"M992",-0.00187667658078646
"M1002",-0.00227360802280509
"M1004",0.0023871672865246
"M1006",0.000919229701672268
"M1008",0.00470605151904627
"M1023",0.00376255336951164
"M1025",-0.002137309573187
"M1037",-0.00577950676401922
"M1044",0.00436423820135953
"M1054",-0.00247882888750476
"M1073",0.00213835161062733
"M1087",0.00128238155687282
"M1095",0.000162645686706314
"M1096",0.00101220445073108
"M1100",0.00213902482460817
"M1104",-0.000261218332147074
"M1111",-0.00120636120367094
"M1142",0.00403623564526824
"M1172",-0.00543635228324067
"M1220",4.38915870178481e-06
"M1233",0.00697017786449469
"M1236",0.00200768030891128
"M1238",0.00397463068125169
"M1239",-0.00124345647967982
"M1240",0.00340935008363837
"M1247",-0.0118272602315065
"M1266",0.00553009445979046
"M1281",-0.00377069863258647
"M1283",0.00275781581500673
"M1347",-0.00332450980773816
"M1353",0.0055919525253569
"M1370",0.00164929383960017
"M1372",0.00221959374026388
"M1376",0.00306589396448583
"M1393",0.00140415520407807
"M1403",0.00139522437864672
"M1410",-0.00691709770269941
"M1412",-0.00410715058579172
"M1414",-0.00155483275959096
"M1419",0.00610221008304656
"M1426",-0.0015512722121725
"M1452",0.0025896476735018
"M1456",0.00409518893117197
"M1496",-0.00599387973635333
"M1501",-0.00643318120302551
"M1502",0.00271447360525591
"M1524",-0.00524513083851129
"M1571",0.00712788354631632
"M1572",-0.00678192561903411
"M1574",0.00635361816515952
"M1575",-0.0042239112277872
"M1579",-0.00421252257672949
"M1583",0.00521554198483198
"M1608",0.0047657130999204
"M1609",-0.00450821773372522
"M1620",0.00635031497818015
"M1644",0.0151479426828234
"M1662",-0.00215075962926742
"M1670",-0.00211473729235992
"M1671",0.000275872659341256
"M1674",0.00435166341747727
"M1698",0.00363632390208343
"M1707",-0.00809784843244144
"M1744",0.00181004767150408
"M1766",0.0109900061418046
"M1787",-0.0104775378157733
"M1789",-0.0102822649011198
"M1795",0.00295511107692616
"M1800",0.00292427369789297
"M1803",-0.00536455218196956
"M1810",-0.000266418821770938
"M1811",0.00126686813852523
"M1835",0.00102788200558055
"M1839",0.00293090673110934
"M1844",-0.00230698261679985
"M1852",0.00157033919785229
"M1854",0.0116861179975621
"M1859",-0.00298140629448469
"M1860",-0.00706087874905476
"M1870",-0.0177088817547793
"M1873",0.00570479530435767
"M1888",-0.000157166117060956
"M1894",0.00067250403071826
"M1904",0.0103733536302669
"M1905",-0.00846318354090177
"M1906",-0.00263735868689275
"M1911",0.00213981926033415
"M1920",0.00107761200205795
"M1933",0.00101586178771406
"M1939",-0.0019945694853585
"M1941",-0.00333691714681361
"M1945",0.00477404392568621
"M1950",0.000806492292989671
"M1953",-0.00407684441921049
"M1955",0.00375417483686207
"M1961",0.00332556941706784
"M1963",-0.00531650579582024
"M1972",-2.73447666881883e-05
"M1976",0.000546132189876921
"M2005",-0.0128065749374989
"M2008",-0.00621903820316176
"M2017",0.00115662550420747
"M2033",0.0088368212258319
"M2035",-0.00914333252635911
"M2046",0.00551429969264371
"M2057",0.00342665526018449
"M2078",0.00953259680039306
"M2080",0.00566986173742708
"M2086",-0.00527269772733783
"M2088",0.00357267942589666
"M2089",0.00718685842359034
"M2119",-0.00781841818918867
"M2142",0.00397739121781164
"M2166",-0.00663026912145705
"M2218",-0.0165340960095844
"M2231",-0.00289670727244565
"M2272",0.00869593564415246
"M2282",-0.00625432722736021
"M2285",0.0110379865358673
"M2287",0.00392476369880686
"M2299",0.00199878328343022
"M2304",0.000299771080834535
"M2305",0.00127822158962881
"M2329",0.0068049169250064
"M2345",-0.000650254471607379
"M2351",-0.00354717457911123
"M2361",0.00791546007749629
"M2390",-0.00575935015201771
"M2432",-0.00271121161440816
"M2433",-0.00620524462001709
"M2434",-0.00755119991712645
"M2435",-0.00743787843941749
"M2442",-0.00153602807074294
"M2446",0.00254785251978589
"M2449",0.00164444400279003
"M2458",0.00390167885730226
"M2461",-0.00326573269417195
"M2471",-0.00439221574202584
"M2476",-0.00266499417015805
"M2477",-0.00361847754397207
"M2481",-0.00502487656949139
"M2490",-0.00552145860989094
"M2523",0.00927560293938579
"M2527",-0.0156995416546175
"M2532",0.011816297521479
"M2537",0.00513641716061163
"M2541",0.00874547614535331
"M2547",-0.0101881781700227
"M2549",0.0105823950363622
"M2591",0.00820695589546076
"M2602",0.0031069313381643
"M2604",0.00140000578030153
"M2612",0.00891221980446678
"M2616",6.92932436358474e-05
"M2618",0.000555038736621391
"M2621",0.00265472473379795
"M2631",-0.00702643788262822
"M2632",-0.00230978283311428
"M2653",-0.00331789477618691
"M2658",0.00669170568411061
"M2684",0.00777203213913251
"M2694",-0.00607661219124909
"M2700",-0.00296659025350139
"M2703",-0.00158344532869427
"M2707",-0.00725551972993549
"M2710",0.00627163264268525
"M2715",0.0084747941352678
"M2716",-0.000299190139143926
"M2719",0.00759644131656314
"M2722",0.00426044848028176
"M2723",0.00496809392695265
"M2737",0.00287882355355399
"M2778",0.00534158001552293
"M2781",0.00677641203661793
"M2785",-0.00185893404641645
"M2786",-0.00921473725327351
"M2794",0.00368041563180505
"M2796",-0.0111521063912835
"M2811",0.00842444733735747
"M2815",0.00144717244941471
"M2818",0.0110605892696971
"M2827",-0.00489003001444209
"M2830",-0.0132148215310579
"M2832",0.00408352913348557
"M2834",-0.00600750229380325
"M2836",-0.0106925241926058
"M2837",0.00105222851315497
"M2838",0.00851775171803576
"M2839",-0.0109589317838679
"M2841",0.00929830342058506
"M2842",-0.00702803175778906
"M2849",0.00259188358576366
"M2850",0.00614549966452201
"M2853",-0.0133960249902679
"M2854",0.000428980546549075
"M2856",-0.000424059261863534
"M2858",0.00637279284082413
"M2879",-0.00088824460471171
"M2880",0.00481776053872748
"M2881",0.00521715656299761
"M2884",0.00757081617864423
"M2896",-0.00208247295304522
"M2908",-0.00431983677029102
"M2909",0.00400840345435694
"M2914",-0.00363274552496852
"M2919",0.0101188294612481
"M2920",-0.00889189151227078
"M2925",0.00429918988715486
"M2926",0.0105229625131999
"M2929",-0.0106257060964193
"M2930",-0.011759415386781
"M2931",-0.0120143570261276
"M2936",-0.0166582610367021
"M2946",0.0118068361400463
"M2951",-0.000967206283006164
"M2955",0.00804117924210591
"M2971",-0.0108883323810482
"M2985",-0.0128499893999634
"M2989",-0.00628859054214872
"M2997",-0.00170982210010161
"M3001",0.0113000333708827
"M3005",0.0053480999075733
"M3019",-0.01039108486448
"M3021",-0.00366596676002339
"M3024",-0.00154843754373418
"M3028",-0.00738382183015956
"M3074",-0.00822386075313229
"M3091",-0.00739587099405199
"M3095",-0.00376258723352953
"M3117",0.00138638292766989
"M3118",-0.00186580562842461
"M3124",0.00180517514194462
"M3127",-0.00189078830631104
"M3129",0.00518990734044745
"M3132",-0.000542520029836099
"M3141",-0.010616541579808
"M3144",-0.0065954947020228
"M3152",-0.0114270239243618
"M3154",-0.00636641802848547
"M3157",-0.00380314774572157
"M3159",-0.00716633462975659
"M3168",0.00795368822740186
"M3170",-0.0130136791258318
"M3180",-0.00493743063211618
"M3182",-0.0112722404705322
"M3186",0.00692797279877564
"M3187",-0.00697474142724126
"M3190",-0.00703711392766114
"M3205",-0.0123497181465301
"M3206",0.0122684162046034
"M3217",-0.0143270835431712
"M3222",0.00547741435600116
"M3229",-0.00693170272479997
"M3230",-0.0103216778974492
"M3240",0.010141442874545
"M3249",-0.0041792290543237
"M3263",-0.00161721702092858
"M3265",-0.0113265064003512
"M3268",-0.00728941479879769
"M3272",-0.00894326601411362
"M3274",0.00809881386988914
"M3275",-0.00249456119551527
"M3276",-0.00766632380308663
"M3281",-0.000569519430501598
"M3283",-0.00470334465863494
"M3296",-0.0100783988344896
"M3306",-0.0040953590284581
"M3310",0.0073218773129502
"M3311",0.000869798473498296
"M3314",-0.00855979719114066
"M3323",0.0101473217357669
"M3324",0.00434731163763411
"M3333",-0.00791278351573154
"M3344",-0.00362925602339001
"M3349",0.00162147029026383
"M3352",-0.001099816112639
"M3359",0.00750762643828865
"M3361",0.00319114130388157
"M3375",-0.0090453812340556
"M3376",0.00332470285683449
"M3378",-0.00239356843131406
"M3380",0.0065254289830533
"M3395",-0.000549619317226668
"M3406",-0.00306551558833048
"M3412",-0.00383986358231984
"M3414",0.00502397014103565
"M3424",0.000257619292745808
"M3427",-0.000465115480435924
"M3428",0.00614621705135664
"M3431",-0.00177098635022262
"M3442",0.00153676583918932
"M3462",0.000877871899897897
"M3463",0.00189522015788724
"M3465",0.00778084192495727
"M3475",-0.0016482573508253
"M3527",0.00501256238212478
"M3531",0.0110444197970134
"M3540",0.00947690697648678
"M3542",0.000495246468858279
"M3549",0.00448228318931822
"M3568",-0.00296188733228435
"M3576",-0.00471214509724465
"M3589",0.00832777050256299
"M3605",-0.00185205105026621
"M3606",0.00333466186918298
"M3607",0.00777261052072965
"M3609",0.00710975061694214
"M3639",0.00511443575436423
"M3645",0.00289239406423402
"M3662",0.01070855513746
"M3665",-0.00548696772270021
"M3669",0.0108593263313012
"M3670",0.00884805887135278
"M3678",0.00360922064242061
"M3685",0.0137923629272141
"M3686",0.0122282781652009
"M3687",0.010175418054912
"M3691",-0.0115775229999104
"M3704",0.0105209247425282
"M3711",0.00731638818893707
"M3747",0.00682146346070363
"M3764",0.00164367339509563
"M3785",0.0189950868327427
"M3816",-0.00586290722951754
"M3824",-0.00434870282834028
"M3827",-0.0143767746300618
"M3840",0.0117328449572614
"M3841",-0.00959682770129752
"M3852",-0.00306043355962693
"M3854",-0.00197882338897887
"M3870",-0.000998003022746663
"M3872",0.000942242563411003
"M3875",0.00787224309275207
"M3891",0.00941086148817141
"M3917",-0.0127712473753373
"M3925",-0.00368380279696599
"M3933",0.00411077463540118
"M3938",-0.00369774436775388
"M3940",-0.00106101899448558
"M3948",0.000363158902883426
"M3951",0.00672859084019692
"M3955",0.00474934021889609
"M3965",0.00259600431699492
"M3974",0.00394448788059151
"M3990",-0.00248392016656194
"M4006",-0.00115804511298696
"M4011",-0.00160019028908843
"M4013",0.000645009506756931
"M4015",0.0052264945734701
"M4031",-0.0095021157723228
"M4035",-0.00504975892761092
"M4036",0.00525370318655797
"M4054",0.00244271760957982
"M4058",0.0048597820810931
"M4060",0.00141751903748499
"M4062",-0.00518435652998687
"M4063",-0.00573890924823715
"M4065",0.000284265840394701
"M4070",0.00174132019537779
"M4086",-0.000671839964355963
"M4090",0.00538683888355172
"M4094",-0.00269076850483606
"M4105",-0.00750520404509426
"M4113",0.00281019967684466
"M4118",0.00431386662756589
"M4120",0.00734258400313144
"M4123",-0.00292586269118021
"M4128",-0.00419406344007354
"M4129",0.00433237941380831
"M4135",-0.00620725060037877
"M4144",-0.000287214150483439
"M4150",0.00217552536316209
"M4151",0.00681466282137209
"M4155",0.000929227178029692
"M4162",-0.000152939869849652
"M4172",-0.0113797126958208
"M4173",-0.0118336865016937
"M4177",0.0128842464245269
"M4229",0.00168033350516579
"M4262",0.00692952711145881
"M4280",0.011650714655898
"M4284",-0.0134333181454793
"M4293",0.00723070752225035
"M4297",0.000163955597022407
"M4305",0.00348187830298881
"M4308",-0.00218016721872555
"M4309",0.00497844010995852
"M4314",-0.00583158586915
"M4317",-0.000883969958568143
"M4318",-0.00107846078433469
"M4329",0.00883031284742052
"M4334",0.00431440767761269
"M4362",0.00659935930512042
"M4366",-0.0002595576773222
"M4368",0.010457442352471
"M4371",0.00383439323613595
"M4373",8.02921963022989e-06
"M4430",0.00239483508790406
"M4446",-0.0010545071590485
"M4472",-0.00255410779827501
"M4475",0.00389844725991597
"M4480",0.0102605832842989
"M4483",0.00554661783332282
"M4486",0.0186542561731281
"M4526",-0.00121869319936761
"M4546",-0.00503697202806699
"M4548",0.0092093369290744
"M4557",-0.00210070213297116
"M4561",0.00655789161421462
"M4570",-0.00466973601839883
"M4573",-0.00769823156310718
"M4585",-0.00751705883838505
"M4586",0.000256834720529726
"M4591",0.00316149890946425
"M4592",0.00254033210999093
"M4595",0.00349759537303727
"M4596",-0.00373868095249665
"M4603",-0.0121386620812885
"M4607",-0.0109012221286433
"M4611",0.00839622448898626
"M4618",-0.00907985433612279
"M4650",-0.00390396423199713
"M4652",0.00446897242979501
"M4659",0.00870352500472208
"M4660",0.00387042037709975
"M4668",0.0013310086846379
"M4672",0.000771483417487323
"M4687",0.00498048101224237
"M4703",-0.00870265404087602
"M4705",0.00677429902134982
"M4707",0.0119230556233121
"M4718",0.00212425680709016
"M4722",-0.000957881857338393
"M4725",-0.00248766214186659
"M4747",-0.0046604371142141
"M4760",0.00521030156416672
"M4762",0.00116202451347583
"M4765",-0.00615562752176702
"M4773",0.00773467265184545
"M4785",-0.00178144093311005
"M4792",-0.0015352955509964
"M4822",0.00528566405430627
"M4912",0.000256212335901326
"M4914",0.00655611628787306
"M4919",-0.00671404706105403
"M4920",-0.00377146351624896
"M4921",-0.000280471122948625
"M4935",0.00244408767642392
"M4948",-0.00334108158924278
"M4950",-0.00765674360347476
"M4951",-0.00758006495998634
"M4966",0.00101357204799275
"M4969",0.00243034248114784
"M4973",0.00337435254017125
"M4985",-0.0129657274342181
"M5005",-0.00988021353289182
"M5006",-0.0127411436213364
"M5008",0.0029715396259511
"M5009",-0.00688753522540584
"M5013",0.00204776588685403
"M5026",-0.00234972807840774
"M5040",-0.00699731248927161
"M5045",-0.0129178043285976
"M5046",0.0113721722682254
"M5049",-0.012308770785346
"M5064",-0.00257636212956609
"M5137",-0.0123943588115092
"M5143",0.00583395603669427
"M5146",-0.0106037129177905
"M5148",0.00667811827871899
"M5149",0.00839068874822651
"M5150",-0.00861000991879821
"M5160",-0.00447237765106285
"M5162",0.0030840887041792
"M5163",-0.0158238279554291
"M5174",-0.000108677636829944
"M5178",0.00115461709892088
"M5221",0.000980726629426392
"M5238",0.0024746378175757
"M5256",-0.000101888519686276
"M5260",0.00876717380744782
"M5263",-0.00741222476327814
"M5273",0.00852530284564353
"M5281",0.0105157810914894
"M5289",0.0023437522711318
"M5298",-0.0011949370352558
"M5302",0.000205633692433531
"M5303",0.0017429190921224
"M5307",0.00239972286059892
"M5308",0.00585269954293527
"M5310",0.00502597671252832
"M5313",0.000307871624264391
"M5320",0.000562141654007525
"M5322",0.00231010881354939
"M5329",-0.00456937983776195
"M5334",-0.0032340697028468
"M5341",-0.00362889831082426
"M5351",-0.0038599226352933
"M5357",0.00141230258325284
"M5359",-0.00377524882532388
"M5367",0.00364532401790885
"M5368",0.00910635100934934
"M5369",0.00961937076519887
"M5376",0.000255440024647046
"M5377",-0.00841522693726312
"M5382",-0.00418716225755751
"M5383",0.0140102142835725
"M5385",0.00315195080839095
"M5392",0.00485971580106115
"M5403",0.0035228940132953
"M5405",0.00541483095208209
"M5406",0.00251063034681782
"M5410",-0.00123113939571631
"M5420",-0.00829574244701645
"M5421",0.0131106495834935
"M5422",0.0107040517023077
"M5433",0.00710389372064267
"M5436",-0.0119717381697766
"M5437",0.00684226280786694
"M5441",0.000683147582030681
"M5460",-0.015652724831641
"M5500",-0.00731596615791827
"M5554",-0.00538333977191008
"M5555",-0.00665222810773699
"M5565",-0.0101204526457115
"M5569",-0.00707665803689898
"M5570",-0.00639531580069568
"M5571",-0.00196870473443781
"M5575",-0.0116204712345522
"M5582",0.0103149392189957
"M5587",0.00697659995929613
"M5588",0.00359097456630441
"M5589",-0.015386886521941
"M5592",0.00773058910810883
"M5597",0.010023367169514
"M5612",-0.00970573436406735
"M5613",-0.00955984946249767
"M5614",-0.012541578698356
"M5618",-0.00981408118623012
"M5621",0.00778630612978367
"M5622",-0.00546958859686947
"M5624",0.00417087156485364
"M5627",-0.00917667796601024
"M5628",0.00518034293192363
"M5634",-0.00789069061146812
"M5638",-0.00427688837562545
"M5649",0.0148572059140701
"M5651",0.0076807368129193
"M5659",0.00792925318753362
"M5672",0.0022714618673698
"M5676",0.0109857714346149
"M5677",0.00604872752523531
"M5685",0.00771421619748055
"M5693",-0.0130530061536617
"M5698",-0.002489297903455
"M5703",-0.00581066296839878
"M5704",0.000767401528765622
"M5705",-0.00637672050464609
"M5708",-0.000796202768698622
"M5719",-0.0164760772373178
"M5720",0.00642706894754364
"M5721",-0.00706766993165773
"M5724",0.00609834956561244
"M5727",0.0101623616773865
"M5732",0.00101363116921819
"M5741",0.00701541252667886
"M5745",-0.00434401180325107
"M5747",0.00962407239119239
"M5749",-0.00201996264562119
"M5751",-0.00219437650956655
"M5752",-0.000490539349941976
"M5753",0.0028985005927239
"M5759",0.00456084159761787
"M5761",0.00507397074947316
"M5762",-0.00712851032623771
"M5763",-0.0078125518407375
"M5764",0.010801710355503
"M5765",0.00921661571299939
"M5766",0.0146384241211952
"M5768",0.00413293516728896
"M5769",-0.00301316454396035
"M5771",-0.00419103083793515
"M5776",0.00368490790724525
"M5779",0.00540087188882408
"M5782",-0.0083461832871118
"M5783",-0.0039517120778478
"M5785",0.00835525342998111
"M5786",-0.00755995162446747
"M5787",0.00765750821065915
"M5788",0.0065517966396879
"M5789",-0.0080494630303429
"M5790",0.00906955018718577
"M5818",0.00373247569700561
"M5823",-0.00257869096308755
"M5872",0.00343983683580609
"M5898",0.00314362653363634
"M5904",0.00940406852364478
"M5907",-0.00956258485183329
"M5910",-0.0105877798982587
"M5911",0.00352159280305755
"M5914",-0.00329277411416908
"M5925",-0.00708383905273965
"M5926",0.00521385552859818
"M5928",0.00577783351584036
"M5939",-0.000824331463843346
"M5941",0.00550743592668821
"M5950",-0.000603371110125389
"M5979",-0.000320380529122701
"M5981",0.00373788003485752
"M6003",-0.0076816662436405
"M6006",-0.0109843787732399
"M6009",0.00890344562890939
"M6016",0.00220082192245414
"M6019",0.00982145313609462
"M6025",-0.00456619129327729
"M6099",-0.00174344486723808
"M6129",-0.0109411975134815
"M6139",0.0124325094066443
"M6157",0.00489835285165509
"M6196",-0.0148026128117135
"M6198",0.00718836062845743
"M6208",0.013177805787971
"M6213",-0.00523530968290664
"M6222",0.0152815530945783
"M6236",0.00682965205358355
"M6254",-0.00709792982009592
"M6266",0.000231974154069108
"M6272",-0.00985499232150617
"M6282",-0.00408213833047037
"M6288",-0.00300658750056492
"M6294",0.00839739643468902
"M6306",0.00040231571238837
"M6310",0.00421682354241443
"M6315",-0.000770497653966593
"M6353",0.0021158315863115
"M6367",-0.00623479382996402
"M6406",0.000240753166991996
"M6420",0.00387903147566511
"M6424",-0.00192354297961686
"M6431",-0.00251542005047761
"M6438",-0.000753224057998616
"M6451",-0.00310213706634016
"M6453",0.00227405894095258
"M6456",0.00528038496861379
"M6463",-0.0026493939878507
"M6469",-0.00428693153621769
"M6470",0.00237791982815172
"M6473",-0.00436460305688615
"M6475",0.00665218817005198
"M6480",0.00740254878438338
"M6485",-0.00752449152802395
"M6490",-0.00716600676067579
"M6511",0.00087520412274719
"M6513",0.000314363873865804
"M6530",0.00786601470568818
"M6534",-0.00723240768164849
"M6540",-0.00177506162233119
"M6544",-0.00125454079266719
"M6545",-0.000282060184646545
"M6549",-0.00231130173988192
"M6551",-0.00601916995757771
"M6559",0.00317742362992721
"M6561",-0.000255839478637031
"M6569",0.00448774086672939
"M6570",-0.00500023132092183
"M6572",-0.0102993867762252
"M6576",0.00283033257560291
"M6577",-0.00108071864428616
"M6590",-0.00242470889481338
"M6598",-0.000841384239782221
"M6599",-0.00533863789125548
"M6600",0.00351463366165395
"M6601",0.00815367334688836
"M6602",-0.0120913152107469
"M6605",0.00114548024485618
"M6606",0.0010991160077887
"M6608",0.000238069520867496
"M6609",-0.0112354243854643
"M6615",-0.0138119225503151
"M6619",0.00939294753404892
"M6621",-0.00450799704696333
"M6626",0.0085988875352071
"M6627",-5.85788259827976e-05
"M6628",0.00106959593229798
"M6631",5.4405609259054e-05
"M6641",0.00617799353536631
"M6646",0.0098395503377601
"M6648",-0.00621880511254585
"M6656",-0.00978081436508949
"M6662",-0.00546740425032849
"M6683",-0.00513728947367079
"M6684",-0.00828054892474626
"M6687",-0.000460683363603454
"M6688",-0.00504662784782357
"M6694",-0.00546161916464533
"M6695",-0.0163170549391518
"M6698",-0.000663377181184122
"M6704",-0.00367866992885417
"M6706",-0.00344248122606587
"M6710",0.00169992518830698
"M6713",0.00697582243523858
"M6714",-0.016363949942942
"M6732",-0.00306577342559536
"M6733",-0.00174335210333757
"M6735",0.0016962919627997
"M6754",0.000528597312570152
"M6756",0.00111307537471382
"M6758",0.00772591983882671
"M6769",0.00624138958955437
"M6776",0.012066041323315
"M6781",0.0139480470876979
"M6785",0.00382624992464644
"M6788",-0.00264380246357181
"M6789",-1.01302706605439e-05
"M6791",-0.00533649339941117
"M6797",-0.00422094668791633
"M6806",0.0164839118364025
"M6807",0.0184568636314635
"M6816",-0.00135482417556129
"M6837",-0.00757221839733112
"M6838",0.0085723422818489
"M6841",0.00326378639663282
"M6852",-0.00059014625590795
"M6854",0.00841165564574012
"M6855",0.00618714600042693
"M6856",-0.00668994361716458
"M6857",0.00819725938226951
"M6859",0.00351380269650012
"M6869",-0.00320319498426099
"M6870",-0.000602474537076657
"M6879",0.00911075719346786
"M6888",0.0081670205900729
"M6889",-0.00388317291745347
"M6893",0.0114128753594022
"M6895",0.00597739348853283
"M6906",-0.00763035080691951
"M6907",0.00954103999500691
"M6913",-0.00174683491462413
"M6915",-0.0148142146570254
"M6918",0.00174753698004791
"M6919",-0.00265622206145199
"M6921",-0.00578272323365003
"M6929",0.00901744141810299
"M6930",-0.00895023754645685
"M6940",0.00945537858993314
"M6942",-0.00143370124333404
"M6945",0.0127412227950469
"M6946",-0.00656038218439353
"M6947",0.00858457664172699
"M6950",0.00099755088356438
"M6953",-0.00672965059370851
"M6955",-0.0010870711039643
"M6960",-0.00173697012023545
"M6961",-0.00269099447498601
"M6962",-0.00215188655366197
"M6974",0.0086209533989065
"M6978",0.00663873090790703
"M6982",-0.00292225118711352
"M7000",0.00452466587171802
"M7003",0.00534446521341899
"M7008",0.00239058043435513
"M7025",0.0165779563526191
"M7027",0.00975705727898689
"M7039",-0.00196193144986827
"M7040",0.011272349561161
"M7050",0.00429090793440113
"M7051",0.0140579281750701
"M7052",-0.00446815316774416
"M7060",0.0115692373887406
"M7062",-0.00373813148255132
"M7063",0.00354568132262443
"M7069",0.0154118346512481
"M7082",-0.00737619254841961
"M7095",0.0011390418936509
"M7099",-0.00545417644495555
"M7102",0.00814690536231917
"M7104",-0.00871439241435839
"M7127",-0.000940211051078326
"M7129",0.00300043950224788
"M7133",-0.00471514248492266
"M7144",-0.00222240725093524
"M7145",-0.0104751048592689
"M7147",-0.00321113815787653
"M7150",0.002308773346662
"M7162",0.00535682228341943
"M7165",0.0105468304218771
"M7232",0.00370513595664303
"M7236",-0.00419923534271712
"M7245",-0.000326498621895205
"M7256",-0.00223870533088955
"M7263",-0.00472799699414972
"M7268",0.00139743022014081
"M7270",-0.00050283169538156
"M7274",-0.0016768735555401
"M7284",-0.0057441757578795
"M7285",0.00466437815843793
"M7291",-0.00430269825595323
"M7294",-0.000180008163161158
"M7295",-0.000615439808886658
"M7296",0.00777905068874544
"M7298",-0.0107929008957638
"M7303",-0.00339258299754239
"M7304",-0.00803101997124169
"M7308",-0.00269354122708888
"M7313",-0.00140562098753572
"M7314",-0.000357836263802226
"M7317",-0.00365154722608665
"M7336",-0.0011071957012299
"M7338",-0.00724624870504133
"M7339",0.0100350409245884
"M7340",-0.0015964042925405
"M7341",-0.00316002461066909
"M7342",-0.00301091593337253
"M7343",-0.00229277311440477
"M7347",-0.00541274617847108
"M7348",0.00316404169782714
"M7361",0.00453689149059685
"M7367",-0.00566265901974202
"M7369",-0.00072293577183997
"M7378",-0.00434925442133064
"M7379",-0.000481902446343543
"M7380",0.00720194457456371
"M7390",-0.00599294466775827
"M7391",-3.00536339352217e-05
"M7396",0.0100601681395919
"M7398",0.0022615067784979
"M7449",-0.000354788537484854
"M7452",-0.00582366269619677
"M7455",0.00314791892107117
"M7482",-0.00721989292917099
"M7492",-0.00540092574808674
"M7501",0.00508397410088287
"M7503",0.00398636302311255
"M7518",-0.00414418638566207
"M7520",-0.00237108748622646
"M7532",-0.000502606158576739
"M7535",-0.00170422811246091
"M7537",-0.00273523796493632
"M7539",0.00299396807451349
"M7541",0.00149865018343177
"M7544",0.00541759099321043
"M7547",0.00407264035318487
"M7559",0.00859472086791831
"M7562",-0.00071341959649689
"M7565",-0.00856829985658927
"M7566",0.00999192034223683
"M7569",0.00509950711500179
"M7574",0.00440270016969239
"M7586",-0.00661860546898157
"M7593",0.00554872840450473
"M7594",-0.00103162566737467
"M7595",-0.00645722496563152
"M7596",0.0066653019031693
"M7599",0.00231293397412504
"M7600",0.00253498775380966
"M7604",-0.00706518406746982
"M7605",-0.00285009066356464
"M7606",-0.00226091290634172
"M7607",0.00159058299829099
"M7616",-0.00167741832924239
"M7619",0.00533556539406951
"M7626",-0.00219120421322004
"M7632",-0.00497606675826463
"M7633",-0.00228089254600638
"M7634",-0.0016724406874172
"M7641",0.00879168525382037
"M7645",0.00296702379176614
"M7649",0.00223242095641887
"M7651",-0.00148672868435836
"M7655",-0.00203439362428691
"M7657",-0.00257621245171652
"M7661",0.00712279473226825
"M7666",0.00554548800173987
"M7668",5.44664218947447e-05
"M7669",-0.00875426339753702
"M7678",-0.00964191944465386
"M7680",0.00534102027767538
"M7697",-0.00368031665845592
"M7704",0.0035227380855324
"M7710",0.00728865569837642
"M7725",-0.0032306963688021
"M7747",-0.00542214256892794
"M7751",-0.00313656836530451
"M7768",-0.00414504781268853
"M7772",-0.00281683456180399
"M7776",-0.0024366260054537
"M7779",0.0017752297229669
"M7785",0.00352350793735969
"M7791",-0.00140349444456265
"M7792",0.00685460407048897
"M7794",-0.0020662780158775
"M7799",-0.00714680224922595
"M7805",-0.00553806129326863
"M7816",0.00425479322306565
"M7817",0.00235479991193138
"M7819",0.00321728710277373
"M7823",0.0058260938241367
"M7868",-0.0017580967684124
"M7873",0.00492263322118277
"M7875",-0.00399611512578806
"M7876",0.00898683523052125
"M7882",-0.00183626210584839
"M7910",-0.000215332394331117
"M7911",-0.00728541874015744
"M7912",0.000769530994830591
"M7913",-0.00669035451945163
"M7916",0.00520274143943743
"M7923",0.00166218760444682
"M7926",0.00259257527628298
"M7929",0.00348820324702689
"M7935",0.00233253935549245
"M7936",0.00490165854217447
"M7939",-0.00741458117380611
"M7942",0.0045925156818003
"M7944",-0.00242112594618642
"M7951",-0.00613563987820416
"M7953",0.00440571221884443
"M7963",-0.00942579184271711
"M7971",0.00299524767283856
"M7973",-0.000656164073843369
"M7984",0.0018197071468828
"M7985",-0.00053990713111592
"M7988",-0.005203014746301
"M7990",-0.00901083180476778
"M7991",-0.00526491334638311
"M7994",0.00433099527615499
"M7998",-0.0067563952937992
"M8003",-0.00107878186217844
"M8005",0.0015642727554358
"M8020",0.00262597924608938
"M8056",-0.00283433125072877
"M8075",-0.00413160184102829
"M8087",-0.00117134748615437
"M8088",-0.00256540362027012
"M8090",-0.00111511826078333
"M8094",0.0037082034282084
"M8113",-2.04720438753683e-05
"M8116",-0.00341081472662824
"M8120",-0.00010279128611262
"M8141",-0.00195729100948331
"M8157",0.00593901209247299
"M8158",-0.00368358494835456
"M8165",-0.00261181552535493
"M8190",0.0031574408301375
"M8196",0.000564024571639669
"M8198",-0.00649955941211115
"M8227",-0.00564990963145419
"M8235",0.00150775479633993
"M8236",0.00171408673106495
"M8248",-0.0046284061607438
"M8256",-0.00284294402569568
"M8275",0.00124118200898517
"M8284",0.000120446690823597
"M8286",-0.00681779454907331
"M8309",-0.00447945342892208
"M8314",-7.28715500767371e-05
"M8323",0.00258940474334455
"M8329",-0.00320441370075363
"M8331",-0.00536513705340809
"M8333",0.00310702697116491
"M8335",-0.00146689449677889
"M8344",0.00466627154717538
"M8347",0.00754145651259169
"M8368",0.00584073697451308
"M8373",-0.00816565290942361
"M8378",-0.00368687237110173
"M8381",0.0139569849449439
"M8382",-0.00787963930870727
"M8384",0.00801124549202666
"M8390",0.0117630279131541
"M8391",0.00519516049424126
"M8398",-0.00109739620681712
"M8407",0.000208270339764112
"M8422",-0.00252388288929613
"M8448",0.000844122283896436
"M8449",-0.00578290535763668
"M8459",-0.000744757991297954
"M8461",0.00359132443890096
"M8479",0.00125948522883735
"M8488",-0.00433077668447724
"M8490",-0.0039454761083708
"M8497",-0.002455494909981
"M8518",-0.00180241164980346
"M8519",-0.00158228723122009
"M8521",0.00399233076911908
"M8539",-0.00468893678134914
"M8541",0.000581610144313793
"M8553",0.0107247380823702
"M8554",-0.00523695840948683
"M8567",-0.00735246230316564
"M8571",-0.00131784075354127
"M8575",-0.0119639700501678
"M8577",-0.00813558409545057
"M8610",0.000407754350665121
"M8620",-0.00315261731345192
"M8623",-0.00877593194747514
"M8648",-0.00359421476051414
"M8652",0.00735937252401379
"M8658",-0.0013577051643562
"M8670",0.00165900755465215
"M8672",-0.00586065022809304
"M8710",-0.00231540493122264
"M8712",-0.00590977428398572
"M8713",-0.00248412008581031
"M8723",-0.00172948076425382
"M8735",-0.00159195621521783
"M8738",0.00105480331463308
"M8739",-0.00354509996452676
"M8752",-0.00402531544130365
"M8756",-0.00178021404691014
"M8774",-0.00165723770728741
"M8775",-0.000154413563454385
"M8795",0.00525506114215242
"M8808",-0.00510559131326155
"M8828",-0.00228200516173493
"M8833",0.0037545486835006
"M8848",-0.0042458460160991
"M8867",0.00717412438116302
"M8882",-0.00466185362970336
"M8903",0.0044907580153583
"M8904",-0.00272791951217426
"M8913",-0.00273312174979965
"M8920",0.000272671506004677
"M8929",0.00270724150737616
"M8937",0.00495875682041911
"M8949",0.00321985608757055
"M8964",0.00629610171130018
"M8985",0.00278570737817632
"M8990",0.00506920521623569
"M8993",0.00471770165929208
"M9005",0.00838361981151578
"M9029",0.00644096875084041
"M9047",0.0042451891300497
"M9050",-0.000924623142828662
"M9054",-0.00166465816481415
"M9061",0.00543571614151771
"M9066",0.00297061370029979
"M9077",-0.00990989303612713
"M9114",0.0102373952897187
"M9138",-0.00938227520714354
"M9144",0.00286338462333891
"M9155",-0.0107582547119961
"M9161",-0.016994012403611
"M9170",0.00299018250384053
"M9185",0.017620659970972
"M9197",0.00173737054797105
"M9210",0.00709648990000577
"M9222",-0.00469601622998693
"M9225",0.00177882927426418
"M9236",-0.00520687622376773
"M9241",-0.00121710142513492
"M9248",0.00260379296956045
"M9249",0.00304461954523638
"M9264",0.00481283555143012
"M9282",0.0157064331374529
"M9314",0.0127672081921327
"M9400",0.0114157321654349
"M9454",-0.0026038441901577
"M9474",-0.00483984281656529
"M9490",0.00554668251905025
"M9524",-0.000629758409476115
"M9532",0.0056366343861273
"M9540",0.000925014970997805
"M9555",0.00172977773954001
"M9597",-0.00710387331621425
"M9619",0.00144589521808172
"M9628",-0.0112273607634808
"M9633",-0.00159642431713522
"M9645",0.000212221910507948
"M9652",0.00249510441797938
"M9667",-0.000411617261793833
"M9678",-0.00354150756362503
"M9680",0.00140232095845068
"M9684",-2.0836752111782e-05
"M9706",0.00318921981241812
"M9709",-0.00612188830275372
"M9713",-0.00303310830074667
"M9715",0.0115384290884785
"M9732",0.00693581102891391
"M9787",-0.00856674112366388
"M9788",-0.00370416567375204
"M9808",-0.00686614675687029
"M9812",0.0130546931185131
"M9821",-0.00351163052600499
"M9841",0.00600993796120273
"M9847",-0.00758161071865665
"M9849",0.00290093380943645
"M9852",-0.0101079257054091
"M9856",0.0145908151782055
"M9861",0.0108889095721844
"M9863",-0.00390514898388598
"M9886",-0.00613132800386486
"M9904",0.00396548282081847
"M9914",0.00156073515677974
"M9927",-0.00102093939114303
"M9948",0.00239898303754813
"M9968",-0.00800346987052625
"M9971",-0.00706368031397394
"M9973",-0.00588150742130354
"M9987",0.00280697315391827
"M10020",0.00549051447868904
"M10032",-0.00146754550893109
"M10033",-0.00674108381238472
"M10045",-0.00359498136870868
"M10057",0.0058615476229322
"M10058",-0.00654625553179177
"M10079",0.00787182591495857
"M10090",0.00839094394162696
"M10095",-0.00836513513364846
"M10114",0.00857174485722043
"M10127",0.00189089915691826
"M10129",0.00293428680554284
"M10275",-0.000509895305135309
"M10278",-0.000633533009329157
"M10279",0.00344308935053712
"M10290",0.00461643861705249
"M10294",0.00313732938112371
"M10299",0.0024644692653677
"M10302",0.0055345774237507
"M10318",-0.00182179322101531
"M10332",0.00871981375542159
"M10355",0.000474594447568888
"M10367",-0.00552203668260577
"M10391",-0.000688470114417846
"M10416",-0.0019764313483203
"M10435",0.000735915796788266
"M10453",-0.00734253500846989
"M10476",0.00338124652987032
"M10482",-0.00398855438771632
"M10497",0.00783204535798035
"M10507",0.0053061766247312
"M10525",-0.000792608078509884
"M10533",-0.00445327145727718
"M10537",-0.00173223012209966
"M10539",-0.0103292932490775
"M10540",0.000450235412089391
"M10554",-0.00698598265480191
"M10571",0.00601529228441805
"M10582",0.00631198627808235
"M10635",-0.00903477726207907
"M10638",0.0045363696203047
"M10639",0.0102571978508843
"M10646",0.0105550581634037
"M10653",0.00346915131518063
"M10660",0.00484960710913649
"M10669",0.00785705436640244
"M10672",0.0112891121131724
"M10680",0.0026211302116905
"M10682",0.00509922224828067
"M10704",0.0063528492550707
"M10707",0.000309477312912073
"M10711",0.00278444456742275
"M10712",0.00904624219022957
"M10719",0.000475648931286326
"M10739",-0.00519085897313254
"M10751",0.00643160009885519
"M10756",0.0028784510482689
"M10764",-0.00853111343302975
"M10768",0.00840847626236873
"M10769",-0.0085021760481721
"M10793",0.00399543263884651
"M10795",0.00566678064361339
"M10796",0.00200613690431527
"M10802",0.00283350157899191
"M10803",-0.00124965491301334
"M10891",-0.00128682378223395
"M10892",-0.000934993470810061
"M10917",0.00628181672229082
"M10918",0.00460320925793731
"M10922",0.00615800961256172
"M10943",-0.00916465454298675
"M10944",-0.011363515014676
"M10952",-0.00960036324208932
"M10957",0.000278446582250459
"M10975",-0.00622902600840022
"M10977",0.00967318831066486
"M10986",-0.012835170068063
"M10988",-0.00400852643597034
"M11012",-0.00833869038127123
"M11046",0.0149294990394882
"M11047",-0.00543920290367038
"M11048",-0.014705856316425
"M11049",-0.0023063631640484
"M11059",-0.00439115538698212
"M11067",0.00622329270284934
"M11068",0.00965034810560162
"M11072",-0.00581044809099661
"M11073",0.00682829597476789
"M11080",0.00778482302432439
"M11086",0.00549805405541434
"M11088",0.00239838903191367
"M11146",0.000109475022846523
"M11171",0.000168723544417657
"M11175",8.56093859150076e-05
"M11208",-0.00736984097034109
"M11215",0.00482982405437597
"M11233",0.000423950688586106
"M11278",-0.00143412423842271
"M11279",0.00215084125831447
"M11297",0.00212488475822102
"M11312",0.00680073198272927
"M11317",-0.00398099802537947
"M11318",-0.00379903091114721
"M11320",-0.000108374829778098
"M11324",0.00147229161507863
"M11327",0.00114926803956923
"M11328",-0.000676172792720209
"M11330",0.00255336535182248
"M11331",-0.00292179795310372
"M11332",0.00180852598457822
"M11333",0.00174215990487809
"M11340",-0.00470825038874651
"M11347",0.00262546006173492
"M11364",0.00432547006851049
"M11365",0.00175084366885099
"M11366",-0.00250994050432003
"M11370",0.00137211419369241
"M11371",-0.00115725633069221
"M11372",-0.00702515511916981
"M11396",-0.00188703020829246
"M11426",-0.00568271821500261
"M11431",-0.00263027387239068
"M11436",0.000243747455998015
"M11437",-0.00156362204349026
"M11441",0.004039284013221
"M11453",0.00345465751737748
"M11457",-0.00201399660206148
"M11459",0.00964468183363992
"M11461",-0.00347078615197115
"M11464",-0.00201991049770054
"M11472",0.00635811243878455
"M11479",0.000535810985663173
"M11481",0.00404713129022054
"M11485",-0.00641704020165562
"M11497",0.00059384161492911
"M11507",0.00832583152562595
"M11509",0.0060544148260577
"M11516",-0.00122660831949587
"M11518",0.000225983906263028
"M11519",0.0129906661925
"M11524",-0.000975521331048548
"M11528",0.003939793401919
"M11534",-0.00254501483120168
"M11536",-0.00287497020688683
"M11538",-0.00419221330113944
"M11547",-0.00175271057984162
"M11548",-0.0026101871340003
"M11551",0.00181390069616344
"M11553",0.0048928289213977
"M11555",0.00241762447432474
"M11556",-0.00200784654954066
"M11561",-0.00185672722602712
"M11562",0.00086417647830483
"M11574",0.00089776356718269
"M11589",-0.00421664214454307
"M11606",0.00222394178202301
"M11622",-0.00423736089996357
"M11630",-0.00221378467900664
"M11642",0.00411370988182869
"M11643",-0.00624018883467506
"M11656",-0.00161586769453643
"M11660",-0.00428189607400504
"M11665",-0.00153614973502866
"M11667",-0.00794428488223975
"M11668",-0.00147899664733136
"M11671",0.00317486431360506
"M11672",0.0030920179563187
"M11702",0.00679434059575815
"M11703",0.00360518657350659
"M11738",0.00713709287361771
"M11747",0.0019189952839316
"M11749",-0.00561736012238718
"M11752",-0.00108339095066942
"M11769",0.00497927802162029
"M11773",0.000987960109201286
"M11795",0.00585162116111696
"M11797",0.000282105779116761
"M11798",0.00175523985775246
"M11806",0.000790118211995873
"M11835",0.000523180478099155
"M11847",0.00811149320427823
"M11959",0.00552359683554814
"M11970",0.00157122021788507
"M11977",-0.00979200199650725
"M11978",-0.00195281300161509
"M11980",-0.0136623182356022
"M11981",0.00324082933582686
"M11990",-0.00123223275392881
"M11997",0.00542684966011675
"M12043",0.00205046676111857
"M12045",0.000483350275430409
"M12064",-0.00395674930392439
"M12066",0.000729642961810925
"M12068",0.00504340743719919
"M12069",0.0036791085451301
"M12079",0.0113561338366025
"M12081",-0.00295076230604437
"M12087",0.00355715790443657
"M12094",-0.000792310034967286
"M12109",0.00295233160170968
"M12110",1.1073239271741e-05
"M12117",-0.0107502500487634
"M12124",0.00771561427486379
"M12125",0.0106274465637871
"M12126",-0.00497616772573067
"M12128",0.00736755102964884
"M12138",0.00141005351655268
"M12147",0.00129466200593859
"M12161",4.95163530760283e-05
"M12180",0.00839621608272874
"M12181",-0.00180117996919276
"M12190",0.00348511140111715
"M12204",-0.00111264065696667
"M12213",-0.0038482726698686
"M12214",0.0103791725625204
"M12227",-0.00548248688024949
"M12233",0.0040874759825056
"M12239",0.00412354440246052
"M12241",0.00436555535009825
"M12243",-0.00634548970367839
"M12246",-0.0122385144957715
"M12248",-0.00965188034697265
"M12252",0.0107682089075952
"M12255",0.00498547798469473
"M12257",0.0078916214744077
"M12263",0.00777491411213043
"M12265",0.00859448568801052
"M12268",0.0100928057015907
"M12270",-0.00368135895259628
"M12331",-0.0113385041221416
"M12335",-0.00554229652696988
"M12352",0.00207062408672187
"M12377",0.0106147114532752
"M12410",0.00726935105160392
"M12413",-0.0125027161617573
"M12429",0.000692617380495457
"M12431",0.00710065833231358
"M12432",0.00272755241364359
"M12437",0.00400101750957679
"M12439",0.00796599765988994
"M12440",-1.69445592594657e-05
"M12444",0.00194965315059853
"M12446",0.010201124106681
"M12450",0.0132279608362219
"M12451",-0.0116830682858179
"M12459",-0.00667268076530899
"M12461",-0.00395181639288031
"M12463",0.00550949949915113
"M12464",0.0104196875786115
"M12500",-0.00095086645302488
"M12504",0.00066711358079874
"M12516",-0.00844442830210899
"M12517",0.00115807376333055
"M12526",-0.00705346219719875
"M12528",0.00183000708615301
"M12536",0.00486275129377157
"M12547",0.000172164790148119
"M12552",0.00497976310916143
"M12561",-0.0132601570748075
"M12562",-0.00907617485918596
"M12564",0.0147384757263908
"M12582",0.0116011949281425
"M12583",0.00876618847778671
"M12610",-0.0109978855554118
"M12747",-0.0106054861287217
"M12800",-0.000139562107842697
"M12824",-0.0100799602999895
"M12826",-0.00946864279241831
"M12829",-0.0107541426071059
"M12835",-0.0111296063981222
"M12981",0.0137261294358463
"M13014",-0.0103924220818179
"M13105",-0.00661276534637474
"M13234",0.00292569722333007
"M13246",-0.00274738780820785
"M13252",0.000579230953576458
"M13258",0.00274909534133236
"M13259",0.00458937015766546
"M13269",-0.000375474180154959
"M13272",0.00492969118497151
"M13279",0.00134733798292879
"M13280",-0.0129795982187821
"M13287",-0.006156156655199
"M13293",0.00429853900592006
"M13305",-0.00717244665557272
"M13368",0.00861614821061147
"M13486",-0.00143600633064733
"M13491",-0.000273521129859823
"M13500",-0.00344160060409838
"M13506",-0.00129986858563289
"M13510",-0.00181575182920079
"M13571",0.0103477539340476
"M13629",-0.00856789838701414
"M13631",0.00570258224689528
"M13635",-0.0124764270865665
"M13638",-0.00190294388604057
"M13642",-0.00893369797289195
"M13643",-0.014127386584762
"M13647",-0.00282588084914825
"M13682",0.00805877544242155
"M13684",0.00644051466320577
"M13689",0.00870716323659823
"M13709",-0.00555477572628763
"M13720",-0.00598579891912718
"M13721",0.00603071740198225
"M13730",-0.0130028152298409
"M13733",0.00178286574236437
"M13738",-0.00761276143424082
"M13739",0.0118647917827154
"M13740",0.00632598136312494
"M13744",0.0113622767001451
"M13753",0.0154263368335009
"M13756",-0.0114261423343508
"M13782",-0.00598143757289406
"M13856",-0.00507868488814955
"M13865",0.000529441219422692
"M13885",-0.00360583555901098
"M13890",-0.001147127355076
"M13899",-0.00684710080244054
"M14016",-0.0126147743928928
"M14017",0.0147922541989094
"M14039",0.00405629822865446
"M14064",0.00831688996058868
"M14073",0.0023549340436059
"M14091",-0.00218976259611589
"M14093",-0.00668729222557981
"M14094",-0.0027258443730837
"M14100",-0.00214882009393692
"M14105",-0.00902324669153376
"M14111",-0.0084770527613776
"M14113",0.00180412583273276
"M14126",0.00795899342847536
"M14130",-0.0049488404203559
"M14133",-0.0201010059006298
"M14139",0.0204924694209131
"M14140",0.0166452646737967
"M14148",0.0202973211591284
"M14218",0.00558124513413535
"M14229",0.00157031562312391
"M14312",-0.00106735476712051
"M14337",0.000994325796998811
"M14348",-0.0193582476450169
"M14362",0.00693470181519941
"M14364",-0.00666124519958598
"M14374",-0.00602032122365721
"M14376",-0.00798272623669105
"M14413",0.015529470415367
"M14424",-0.00523956322792114
"M14461",0.00574235394583054
"M14465",-0.0023003117102844
"M14474",0.00897586437278028
"M14482",-0.00037315240187386
"M14494",0.00539898437012877
"M14495",0.00477356604141288
"M14498",-0.00159826379228782
"M14499",-0.00970289103437425
"M14527",-0.00942728107310092
"M14530",0.00980322168267207
"M14618",0.00924181271200054
"M14706",-0.00796784958813973
"M14707",-0.00865486908632369
"M14729",4.86358748292364e-05
"M14736",-0.00805874930919319
"M14750",-0.000326665337965056
"M14815",0.0119219845400612
"M14833",0.00696471313845256
"M14834",0.00528164451467716
"M14847",-0.000623715692885406
"M14849",0.000815913388067983
"M14853",0.000898963615387033
"M14857",-0.00354661799505876
"M14872",0.00268990243132241
"M14878",-0.00745353556201676
"M14884",0.00411192344021534
"M14891",0.00263517755494311
"M14898",-0.000571240622363655
"M14905",-0.00617196097575328
"M14908",-0.00541767741794109
"M14909",0.00690341339008767
"M14911",-0.00377931711495908
"M14919",-0.00848996480968988
"M14935",-0.0170746451594959
"M14954",-0.000969837746549677
"M14955",0.00434322347565568
"M14963",-0.00503564037745399
"M14972",0.00719462034468404
"M14979",-0.0158451594793367
"M15010",-0.00429275710739596
"M15030",-0.00353506601791687
"M15032",-0.00402480637803676
"M15042",0.00706414169115892
"M15043",0.00297520633255658
"M15054",-0.00273226507945705
"M15075",-0.0041527322356276
"M15102",-0.00703404338711541
"M15126",-0.000716302964014216
"M15127",0.00256209996977234
"M15133",-0.00946198686278622
"M15142",0.00432573988438178
"M15150",0.00125141169685681
"M15171",0.00361585024031546
"M15201",0.00238216347725659
"M15212",0.00236025601534995
"M15225",-0.00637117444325771
"M15233",-0.00582190679734249
"M15244",0.00759476975064201
"M15252",-0.00427759587191448
"M15254",-0.0063293127013132
"M15281",0.0037574185529701
"M15282",-0.00812930200596675
"M15283",-0.0080339508036925
"M15295",0.00419037469937851
"M15298",0.00401001902858492
"M15307",-0.00545901457729857
"M15309",0.00223971124273379
"M15341",0.0040072524680772
"M15363",-0.00234866542193061
"M15372",-0.00262403780254197
"M15412",0.00196445702482782
"M15420",0.00716682842501543
"M15427",0.000670245513001873
"M15457",-0.00131874981798332
"M15497",0.00382206388738556
"M15502",-0.00276531808482892
"M15556",0.0011159211006874
"M15559",-0.00847011535991511
"M15562",-0.00010308782198038
"M15567",-0.00431408693343395
"M15577",-0.00141616071843127
"M15583",0.001306629619452
"M15595",0.00486856229265506
"M15599",0.00143714324990747
"M15600",0.00247516786245429
"M15605",-0.00287075296541075
"M15606",-0.00138317872877967
"M15633",0.00357274361926835
"M15639",-0.00555703337059657
"M15644",-0.00271838223364059
"M15657",-0.000277874018986745
"M15659",0.00173457254166376
"M15666",-0.00117922622643304
"M15668",0.00794219894167388
"M15669",-0.00899219235509422
"M15681",0.000652076595189188
"M15694",0.00471918515876872
"M15699",0.00682318488450942
"M15716",0.0113308767902315
"M15717",-0.00216096868374149
"M15728",-0.00799330329309311
"M15763",0.0012610936739947
"M15784",0.0047113463653043
"M15785",-0.00129931291578356
"M15793",-0.00566626045443064
"M15795",0.00607646135634074
"M15819",0.00344479662496454
"M15821",0.00113126322674989
"M15822",-0.00551459328690827
"M15824",-0.00374703194565342
"M15825",-0.00283531841941787
"M15829",-0.00174321277542692
"M15837",-0.0026679127835829
"M15840",0.00388292750064642
"M15844",-0.00506720585544473
"M15866",-0.00487013162079065
"M15872",0.0106177633762985
"M15873",0.00686336032159199
"M15896",0.000228390180193881
"M15904",-0.000588892079723784
"M15910",0.00145845950915318
"M15912",0.00220619533699013
"M15983",0.00258016904426709
"M15999",-0.00470630908991958
"M16015",-0.000925178139338332
"M16016",-0.00477837199139353
"M16030",0.0053406627580668
"M16038",-0.0024994555500482
"M16050",0.00512679752662704
"M16071",-0.00751570670730149
"M16077",-0.00459493833169147
"M16107",-0.00486350872980952
"M16113",0.00734658640019767
"M16121",-0.0012553710083402
"M16125",0.00364464470876352
"M16131",0.00456679698878729
"M16133",-0.00835307509245808
"M16137",0.00342125615073825
"M16143",-0.00977842872177869
"M16151",-0.00158779910437214
"M16152",-0.00639828853188831
"M16159",0.00337253726157829
"M16166",-0.00457651531672425
"M16168",0.00206267976799684
"M16169",0.00436295823443677
"M16178",0.000821838945635566
"M16179",-0.0012243137120981
"M16180",-0.00558836960837301
"M16181",-0.00707412876690008
"M16187",0.00822860391936948
"M16191",0.000815386686830933
"M16231",-0.0087972769891721
"M16233",0.00858885424162376
"M16235",0.0103926843966047
"M16238",-0.00431296412661674
"M16275",-0.00403911335655265
"M16284",0.0062158035768415
"M16293",-0.00637505328663958
"M16297",0.00163519023288397
"M16299",-0.00792281757875095
"M16304",-0.00180146710134767
"M16305",0.00726410087678584
"M16306",0.0038645246841988
"M16310",0.00680014138108367
"M16314",-0.0104956404845576
"M16327",0.00136832623141997
"M16329",-0.000624751329211852
"M16332",0.00791458114530362
"M16335",-0.00629172136861326
"M16336",0.00746700562264347
"M16352",0.00326102212338776
"M16354",0.00693046656193134
"M16363",0.001677813632592
"M16366",-0.00892978062195872
"M16394",0.00388406161189798
"M16395",-0.00824215248520455
"M16401",-0.00265365677364095
"M16404",0.0025009740581461
"M16406",-0.0053759344809856
"M16412",0.00358297640890297
"M16415",0.00265556784454533
"M16424",0.00311762198849351
"M16428",0.00689427576072528
"M16429",0.00550544699167027
"M16441",-0.00388858841984162
"M16444",0.0082526834380579
"M16446",0.0017481339008176
"M16447",0.00124387481689469
"M16452",-0.000720966407697157
"M16462",-0.00643863610816623
"M16485",-0.00559086283337501
"M16490",0.00138754948032781
"M16511",0.00666311653742823
"M16520",-0.0125101052276125
"M16521",0.00648652209505827
"M16524",0.0109965773965243
"M16525",-0.00405239252197298
"M16527",-0.0112772639615677
"M16529",0.00805763826677595
"M16536",0.00298268483456089
"M16541",-0.00307415023222151
"M16542",0.00424910824738952
"M16603",-0.00166076258405206
"M16612",-0.0026287195194003
"M16625",0.0105108660213909
"M16640",-0.000592301946990264
"M16651",-0.00321985521453837
"M16659",0.000550829130292368
"M16668",0.0155040693942733
"M16686",-0.00640764154143942
"M16717",-0.00415920221652547
"M16719",0.00241920390000499
"M16741",-0.00122327684411635
"M16743",-0.00166786676595782
"M16750",0.0041610956421616
"M16792",-0.0108246902556372
"M16799",-0.00193400785959418
"M16804",-0.00384261036261354
"M16807",0.000276444233534502
"M16875",-0.00568112333729201
"M16876",0.00617575543723335
"M16878",-0.0031226664810655
"M16885",-0.00187546219174893
"M16901",-0.00980137813825333
"M16925",0.00949837993536626
"M16939",0.00391230045349039
"M16947",0.00313984558468316
"M16950",0.00145561393885726
"M16956",0.0162183371867235
"M16957",0.00791113107701319
"M16959",0.0118484585842412
"M16965",0.00877525071453826
"M16966",-0.0101594001543343
"M17006",0.00756516579739215
"M17026",-0.0027008640333449
"M17032",-0.00139273702662047
"M17050",-0.0116446799621115
"M17059",0.00816029723381722
"M17096",-0.00923857990981221
"M17101",0.002985231810976
"M17105",0.00249039746845482
"M17130",0.00374681352275359
"M17131",0.00216453704110568
"M17132",0.00123285307058989
"M17135",0.00293549987778006
"M17137",-0.00706390787398619
"M17165",-0.00128194335945304
"M17176",0.00398050948720164
"M17184",-0.00684234904400765
"M17199",0.0024717664313885
"M17214",0.00695257534067284
"M17217",0.00478713420461664
"M17231",-0.00271895903488617
"M17250",0.00228025082085967
"M17254",-0.000684502281695523
"M17257",0.00531791462952656
"M17262",-0.00073952605412168
"M17267",0.00386356611327267
"M17283",0.000524550817108198
"M17293",0.0076795411319512
"M17297",0.00367501065515408
"M17303",0.0106008270312767
"M17314",-0.0037852275211081
"M17318",-0.00573807037661572
"M17321",0.00516063380389544
"M17324",0.00719879146217819
"M17341",0.00276521819090263
"M17376",-0.00333034016663063
"M17402",0.00689777350397512
"M17403",0.000130751605939582
"M17404",0.00126979242748017
"M17429",-0.000308912515462232
"M17430",0.00325592917693656
"M17433",0.00037185793556224
"M17434",0.00734133352161416
"M17435",-0.00265499264907863
"M17438",-0.00042151063735818
"M17439",0.0045384171328294
"M17441",0.000759630506810747
"M17442",0.00381388745088087
"M17443",-0.00330848810289477
"M17448",-0.00311059570580765
"M17452",0.00386762311380515
"M17453",0.00436599585801406
"M17455",0.00100999128309528
"M17457",-0.00254202761303385
"M17458",-0.000862151802688757
"M17459",-0.00091678794623499
"M17463",-0.00522289746777059
"M17464",0.00191326746815528
"M17466",0.00288501204507617
"M17469",0.00215084245083466
"M17470",0.00285535133155169
"M17471",0.00352125818952413
"M17472",-0.00083200412744648
"M17474",0.00283485349770094
"M17475",0.00149463926685705
"M17480",-0.00413042268633325
"M17485",0.00107010655743735
"M17486",0.000719083525379771
"M17487",0.00079991174309485
"M17488",0.000959368657113455
"M17489",0.000900799379965433
"M17490",-0.000553664476307524
"M17492",0.00365441850410598
"M17497",0.00684071269582282
"M17503",0.00348302363689117
"M17511",-0.0139484389466686
"M17512",-0.00830704251123642
"M17513",-0.00542080121169448
"M17523",0.00247199380459791
"M17525",0.00273242698454614
"M17526",-0.00389950913953226
"M17532",-0.000941404195367069
"M17540",0.00471837505071596
"M17543",-0.00484991447780043
"M17544",-0.00236260362063228
"M17546",-0.00434992162252356
"M17553",0.004903005705699
"M17558",0.0129709901203403
"M17570",0.00302186436335643
"M17573",-0.00993494381756419
"M17579",-0.00123675772802946
"M17590",0.00508586576512071
"M17614",0.00294436971720156
"M17617",-0.0121261798316354
"M17628",-0.00883623094955928
"M17677",-0.00147282169107298
"M17712",0.00145297457555373
"M17738",-0.00535245816993198
"M17739",0.00548606801706506
"M17742",-0.00474729919689422
"M17746",0.00393946362745005
"M17752",0.0176188760397655
"M17755",-0.0188567193835608
"M17760",0.0144631552522978
"M17761",-0.0169418580009615
"M17762",0.0105332976025474
"M17763",0.0119739930047871
"M17765",0.0155503807511973
"M17770",0.00226219449534255
"M17777",-0.0130526165783493
"M17791",-0.00634733479512923
"M17799",0.0107346876348477
"M17803",0.0106733480686634
"M17808",-0.00657297522207277
"M17814",0.0081410743497586
"M17824",0.00516267770993044
"M17830",0.0131337577495715
"M17837",0.00575299165753776
"M17854",-0.00950016152039347
"M17871",0.00868049151705946
"M17957",0.00586465300904102
"M17958",-0.00524332668614848
"M17963",-0.00284721810342019
"M17967",-0.00189374181265898
"M17980",-0.00207943218175197
"M17982",-0.00770723642639395
"M17984",-0.00180946188027711
"M17986",0.00343805862783733
"M17996",-0.000755882870356814
"M18001",0.00325399569760782
"M18004",-0.000274354184753076
"M18005",0.0112794787319845
"M18006",0.00621260199566782
"M18026",-0.00417197921036252
"M18052",-0.0043702199297381
"M18058",-0.00579350105947303
"M18059",-0.00300703437917445
"M18073",0.0103905677800915
"M18093",-0.00089407221063511
"M18096",0.00914061425461133
"M18097",0.0123356931284369
"M18138",-0.00902068309108909
"M18152",-0.0091316279069858
"M18154",0.0129999314903737
"M18184",0.0117955272611159
"M18187",-0.00999346490617895
"M18191",-0.00730412184191569
"M18198",0.0133688963252132
"M18204",-0.00481646134451989
"M18313",-0.000771256137680774
"M18318",-0.0051772864207717
"M18331",-0.00380386341927888
"M18335",0.0141181356106946
"M18348",0.00130791312390566
"M18352",0.00209721168534634
"M18409",0.0084605185324366
"M18446",0.00638522079592479
"M18590",-0.00600834094239671
"M18594",-0.0053360365468352
"M18753",0.0071330825789621
"M18809",0.00244530650931888
"M18815",-0.00115046246290087
"M18821",-0.00441697659874361
"M18823",0.00295510729003097
"M18832",-0.00170165545211318
"M18834",0.0031094925834247
"M18836",0.00113125883965379
"M18839",0.0041658725425448
"M18848",-0.00064451115767402
"M18861",0.00261498997013094
"M18872",0.00185106921786633
"M18957",0.00707112345828451
"M19209",0.00706641539595304
"M19248",0.000942413655600704
"M19307",-0.0111080753518169
"M19392",-0.00323535148715951
"M19395",-0.00114971190437743
"M19404",-0.00118557784267052
"M19464",0.00316188031356656
"M19482",0.0066386848989945
"M19493",-0.00865984812012606
"M19504",-0.0083067202993307
"M19547",-0.0023822542053827
"M19558",0.00141973359936399
"M19598",-0.000641956066192188
"M19606",-0.0029863086888904
"M19616",0.00918964707128947
"M19621",0.000136496517975715
"M19622",-0.00260969613831706
"M19623",-0.00109125059210807
"M19627",0.0052591684344835
"M19633",-0.00194955826701916
"M19636",-0.00141069799769774
"M19642",-0.00247832204760973
"M19647",-0.00215465938541159
"M19657",-0.00115408944238137
"M19733",0.00487404882235727
"M19764",0.00106804581685996
"M19787",0.00320969803499562
"M19819",0.00129189628182111
"M19821",-9.45867436853847e-05
"M19840",-0.00669083421853565
"M19845",-0.00551287093268812
"M19850",0.0133047780651134
"M19855",0.000329858992982682
"M19859",-0.013875704057717
"M19861",0.00682384053088126
"M19875",-0.00418661295252841
"M19884",0.000124186837237926
"M19889",-0.00436272849981946
"M19917",-0.00321050453758002
"M19940",-0.00479671048931879
"M19952",0.00121825968270473
"M19956",0.0101145469218139
"M19961",0.00256956399495921
"M19963",-0.0139112843801
"M19983",-0.00208307089472176
"M19984",-0.00307038083411237
"M19989",-0.00039264110730316
"M19991",-0.000998240618301796
"M20001",0.00272213034350824
"M20053",0.0018598752650985
"M20062",-4.95032862014459e-05
"M20063",0.015340484960151
"M20070",0.00443569127822635
"M20081",0.00142561827114976
"M20085",-0.00591541200140672
"M20087",-0.00208156228768953
"M20089",0.00873420868740793
"M20090",-0.0102095950260975
"M20099",0.00725091508790189
"M20102",0.00436961859054765
"M20112",-0.000635420919060167
"M20127",-0.00138351892833077
"M20136",0.000662626611780877
"M20137",0.00536220870059882
"M20140",0.00333285380036675
"M20141",0.00124188999294394
"M20147",-0.00561924154879809
"M20148",-0.00196206892953182
"M20149",-0.00791875255202808
"M20156",-0.0124366851106319
"M20162",-0.00682464988517544
"M20169",-0.00557920218031858
"M20171",-0.00511765934430752
"M20173",0.00402602359966668
"M20186",0.002125300867258
"M20187",-0.00208397446535429
"M20189",0.0068072493850681
"M20195",-0.00362431353646573
"M20215",0.0063027040042018
"M20257",-0.0062730986583289
"M20263",-0.00696431022507855
"M20266",0.006421812353464
"M20274",-3.21852654366037e-06
"M20277",0.00181540199095398
"M20283",0.0043995553581672
"M20292",-0.00469547399355759
"M20296",-0.00456384273257646
"M20302",4.41089303264948e-05
"M20306",0.000109288424054226
"M20308",-0.0109328495431721
"M20318",-0.00281603866098151
"M20322",0.00603760805827206
"M20326",0.00248445655742482
"M20331",-0.000392950947998608
"M20332",-0.00219118771800599
"M20347",-0.00511687688872335
"M20353",0.00349192856465376
"M20359",-0.00876145480471577
"M20368",0.00414523223092338
"M20370",0.00294189234195083
"M20376",-0.0103739449652562
"M20418",-0.0078246924060719
"M20419",0.00408945340612812
"M20424",0.00349594482956645
"M20431",9.63730184483492e-05
"M20437",-0.000239009549513617
"M20445",-0.00687066228116461
"M20451",-0.0033606125219934
"M20452",-0.00432339463988094
"M20460",-0.00964451951785284
"M20468",-0.0094561401151611
"M20476",0.0110454292721068
"M20482",-0.00659194144707782
"M20485",-0.00927565615495291
"M20488",-0.00106035856246686
"M20496",-0.000255282759036729
"M20509",0.00399519104593205
"M20511",0.00410623779876627
"M20513",0.00545951337306706
"M20514",0.00178959975807121
"M20519",-6.70236817744788e-05
"M20521",0.0182258764046051
"M20523",-0.00172873259592376
"M20534",0.00242557584398685
"M20543",-0.00900583845149072
"M20546",0.0025241505913697
"M20554",0.00296613844281543
"M20557",0.00483514779053752
"M20561",-0.00236499500215979
"M20565",-0.00882790624739198
"M20581",-0.00864108566216683
"M20591",0.0119199435095715
"M20593",-0.000721782578757981
"M20594",0.009576865261733
"M20597",-0.000286826994415336
"M20611",-0.0020725545649055
"M20612",0.00488358126846306
"M20632",0.00591973544119424
"M20639",-0.00560318878992022
"M20640",0.000675789220900503
"M20641",0.00272074806806092
"M20643",-0.00263858670334343
"M20645",0.00414758120090383
"M20649",0.00228967878600088
"M20650",0.000649239752335884
"M20651",0.00280659296810942
"M20657",0.00288617466795312
"M20665",0.00498243476501031
"M20667",0.00414098039113695
"M20668",-0.00575552514183072
"M20670",0.00309571667951226
"M20681",-0.00179711174795405
"M20683",0.00503251166119025
"M20719",0.00754794376630246
"M20721",0.0106752209936323
"M20727",-0.00980616053560224
"M20734",-0.00770934709537404
"M20749",-0.00388495621237389
"M20760",0.00123164133457146
"M20764",-0.00216269634420389
"M20809",-0.000482362162254462
"M20814",-0.00502566252391195
"M20835",-0.00953245492854577
"M20841",-0.00297433229734021
"M20843",0.00872092349165026
"M20845",-0.00284056535582974
"M20847",0.00202857746596876
"M20850",0.00295460166772467
"M20851",-0.00198228972914513
"M20852",0.00163286727259271
"M20854",0.00321459558050073
"M20865",0.00971106491938124
"M20866",0.00866687623725055
"M20886",-0.0132540484194752
"M20887",-0.0105000682660547
"M20899",-0.00294937477877215
"M20916",-0.000985535517794695
"M20917",-0.000583573032413874
"M20919",-0.00336426560880046
"M20922",0.000354503329396464
"M20923",-0.00678828095393205
"M20928",-0.00480019991553802
"M20950",-0.00363948111032876
"M20968",-0.000671091495549243
"M20972",0.00115103369347814
"M20978",0.00903268505214921
"M20993",-0.00169527493401556
"M21001",0.00120405866106641
"M21003",0.00299159927800511
"M21015",-0.000724665110974302
"M21017",0.0046089179193531
"M21021",-0.00975696147567105
"M21052",-0.00137167241916611
"M21065",-0.00216190222248044
"M21069",0.0057583529493093
"M21090",-0.00522053600668358
"M21091",-0.00584148086241213
"M21094",-0.00651145265263836
"M21110",0.00102146813201613
"M21118",-0.00525704953751623
"M21128",-0.00149557442128979
"M21130",-0.00700490991687201
"M21133",-0.00508847227919876
"M21154",0.00531459994957642
"M21173",0.00574249958986958
"M21174",0.000232309628799063
"M21175",0.0087225443865633
"M21178",0.0136136659555375
"M21187",0.00609094788052056
"M21191",-0.00746395892444097
"M21210",-0.00169174618806237
"M21212",0.00222607486587766
"M21214",0.00216346370742776
"M21216",-0.00656694177014945
"M21221",0.00532810334546379
"M21224",0.00700460652169143
"M21229",-0.00118618619020788
"M21259",-0.00376164014410916
"M21273",0.000211056250863391
"M21274",-0.00329559313839147
"M21275",0.00617387206942652
"M21277",-0.00540695926304531
"M21310",-0.00577587869443567
"M21312",0.00480917109078814
"M21326",0.000502200390270221
"M21330",0.00273565162490158
"M21344",-0.00162211199044106
"M21352",0.0121421901930263
"M21357",0.00429278462926026
"M21373",0.00609177599194549
"M21379",0.000389001535087907
"M21382",-0.00202153042973874
"M21383",0.00284508343430519
"M21402",0.00357903816221319
"M21403",0.00667059881625402
"M21407",0.00140261099007688
"M21422",0.00615332447889573
"M21450",0.00128962466197737
"M21457",-0.00474588417693943
"M21458",-0.00833614684289358
"M21460",-0.000284042574402732
"M21464",-0.000845408936923198
"M21480",-0.000367353646701848
"M21481",-0.00342039435448407
"M21483",0.000379251428836176
"M21488",0.000284803174244999
"M21495",0.0027144945316615
"M21496",-0.00595804012515741
"M21503",-0.00516203225250612
"M21504",0.00415716219527994
"M21508",0.00425497287260393
"M21515",0.00419866141796897
"M21526",-7.74215915954495e-05
"M21528",0.0033860121342096
"M21535",0.00790750413949439
"M21536",0.00727688395149592
"M21554",-0.0004925304980044
"M21572",-0.00928370063543687
"M21573",-0.00794815311841869
"M21575",-0.000599291749756787
"M21580",0.00383173950136425
"M21581",-7.40058272013267e-05
"M21582",-0.001817437927637
"M21587",0.00333682957812143
"M21589",-0.00398711625138482
"M21602",-0.00659422739233078
"M21607",0.00102856256343928
"M21616",0.0127720655424615
"M21617",0.00488983421150262
"M21621",-0.00778556436154698
"M21625",0.00884704446044858
"M21626",-0.00159791847886666
"M21637",-0.00405106535970534
"M21644",-0.0083854752183892
"M21646",0.00779674651724844
"M21651",0.00402702252127794
"M21656",-0.00716199146002051
"M21672",-0.0035414552314531
"M21674",0.00124515256192028
"M21676",-0.0101282780411158
"M21688",-0.0239260363896787
"M21690",0.0214236388704179
"M21693",0.00982228755802588
"M21697",0.0170240790356306
"M21700",0.0199095562291069
"M21701",-0.0156195236668017
"M21706",-0.0132299883138174
"M21708",-0.014440637977014
"M21719",0.0111851820333503
"M21721",0.0213266067254033
"M21727",0.0101421954730256
"M21730",-0.0163062959343253
"M21731",0.00926097114525691
"M21732",-0.0170297430529926
"M21733",0.0191566619439769
"M21743",0.00547112758071958
"M21758",-0.00410788160294989
"M21760",0.00341924424415917
"M21761",0.00256509035389062
"M21768",-0.00710409468138537
"M21782",0.00635346161695516
"M21802",0.00610036636449945
"M21850",-0.000413452711678008
"M21870",0.00206880349450137
"M21880",0.00187114048346987
"M21891",-0.00992946180206168
"M21895",0.00607835359770589
"M21916",0.00514235344860384
"M21929",0.00181047550720548
"M21931",-0.00483651801658513
"M21933",-0.00278909234076508
"M21952",-0.00820466558662088
"M21979",-0.00397965307135225
"M22000",-0.00271359125466908
"M22001",-0.00164339258321211
"M22036",0.00403638605004736
"M22038",0.00453802856282546
"M22044",-0.000601807820945623
"M22045",0.00226153886941112
"M22050",0.00049003899882363
"M22052",0.000765180464050456
"M22053",-0.0011211663933656
"M22097",-0.00867399743558452
"M22151",0.00335005092169981
"M22166",0.00424807643598755
"M22183",-0.000939216472242257
"M22351",0.00276279105784222
"M22369",0.0150759232754164
"M22370",-0.00879448907688047
"M22375",0.00568663971811617
"M22376",-0.00778856856068167
"M22377",0.00828558660097231
"M22379",-0.0116172302463785
"M22387",0.00744212842841986
"M22415",0.00501330661447903
"M22460",0.00359017377920652
"M22478",0.000987527347867377
"M22509",-0.0039625453661174
"M22531",-0.00289885599041339
"M22533",-0.00391521118605958
"M22587",0.00555218508005757
"M22593",0.00876994796815105
"M22597",0.0097531392843316
"M22603",0.00925333093268827
"M22605",-0.00383649846584529
"M22612",-0.0118902235331309
"M22622",0.00243897323640709
"M22627",-0.00250424431216116
"M22630",-0.000869364388138571
"M22631",0.00622090147074405
"M22633",-0.00396037484189137
"M22637",-0.00303411717434189
"M22639",0.000787315727578532
"M22644",0.00491082169625896
"M22646",-0.00675020270759657
"M22667",0.00265128688432702
"M22669",-0.0032943112149459
"M22672",-0.000704025627179476
"M22676",0.00277627717757723
"M22679",0.00520610583122878
"M22682",-0.00132134734669835
"M22704",0.0086118452226732
"M22706",-0.00235981384835125
"M22716",-0.00519634882786901
"M22735",-0.000851161519846114
"M22749",-0.0010556389202164
"M22750",-0.00179839278905321
"M22755",-0.00125203075934771
"M22757",0.00558273033690495
"M22763",-0.00559916834438696
"M22782",0.00825690166119361
"M22813",0.00629828553933771
"M22832",-0.00622333690034977
"M22833",-0.0038385430963403
"M22838",0.00359518604984374
"M22855",0.00819601256027163
"M22923",0.0158226934283135
"M22941",0.00301748351999267
"M22955",-0.0005839509951694
"M22964",-0.00510589706621514
"M22965",0.00741807170577785
"M22974",-0.00328010491117227
"M22978",-0.00642222181205062
"M22985",-0.000692007839661203
"M22995",0.00530550709753915
"M22997",0.00665046830437394
"M22998",-0.00190397969185567
"M23009",-0.00086497653722404
"M23020",0.00442489902113745
"M23027",-0.00245493162122553
"M23033",-0.00330939933589281
"M23034",0.000117482240192036
"M23044",0.000281518506370971
"M23056",-0.00688694310234535
"M23058",0.00402382416475697
"M23060",0.00572387806790182
"M23088",-0.000634009737217087
"M23092",0.00595711543582302
"M23093",0.000252980091118425
"M23119",-0.00755983479827805
"M23127",-0.00182057608657609
"M23136",-0.00387909488033048
"M23144",0.00841502513449991
"M23149",-0.0109930773063239
"M23150",0.00420910418697794
"M23159",-0.0111334304787846
"M23164",-0.00342245720311814
"M23169",-8.09894202642719e-07
"M23171",-0.00930156313460724
"M23173",0.00163715230870587
"M23179",0.00312775664825556
"M23187",0.00519413228793465
"M23213",0.00410083821187752
"M23223",0.00111876095151221
"M23224",0.00705957027365053
"M23226",-0.00332510025255956
"M23237",-0.00383318691643239
"M23240",-0.00369747940621271
"M23253",0.00347798004358648
"M23260",0.00562900319344854
"M23263",-0.00312927878768139
"M23267",0.00181010780156211
"M23272",0.00119509558007435
"M23273",0.00268637202648545
"M23274",-0.00384906396209421
"M23275",0.00601690358230325
"M23278",0.000844511430063591
"M23279",-0.00667891410237435
"M23287",-0.00945506951292577
"M23291",0.00140894755538603
"M23299",-0.000358489979115619
"M23301",-0.00326776858586777
"M23312",0.00300559908480494
"M23318",-0.0023853115704734
"M23322",-0.00227711769617638
"M23324",-0.00080968382374899
"M23327",-0.00212902348016102
"M23328",0.00674964089533323
"M23334",-0.00271447861346754
"M23335",0.00124659320257502
"M23342",0.000149351754868956
"M23344",1.94683823292363e-05
"M23346",0.00178652963915408
"M23354",0.00269432638433138
"M23359",-0.00087918427881817
"M23361",-0.009628623451901
"M23364",-0.0049494492339346
"M23366",0.00176374851767248
"M23371",-0.00239234077289713
"M23373",-0.00161621937372468
"M23384",0.00157599597375839
"M23389",-0.007181481196132
"M23390",-0.000719576445168114
"M23399",-0.00269539383877983
"M23400",-0.0014581774175712
"M23410",-0.000940549053612976
"M23417",0.00922556646634393
"M23419",0.00706556631776138
"M23421",-0.00129322718504937
"M23423",-0.00214623783090505
"M23433",-0.00373325804963763
"M23434",-0.00162550706422954
"M23436",0.00450669129978441
"M23437",-0.00818157719625445
"M23438",-0.000896022771985251
"M23443",-0.00480802032466458
"M23445",0.000926443335983363
"M23448",0.00520014441730507
"M23449",0.00231278556844752
"M23456",-0.00757885783845799
"M23458",-0.00310787963364144
"M23462",0.00238597332190085
"M23463",0.00564867143940317
"M23464",0.00305457388450969
"M23465",-0.00514435315344826
"M23466",-0.00132197633172746
"M23467",-0.00597416432352519
"M23468",-0.00709908018667355
"M23470",-0.00138664313272742
"M23471",5.37239842014831e-05
"M23473",0.00702433689392719
"M23476",0.00991471838416016
"M23485",0.00362447142882869
"M23486",-0.000625767230762938
"M23487",0.00233198026482633
"M23488",0.00966285056320315
"M23489",0.00330316020334523
"M23492",-0.000649205214998457
"M23494",-0.00726775556675087
"M23502",-0.0013320085276554
"M23506",-0.00335887927118868
"M23514",0.00586211596568407
"M23520",-0.00125208675292941
"M23522",0.000240480842746585
"M23523",0.00537126515769738
"M23524",0.00443870457511828
"M23525",-0.00218559996304859
"M23527",-0.000827530376091364
"M23528",-0.00225845052952779
"M23529",0.00523393824723617
"M23531",0.00949822085719701
"M23534",-0.00058477242982057
"M23543",0.0090454398554298
"M23544",-0.00846714141132174
"M23547",-0.0123477796825801
"M23555",0.00188918919329
"M23557",-0.00204393684513671
"M23585",0.00855775445824161
"M23600",0.00590397213781899
"M23601",-0.0032630697311574
"M23609",0.0123591980879825
"M23616",0.00347989985360974
"M23623",0.0100083343134687
"M23627",-0.00279057655509534
"M23630",-0.00659869663863416
"M23632",-0.00278488372638427
"M23633",-0.00693093386802368
"M23635",0.00105694862450566
"M23636",0.00347890024750356
"M23644",-0.000332064800877932
"M23647",-0.00669085670111623
"M23649",-0.000674508325173204
"M23654",0.0105461344185679
"M23655",0.00253379211128947
"M23658",0.00496892603840091
"M23662",0.00378028445895629
"M23665",-0.00422632419982807
"M23669",-0.00309491061573101
"M23673",-0.000197447306324489
"M23674",-0.00800028809747915
"M23677",0.00150750015906805
"M23693",0.00403333937974638
"M23699",0.006881623762744
"M23706",-0.00283410392665801
"M23708",-8.44004944215751e-05
"M23710",-0.00143783799007679
"M23712",-0.00539601950217241
"M23713",-0.0118720698984158
"M23715",0.0045668051441834
"M23733",0.000877308411033617
"M23748",-0.00275781936316651
"M23774",0.00999755474422599
"M23780",-0.00590994270866252
"M23782",0.00838111282787616
"M23791",0.0129853628788266
"M23793",-0.0051174961631819
"M23799",0.00631553540568216
"M23801",0.00182747762399113
"M23808",-0.00998191921760254
"M23814",0.000296892877927777
"M23816",-0.0106779375261272
"M23825",0.0120565995160813
"M23836",0.0115378221225156
"M23842",-0.00380869052775733
"M23845",0.00384930855983414
"M23848",0.00274715849120531
"M23859",-0.000318941413564873
"M23864",-0.00364964099585435
"M23865",-0.00434385329334222
"M23868",-0.00496962293971576
"M23871",0.0103488702551104
"M23878",-0.00701156954873753
"M23882",-0.00134303115760831
"M23883",0.00487524599131247
"M23896",0.00583317706672317
"M23897",0.00831674109397976
"M23902",0.00597868368436218
"M23906",0.00322443385490987
"M23907",0.00986777145875887
"M23910",-0.00936114155758785
"M23920",0.00188217753218983
"M23921",-0.0100100795827947
"M23923",-0.0120127749906682
"M23925",0.00663968445911457
"M23943",0.00485320231518985
"M23944",0.000759577703579973
"M23949",0.00438644354129406
"M23952",-0.00794318501019105
"M23958",0.00954252710935905
"M23959",-0.00807908909499312
"M23962",-0.00689747392205854
"M23965",0.0108324368935183
"M23967",0.00453022805338715
"M23973",0.00717700357180947
"M23977",-0.00450249146490664
"M23979",-0.0126044973175735
"M23995",0.00089935128057462
"M23999",0.00709534782911473
"M24006",-0.00921578177139032
"M24007",0.00167371863847261
"M24020",-0.00442201166128596
"M24022",-0.0065930068881374
"M24028",0.00589633676121827
"M24034",0.000816068082062084
"M24040",-0.00722974820547705
"M24046",0.00482816059834416
"M24047",-0.00328753125410693
"M24051",0.00417847821652597
"M24067",0.00720157018864327
"M24070",-0.00712416788043339
"M24076",-0.00570524103634586
"M24084",0.00363451422408518
"M24093",0.00413845637933872
"M24104",-0.000284087079755387
"M24107",0.00889139828292303
"M24108",-0.00928521467918341
"M24118",0.00644940033196567
"M24119",-0.00699403052082437
"M24131",0.00269373714119679
"M24132",0.00247883713804471
"M24161",0.00252008066629057
"M24175",-0.00297199420869805
"M24176",0.00461912730931528
"M24182",0.0060623335330692
"M24185",-0.0018811455685531
"M24203",0.0010467796797449
"M24211",0.00816915196772947
"M24219",0.00351189479288122
"M24228",0.00856400043080737
"M24229",-0.0053383274906074
"M24234",-0.00399280637298328
"M24235",0.000182756938134481
"M24239",-0.00346005187356017
"M24240",-0.0065566177320296
"M24248",-0.000749575651549835
"M24249",-0.00101708030769565
"M24253",0.00550357561009453
"M24258",0.00600384810804666
"M24259",-0.00505026841224914
"M24260",0.000335816835083706
"M24265",0.000190561477798757
"M24275",-0.00386321182108339
"M24278",-0.00394871783302061
"M24279",-0.00167760678350194
"M24288",-0.00808907128973167
"M24296",-0.00265059267997138
"M24297",0.00323886006444641
"M24314",0.00246360561652572
"M24320",0.00195692612133809
"M24323",-0.00181257647709937
"M24325",-0.000223959706630138
"M24326",0.000205879699268328
"M24328",-0.0076659423143594
"M24344",0.00960104206916067
"M24351",-0.00317672275576565
"M24355",-0.00120643641669615
"M24363",-0.0082480221156025
"M24383",0.00359415913705147
"M24385",0.000241870466544614
"M24399",-0.00239342121976715
"M24406",0.00723560735560257
"M24408",0.000471772019827541
"M24443",-0.00277955107873
"M24448",0.000427050411436902
"M24451",0.0019660859019001
"M24454",0.00889221203063202
"M24460",0.00326349008538405
"M24463",-0.00511009519156482
"M24466",-0.00204601943837784
"M24467",-0.00111960765785964
"M24486",-0.0103853556039661
"M24487",0.000345221168910372
"M24495",-0.000298317940970023
"M24498",-0.00179396849890377
"M24508",0.00171894442020869
"M24524",0.00176667462080883
"M24525",0.00944193871542212
"M24526",0.00565646219583349
"M24539",0.0043517719139659
"M24541",0.00534280100804095
"M24549",-0.00855292679110495
"M24553",0.000828422411246734
"M24557",-0.00365091617110938
"M24562",0.00879829632647765
"M24563",-0.00349141961511606
"M24565",-0.00542770495093371
"M24569",0.00501744388456749
"M24570",0.00922317333856767
"M24572",0.0138405676783031
"M24590",0.0073867944280056
"M24600",-0.0090529797521257
"M24601",0.000327552909620273
"M24603",-0.00640835377967132
"M24610",0.00324913803369009
"M24615",0.00579242586342465
"M24639",-0.00460124039840017
"M24640",-8.05905688793821e-05
"M24643",-0.010094276643901
"M24645",-0.0123183792356264
"M24652",-0.011777713541836
"M24653",-0.00849803508156504
"M24669",-0.00392048184538861
"M24675",-0.000820616748199806
"M24676",0.00534882214884969
"M24682",0.00887589533490185
"M24688",0.00777416240934224
"M24693",0.00545754395398482
"M24694",-0.00889185352567698
"M24696",-0.00197336588420712
"M24697",0.00106861416212285
"M24725",-0.00258925640762364
"M24762",-0.00740236502357744
"M24776",-0.00448225613170299
"M24777",0.005933577641817
"M24779",-0.00355943446258262
"M24781",0.00184964458262795
"M24785",-0.00113280784183397
"M24788",-0.00464298392597522
"M24789",-0.00286404430219173
"M24794",0.00816411608511188
"M24796",0.0046298542748707
"M24798",-0.0075821267296684
"M24802",-0.00453327243306591
"M24810",-0.00217817390375894
"M24811",0.00756726581371741
"M24813",-0.00550723615583576
"M24818",0.00260840214868371
"M24820",-0.000463035522953904
"M24821",-0.00503154365539755
"M24822",-0.00806165751135493
"M24823",0.00214970000665361
"M24826",-0.00423409203413149
"M24827",-0.00475717818133509
"M24828",0.00055874874980958
"M24831",0.00306967058339133
"M24833",0.000179003826600333
"M24834",-0.00700994714286662
"M24836",-0.00200383467476161
"M24839",-0.00280290269785367
"M24842",-0.0022987170724399
"M24843",-0.000267000453689718
"M24846",0.00289765381978276
"M24849",0.00835344215221126
"M24851",0.00164475394001115
"M24854",-0.0029605950945943
"M24855",0.000298762439218533
"M24859",-0.00155781358482497
"M24860",-0.000403700537322155
"M24863",0.00501498699193862
"M24871",-0.00055815357086765
"M24872",-0.00821398044064901
"M24882",-0.00337903611036533
"M24883",0.000803857314180014
"M24894",0.00373140000989164
"M24910",0.0067675174279474
"M24915",0.0112561724512318
"M24920",-0.00314590631417997
"M24928",0.00103777220955297
"M24930",0.000435737214333953
"M24931",0.00595704829039651
"M24943",-0.00372112684802426
"M24953",-0.00835333991047248
"M24954",0.00241006903490804
"M24964",-0.00527893875034878
"M24985",0.0141968255956197
"M24986",0.00189671643061001
"M24988",-0.00208777663596269
"M24990",-0.00713065189227596
"M24991",0.00613514138544788
"M24992",0.0088237855468278
"M24995",-0.0127899270399019
"M24996",-0.0060081032268873
"M24997",-0.00323988170845056
"M24999",0.00135554295595963
"M25260",0.00719756484486914
"M25458",-0.000538467771393053
"M25459",0.000547656162221762
"M25468",-0.000652855192590711
"M25474",-0.00452342834842622
"M25475",0.00692281294977913
"M25481",0.00464573004280156
"M25482",2.9171547922736e-05
"M25487",-0.00560634428336645
"M25493",-0.00485632739849577
"M25497",0.00438433643159418
"M25501",0.00485319116490313
"M25502",-0.00491859614545342
"M25504",-0.00288532558136871
"M25514",-0.00124761892517006
"M25516",0.0032076697348313
"M25518",0.00507057323764506
"M25520",0.00501826460047477
"M25525",-0.00135629786700897
"M25526",-0.00259164785112043
"M25535",0.00030742483862372
"M25542",-0.000987602299471555
"M25543",-0.00132374074218119
"M25545",-0.00398554184998516
"M25546",0.00339079202030149
"M25547",-0.00438570003206808
"M25564",0.00532614533191126
"M25567",0.00543085398756245
"M25570",0.00989637033249103
"M25574",0.00315390468882176
"M25580",0.00127294609446211
"M25587",0.000541909410671134
"M25592",0.00883491370172652
"M25594",-0.00439592837660918
"M25595",0.00189196487674783
"M25604",0.00335605950196471
"M25605",0.00258999910273258
"M25609",0.00235120465477441
"M25611",-0.000184090484892303
"M25612",0.00729801532115348
"M25617",-0.000576666111760841
"M25633",-0.00309261543682267
"M25634",0.0048025155261624
"M25641",-0.00105089478481149
"M25652",-0.00358951001621925
"M25659",0.00162678589515785
"M25662",0.00801476368782269
"M25668",0.00132237615977018
"M25671",0.00124053598975176
"M25674",0.00202520236490931
"M25675",-0.00159154953521072
"M25680",-0.000935201126984735
"M25682",-0.00185305757542231
"M25687",0.00177109992884749
"M25689",0.00014819032640896
"M25691",-0.00716971908419618
"M25699",-0.00336037763004905
"M25709",-0.00151690213799344
"M25711",0.00343987393859046
"M25718",-0.00280661513204893
"M25724",0.0028468086693075
"M25725",0.00259213358686615
"M25728",-0.00237653859336282
"M25729",0.00334555025508479
"M25753",-0.00309226602819449
"M25754",0.00768228957798204
"M25756",0.00278762073390351
"M25761",-0.00124922026880735
"M25788",-0.00661976657347633
"M25794",0.0133361906428677
"M25796",0.00517177487210931
"M25800",-0.00443477997338676
"M25805",0.0131488791790952
"M25809",-0.00709998418403467
"M25817",-0.00399482771466593
"M25820",-0.00454362554668293
"M25852",0.00837387465076149
"M25853",0.0022675807373917
"M25855",-0.00727158303220363
"M25874",0.00487118926769868
"M25878",0.00231246975074007
"M25889",-0.00328150021647628
"M25910",0.00312637758986482
"M25942",0.00426156931890509
"M25944",-0.00436652294266078
"M25973",-0.00579632747606325
"M25976",0.0101941184865391
"M25983",-0.00868260399900231
"M26003",-0.00320950520545878
"M26019",0.006760336163781
"M26026",-0.0165914728096782
"M26030",-0.0185304777903598
"M26040",-0.010313653296808
"M26045",-0.00511742197385458
"M26047",-0.00580566662893661
"M26048",0.000759836981354859
"M26051",0.00505871677619011
"M26074",0.0114490300224712
"M26088",0.00758949692312366
"M26092",-0.0105395677270984
"M26093",0.0100211867272595
"M26095",-0.00774531477735424
"M26096",0.00820496702380917
"M26097",0.0138736484179395
"M26099",-0.00255431911124877
"M26101",0.00193308000678251
"M26102",0.000858323133523403
"M26105",-0.000578281757728048
"M26108",0.00434916675055103
"M26112",0.0103795420023455
"M26113",0.0110005347826947
"M26115",-0.00189216346902867
"M26117",-0.000730422656510699
"M26118",-0.00290159515413022
"M26122",0.000953197581437673
"M26123",0.00275027565341861
"M26124",0.00418792995868744
"M26128",0.00992667133897222
"M26130",0.0050429689895679
"M26131",-9.59956242008703e-05
"M26137",-0.000501211812272319
"M26142",0.00160705795796619
"M26149",-0.00433264472389827
"M26172",-0.0201174240059666
"M26176",-0.0165800622413393
"M26188",0.00388859313584286
"M26189",-0.00185145496337865
"M26191",-0.0030154957623016
"M26198",-0.0109116924079216
"M26205",0.0192024905562425
"M26220",-0.0148287123098725
"M26223",-0.0107968877504771
"M26227",-0.0139097480605988
"M26231",-0.0144916906938592
"M26232",-0.0123769882489603
"M26234",0.0117189876956955
"M26235",-0.0158939148826235
"M26236",0.0139717632745409
"M26268",0.00312841321496601
"M26273",-0.000967193137982323
"M26276",0.00143855060679695
"M26277",-0.00905160757738104
"M26278",0.00693745758987843
"M26290",0.00127290497372439
"M26299",0.00454257629610606
"M26307",-0.00460796185825559
"M26313",0.00772393499762613
"M26314",-0.00217832157885297
"M26325",-0.00454742802149535
"M26336",-0.00135834517023119
"M26347",-0.000561337761733884
"M26411",-0.000343250316358453
"M26412",-0.010878272097726
"M26413",0.00488483819652355
"M26414",-0.00087479120731864
"M26417",-5.54097963034991e-05
"M26418",-0.0027343603339554
"M26428",0.000839000999264524
"M26434",-0.0121481002493385
"M26447",-0.0066352550323994
"M26455",-0.00154982175058073
"M26468",0.00172590012099977
"M26472",0.00794268608157874
"M26489",-0.00792157645436779
"M26528",0.00328830329088876
"M26534",0.000339917808652056
"M26536",0.00335865050502538
"M26543",0.0021507001795465
"M26558",-0.00430501356816505
"M26561",-0.00426489208540724
"M26564",-0.00763689906484543
"M26569",0.0100984023042113
"M26572",0.00677604329311843
"M26582",-0.000291223224268956
"M26592",0.00554882110812287
"M26598",-0.00672885022017973
"M26600",0.00663623697823766
"M26605",0.00072999472929322
"M26609",0.00322786612278208
"M26615",-0.00372451756901103
"M26616",-0.00298217548323041
"M26617",0.00138719996925525
"M26623",0.0016953939911944
"M26631",0.00250510913490254
"M26654",0.0020176519540921
"M26657",0.000629978457952639
"M26661",-0.00709959864252744
"M26672",-0.0116647433334089
"M26677",-0.00747129519196808
"M26680",0.014204625273288
"M26685",-0.0113146398176151
"M26716",0.00291455580822717
"M26728",0.0050480441039898
"M26738",0.011348040624796
"M26755",-0.00373969100870561
"M26757",0.00153321393348345
"M26762",0.00168499206869822
"M26767",-0.0165472797695728
"M26773",0.00496537261428821
"M26775",-0.00916689191900207
"M26777",-0.00302773127794034
"M26783",-0.00954408748770015
"M26785",-0.0066778822007793
"M26791",0.00995688914715891
"M26798",-0.00649726218771688
"M26810",-0.00834312979036728
"M26812",0.00859860352289839
"M26826",0.00027457097902929
"M26844",0.00767564165320132
"M26852",-0.0118385794969856
"M26859",-0.00119391697627032
"M26860",0.00743374207957648
"M26862",-0.00696033839712415
"M26879",0.000552902567869748
"M26897",-0.00151536841425933
"M26901",-0.00654279563523301
"M26902",0.00556450062623673
"M26907",0.00425185025561566
"M26908",0.00781505079635047
"M26909",0.00953112541474373
"M26912",-0.0064812084149096
"M26932",0.00167991760774714
"M26937",-0.00174140924646442
"M26938",0.00920415318432977
"M26966",-0.0065875784335916
"M26980",0.0096339504656013
"M26991",0.00485450844979579
"M26993",0.0040572185342693
"M27004",-0.0127097890088587
"M27033",-0.00118484231796011
"M27042",0.00895342048638947
"M27043",0.00021410773954558
"M27046",0.00352206428856328
"M27047",-0.0042027947568166
"M27049",0.00856167156242272
"M27054",-0.00242639698778043
"M27056",0.00347943702124295
"M27059",0.00538660024198766
"M27068",-0.00442934930093408
"M27072",0.00634465787754996
"M27074",0.00886396384150207
"M27079",0.00113529090660878
"M27090",0.00337285269508716
"M27094",0.00708680999450743
"M27095",0.00234690405766696
"M27099",0.00820182514622656
"M27138",0.0128764208621242
"M27166",0.00293306416576377
"M27180",0.00594748147550465
"M27185",0.00255077644606854
"M27187",0.00257159586913974
"M27190",-0.0066886046863494
"M27194",0.00209105866255634
"M27196",0.00321216336988433
"M27200",-0.00199052259470549
"M27201",-0.00665516598774138
"M27209",0.00364591325482515
"M27216",0.00141313304298792
"M27217",0.00142885620022982
"M27223",-0.00282504347394558
"M27232",-0.008617045215346
"M27235",1.2520159786626e-05
"M27236",-0.00441418386765409
"M27247",-0.0091871587077264
"M27252",0.00409405739182318
"M27255",-0.00258963817188527
"M27258",-0.0115854424542025
"M27263",0.00723584148647951
"M27269",-0.0087902517506935
"M27271",0.0027105986455152
"M27274",0.00082305410013567
"M27277",0.00172333166154032
"M27286",0.0114652874415182
"M27293",0.0132378237542351
"M27298",0.00878142615512338
"M27311",0.0105106436318625
"M27320",0.000945472358528144
"M27345",0.00331020513094587
"M27360",0.00110529762318504
"M27381",0.00434430819416804
"M27400",0.000654574038599164
"M27407",0.00847434014368598
"M27458",-0.00647811058291008
"M27535",-0.00465057172350033
"M27555",-0.00586711144340209
"M27626",-0.00058642943860088
"M27641",-0.00647595261560666
"M27645",0.0115211131119643
"M27754",-0.00313278354567696
"M27778",0.00798008700892329
"M27794",0.00743471267689078
"M27970",-0.00191708605217691
"M27971",0.00741019064778877
"M28016",-0.010532293465256
"M28020",-0.000629766748702265
"M28021",-0.000817484814214922
"M28028",-0.00449156647087931
"M28048",0.0016769698647752
"M28052",0.00713355473269071
"M28056",-0.000875167243234103
"M28060",0.00526357783984212
"M28075",-0.0033378097255089
"M28084",0.00573269869729749
"M28086",0.00103011158187777
"M28091",0.00642730637247504
"M28099",-0.0036158483679511
"M28107",0.00160166807074561
"M28110",-0.00434321550513715
"M28112",-0.00582805261012226
"M28125",-0.00092289473199903
"M28130",0.00414528694675951
"M28142",0.000125712067798891
"M28151",-0.00560395338497506
"M28156",-0.00134096955341214
"M28163",0.000602836324494679
"M28164",-0.00143824022738029
"M28169",0.00199219394492522
"M28173",-0.000247751881756211
"M28191",-0.00101934645324171
"M28194",-0.00663552472707458
"M28203",0.00707465857248506
"M28207",-0.000505656441786611
"M28211",-0.00190780547770735
"M28229",-0.00196597588188892
"M28232",0.0030687712237124
"M28251",-0.00510760395304248
"M28252",-0.00320601704268676
"M28253",-0.00441896844936829
"M28258",-0.0100679774606007
"M28259",-0.00133527532800043
"M28262",-0.00457312887691922
"M28263",-0.00370619120399554
"M28265",-0.00031390631614944
"M28266",-0.00182762135468504
"M28270",-0.000625477307773407
"M28274",-0.00372797454187938
"M28287",0.00611075565415825
"M28291",0.00703737512322134
"M28299",0.00764629775860444
"M28313",0.0122792316845395
"M28320",-0.007295361712136
"M28325",-0.000144755749057546
"M28338",0.00146527658192415
"M28339",0.00530558919813089
"M28340",0.00422526968778862
"M28345",-0.0066850218342476
"M28347",0.00325661237597964
"M28348",-0.00658665850090408
"M28350",0.00426907675700422
"M28351",0.00203457774629035
"M28352",0.00897873434818347
"M28356",0.00401210746660353
"M28358",-0.00441836078049833
"M28363",0.00416228852970715
"M28366",-0.00829970886548788
"M28368",-0.00597356874532766
"M28372",0.000119928799029066
"M28380",-0.00846848745889683
"M28389",-0.0101764069789732
"M28390",0.0098294913279126
"M28397",-0.00925194629441368
"M28410",-0.00370645024850145
"M28411",0.00413868228177588
"M28412",-0.00871814975732494
"M28413",-0.0021901825864409
"M28415",-0.0109618781710541
"M28417",-0.00628899094573852
"M28422",-0.00473396917025953
"M28426",0.00305299312730033
"M28428",-0.00905370834810859
"M28429",-0.00771972573300301
"M28434",0.00154410290160084
"M28437",0.000386814003221196
"M28438",0.00358089829175332
"M28440",-0.000250972466682803
"M28441",-0.0126335208937056
"M28485",0.00863983567848183
"M28487",0.0052539536720727
"M28488",-0.0102744607773354
"M28489",-0.0104298012169787
"M28490",-0.010711174527139
"M28496",0.00388706812985091
"M28497",0.0110789633907216
"M28506",0.00322694268739097
"M28511",0.00381810875942604
"M28513",-0.00151208169988474
"M28514",-0.000156852359104403
"M28516",0.0035709669388818
"M28519",0.00387426919446946
"M28524",-0.000899132023455692
"M28525",0.000251820856224796
"M28526",0.000769509358420742
"M28528",-0.00180847601044611
"M28530",0.00564441848608391
"M28531",-0.00314449726844894
"M28535",0.00382655904669755
"M28537",-0.0023554664606288
"M28541",-0.00657417156020667
"M28544",-0.00203662594248176
"M28546",0.00182224563230841
"M28547",-0.00850016025179453
"M28549",0.0306828199754124
"M28550",-0.0364511135087983
"M28554",-0.00577025409249335
"M28563",0.00752044839276834
"M28568",0.00811601060300058
"M28574",0.0020092421976526
"M28583",0.00102399697875671
"M28584",0.00952936779646572
"M28592",0.00107637926910864
"M28594",-0.00204777343194963
"M28595",-0.00379544672098702
"M28602",0.00764461820444952
"M28603",-0.00309655748890129
"M28604",-0.00279186850358194
"M28613",-0.0021836265244186
"M28628",0.00841669168708377
"M28634",-0.00961262577752028
"M28641",0.00648108794123583
"M28643",-0.00530373842933906
"M28650",-0.00247281329712553
"M28653",0.000518472003853503
"M28673",-0.00571406969208355
"M28679",-0.00286661676367643
"M28688",0.0130139665770259
"M28692",0.00570796444255716
"M28699",-0.011452211734981
"M28700",-0.0104496273184913
"M28701",0.00789556575529527
"M28716",-0.00517537564557164
"M28718",0.017453141396222
"M28726",0.000123871277280634
"M28728",0.00811902824338235
"M28730",-0.00140070612282569
"M28731",0.00516481912761737
"M28732",0.00619269235668375
"M28761",-0.000998882136618626
"M28762",-6.02085433731641e-05
"M28763",-0.00784009023059591
"M28766",0.00566593240158316
"M28770",-0.000801620270078513
"M28777",0.00366478735682816
"M28778",-0.000884217922144258
"M28779",-0.00615939330022329
"M28780",-0.00736094846914611
"M28789",-0.00362462357012251
"M28791",0.00270823778332704
"M28792",0.000969767372088702
"M28801",0.010486269600713
"M28803",-0.000465528425560218
"M28807",-0.0048495969953897
"M28808",-0.00817254656033392
"M28815",-0.00642876845852484
"M28816",-0.00149072149100836
"M28818",-0.000321699355099753
"M28822",-0.0037769835930071
"M28826",-0.0166949145153884
"M28827",-0.00295131619147985
"M28829",-0.00783468953505103
"M28830",-0.000105536490929516
"M28834",0.00470663288877101
"M28838",3.21766993465514e-05
"M28870",0.00193645657270821
"M28872",-0.00167781639417367
"M28881",0.0010224965685528
"M28886",-0.00897769402329687
"M28887",0.00543724381437211
"M28897",-0.0102896121919571
"M28901",-0.0103788674349338
"M28916",0.00811500229547582
"M28938",-0.00125102260444443
"M28939",-0.00298764868974279
"M28960",-0.00576910132523542
"M28980",0.00210006037491872
"M28990",0.00107919927070973
"M28992",0.00397289091706826
"M29033",-0.00311635026325496
"M29041",0.00722231583586682
"M29046",-9.89227783297704e-06
"M29051",0.00625353953175082
"M29055",-0.0100551809447235
"M29056",-0.00539623639435124
"M29095",0.0101654487829772
"M29112",-0.0063558533505611
"M29116",-0.00165910183342719
"M29119",0.00189013238691479
"M29123",-0.00209723744867692
"M29125",-0.00191557121461813
"M29138",-0.00269776978773962
"M29165",-0.00714367648551109
"M29167",0.00784780995275569
"M29172",0.00980883540183882
"M29220",0.00353235827990661
"M29225",-0.000297850257020802
"M29251",-0.00775107933921964
"M29252",-0.011070103183557
"M29257",-0.0110121849545604
"M29262",0.00902510697384787
"M29270",0.00308610205113032
"M29274",-0.00564893566629669
"M29277",-0.00321302856003347
"M29278",-0.00277264280278127
"M29283",0.0011603946135698
"M29294",0.00261333610271168
"M29299",0.00592880577869014
"M29302",-0.00388698231315944
"M29311",-0.00400092084777505
"M29335",-0.0110958844156091
"M29354",-0.00472873217153559
"M29391",-0.00249626598918397
"M29405",0.00516343869401853
"M29407",-0.00804031425351228
"M29438",0.00315053691804042
"M29445",0.00154163125142904
"M29448",-0.00126636050725166
"M29458",0.00426438814725702
"M29465",0.00166916571624912
"M29468",0.0071395811621577
"M29480",-0.000714992002131508
"M29483",0.00166691056487385
"M29484",-0.000897876837196156
"M29500",0.000441830656950181
"M29509",0.00263213169288664
"M29517",-0.00894619886755135
"M29524",0.000855193643175086
"M29534",-0.000617882680251629
"M29539",0.00236861666792159
"M29548",-0.000974867696060841
"M29551",0.00480209176036106
"M29552",-0.00152746523771378
"M29556",0.00496913079579394
"M29560",0.00232856388197241
"M29566",0.00135045548870923
"M29570",-0.000531282961250613
"M29579",0.00312619032650347
"M29593",0.00242832013933356
"M29599",0.000740629091138383
"M29600",-0.00811185005102308
"M29601",0.00226435969493652
"M29613",-0.00236212137127913
"M29618",0.000519558013148607
"M29625",-0.00289824142931941
"M29628",0.00010692908914224
"M29630",0.00526131691552179
"M29637",-0.0013489596228538
"M29639",0.00202179925614781
"M29648",0.00255041989837199
"M29658",0.00307810600904387
"M29663",0.00331424032211903
"M29667",-0.00150578452434021
"M29669",0.000352217953729209
"M29692",0.00288532395608352
"M29702",-0.000107585164288418
"M29706",-0.0136752609519315
"M29707",-0.0124518532415957
"M29709",0.0113136360481912
"M29711",-0.00980167981733894
"M29716",-0.00249985609177005
"M29739",-0.00862887990935125
"M29740",0.00270475183017856
"M29744",-0.00321288784494069
"M29749",0.00204790708636326
"M29761",0.00380015088924234
"M29773",-2.9362095913106e-05
"M29779",0.00932972256343847
"M29785",0.00187814819808215
"M29796",-0.00296947951175983
"M29812",0.00608464250069512
"M29816",0.00498677623570682
"M29820",-0.00558485072116031
"M29826",-0.00417550216360951
"M29838",0.00299103795659288
"M29840",0.00560499656948669
"M29846",-0.00134334064898168
"M29849",0.00218550845893421
"M29850",-0.00488092923685345
"M29851",0.00137111496441284
"M29853",-0.00263352945745264
"M29857",-0.00456668375721782
"M29858",-0.00193904967010565
"M29868",0.00498230667948984
"M29870",0.0015405029986113
"M29874",-0.00117083214740644
"M29879",0.00154245964344218
"M29890",-0.00445870140466738
"M29902",-0.00192294878221779
"M29910",0.00291046314018182
"M29917",0.00558779146568161
"M29922",-0.00632378397592657
"M29931",0.00198351857075672
"M29965",0.0023776816409392
"M29977",0.00151038072916033
"M29980",-0.00555155894433342
"M30018",-0.00472120455751111
"M30024",-0.00124231949894882
"M30026",0.00895905217151297
"M30046",0.0056627716207402
"M30054",-0.0012842452681595
"M30059",0.00640358661365316
"M30064",-0.0113841069766228
"M30065",0.000745094925257005
"M30069",0.00413475444898365
"M30114",-0.00499788398506452
"M30125",0.00418958318465599
"M30130",0.00170066206705425
"M30131",0.00170880843410523
"M30133",-0.0058591506732897
"M30135",-0.00120719969637815
"M30142",-0.00606727567469584
"M30146",0.00187927499777121
"M30209",0.000846180451713032
"M30211",0.00209601479200824
"M30227",-0.00174632163112179
"M30235",0.00401420772006927
"M30238",-0.00825099090080602
"M30242",-0.00110958532504449
"M30254",0.00517323438326071
"M30257",0.00334620661867498
"M30260",-0.0046707765681946
"M30320",0.00915291896600015
"M30321",0.00428852765837887
"M30335",0.0026585113628999
"M30337",0.00512591040661721
"M30344",-0.000514055075429124
"M30352",-0.00631527957618068
"M30373",0.00571379257912834
"M30374",0.00436242435102377
"M30392",0.0074673138095881
"M30468",-0.0103172016958595
"M30472",0.0055366375654062
"M30476",-0.00649427871004481
"M30477",-0.00670183836240575
"M30507",-0.0132011530717077
"M30517",-0.0188112698187342
"M30550",0.00808799223471543
"M30555",0.011133176632246
"M30556",0.00872752632743175
"M30559",-0.00827141591654317
"M30560",-0.00653550578129404
"M30570",-0.00472735961725213
"M30571",0.00374746624876364
"M30573",-0.00182503833508266
"M30655",-0.0109741722316758
"M30660",0.0170664291095355
"M30663",0.00877651804400257
"M30673",0.00297779918432782
"M30674",-0.00271360159296636
"M30675",-0.00980722515933273
"M30686",4.15555298180612e-06
"M30690",0.00750357793866337
"M30694",0.00730943912747639
"M30710",-0.0112136913495193
"M30716",0.00502989114753278
"M30719",-0.00549481101996777
"M30723",0.00385600889554658
"M30725",-0.00847132881933664
"M30740",0.0049428114917964
"M30741",0.0141906614071738
"M30747",0.00226949824214811
"M30754",0.00355089848883689
"M30756",0.00320322077662877
"M30757",-0.0111404179320141
"M30774",0.00010140911344524
"M30779",0.00519436276672118
"M30781",-0.000306785018349033
"M30800",-0.00223778751158086
"M30804",0.00947703606312203
"M30842",-0.0122751341731203
"M30874",0.0133844199460621
"M30875",-0.0178485789902578
"M30888",0.0133800021460296
"M30904",-0.0133462751709322
"M30909",-0.00373461929190137
"M30914",0.000370626343753872
"M30924",-0.00723504120308828
"M30930",-0.00660848500489298
"M30932",-0.00545731567398652
"M30933",-0.0107332731080513
"M30941",0.000982479487742607
"M30946",0.00707375169109964
"M30950",-0.00418696701435937
"M30963",0.00219966692646595
"M30978",-0.00498019293348635
"M30982",-0.00599827030917358
"M30988",-0.00509339572401524
"M30989",-0.00198053407619383
"M30994",-0.0103553916242715
"M30998",0.00652303743889298
"M31052",0.000765352623661429
"M31087",-0.00130787234506818
"M31127",0.00216980812574326
"M31130",0.0017694975793018
"M31143",1.40365180899629e-05
"M31144",0.00285127698504333
"M31151",-0.00125440498052113
"M31155",0.00396052284809335
"M31157",0.000541224487189318
"M31165",-0.00123935390655111
"M31205",0.00822689775311934
"M31206",-0.00261124398777922
"M31215",0.0116015636180209
"M31219",0.00226764858907951
"M31226",-0.00202906599483298
"M31227",0.00647217301456196
"M31233",-0.00798001247119408
"M31242",-0.00909484209966242
"M31254",-0.00468628874640725
"M31258",-1.99661681168392e-05
"M31273",0.00547651187383087
"M31277",-0.00888656386679045
"M31278",-0.00659907953350678
"M31280",-0.0101711433833159
"M31281",0.00462108158292512
"M31282",-0.0118239237064382
"M31283",-0.00839775555749445
"M31288",0.00024618347812498
"M31297",-0.00383562107061894
"M31298",0.00292889025311918
"M31312",0.00499889663274796
"M31348",0.00417545724494108
"M31353",-0.00692442710698869
"M31354",-0.00840730362118604
"M31375",0.00434496860829104
"M31392",0.00732700728389601
"M31393",-0.00799095065873662
"M31395",-0.00937765886565422
"M31400",0.00515686560011165
"M31401",0.0013825035215885
"M31403",-0.00262548296011191
"M31404",0.00357791649799293
"M31408",0.00955769028394471
"M31413",0.00936318003819538
"M31419",0.0124219661851002
"M31431",-0.000141201075508829
"M31432",0.0080305156366431
"M31440",0.000713768201809699
"M31446",0.00197736108731122
"M31463",0.00592670115117365
"M31466",0.00666054541464006
"M31481",0.00984309596858397
"M31488",0.00197293804226592
"M31496",-0.00633157755461605
"M31502",-0.000624335678918816
"M31505",0.0134295615168539
"M31507",0.00993431259763129
"M31522",-0.00532702212322008
"M31528",-0.00273125866031832
"M31530",-0.00675261106444761
"M31534",0.0106599029417061
"M31540",0.00745673777394642
"M31543",-0.00328527558239446
"M31547",-0.00924169228927445
"M31551",0.0083393445559304
"M31556",0.0026380476564922
"M31557",-0.00570604257440809
"M31564",0.00248932628875928
"M31567",-0.00460749005378217
"M31587",0.00406371278946169
"M31597",0.010010212113649
"M31598",-0.0020092025932841
"M31600",0.00311639567138905
"M31603",0.00117902965450719
"M31612",-0.00512076403323389
"M31618",-0.00745000645099243
"M31621",-0.00738320815749085
"M31630",-0.0112949505212652
"M31631",0.00280474098741497
"M31632",0.00274881770608222
"M31634",-0.00291687544962042
"M31636",0.00993916545733137
"M31645",-0.0112209678708303
"M31648",0.0166738919852397
"M31665",-0.00786957879020297
"M31684",0.00380075606382436
"M31710",-0.00195583630349466
"M31716",-0.0011535812009659
"M31721",-0.00362530617412296
"M31722",-0.00947841803548193
"M31725",0.00698132199728471
"M31727",0.00155688331513719
"M31738",0.0018014044679536
"M31757",-0.00708667853534357
"M31760",-0.0029726600320109
"M31763",-0.00485396275270998
"M31768",0.00567761641849849
"M31786",0.00575102280510382
"M31788",0.0140432712397712
"M31797",-0.00257652759106274
"M31798",-0.002819614276934
"M31799",0.00498692359850176
"M31807",-0.00384943621261201
"M31808",0.00122004116909372
"M31825",-0.000496781228932201
"M31837",0.000473744789161342
"M31909",-0.000856656800829181
"M31910",0.0110083548137601
"M31929",-0.00430507393236472
"M31939",-0.00243002768636879
"M31962",-0.0105150779403324
"M31972",0.00023648637356961
"M32007",0.000115621727621585
"M32052",-0.00283348473895565
"M32090",0.0106043911808817
"M32092",0.00921673523390623
"M32096",0.0079595896713103
"M32104",-0.00711915596544203
"M32111",-0.00200117878363809
"M32114",0.000717447892791404
"M32123",-0.00185334693617011
"M32124",-0.00698202949820068
"M32127",-0.000174133355139538
"M32131",0.00718112319646269
"M32138",0.00754807218171256
"M32170",0.00922767988049555
"M32179",0.00992578067187487
"M32180",0.00644482043615324
"M32183",-0.00676623460089815
